<?xml version="1.0" encoding="UTF-8"?>
<session sessioncode="5044981496">
<general>
<client_version>24.7.1.18</client_version>
<mode>real</mode>
<gametype>Holdem NL</gametype>
<tablename>2.500€ Poker Coffee, 813190735</tablename>
<tournamentcode>812789144</tournamentcode>
<tournamentname>2.500€ Poker Coffee</tournamentname>
<buyin>€8.80 + €1.20</buyin>
<totalbuyin>€10</totalbuyin>
<tournamentcurrency>EUR</tournamentcurrency>
<currency>EUR</currency>
<nickname>Rakki</nickname>
<gamecount>21</gamecount>
<startdate>2025-07-01 15:00:01</startdate>
<place>102</place>
<win>€0</win>
<tablesize>9</tablesize>
</general>
<game gamecode="6418634137"><general><startdate>2025-07-01 17:06:03</startdate>
<round>1</round>
<failsafecounter/>
<players><player seat="2" name="Rakki" chips="3,000" dealer="0" win="0" bet="220" muck="1" rebuy="0" addon="0" merge="0" rebuychips="0" reg_code="5044981496"/>
<player seat="3" name="c1aw3" chips="578" dealer="0" win="0" bet="20" muck="1" rebuy="0" addon="0" merge="0" rebuychips="0" reg_code="5044960662"/>
<player seat="4" name="Salama10" chips="9,465" dealer="0" win="0" bet="20" muck="1" rebuy="0" addon="0" merge="0" rebuychips="0" reg_code="5044941499"/>
<player seat="5" name="TheOnlyTop" chips="7,967" dealer="0" win="0" bet="20" muck="1" rebuy="0" addon="0" merge="0" rebuychips="0" reg_code="5044956650"/>
<player seat="8" name="Kinoppinus" chips="3,805" dealer="0" win="0" bet="3,805" muck="0" rebuy="0" addon="0" merge="0" rebuychips="0" reg_code="5044978680"/>
<player seat="9" name="drgreen871" chips="1,586" dealer="0" win="0" bet="20" muck="1" rebuy="0" addon="0" merge="0" rebuychips="0" reg_code="5044961567"/>
<player seat="10" name="pioggia1999" chips="35,969" dealer="1" win="8,030" bet="35,220" muck="0" rebuy="0" addon="0" merge="0" rebuychips="0" reg_code="5044960463"/>
<player seat="1" name="Vincent268" chips="8,297" dealer="0" win="0" bet="120" muck="1" rebuy="0" addon="0" merge="0" rebuychips="0" reg_code="5044973306"/>
</players>
</general>
<round no="0"><action no="1" player="Vincent268" type="15" discard="1" dealt="1" sum="20"/>
<action no="2" player="Rakki" type="15" sum="20"/>
<action no="3" player="c1aw3" type="15" discard="1" dealt="1" sum="20"/>
<action no="4" player="Salama10" type="15" discard="1" dealt="1" sum="20"/>
<action no="5" player="TheOnlyTop" type="15" discard="1" dealt="1" sum="20"/>
<action no="6" player="Kinoppinus" type="15" discard="1" dealt="1" sum="20"/>
<action no="7" player="drgreen871" type="15" discard="1" dealt="1" sum="20"/>
<action no="8" player="pioggia1999" type="15" discard="1" dealt="1" sum="20"/>
<action no="9" player="Vincent268" type="1" discard="1" dealt="1" sum="100"/>
<action no="10" player="Rakki" type="2" sum="200"/>
</round>
<round no="1"><cards type="Pocket" player="pioggia1999">C9 H9</cards>
<cards type="Pocket" player="TheOnlyTop">X X</cards>
<cards type="Pocket" player="Vincent268">X X</cards>
<cards type="Pocket" player="Kinoppinus">CK HA</cards>
<cards type="Pocket" player="c1aw3">X X</cards>
<cards type="Pocket" player="Salama10">X X</cards>
<cards type="Pocket" player="Rakki">DK C6</cards>
<cards type="Pocket" player="drgreen871">X X</cards>
<action no="11" player="c1aw3" type="0" discard="1" dealt="1" sum="0"/>
<action no="12" player="Salama10" type="0" discard="1" dealt="1" sum="0"/>
<action no="13" player="TheOnlyTop" type="0" discard="1" dealt="1" sum="0"/>
<action no="14" player="Kinoppinus" type="23" discard="1" dealt="1" sum="400"/>
<action no="15" player="drgreen871" type="0" discard="1" dealt="1" sum="0"/>
<action no="16" player="pioggia1999" type="23" discard="1" dealt="1" sum="35,200"/>
<action no="17" player="Vincent268" type="0" discard="1" dealt="1" sum="0"/>
<action no="18" player="Rakki" type="0" sum="0"/>
<action no="19" player="Kinoppinus" type="7" discard="1" dealt="1" sum="3,385"/>
</round>
<round no="2"><cards type="Flop">H5 HJ DJ</cards>
</round>
<round no="3"><cards type="Turn">S4</cards>
</round>
<round no="4"><cards type="River">CQ</cards>
</round>
</game>
<game gamecode="6418634148"><general><startdate>2025-07-01 17:06:58</startdate>
<round>1</round>
<failsafecounter/>
<players><player seat="3" name="c1aw3" chips="558" dealer="0" win="0" bet="220" muck="1" rebuy="0" addon="0" merge="0" rebuychips="0" reg_code="5044960662"/>
<player seat="4" name="Salama10" chips="9,445" dealer="0" win="0" bet="20" muck="1" rebuy="0" addon="0" merge="0" rebuychips="0" reg_code="5044941499"/>
<player seat="5" name="TheOnlyTop" chips="7,947" dealer="0" win="0" bet="20" muck="1" rebuy="0" addon="0" merge="0" rebuychips="0" reg_code="5044956650"/>
<player seat="6" name="PaiMei88" chips="3,060" dealer="0" win="0" bet="20" muck="1" rebuy="0" addon="0" merge="0" rebuychips="0" reg_code="5044967621"/>
<player seat="9" name="drgreen871" chips="1,566" dealer="0" win="0" bet="20" muck="1" rebuy="0" addon="0" merge="0" rebuychips="0" reg_code="5044961567"/>
<player seat="10" name="pioggia1999" chips="40,194" dealer="0" win="0" bet="20" muck="1" rebuy="0" addon="0" merge="0" rebuychips="0" reg_code="5044960463"/>
<player seat="1" name="Vincent268" chips="8,177" dealer="1" win="0" bet="20" muck="1" rebuy="0" addon="0" merge="0" rebuychips="0" reg_code="5044973306"/>
<player seat="2" name="Rakki" chips="2,780" dealer="0" win="560" bet="2,780" muck="1" rebuy="0" addon="0" merge="0" rebuychips="0" reg_code="5044981496"/>
</players>
</general>
<round no="0"><action no="1" player="Rakki" type="15" sum="20"/>
<action no="2" player="c1aw3" type="15" discard="1" dealt="1" sum="20"/>
<action no="3" player="Salama10" type="15" discard="1" dealt="1" sum="20"/>
<action no="4" player="TheOnlyTop" type="15" discard="1" dealt="1" sum="20"/>
<action no="5" player="PaiMei88" type="15" discard="1" dealt="1" sum="20"/>
<action no="6" player="drgreen871" type="15" discard="1" dealt="1" sum="20"/>
<action no="7" player="pioggia1999" type="15" discard="1" dealt="1" sum="20"/>
<action no="8" player="Vincent268" type="15" discard="1" dealt="1" sum="20"/>
<action no="9" player="Rakki" type="1" sum="100"/>
<action no="10" player="c1aw3" type="2" discard="1" dealt="1" sum="200"/>
</round>
<round no="1"><cards type="Pocket" player="pioggia1999">X X</cards>
<cards type="Pocket" player="c1aw3">X X</cards>
<cards type="Pocket" player="Salama10">X X</cards>
<cards type="Pocket" player="TheOnlyTop">X X</cards>
<cards type="Pocket" player="Vincent268">X X</cards>
<cards type="Pocket" player="PaiMei88">X X</cards>
<cards type="Pocket" player="drgreen871">X X</cards>
<cards type="Pocket" player="Rakki">DJ HA</cards>
<action no="11" player="Salama10" type="0" discard="1" dealt="1" sum="0"/>
<action no="12" player="TheOnlyTop" type="0" discard="1" dealt="1" sum="0"/>
<action no="13" player="PaiMei88" type="0" discard="1" dealt="1" sum="0"/>
<action no="14" player="drgreen871" type="0" discard="1" dealt="1" sum="0"/>
<action no="15" player="pioggia1999" type="0" discard="1" dealt="1" sum="0"/>
<action no="16" player="Vincent268" type="0" discard="1" dealt="1" sum="0"/>
<action no="17" player="Rakki" type="23" sum="2,760"/>
<action no="18" player="c1aw3" type="0" discard="1" dealt="1" sum="0"/>
</round>
</game>
<game gamecode="6418634154"><general><startdate>2025-07-01 17:07:15</startdate>
<round>1</round>
<failsafecounter/>
<players><player seat="4" name="Salama10" chips="9,425" dealer="0" win="0" bet="220" muck="1" rebuy="0" addon="0" merge="0" rebuychips="0" reg_code="5044941499"/>
<player seat="5" name="TheOnlyTop" chips="7,927" dealer="0" win="0" bet="20" muck="1" rebuy="0" addon="0" merge="0" rebuychips="0" reg_code="5044956650"/>
<player seat="6" name="PaiMei88" chips="3,040" dealer="0" win="0" bet="20" muck="1" rebuy="0" addon="0" merge="0" rebuychips="0" reg_code="5044967621"/>
<player seat="8" name="Kinoppinus" chips="3,000" dealer="0" win="0" bet="20" muck="1" rebuy="0" addon="0" merge="0" reg_code="5044981702"/>
<player seat="9" name="drgreen871" chips="1,546" dealer="0" win="0" bet="20" muck="1" rebuy="0" addon="0" merge="0" rebuychips="0" reg_code="5044961567"/>
<player seat="10" name="pioggia1999" chips="40,174" dealer="0" win="680" bet="220" muck="0" rebuy="0" addon="0" merge="0" rebuychips="0" reg_code="5044960463"/>
<player seat="1" name="Vincent268" chips="8,157" dealer="0" win="0" bet="20" muck="1" rebuy="0" addon="0" merge="0" rebuychips="0" reg_code="5044973306"/>
<player seat="2" name="Rakki" chips="3,120" dealer="1" win="0" bet="20" muck="1" rebuy="0" addon="0" merge="0" rebuychips="0" reg_code="5044981496"/>
<player seat="3" name="c1aw3" chips="338" dealer="0" win="0" bet="120" muck="1" rebuy="0" addon="0" merge="0" rebuychips="0" reg_code="5044960662"/>
</players>
</general>
<round no="0"><action no="1" player="c1aw3" type="15" discard="1" dealt="1" sum="20"/>
<action no="2" player="Salama10" type="15" discard="1" dealt="1" sum="20"/>
<action no="3" player="TheOnlyTop" type="15" discard="1" dealt="1" sum="20"/>
<action no="4" player="PaiMei88" type="15" discard="1" dealt="1" sum="20"/>
<action no="5" player="Kinoppinus" type="15" discard="1" dealt="1" sum="20"/>
<action no="6" player="drgreen871" type="15" discard="1" dealt="1" sum="20"/>
<action no="7" player="pioggia1999" type="15" discard="1" dealt="1" sum="20"/>
<action no="8" player="Vincent268" type="15" discard="1" dealt="1" sum="20"/>
<action no="9" player="Rakki" type="15" sum="20"/>
<action no="10" player="c1aw3" type="1" discard="1" dealt="1" sum="100"/>
<action no="11" player="Salama10" type="2" discard="1" dealt="1" sum="200"/>
</round>
<round no="1"><cards type="Pocket" player="PaiMei88">X X</cards>
<cards type="Pocket" player="Vincent268">X X</cards>
<cards type="Pocket" player="TheOnlyTop">X X</cards>
<cards type="Pocket" player="Rakki">D8 D4</cards>
<cards type="Pocket" player="drgreen871">X X</cards>
<cards type="Pocket" player="pioggia1999">D7 SA</cards>
<cards type="Pocket" player="Kinoppinus">X X</cards>
<cards type="Pocket" player="Salama10">H10 DQ</cards>
<cards type="Pocket" player="c1aw3">X X</cards>
<action no="12" player="TheOnlyTop" type="0" discard="1" dealt="1" sum="0"/>
<action no="13" player="PaiMei88" type="0" discard="1" dealt="1" sum="0"/>
<action no="14" player="Kinoppinus" type="0" discard="1" dealt="1" sum="0"/>
<action no="15" player="drgreen871" type="0" discard="1" dealt="1" sum="0"/>
<action no="16" player="pioggia1999" type="3" discard="1" dealt="1" sum="200"/>
<action no="17" player="Vincent268" type="0" discard="1" dealt="1" sum="0"/>
<action no="18" player="Rakki" type="0" sum="0"/>
<action no="19" player="c1aw3" type="0" discard="1" dealt="1" sum="0"/>
<action no="20" player="Salama10" type="4" discard="1" dealt="1" sum="0"/>
</round>
<round no="2"><cards type="Flop">SJ S9 C9</cards>
<action no="21" player="Salama10" type="4" discard="1" dealt="1" sum="0"/>
<action no="22" player="pioggia1999" type="4" discard="1" dealt="1" sum="0"/>
</round>
<round no="3"><cards type="Turn">D10</cards>
<action no="23" player="Salama10" type="4" discard="1" dealt="1" sum="0"/>
<action no="24" player="pioggia1999" type="4" discard="1" dealt="1" sum="0"/>
</round>
<round no="4"><cards type="River">DA</cards>
<action no="25" player="Salama10" type="4" discard="1" dealt="1" sum="0"/>
<action no="26" player="pioggia1999" type="4" discard="1" dealt="1" sum="0"/>
</round>
</game>
<game gamecode="6418634178"><general><startdate>2025-07-01 17:08:40</startdate>
<round>1</round>
<failsafecounter/>
<players><player seat="5" name="Rakki" chips="3,100" dealer="0" win="0" bet="220" muck="1" rebuy="0" addon="0" merge="0" rebuychips="0" reg_code="5044981496"/>
<player seat="6" name="Pippo3000" chips="4,050" dealer="0" win="0" bet="220" muck="1" rebuy="0" addon="0" merge="0" rebuychips="0" reg_code="5044963454"/>
<player seat="8" name="BellaCiao11" chips="3,475" dealer="0" win="0" bet="20" muck="1" rebuy="0" addon="0" merge="0" rebuychips="0" reg_code="5044960596"/>
<player seat="9" name="JokerAAQQ" chips="3,909" dealer="0" win="0" bet="20" muck="1" rebuy="0" addon="0" merge="0" rebuychips="0" reg_code="5044969616"/>
<player seat="10" name="tonydan1306" chips="3,000" dealer="0" win="0" bet="220" muck="1" rebuy="0" addon="0" merge="0" rebuychips="0" reg_code="5044981795"/>
<player seat="1" name="dottore6923" chips="3,000" dealer="1" win="0" bet="20" muck="1" rebuy="0" addon="0" merge="0" rebuychips="0" reg_code="5044981956"/>
<player seat="2" name="tauricox76" chips="3,000" dealer="0" win="940" bet="3,000" muck="1" rebuy="0" addon="0" merge="0" rebuychips="0" reg_code="5044981990"/>
</players>
</general>
<round no="0"><action no="1" player="tauricox76" type="15" discard="1" dealt="1" sum="20"/>
<action no="2" player="Rakki" type="15" sum="20"/>
<action no="3" player="Pippo3000" type="15" discard="1" dealt="1" sum="20"/>
<action no="4" player="BellaCiao11" type="15" discard="1" dealt="1" sum="20"/>
<action no="5" player="JokerAAQQ" type="15" discard="1" dealt="1" sum="20"/>
<action no="6" player="tonydan1306" type="15" discard="1" dealt="1" sum="20"/>
<action no="7" player="dottore6923" type="15" discard="1" dealt="1" sum="20"/>
<action no="8" player="tauricox76" type="1" discard="1" dealt="1" sum="100"/>
<action no="9" player="Rakki" type="2" sum="200"/>
</round>
<round no="1"><cards type="Pocket" player="BellaCiao11">X X</cards>
<cards type="Pocket" player="dottore6923">X X</cards>
<cards type="Pocket" player="Pippo3000">X X</cards>
<cards type="Pocket" player="JokerAAQQ">X X</cards>
<cards type="Pocket" player="Rakki">C7 C2</cards>
<cards type="Pocket" player="tauricox76">X X</cards>
<cards type="Pocket" player="tonydan1306">X X</cards>
<action no="10" player="Pippo3000" type="3" discard="1" dealt="1" sum="200"/>
<action no="11" player="BellaCiao11" type="0" discard="1" dealt="1" sum="0"/>
<action no="12" player="JokerAAQQ" type="0" discard="1" dealt="1" sum="0"/>
<action no="13" player="tonydan1306" type="3" discard="1" dealt="1" sum="200"/>
<action no="14" player="dottore6923" type="0" discard="1" dealt="1" sum="0"/>
<action no="15" player="tauricox76" type="23" discard="1" dealt="1" sum="2,980"/>
<action no="16" player="Rakki" type="0" sum="0"/>
<action no="17" player="Pippo3000" type="0" discard="1" dealt="1" sum="0"/>
<action no="18" player="tonydan1306" type="0" discard="1" dealt="1" sum="0"/>
</round>
</game>
<game gamecode="6418634187"><general><startdate>2025-07-01 17:09:17</startdate>
<round>1</round>
<failsafecounter/>
<players><player seat="6" name="Pippo3000" chips="3,830" dealer="0" win="0" bet="3,830" muck="1" rebuy="0" addon="0" merge="0" rebuychips="0" reg_code="5044963454"/>
<player seat="8" name="BellaCiao11" chips="3,455" dealer="0" win="0" bet="20" muck="1" rebuy="0" addon="0" merge="0" rebuychips="0" reg_code="5044960596"/>
<player seat="9" name="JokerAAQQ" chips="3,889" dealer="0" win="0" bet="20" muck="1" rebuy="0" addon="0" merge="0" rebuychips="0" reg_code="5044969616"/>
<player seat="10" name="tonydan1306" chips="2,780" dealer="0" win="5,960" bet="2,780" muck="0" rebuy="0" addon="0" merge="0" rebuychips="0" reg_code="5044981795"/>
<player seat="1" name="dottore6923" chips="2,980" dealer="0" win="0" bet="220" muck="1" rebuy="0" addon="0" merge="0" rebuychips="0" reg_code="5044981956"/>
<player seat="2" name="tauricox76" chips="3,720" dealer="1" win="0" bet="20" muck="1" rebuy="0" addon="0" merge="0" rebuychips="0" reg_code="5044981990"/>
<player seat="5" name="Rakki" chips="2,880" dealer="0" win="0" bet="120" muck="1" rebuy="0" addon="0" merge="0" rebuychips="0" reg_code="5044981496"/>
</players>
</general>
<round no="0"><action no="1" player="Rakki" type="15" sum="20"/>
<action no="2" player="Pippo3000" type="15" discard="1" dealt="1" sum="20"/>
<action no="3" player="BellaCiao11" type="15" discard="1" dealt="1" sum="20"/>
<action no="4" player="JokerAAQQ" type="15" discard="1" dealt="1" sum="20"/>
<action no="5" player="tonydan1306" type="15" discard="1" dealt="1" sum="20"/>
<action no="6" player="dottore6923" type="15" discard="1" dealt="1" sum="20"/>
<action no="7" player="tauricox76" type="15" discard="1" dealt="1" sum="20"/>
<action no="8" player="Rakki" type="1" sum="100"/>
<action no="9" player="Pippo3000" type="2" discard="1" dealt="1" sum="200"/>
</round>
<round no="1"><cards type="Pocket" player="BellaCiao11">X X</cards>
<cards type="Pocket" player="tonydan1306">SA D9</cards>
<cards type="Pocket" player="dottore6923">X X</cards>
<cards type="Pocket" player="JokerAAQQ">X X</cards>
<cards type="Pocket" player="Rakki">C7 SK</cards>
<cards type="Pocket" player="tauricox76">X X</cards>
<cards type="Pocket" player="Pippo3000">C4 D4</cards>
<action no="10" player="BellaCiao11" type="0" discard="1" dealt="1" sum="0"/>
<action no="11" player="JokerAAQQ" type="0" discard="1" dealt="1" sum="0"/>
<action no="12" player="tonydan1306" type="3" discard="1" dealt="1" sum="200"/>
<action no="13" player="dottore6923" type="3" discard="1" dealt="1" sum="200"/>
<action no="14" player="tauricox76" type="0" discard="1" dealt="1" sum="0"/>
<action no="15" player="Rakki" type="0" sum="0"/>
<action no="16" player="Pippo3000" type="23" discard="1" dealt="1" sum="3,810"/>
<action no="17" player="tonydan1306" type="7" discard="1" dealt="1" sum="2,560"/>
<action no="18" player="dottore6923" type="0" discard="1" dealt="1" sum="0"/>
</round>
<round no="2"><cards type="Flop">D5 S3 D7</cards>
</round>
<round no="3"><cards type="Turn">CA</cards>
</round>
<round no="4"><cards type="River">DK</cards>
</round>
</game>
<game gamecode="6418634201"><general><startdate>2025-07-01 17:10:18</startdate>
<round>1</round>
<failsafecounter/>
<players><player seat="8" name="BellaCiao11" chips="3,435" dealer="0" win="0" bet="220" muck="1" rebuy="0" addon="0" merge="0" rebuychips="0" reg_code="5044960596"/>
<player seat="9" name="JokerAAQQ" chips="3,869" dealer="0" win="0" bet="20" muck="1" rebuy="0" addon="0" merge="0" rebuychips="0" reg_code="5044969616"/>
<player seat="10" name="tonydan1306" chips="5,960" dealer="0" win="0" bet="20" muck="1" rebuy="0" addon="0" merge="0" rebuychips="0" reg_code="5044981795"/>
<player seat="1" name="dottore6923" chips="2,760" dealer="0" win="0" bet="20" muck="1" rebuy="0" addon="0" merge="0" rebuychips="0" reg_code="5044981956"/>
<player seat="2" name="tauricox76" chips="3,700" dealer="0" win="0" bet="1,420" muck="1" rebuy="0" addon="0" merge="0" rebuychips="0" reg_code="5044981990"/>
<player seat="3" name="funghi10" chips="3,000" dealer="0" win="0" bet="20" muck="1" rebuy="0" addon="0" merge="0" rebuychips="0" reg_code="5044982027"/>
<player seat="4" name="Supervio90" chips="14,312" dealer="0" win="0" bet="20" muck="1" rebuy="0" addon="0" merge="0" rebuychips="0" reg_code="5044965614"/>
<player seat="5" name="Rakki" chips="2,760" dealer="1" win="0" bet="20" muck="1" rebuy="0" addon="0" merge="0" rebuychips="0" reg_code="5044981496"/>
<player seat="6" name="Pippo3000" chips="1,050" dealer="0" win="2,440" bet="1,050" muck="0" rebuy="0" addon="0" merge="0" rebuychips="0" reg_code="5044963454"/>
</players>
</general>
<round no="0"><action no="1" player="Pippo3000" type="15" discard="1" dealt="1" sum="20"/>
<action no="2" player="BellaCiao11" type="15" discard="1" dealt="1" sum="20"/>
<action no="3" player="JokerAAQQ" type="15" discard="1" dealt="1" sum="20"/>
<action no="4" player="tonydan1306" type="15" discard="1" dealt="1" sum="20"/>
<action no="5" player="dottore6923" type="15" discard="1" dealt="1" sum="20"/>
<action no="6" player="tauricox76" type="15" discard="1" dealt="1" sum="20"/>
<action no="7" player="funghi10" type="15" discard="1" dealt="1" sum="20"/>
<action no="8" player="Supervio90" type="15" discard="1" dealt="1" sum="20"/>
<action no="9" player="Rakki" type="15" sum="20"/>
<action no="10" player="Pippo3000" type="1" discard="1" dealt="1" sum="100"/>
<action no="11" player="BellaCiao11" type="2" discard="1" dealt="1" sum="200"/>
</round>
<round no="1"><cards type="Pocket" player="tauricox76">CQ SQ</cards>
<cards type="Pocket" player="Supervio90">X X</cards>
<cards type="Pocket" player="JokerAAQQ">X X</cards>
<cards type="Pocket" player="Pippo3000">H8 H9</cards>
<cards type="Pocket" player="tonydan1306">X X</cards>
<cards type="Pocket" player="dottore6923">X X</cards>
<cards type="Pocket" player="funghi10">X X</cards>
<cards type="Pocket" player="BellaCiao11">X X</cards>
<cards type="Pocket" player="Rakki">C7 C10</cards>
<action no="12" player="JokerAAQQ" type="0" discard="1" dealt="1" sum="0"/>
<action no="13" player="tonydan1306" type="0" discard="1" dealt="1" sum="0"/>
<action no="14" player="dottore6923" type="0" discard="1" dealt="1" sum="0"/>
<action no="15" player="tauricox76" type="23" discard="1" dealt="1" sum="600"/>
<action no="16" player="funghi10" type="0" discard="1" dealt="1" sum="0"/>
<action no="17" player="Supervio90" type="0" discard="1" dealt="1" sum="0"/>
<action no="18" player="Rakki" type="0" sum="0"/>
<action no="19" player="Pippo3000" type="23" discard="1" dealt="1" sum="1,000"/>
<action no="20" player="BellaCiao11" type="0" discard="1" dealt="1" sum="0"/>
<action no="21" player="tauricox76" type="23" discard="1" dealt="1" sum="1,400"/>
<action no="22" player="Pippo3000" type="7" discard="1" dealt="1" sum="30"/>
</round>
<round no="2"><cards type="Flop">CJ HK D9</cards>
</round>
<round no="3"><cards type="Turn">C6</cards>
</round>
<round no="4"><cards type="River">C8</cards>
</round>
</game>
<game gamecode="6418634221"><general><startdate>2025-07-01 17:11:26</startdate>
<round>1</round>
<failsafecounter/>
<players><player seat="4" name="OINNE1945" chips="2,590" dealer="0" win="360" bet="220" muck="1" rebuy="0" addon="0" merge="0" rebuychips="0" reg_code="5044967347"/>
<player seat="5" name="Fimiano77" chips="7,956" dealer="0" win="0" bet="20" muck="1" rebuy="0" addon="0" merge="0" rebuychips="0" reg_code="5044956194"/>
<player seat="6" name="BABYQUOKKA" chips="3,056" dealer="0" win="0" bet="20" muck="1" rebuy="0" addon="0" merge="0" rebuychips="0" reg_code="5044949865"/>
<player seat="8" name="SOLODIEGO102" chips="2,681" dealer="0" win="0" bet="20" muck="1" rebuy="0" addon="0" merge="0" rebuychips="0" reg_code="5044972294"/>
<player seat="9" name="nobrainopain" chips="8,520" dealer="0" win="0" bet="20" muck="1" rebuy="0" addon="0" merge="0" rebuychips="0" reg_code="5044966247"/>
<player seat="10" name="WHEREISYOURBALLS" chips="4,285" dealer="0" win="0" bet="20" muck="1" rebuy="0" addon="0" merge="0" rebuychips="0" reg_code="5044962506"/>
<player seat="1" name="pokerdiditu" chips="3,000" dealer="1" win="0" bet="20" muck="1" rebuy="0" addon="0" merge="0" rebuychips="0" reg_code="5044982455"/>
<player seat="3" name="Rakki" chips="2,740" dealer="0" win="0" bet="120" muck="1" rebuy="0" addon="0" merge="0" reg_code="5044981496"/>
</players>
</general>
<round no="0"><action no="1" player="Rakki" type="15" sum="20"/>
<action no="2" player="OINNE1945" type="15" discard="1" dealt="1" sum="20"/>
<action no="3" player="Fimiano77" type="15" discard="1" dealt="1" sum="20"/>
<action no="4" player="BABYQUOKKA" type="15" discard="1" dealt="1" sum="20"/>
<action no="5" player="SOLODIEGO102" type="15" discard="1" dealt="1" sum="20"/>
<action no="6" player="nobrainopain" type="15" discard="1" dealt="1" sum="20"/>
<action no="7" player="WHEREISYOURBALLS" type="15" discard="1" dealt="1" sum="20"/>
<action no="8" player="pokerdiditu" type="15" discard="1" dealt="1" sum="20"/>
<action no="9" player="Rakki" type="1" sum="100"/>
<action no="10" player="OINNE1945" type="2" discard="1" dealt="1" sum="200"/>
</round>
<round no="1"><cards type="Pocket" player="OINNE1945">X X</cards>
<cards type="Pocket" player="pokerdiditu">X X</cards>
<cards type="Pocket" player="WHEREISYOURBALLS">X X</cards>
<cards type="Pocket" player="BABYQUOKKA">X X</cards>
<cards type="Pocket" player="SOLODIEGO102">X X</cards>
<cards type="Pocket" player="nobrainopain">X X</cards>
<cards type="Pocket" player="Fimiano77">X X</cards>
<cards type="Pocket" player="Rakki">D7 HQ</cards>
<action no="11" player="Fimiano77" type="0" discard="1" dealt="1" sum="0"/>
<action no="12" player="BABYQUOKKA" type="0" discard="1" dealt="1" sum="0"/>
<action no="13" player="SOLODIEGO102" type="0" discard="1" dealt="1" sum="0"/>
<action no="14" player="nobrainopain" type="0" discard="1" dealt="1" sum="0"/>
<action no="15" player="WHEREISYOURBALLS" type="0" discard="1" dealt="1" sum="0"/>
<action no="16" player="pokerdiditu" type="0" discard="1" dealt="1" sum="0"/>
<action no="17" player="Rakki" type="0" sum="0"/>
</round>
</game>
<game gamecode="6418634226"><general><startdate>2025-07-01 17:11:43</startdate>
<round>1</round>
<failsafecounter/>
<players><player seat="5" name="Fimiano77" chips="7,936" dealer="0" win="0" bet="2,661" muck="1" rebuy="0" addon="0" merge="0" rebuychips="0" reg_code="5044956194"/>
<player seat="6" name="BABYQUOKKA" chips="3,036" dealer="0" win="0" bet="20" muck="1" rebuy="0" addon="0" merge="0" rebuychips="0" reg_code="5044949865"/>
<player seat="8" name="SOLODIEGO102" chips="2,661" dealer="0" win="5,542" bet="2,661" muck="0" rebuy="0" addon="0" merge="0" rebuychips="0" reg_code="5044972294"/>
<player seat="9" name="nobrainopain" chips="8,500" dealer="0" win="0" bet="20" muck="1" rebuy="0" addon="0" merge="0" rebuychips="0" reg_code="5044966247"/>
<player seat="10" name="WHEREISYOURBALLS" chips="4,265" dealer="0" win="0" bet="20" muck="1" rebuy="0" addon="0" merge="0" rebuychips="0" reg_code="5044962506"/>
<player seat="1" name="pokerdiditu" chips="2,980" dealer="0" win="0" bet="20" muck="1" rebuy="0" addon="0" merge="0" rebuychips="0" reg_code="5044982455"/>
<player seat="3" name="Rakki" chips="2,620" dealer="1" win="0" bet="20" muck="1" rebuy="0" addon="0" merge="0" rebuychips="0" reg_code="5044981496"/>
<player seat="4" name="OINNE1945" chips="2,830" dealer="0" win="0" bet="120" muck="1" rebuy="0" addon="0" merge="0" rebuychips="0" reg_code="5044967347"/>
</players>
</general>
<round no="0"><action no="1" player="OINNE1945" type="15" discard="1" dealt="1" sum="20"/>
<action no="2" player="Fimiano77" type="15" discard="1" dealt="1" sum="20"/>
<action no="3" player="BABYQUOKKA" type="15" discard="1" dealt="1" sum="20"/>
<action no="4" player="SOLODIEGO102" type="15" discard="1" dealt="1" sum="20"/>
<action no="5" player="nobrainopain" type="15" discard="1" dealt="1" sum="20"/>
<action no="6" player="WHEREISYOURBALLS" type="15" discard="1" dealt="1" sum="20"/>
<action no="7" player="pokerdiditu" type="15" discard="1" dealt="1" sum="20"/>
<action no="8" player="Rakki" type="15" sum="20"/>
<action no="9" player="OINNE1945" type="1" discard="1" dealt="1" sum="100"/>
<action no="10" player="Fimiano77" type="2" discard="1" dealt="1" sum="200"/>
</round>
<round no="1"><cards type="Pocket" player="pokerdiditu">X X</cards>
<cards type="Pocket" player="SOLODIEGO102">SK HK</cards>
<cards type="Pocket" player="Fimiano77">C6 CQ</cards>
<cards type="Pocket" player="nobrainopain">X X</cards>
<cards type="Pocket" player="Rakki">CA S4</cards>
<cards type="Pocket" player="OINNE1945">X X</cards>
<cards type="Pocket" player="WHEREISYOURBALLS">X X</cards>
<cards type="Pocket" player="BABYQUOKKA">X X</cards>
<action no="11" player="BABYQUOKKA" type="0" discard="1" dealt="1" sum="0"/>
<action no="12" player="SOLODIEGO102" type="23" discard="1" dealt="1" sum="800"/>
<action no="13" player="nobrainopain" type="0" discard="1" dealt="1" sum="0"/>
<action no="14" player="WHEREISYOURBALLS" type="0" discard="1" dealt="1" sum="0"/>
<action no="15" player="pokerdiditu" type="0" discard="1" dealt="1" sum="0"/>
<action no="16" player="Rakki" type="0" sum="0"/>
<action no="17" player="OINNE1945" type="0" discard="1" dealt="1" sum="0"/>
<action no="18" player="Fimiano77" type="3" discard="1" dealt="1" sum="600"/>
</round>
<round no="2"><cards type="Flop">D4 D9 SQ</cards>
<action no="19" player="Fimiano77" type="4" discard="1" dealt="1" sum="0"/>
<action no="20" player="SOLODIEGO102" type="5" discard="1" dealt="1" sum="1,841"/>
<action no="21" player="Fimiano77" type="3" discard="1" dealt="1" sum="1,841"/>
</round>
<round no="3"><cards type="Turn">S8</cards>
</round>
<round no="4"><cards type="River">C5</cards>
</round>
</game>
<game gamecode="6418634239"><general><startdate>2025-07-01 17:12:38</startdate>
<round>1</round>
<failsafecounter/>
<players><player seat="6" name="BABYQUOKKA" chips="3,016" dealer="0" win="0" bet="220" muck="1" rebuy="0" addon="0" merge="0" rebuychips="0" reg_code="5044949865"/>
<player seat="8" name="SOLODIEGO102" chips="5,542" dealer="0" win="0" bet="20" muck="1" rebuy="0" addon="0" merge="0" rebuychips="0" reg_code="5044972294"/>
<player seat="9" name="nobrainopain" chips="8,480" dealer="0" win="0" bet="20" muck="1" rebuy="0" addon="0" merge="0" rebuychips="0" reg_code="5044966247"/>
<player seat="10" name="WHEREISYOURBALLS" chips="4,245" dealer="0" win="0" bet="20" muck="1" rebuy="0" addon="0" merge="0" rebuychips="0" reg_code="5044962506"/>
<player seat="1" name="pokerdiditu" chips="2,960" dealer="0" win="0" bet="20" muck="1" rebuy="0" addon="0" merge="0" rebuychips="0" reg_code="5044982455"/>
<player seat="2" name="GIORDY5" chips="15,076" dealer="0" win="0" bet="420" muck="1" rebuy="0" addon="0" merge="0" rebuychips="0" reg_code="5044974883"/>
<player seat="3" name="Rakki" chips="2,600" dealer="0" win="0" bet="20" muck="1" rebuy="0" addon="0" merge="0" rebuychips="0" reg_code="5044981496"/>
<player seat="4" name="OINNE1945" chips="2,710" dealer="1" win="0" bet="20" muck="1" rebuy="0" addon="0" merge="0" rebuychips="0" reg_code="5044967347"/>
<player seat="5" name="Fimiano77" chips="5,275" dealer="0" win="1,180" bet="420" muck="0" rebuy="0" addon="0" merge="0" rebuychips="0" reg_code="5044956194"/>
</players>
</general>
<round no="0"><action no="1" player="Fimiano77" type="15" discard="1" dealt="1" sum="20"/>
<action no="2" player="BABYQUOKKA" type="15" discard="1" dealt="1" sum="20"/>
<action no="3" player="SOLODIEGO102" type="15" discard="1" dealt="1" sum="20"/>
<action no="4" player="nobrainopain" type="15" discard="1" dealt="1" sum="20"/>
<action no="5" player="WHEREISYOURBALLS" type="15" discard="1" dealt="1" sum="20"/>
<action no="6" player="pokerdiditu" type="15" discard="1" dealt="1" sum="20"/>
<action no="7" player="GIORDY5" type="15" discard="1" dealt="1" sum="20"/>
<action no="8" player="Rakki" type="15" sum="20"/>
<action no="9" player="OINNE1945" type="15" discard="1" dealt="1" sum="20"/>
<action no="10" player="Fimiano77" type="1" discard="1" dealt="1" sum="100"/>
<action no="11" player="BABYQUOKKA" type="2" discard="1" dealt="1" sum="200"/>
</round>
<round no="1"><cards type="Pocket" player="BABYQUOKKA">X X</cards>
<cards type="Pocket" player="SOLODIEGO102">X X</cards>
<cards type="Pocket" player="Fimiano77">H10 S7</cards>
<cards type="Pocket" player="pokerdiditu">X X</cards>
<cards type="Pocket" player="Rakki">D6 D3</cards>
<cards type="Pocket" player="GIORDY5">CA D9</cards>
<cards type="Pocket" player="nobrainopain">X X</cards>
<cards type="Pocket" player="OINNE1945">X X</cards>
<cards type="Pocket" player="WHEREISYOURBALLS">X X</cards>
<action no="12" player="SOLODIEGO102" type="0" discard="1" dealt="1" sum="0"/>
<action no="13" player="nobrainopain" type="0" discard="1" dealt="1" sum="0"/>
<action no="14" player="WHEREISYOURBALLS" type="0" discard="1" dealt="1" sum="0"/>
<action no="15" player="pokerdiditu" type="0" discard="1" dealt="1" sum="0"/>
<action no="16" player="GIORDY5" type="3" discard="1" dealt="1" sum="200"/>
<action no="17" player="Rakki" type="0" sum="0"/>
<action no="18" player="OINNE1945" type="0" discard="1" dealt="1" sum="0"/>
<action no="19" player="Fimiano77" type="3" discard="1" dealt="1" sum="100"/>
<action no="20" player="BABYQUOKKA" type="4" discard="1" dealt="1" sum="0"/>
</round>
<round no="2"><cards type="Flop">D2 CQ C6</cards>
<action no="21" player="Fimiano77" type="4" discard="1" dealt="1" sum="0"/>
<action no="22" player="BABYQUOKKA" type="4" discard="1" dealt="1" sum="0"/>
<action no="23" player="GIORDY5" type="4" discard="1" dealt="1" sum="0"/>
</round>
<round no="3"><cards type="Turn">C7</cards>
<action no="24" player="Fimiano77" type="4" discard="1" dealt="1" sum="0"/>
<action no="25" player="BABYQUOKKA" type="4" discard="1" dealt="1" sum="0"/>
<action no="26" player="GIORDY5" type="5" discard="1" dealt="1" sum="200"/>
<action no="27" player="Fimiano77" type="3" discard="1" dealt="1" sum="200"/>
<action no="28" player="BABYQUOKKA" type="0" discard="1" dealt="1" sum="0"/>
</round>
<round no="4"><cards type="River">H3</cards>
<action no="29" player="Fimiano77" type="4" discard="1" dealt="1" sum="0"/>
<action no="30" player="GIORDY5" type="4" discard="1" dealt="1" sum="0"/>
</round>
</game>
<game gamecode="6418647039"><general><startdate>2025-07-01 17:14:25</startdate>
<round>1</round>
<failsafecounter/>
<players><player seat="8" name="SOLODIEGO102" chips="5,522" dealer="0" win="0" bet="525" muck="1" rebuy="0" addon="0" merge="0" rebuychips="0" reg_code="5044972294"/>
<player seat="9" name="nobrainopain" chips="8,460" dealer="0" win="0" bet="25" muck="1" rebuy="0" addon="0" merge="0" rebuychips="0" reg_code="5044966247"/>
<player seat="10" name="WHEREISYOURBALLS" chips="4,225" dealer="0" win="0" bet="25" muck="1" rebuy="0" addon="0" merge="0" rebuychips="0" reg_code="5044962506"/>
<player seat="1" name="pokerdiditu" chips="2,940" dealer="0" win="0" bet="25" muck="1" rebuy="0" addon="0" merge="0" rebuychips="0" reg_code="5044982455"/>
<player seat="2" name="GIORDY5" chips="14,656" dealer="0" win="0" bet="275" muck="1" rebuy="0" addon="0" merge="0" rebuychips="0" reg_code="5044974883"/>
<player seat="3" name="Rakki" chips="2,580" dealer="0" win="0" bet="25" muck="1" rebuy="0" addon="0" merge="0" rebuychips="0" reg_code="5044981496"/>
<player seat="5" name="Fimiano77" chips="6,035" dealer="1" win="0" bet="525" muck="1" rebuy="0" addon="0" merge="0" rebuychips="0" reg_code="5044956194"/>
<player seat="6" name="BABYQUOKKA" chips="2,796" dealer="0" win="1,950" bet="1,375" muck="1" rebuy="0" addon="0" merge="0" rebuychips="0" reg_code="5044949865"/>
</players>
</general>
<round no="0"><action no="1" player="BABYQUOKKA" type="15" discard="1" dealt="1" sum="25"/>
<action no="2" player="SOLODIEGO102" type="15" discard="1" dealt="1" sum="25"/>
<action no="3" player="nobrainopain" type="15" discard="1" dealt="1" sum="25"/>
<action no="4" player="WHEREISYOURBALLS" type="15" discard="1" dealt="1" sum="25"/>
<action no="5" player="pokerdiditu" type="15" discard="1" dealt="1" sum="25"/>
<action no="6" player="GIORDY5" type="15" discard="1" dealt="1" sum="25"/>
<action no="7" player="Rakki" type="15" sum="25"/>
<action no="8" player="Fimiano77" type="15" discard="1" dealt="1" sum="25"/>
<action no="9" player="BABYQUOKKA" type="1" discard="1" dealt="1" sum="125"/>
<action no="10" player="SOLODIEGO102" type="2" discard="1" dealt="1" sum="250"/>
</round>
<round no="1"><cards type="Pocket" player="SOLODIEGO102">X X</cards>
<cards type="Pocket" player="nobrainopain">X X</cards>
<cards type="Pocket" player="BABYQUOKKA">X X</cards>
<cards type="Pocket" player="pokerdiditu">X X</cards>
<cards type="Pocket" player="Fimiano77">X X</cards>
<cards type="Pocket" player="WHEREISYOURBALLS">X X</cards>
<cards type="Pocket" player="GIORDY5">X X</cards>
<cards type="Pocket" player="Rakki">S8 CA</cards>
<action no="11" player="nobrainopain" type="0" discard="1" dealt="1" sum="0"/>
<action no="12" player="WHEREISYOURBALLS" type="0" discard="1" dealt="1" sum="0"/>
<action no="13" player="pokerdiditu" type="0" discard="1" dealt="1" sum="0"/>
<action no="14" player="GIORDY5" type="3" discard="1" dealt="1" sum="250"/>
<action no="15" player="Rakki" type="0" sum="0"/>
<action no="16" player="Fimiano77" type="3" discard="1" dealt="1" sum="250"/>
<action no="17" player="BABYQUOKKA" type="3" discard="1" dealt="1" sum="125"/>
<action no="18" player="SOLODIEGO102" type="4" discard="1" dealt="1" sum="0"/>
</round>
<round no="2"><cards type="Flop">H7 C10 DK</cards>
<action no="19" player="BABYQUOKKA" type="4" discard="1" dealt="1" sum="0"/>
<action no="20" player="SOLODIEGO102" type="5" discard="1" dealt="1" sum="250"/>
<action no="21" player="GIORDY5" type="0" discard="1" dealt="1" sum="0"/>
<action no="22" player="Fimiano77" type="3" discard="1" dealt="1" sum="250"/>
<action no="23" player="BABYQUOKKA" type="23" discard="1" dealt="1" sum="1,100"/>
<action no="24" player="SOLODIEGO102" type="0" discard="1" dealt="1" sum="0"/>
<action no="25" player="Fimiano77" type="0" discard="1" dealt="1" sum="0"/>
</round>
</game>
<game gamecode="6418647058"><general><startdate>2025-07-01 17:15:31</startdate>
<round>1</round>
<failsafecounter/>
<players><player seat="9" name="nobrainopain" chips="8,435" dealer="0" win="0" bet="275" muck="1" rebuy="0" addon="0" merge="0" rebuychips="0" reg_code="5044966247"/>
<player seat="10" name="WHEREISYOURBALLS" chips="4,200" dealer="0" win="0" bet="25" muck="1" rebuy="0" addon="0" merge="0" rebuychips="0" reg_code="5044962506"/>
<player seat="1" name="pokerdiditu" chips="2,915" dealer="0" win="0" bet="25" muck="1" rebuy="0" addon="0" merge="0" rebuychips="0" reg_code="5044982455"/>
<player seat="2" name="GIORDY5" chips="14,381" dealer="0" win="1,225" bet="525" muck="0" rebuy="0" addon="0" merge="0" rebuychips="0" reg_code="5044974883"/>
<player seat="3" name="Rakki" chips="2,555" dealer="0" win="0" bet="25" muck="1" rebuy="0" addon="0" merge="0" rebuychips="0" reg_code="5044981496"/>
<player seat="4" name="Salama10" chips="13,815" dealer="0" win="0" bet="25" muck="1" rebuy="0" addon="0" merge="0" rebuychips="0" reg_code="5044941499"/>
<player seat="5" name="Fimiano77" chips="5,510" dealer="0" win="0" bet="275" muck="1" rebuy="0" addon="0" merge="0" rebuychips="0" reg_code="5044956194"/>
<player seat="6" name="BABYQUOKKA" chips="4,221" dealer="1" win="0" bet="25" muck="1" rebuy="0" addon="0" merge="0" rebuychips="0" reg_code="5044949865"/>
<player seat="8" name="SOLODIEGO102" chips="4,997" dealer="0" win="0" bet="275" muck="1" rebuy="0" addon="0" merge="0" rebuychips="0" reg_code="5044972294"/>
</players>
</general>
<round no="0"><action no="1" player="SOLODIEGO102" type="15" discard="1" dealt="1" sum="25"/>
<action no="2" player="nobrainopain" type="15" discard="1" dealt="1" sum="25"/>
<action no="3" player="WHEREISYOURBALLS" type="15" discard="1" dealt="1" sum="25"/>
<action no="4" player="pokerdiditu" type="15" discard="1" dealt="1" sum="25"/>
<action no="5" player="GIORDY5" type="15" discard="1" dealt="1" sum="25"/>
<action no="6" player="Rakki" type="15" sum="25"/>
<action no="7" player="Salama10" type="15" discard="1" dealt="1" sum="25"/>
<action no="8" player="Fimiano77" type="15" discard="1" dealt="1" sum="25"/>
<action no="9" player="BABYQUOKKA" type="15" discard="1" dealt="1" sum="25"/>
<action no="10" player="SOLODIEGO102" type="1" discard="1" dealt="1" sum="125"/>
<action no="11" player="nobrainopain" type="2" discard="1" dealt="1" sum="250"/>
</round>
<round no="1"><cards type="Pocket" player="WHEREISYOURBALLS">X X</cards>
<cards type="Pocket" player="pokerdiditu">X X</cards>
<cards type="Pocket" player="Fimiano77">X X</cards>
<cards type="Pocket" player="GIORDY5">CJ C7</cards>
<cards type="Pocket" player="Rakki">S4 S10</cards>
<cards type="Pocket" player="Salama10">X X</cards>
<cards type="Pocket" player="nobrainopain">X X</cards>
<cards type="Pocket" player="BABYQUOKKA">X X</cards>
<cards type="Pocket" player="SOLODIEGO102">X X</cards>
<action no="12" player="WHEREISYOURBALLS" type="0" discard="1" dealt="1" sum="0"/>
<action no="13" player="pokerdiditu" type="0" discard="1" dealt="1" sum="0"/>
<action no="14" player="GIORDY5" type="3" discard="1" dealt="1" sum="250"/>
<action no="15" player="Rakki" type="0" sum="0"/>
<action no="16" player="Salama10" type="0" discard="1" dealt="1" sum="0"/>
<action no="17" player="Fimiano77" type="3" discard="1" dealt="1" sum="250"/>
<action no="18" player="BABYQUOKKA" type="0" discard="1" dealt="1" sum="0"/>
<action no="19" player="SOLODIEGO102" type="3" discard="1" dealt="1" sum="125"/>
<action no="20" player="nobrainopain" type="4" discard="1" dealt="1" sum="0"/>
</round>
<round no="2"><cards type="Flop">C10 S6 C2</cards>
<action no="21" player="SOLODIEGO102" type="4" discard="1" dealt="1" sum="0"/>
<action no="22" player="nobrainopain" type="4" discard="1" dealt="1" sum="0"/>
<action no="23" player="GIORDY5" type="5" discard="1" dealt="1" sum="250"/>
<action no="24" player="Fimiano77" type="0" discard="1" dealt="1" sum="0"/>
<action no="25" player="SOLODIEGO102" type="0" discard="1" dealt="1" sum="0"/>
<action no="26" player="nobrainopain" type="0" discard="1" dealt="1" sum="0"/>
</round>
</game>
<game gamecode="6418647076"><general><startdate>2025-07-01 17:16:42</startdate>
<round>1</round>
<failsafecounter/>
<players><player seat="10" name="WHEREISYOURBALLS" chips="4,175" dealer="0" win="0" bet="275" muck="1" rebuy="0" addon="0" merge="0" rebuychips="0" reg_code="5044962506"/>
<player seat="1" name="pokerdiditu" chips="2,890" dealer="0" win="0" bet="25" muck="1" rebuy="0" addon="0" merge="0" rebuychips="0" reg_code="5044982455"/>
<player seat="2" name="GIORDY5" chips="15,331" dealer="0" win="0" bet="275" muck="1" rebuy="0" addon="0" merge="0" rebuychips="0" reg_code="5044974883"/>
<player seat="3" name="Rakki" chips="2,530" dealer="0" win="0" bet="25" muck="1" rebuy="0" addon="0" merge="0" rebuychips="0" reg_code="5044981496"/>
<player seat="4" name="Salama10" chips="13,790" dealer="0" win="1,100" bet="917" muck="1" rebuy="0" addon="0" merge="0" rebuychips="0" reg_code="5044941499"/>
<player seat="5" name="Fimiano77" chips="5,235" dealer="0" win="0" bet="25" muck="1" rebuy="0" addon="0" merge="0" rebuychips="0" reg_code="5044956194"/>
<player seat="6" name="BABYQUOKKA" chips="4,196" dealer="0" win="0" bet="25" muck="1" rebuy="0" addon="0" merge="0" rebuychips="0" reg_code="5044949865"/>
<player seat="8" name="SOLODIEGO102" chips="4,722" dealer="1" win="0" bet="25" muck="1" rebuy="0" addon="0" merge="0" rebuychips="0" reg_code="5044972294"/>
<player seat="9" name="nobrainopain" chips="8,160" dealer="0" win="0" bet="150" muck="1" rebuy="0" addon="0" merge="0" rebuychips="0" reg_code="5044966247"/>
</players>
</general>
<round no="0"><action no="1" player="nobrainopain" type="15" discard="1" dealt="1" sum="25"/>
<action no="2" player="WHEREISYOURBALLS" type="15" discard="1" dealt="1" sum="25"/>
<action no="3" player="pokerdiditu" type="15" discard="1" dealt="1" sum="25"/>
<action no="4" player="GIORDY5" type="15" discard="1" dealt="1" sum="25"/>
<action no="5" player="Rakki" type="15" sum="25"/>
<action no="6" player="Salama10" type="15" discard="1" dealt="1" sum="25"/>
<action no="7" player="Fimiano77" type="15" discard="1" dealt="1" sum="25"/>
<action no="8" player="BABYQUOKKA" type="15" discard="1" dealt="1" sum="25"/>
<action no="9" player="SOLODIEGO102" type="15" discard="1" dealt="1" sum="25"/>
<action no="10" player="nobrainopain" type="1" discard="1" dealt="1" sum="125"/>
<action no="11" player="WHEREISYOURBALLS" type="2" discard="1" dealt="1" sum="250"/>
</round>
<round no="1"><cards type="Pocket" player="Rakki">DA C2</cards>
<cards type="Pocket" player="Fimiano77">X X</cards>
<cards type="Pocket" player="pokerdiditu">X X</cards>
<cards type="Pocket" player="WHEREISYOURBALLS">X X</cards>
<cards type="Pocket" player="nobrainopain">X X</cards>
<cards type="Pocket" player="GIORDY5">X X</cards>
<cards type="Pocket" player="Salama10">X X</cards>
<cards type="Pocket" player="BABYQUOKKA">X X</cards>
<cards type="Pocket" player="SOLODIEGO102">X X</cards>
<action no="12" player="pokerdiditu" type="0" discard="1" dealt="1" sum="0"/>
<action no="13" player="GIORDY5" type="3" discard="1" dealt="1" sum="250"/>
<action no="14" player="Rakki" type="0" sum="0"/>
<action no="15" player="Salama10" type="23" discard="1" dealt="1" sum="892"/>
<action no="16" player="Fimiano77" type="0" discard="1" dealt="1" sum="0"/>
<action no="17" player="BABYQUOKKA" type="0" discard="1" dealt="1" sum="0"/>
<action no="18" player="SOLODIEGO102" type="0" discard="1" dealt="1" sum="0"/>
<action no="19" player="nobrainopain" type="0" discard="1" dealt="1" sum="0"/>
<action no="20" player="WHEREISYOURBALLS" type="0" discard="1" dealt="1" sum="0"/>
<action no="21" player="GIORDY5" type="0" discard="1" dealt="1" sum="0"/>
</round>
</game>
<game gamecode="6418647090"><general><startdate>2025-07-01 17:17:56</startdate>
<round>1</round>
<failsafecounter/>
<players><player seat="1" name="pokerdiditu" chips="2,865" dealer="0" win="0" bet="275" muck="1" rebuy="0" addon="0" merge="0" rebuychips="0" reg_code="5044982455"/>
<player seat="2" name="GIORDY5" chips="15,056" dealer="0" win="0" bet="275" muck="1" rebuy="0" addon="0" merge="0" rebuychips="0" reg_code="5044974883"/>
<player seat="3" name="Rakki" chips="2,505" dealer="0" win="1,100" bet="2,505" muck="1" rebuy="0" addon="0" merge="0" rebuychips="0" reg_code="5044981496"/>
<player seat="4" name="Salama10" chips="14,615" dealer="0" win="0" bet="25" muck="1" rebuy="0" addon="0" merge="0" rebuychips="0" reg_code="5044941499"/>
<player seat="5" name="Fimiano77" chips="5,210" dealer="0" win="0" bet="25" muck="1" rebuy="0" addon="0" merge="0" rebuychips="0" reg_code="5044956194"/>
<player seat="6" name="BABYQUOKKA" chips="4,171" dealer="0" win="0" bet="25" muck="1" rebuy="0" addon="0" merge="0" rebuychips="0" reg_code="5044949865"/>
<player seat="8" name="SOLODIEGO102" chips="4,697" dealer="0" win="0" bet="25" muck="1" rebuy="0" addon="0" merge="0" rebuychips="0" reg_code="5044972294"/>
<player seat="9" name="nobrainopain" chips="8,010" dealer="1" win="0" bet="25" muck="1" rebuy="0" addon="0" merge="0" rebuychips="0" reg_code="5044966247"/>
<player seat="10" name="WHEREISYOURBALLS" chips="3,900" dealer="0" win="0" bet="150" muck="1" rebuy="0" addon="0" merge="0" rebuychips="0" reg_code="5044962506"/>
</players>
</general>
<round no="0"><action no="1" player="WHEREISYOURBALLS" type="15" discard="1" dealt="1" sum="25"/>
<action no="2" player="pokerdiditu" type="15" discard="1" dealt="1" sum="25"/>
<action no="3" player="GIORDY5" type="15" discard="1" dealt="1" sum="25"/>
<action no="4" player="Rakki" type="15" sum="25"/>
<action no="5" player="Salama10" type="15" discard="1" dealt="1" sum="25"/>
<action no="6" player="Fimiano77" type="15" discard="1" dealt="1" sum="25"/>
<action no="7" player="BABYQUOKKA" type="15" discard="1" dealt="1" sum="25"/>
<action no="8" player="SOLODIEGO102" type="15" discard="1" dealt="1" sum="25"/>
<action no="9" player="nobrainopain" type="15" discard="1" dealt="1" sum="25"/>
<action no="10" player="WHEREISYOURBALLS" type="1" discard="1" dealt="1" sum="125"/>
<action no="11" player="pokerdiditu" type="2" discard="1" dealt="1" sum="250"/>
</round>
<round no="1"><cards type="Pocket" player="GIORDY5">X X</cards>
<cards type="Pocket" player="SOLODIEGO102">X X</cards>
<cards type="Pocket" player="WHEREISYOURBALLS">X X</cards>
<cards type="Pocket" player="Rakki">HA SK</cards>
<cards type="Pocket" player="nobrainopain">X X</cards>
<cards type="Pocket" player="pokerdiditu">X X</cards>
<cards type="Pocket" player="BABYQUOKKA">X X</cards>
<cards type="Pocket" player="Fimiano77">X X</cards>
<cards type="Pocket" player="Salama10">X X</cards>
<action no="12" player="GIORDY5" type="3" discard="1" dealt="1" sum="250"/>
<action no="13" player="Rakki" type="23" sum="2,480"/>
<action no="14" player="Salama10" type="0" discard="1" dealt="1" sum="0"/>
<action no="15" player="Fimiano77" type="0" discard="1" dealt="1" sum="0"/>
<action no="16" player="BABYQUOKKA" type="0" discard="1" dealt="1" sum="0"/>
<action no="17" player="SOLODIEGO102" type="0" discard="1" dealt="1" sum="0"/>
<action no="18" player="nobrainopain" type="0" discard="1" dealt="1" sum="0"/>
<action no="19" player="WHEREISYOURBALLS" type="0" discard="1" dealt="1" sum="0"/>
<action no="20" player="pokerdiditu" type="0" discard="1" dealt="1" sum="0"/>
<action no="21" player="GIORDY5" type="0" discard="1" dealt="1" sum="0"/>
</round>
</game>
<game gamecode="6418647103"><general><startdate>2025-07-01 17:18:45</startdate>
<round>1</round>
<failsafecounter/>
<players><player seat="2" name="GIORDY5" chips="14,781" dealer="0" win="0" bet="275" muck="1" rebuy="0" addon="0" merge="0" rebuychips="0" reg_code="5044974883"/>
<player seat="3" name="Rakki" chips="3,330" dealer="0" win="0" bet="25" muck="1" rebuy="0" addon="0" merge="0" rebuychips="0" reg_code="5044981496"/>
<player seat="4" name="Salama10" chips="14,590" dealer="0" win="0" bet="25" muck="1" rebuy="0" addon="0" merge="0" rebuychips="0" reg_code="5044941499"/>
<player seat="5" name="Fimiano77" chips="5,185" dealer="0" win="5,580" bet="5,185" muck="0" rebuy="0" addon="0" merge="0" rebuychips="0" reg_code="5044956194"/>
<player seat="6" name="BABYQUOKKA" chips="4,146" dealer="0" win="0" bet="25" muck="1" rebuy="0" addon="0" merge="0" rebuychips="0" reg_code="5044949865"/>
<player seat="8" name="SOLODIEGO102" chips="4,672" dealer="0" win="0" bet="25" muck="1" rebuy="0" addon="0" merge="0" rebuychips="0" reg_code="5044972294"/>
<player seat="9" name="nobrainopain" chips="7,985" dealer="0" win="0" bet="25" muck="1" rebuy="0" addon="0" merge="0" rebuychips="0" reg_code="5044966247"/>
<player seat="1" name="pokerdiditu" chips="2,590" dealer="0" win="0" bet="2,590" muck="1" rebuy="0" addon="0" merge="0" rebuychips="0" reg_code="5044982455"/>
</players>
</general>
<round no="0"><action no="1" player="pokerdiditu" type="15" discard="1" dealt="1" sum="25"/>
<action no="2" player="GIORDY5" type="15" discard="1" dealt="1" sum="25"/>
<action no="3" player="Rakki" type="15" sum="25"/>
<action no="4" player="Salama10" type="15" discard="1" dealt="1" sum="25"/>
<action no="5" player="Fimiano77" type="15" discard="1" dealt="1" sum="25"/>
<action no="6" player="BABYQUOKKA" type="15" discard="1" dealt="1" sum="25"/>
<action no="7" player="SOLODIEGO102" type="15" discard="1" dealt="1" sum="25"/>
<action no="8" player="nobrainopain" type="15" discard="1" dealt="1" sum="25"/>
<action no="9" player="pokerdiditu" type="1" discard="1" dealt="1" sum="125"/>
<action no="10" player="GIORDY5" type="2" discard="1" dealt="1" sum="250"/>
</round>
<round no="1"><cards type="Pocket" player="Salama10">X X</cards>
<cards type="Pocket" player="Rakki">D6 C10</cards>
<cards type="Pocket" player="Fimiano77">HA CQ</cards>
<cards type="Pocket" player="BABYQUOKKA">X X</cards>
<cards type="Pocket" player="nobrainopain">X X</cards>
<cards type="Pocket" player="GIORDY5">X X</cards>
<cards type="Pocket" player="SOLODIEGO102">X X</cards>
<cards type="Pocket" player="pokerdiditu">SA CJ</cards>
<action no="11" player="Rakki" type="0" sum="0"/>
<action no="12" player="Salama10" type="0" discard="1" dealt="1" sum="0"/>
<action no="13" player="Fimiano77" type="23" discard="1" dealt="1" sum="5,160"/>
<action no="14" player="BABYQUOKKA" type="0" discard="1" dealt="1" sum="0"/>
<action no="15" player="SOLODIEGO102" type="0" discard="1" dealt="1" sum="0"/>
<action no="16" player="nobrainopain" type="0" discard="1" dealt="1" sum="0"/>
<action no="17" player="pokerdiditu" type="7" discard="1" dealt="1" sum="2,440"/>
<action no="18" player="GIORDY5" type="0" discard="1" dealt="1" sum="0"/>
</round>
<round no="2"><cards type="Flop">C7 H9 D4</cards>
</round>
<round no="3"><cards type="Turn">H10</cards>
</round>
<round no="4"><cards type="River">HQ</cards>
</round>
</game>
<game gamecode="6418647112"><general><startdate>2025-07-01 17:19:22</startdate>
<round>1</round>
<failsafecounter/>
<players><player seat="3" name="Rakki" chips="3,305" dealer="0" win="0" bet="275" muck="1" rebuy="0" addon="0" merge="0" rebuychips="0" reg_code="5044981496"/>
<player seat="4" name="Salama10" chips="14,565" dealer="0" win="0" bet="25" muck="1" rebuy="0" addon="0" merge="0" rebuychips="0" reg_code="5044941499"/>
<player seat="5" name="Fimiano77" chips="8,175" dealer="0" win="0" bet="25" muck="1" rebuy="0" addon="0" merge="0" rebuychips="0" reg_code="5044956194"/>
<player seat="6" name="BABYQUOKKA" chips="4,121" dealer="0" win="0" bet="25" muck="1" rebuy="0" addon="0" merge="0" rebuychips="0" reg_code="5044949865"/>
<player seat="8" name="SOLODIEGO102" chips="4,647" dealer="0" win="800" bet="525" muck="1" rebuy="0" addon="0" merge="0" rebuychips="0" reg_code="5044972294"/>
<player seat="9" name="nobrainopain" chips="7,960" dealer="0" win="0" bet="25" muck="1" rebuy="0" addon="0" merge="0" rebuychips="0" reg_code="5044966247"/>
<player seat="2" name="GIORDY5" chips="14,506" dealer="0" win="0" bet="150" muck="1" rebuy="0" addon="0" merge="0" rebuychips="0" reg_code="5044974883"/>
</players>
</general>
<round no="0"><action no="1" player="GIORDY5" type="15" discard="1" dealt="1" sum="25"/>
<action no="2" player="Rakki" type="15" sum="25"/>
<action no="3" player="Salama10" type="15" discard="1" dealt="1" sum="25"/>
<action no="4" player="Fimiano77" type="15" discard="1" dealt="1" sum="25"/>
<action no="5" player="BABYQUOKKA" type="15" discard="1" dealt="1" sum="25"/>
<action no="6" player="SOLODIEGO102" type="15" discard="1" dealt="1" sum="25"/>
<action no="7" player="nobrainopain" type="15" discard="1" dealt="1" sum="25"/>
<action no="8" player="GIORDY5" type="1" discard="1" dealt="1" sum="125"/>
<action no="9" player="Rakki" type="2" sum="250"/>
</round>
<round no="1"><cards type="Pocket" player="BABYQUOKKA">X X</cards>
<cards type="Pocket" player="nobrainopain">X X</cards>
<cards type="Pocket" player="GIORDY5">X X</cards>
<cards type="Pocket" player="Rakki">S3 DQ</cards>
<cards type="Pocket" player="SOLODIEGO102">X X</cards>
<cards type="Pocket" player="Salama10">X X</cards>
<cards type="Pocket" player="Fimiano77">X X</cards>
<action no="10" player="Salama10" type="0" discard="1" dealt="1" sum="0"/>
<action no="11" player="Fimiano77" type="0" discard="1" dealt="1" sum="0"/>
<action no="12" player="BABYQUOKKA" type="0" discard="1" dealt="1" sum="0"/>
<action no="13" player="SOLODIEGO102" type="23" discard="1" dealt="1" sum="500"/>
<action no="14" player="nobrainopain" type="0" discard="1" dealt="1" sum="0"/>
<action no="15" player="GIORDY5" type="0" discard="1" dealt="1" sum="0"/>
<action no="16" player="Rakki" type="0" sum="0"/>
</round>
</game>
<game gamecode="6418647120"><general><startdate>2025-07-01 17:19:59</startdate>
<round>1</round>
<failsafecounter/>
<players><player seat="4" name="Salama10" chips="14,540" dealer="0" win="0" bet="550" muck="1" rebuy="0" addon="0" merge="0" rebuychips="0" reg_code="5044941499"/>
<player seat="5" name="Fimiano77" chips="8,150" dealer="0" win="0" bet="25" muck="1" rebuy="0" addon="0" merge="0" rebuychips="0" reg_code="5044956194"/>
<player seat="6" name="BABYQUOKKA" chips="4,096" dealer="0" win="0" bet="25" muck="1" rebuy="0" addon="0" merge="0" rebuychips="0" reg_code="5044949865"/>
<player seat="8" name="SOLODIEGO102" chips="5,172" dealer="0" win="0" bet="25" muck="1" rebuy="0" addon="0" merge="0" rebuychips="0" reg_code="5044972294"/>
<player seat="9" name="nobrainopain" chips="7,935" dealer="0" win="1,900" bet="1,800" muck="1" rebuy="0" addon="0" merge="0" rebuychips="0" reg_code="5044966247"/>
<player seat="1" name="pioggia1999" chips="33,455" dealer="0" win="0" bet="25" muck="1" rebuy="0" addon="0" merge="0" rebuychips="0" reg_code="5044960463"/>
<player seat="2" name="GIORDY5" chips="14,356" dealer="1" win="0" bet="550" muck="1" rebuy="0" addon="0" merge="0" rebuychips="0" reg_code="5044974883"/>
<player seat="3" name="Rakki" chips="3,030" dealer="0" win="0" bet="150" muck="1" rebuy="0" addon="0" merge="0" rebuychips="0" reg_code="5044981496"/>
</players>
</general>
<round no="0"><action no="1" player="Rakki" type="15" sum="25"/>
<action no="2" player="Salama10" type="15" discard="1" dealt="1" sum="25"/>
<action no="3" player="Fimiano77" type="15" discard="1" dealt="1" sum="25"/>
<action no="4" player="BABYQUOKKA" type="15" discard="1" dealt="1" sum="25"/>
<action no="5" player="SOLODIEGO102" type="15" discard="1" dealt="1" sum="25"/>
<action no="6" player="nobrainopain" type="15" discard="1" dealt="1" sum="25"/>
<action no="7" player="pioggia1999" type="15" discard="1" dealt="1" sum="25"/>
<action no="8" player="GIORDY5" type="15" discard="1" dealt="1" sum="25"/>
<action no="9" player="Rakki" type="1" sum="125"/>
<action no="10" player="Salama10" type="2" discard="1" dealt="1" sum="250"/>
</round>
<round no="1"><cards type="Pocket" player="SOLODIEGO102">X X</cards>
<cards type="Pocket" player="BABYQUOKKA">X X</cards>
<cards type="Pocket" player="GIORDY5">X X</cards>
<cards type="Pocket" player="Fimiano77">X X</cards>
<cards type="Pocket" player="nobrainopain">X X</cards>
<cards type="Pocket" player="pioggia1999">X X</cards>
<cards type="Pocket" player="Rakki">CJ H10</cards>
<cards type="Pocket" player="Salama10">X X</cards>
<action no="11" player="Fimiano77" type="0" discard="1" dealt="1" sum="0"/>
<action no="12" player="BABYQUOKKA" type="0" discard="1" dealt="1" sum="0"/>
<action no="13" player="SOLODIEGO102" type="0" discard="1" dealt="1" sum="0"/>
<action no="14" player="nobrainopain" type="23" discard="1" dealt="1" sum="525"/>
<action no="15" player="pioggia1999" type="0" discard="1" dealt="1" sum="0"/>
<action no="16" player="GIORDY5" type="3" discard="1" dealt="1" sum="525"/>
<action no="17" player="Rakki" type="0" sum="0"/>
<action no="18" player="Salama10" type="3" discard="1" dealt="1" sum="275"/>
</round>
<round no="2"><cards type="Flop">H7 H3 S3</cards>
<action no="19" player="Salama10" type="4" discard="1" dealt="1" sum="0"/>
<action no="20" player="nobrainopain" type="4" discard="1" dealt="1" sum="0"/>
<action no="21" player="GIORDY5" type="4" discard="1" dealt="1" sum="0"/>
</round>
<round no="3"><cards type="Turn">H9</cards>
<action no="22" player="Salama10" type="4" discard="1" dealt="1" sum="0"/>
<action no="23" player="nobrainopain" type="5" discard="1" dealt="1" sum="1,250"/>
<action no="24" player="GIORDY5" type="0" discard="1" dealt="1" sum="0"/>
<action no="25" player="Salama10" type="0" discard="1" dealt="1" sum="0"/>
</round>
</game>
<game gamecode="6418647141"><general><startdate>2025-07-01 17:21:22</startdate>
<round>1</round>
<failsafecounter/>
<players><player seat="5" name="Fimiano77" chips="8,125" dealer="0" win="0" bet="330" muck="1" rebuy="0" addon="0" merge="0" rebuychips="0" reg_code="5044956194"/>
<player seat="6" name="BABYQUOKKA" chips="4,071" dealer="0" win="0" bet="30" muck="1" rebuy="0" addon="0" merge="0" rebuychips="0" reg_code="5044949865"/>
<player seat="8" name="SOLODIEGO102" chips="5,147" dealer="0" win="0" bet="30" muck="1" rebuy="0" addon="0" merge="0" rebuychips="0" reg_code="5044972294"/>
<player seat="9" name="nobrainopain" chips="9,285" dealer="0" win="0" bet="30" muck="1" rebuy="0" addon="0" merge="0" rebuychips="0" reg_code="5044966247"/>
<player seat="1" name="pioggia1999" chips="33,430" dealer="0" win="0" bet="30" muck="1" rebuy="0" addon="0" merge="0" rebuychips="0" reg_code="5044960463"/>
<player seat="2" name="GIORDY5" chips="13,806" dealer="0" win="0" bet="30" muck="1" rebuy="0" addon="0" merge="0" rebuychips="0" reg_code="5044974883"/>
<player seat="3" name="Rakki" chips="2,880" dealer="1" win="0" bet="30" muck="1" rebuy="0" addon="0" merge="0" rebuychips="0" reg_code="5044981496"/>
<player seat="4" name="Salama10" chips="13,990" dealer="0" win="840" bet="13,990" muck="1" rebuy="0" addon="0" merge="0" rebuychips="0" reg_code="5044941499"/>
</players>
</general>
<round no="0"><action no="1" player="Salama10" type="15" discard="1" dealt="1" sum="30"/>
<action no="2" player="Fimiano77" type="15" discard="1" dealt="1" sum="30"/>
<action no="3" player="BABYQUOKKA" type="15" discard="1" dealt="1" sum="30"/>
<action no="4" player="SOLODIEGO102" type="15" discard="1" dealt="1" sum="30"/>
<action no="5" player="nobrainopain" type="15" discard="1" dealt="1" sum="30"/>
<action no="6" player="pioggia1999" type="15" discard="1" dealt="1" sum="30"/>
<action no="7" player="GIORDY5" type="15" discard="1" dealt="1" sum="30"/>
<action no="8" player="Rakki" type="15" sum="30"/>
<action no="9" player="Salama10" type="1" discard="1" dealt="1" sum="150"/>
<action no="10" player="Fimiano77" type="2" discard="1" dealt="1" sum="300"/>
</round>
<round no="1"><cards type="Pocket" player="GIORDY5">X X</cards>
<cards type="Pocket" player="nobrainopain">X X</cards>
<cards type="Pocket" player="Salama10">X X</cards>
<cards type="Pocket" player="SOLODIEGO102">X X</cards>
<cards type="Pocket" player="pioggia1999">X X</cards>
<cards type="Pocket" player="Fimiano77">X X</cards>
<cards type="Pocket" player="Rakki">SJ D7</cards>
<cards type="Pocket" player="BABYQUOKKA">X X</cards>
<action no="11" player="BABYQUOKKA" type="0" discard="1" dealt="1" sum="0"/>
<action no="12" player="SOLODIEGO102" type="0" discard="1" dealt="1" sum="0"/>
<action no="13" player="nobrainopain" type="0" discard="1" dealt="1" sum="0"/>
<action no="14" player="pioggia1999" type="0" discard="1" dealt="1" sum="0"/>
<action no="15" player="GIORDY5" type="0" discard="1" dealt="1" sum="0"/>
<action no="16" player="Rakki" type="0" sum="0"/>
<action no="17" player="Salama10" type="23" discard="1" dealt="1" sum="13,960"/>
<action no="18" player="Fimiano77" type="0" discard="1" dealt="1" sum="0"/>
</round>
</game>
<game gamecode="6418647150"><general><startdate>2025-07-01 17:22:11</startdate>
<round>1</round>
<failsafecounter/>
<players><player seat="6" name="BABYQUOKKA" chips="4,041" dealer="0" win="0" bet="330" muck="1" rebuy="0" addon="0" merge="0" rebuychips="0" reg_code="5044949865"/>
<player seat="8" name="SOLODIEGO102" chips="5,117" dealer="0" win="0" bet="30" muck="1" rebuy="0" addon="0" merge="0" rebuychips="0" reg_code="5044972294"/>
<player seat="9" name="nobrainopain" chips="9,255" dealer="0" win="1,980" bet="1,313" muck="1" rebuy="0" addon="0" merge="0" rebuychips="0" reg_code="5044966247"/>
<player seat="10" name="rtwe" chips="14,239" dealer="0" win="0" bet="30" muck="1" rebuy="0" addon="0" merge="0" reg_code="5044975429"/>
<player seat="1" name="pioggia1999" chips="33,400" dealer="0" win="0" bet="30" muck="1" rebuy="0" addon="0" merge="0" rebuychips="0" reg_code="5044960463"/>
<player seat="2" name="GIORDY5" chips="13,776" dealer="0" win="0" bet="30" muck="1" rebuy="0" addon="0" merge="0" rebuychips="0" reg_code="5044974883"/>
<player seat="3" name="Rakki" chips="2,850" dealer="0" win="0" bet="30" muck="1" rebuy="0" addon="0" merge="0" rebuychips="0" reg_code="5044981496"/>
<player seat="4" name="Salama10" chips="14,500" dealer="1" win="0" bet="660" muck="1" rebuy="0" addon="0" merge="0" rebuychips="0" reg_code="5044941499"/>
<player seat="5" name="Fimiano77" chips="7,795" dealer="0" win="0" bet="180" muck="1" rebuy="0" addon="0" merge="0" rebuychips="0" reg_code="5044956194"/>
</players>
</general>
<round no="0"><action no="1" player="Fimiano77" type="15" discard="1" dealt="1" sum="30"/>
<action no="2" player="BABYQUOKKA" type="15" discard="1" dealt="1" sum="30"/>
<action no="3" player="SOLODIEGO102" type="15" discard="1" dealt="1" sum="30"/>
<action no="4" player="nobrainopain" type="15" discard="1" dealt="1" sum="30"/>
<action no="5" player="rtwe" type="15" discard="1" dealt="1" sum="30"/>
<action no="6" player="pioggia1999" type="15" discard="1" dealt="1" sum="30"/>
<action no="7" player="GIORDY5" type="15" discard="1" dealt="1" sum="30"/>
<action no="8" player="Rakki" type="15" sum="30"/>
<action no="9" player="Salama10" type="15" discard="1" dealt="1" sum="30"/>
<action no="10" player="Fimiano77" type="1" discard="1" dealt="1" sum="150"/>
<action no="11" player="BABYQUOKKA" type="2" discard="1" dealt="1" sum="300"/>
</round>
<round no="1"><cards type="Pocket" player="nobrainopain">X X</cards>
<cards type="Pocket" player="rtwe">X X</cards>
<cards type="Pocket" player="pioggia1999">X X</cards>
<cards type="Pocket" player="GIORDY5">X X</cards>
<cards type="Pocket" player="SOLODIEGO102">X X</cards>
<cards type="Pocket" player="Fimiano77">X X</cards>
<cards type="Pocket" player="Rakki">H2 D7</cards>
<cards type="Pocket" player="Salama10">X X</cards>
<cards type="Pocket" player="BABYQUOKKA">X X</cards>
<action no="12" player="SOLODIEGO102" type="0" discard="1" dealt="1" sum="0"/>
<action no="13" player="nobrainopain" type="23" discard="1" dealt="1" sum="630"/>
<action no="14" player="rtwe" type="0" discard="1" dealt="1" sum="0"/>
<action no="15" player="pioggia1999" type="0" discard="1" dealt="1" sum="0"/>
<action no="16" player="GIORDY5" type="0" discard="1" dealt="1" sum="0"/>
<action no="17" player="Rakki" type="0" sum="0"/>
<action no="18" player="Salama10" type="3" discard="1" dealt="1" sum="630"/>
<action no="19" player="Fimiano77" type="0" discard="1" dealt="1" sum="0"/>
<action no="20" player="BABYQUOKKA" type="0" discard="1" dealt="1" sum="0"/>
</round>
<round no="2"><cards type="Flop">S2 HQ S5</cards>
<action no="21" player="nobrainopain" type="4" discard="1" dealt="1" sum="0"/>
<action no="22" player="Salama10" type="4" discard="1" dealt="1" sum="0"/>
</round>
<round no="3"><cards type="Turn">D10</cards>
<action no="23" player="nobrainopain" type="5" discard="1" dealt="1" sum="653"/>
<action no="24" player="Salama10" type="0" discard="1" dealt="1" sum="0"/>
</round>
</game>
<game gamecode="6418647158"><general><startdate>2025-07-01 17:23:01</startdate>
<round>1</round>
<failsafecounter/>
<players><player seat="8" name="SOLODIEGO102" chips="5,087" dealer="0" win="0" bet="330" muck="1" rebuy="0" addon="0" merge="0" rebuychips="0" reg_code="5044972294"/>
<player seat="9" name="nobrainopain" chips="10,575" dealer="0" win="0" bet="30" muck="1" rebuy="0" addon="0" merge="0" rebuychips="0" reg_code="5044966247"/>
<player seat="10" name="rtwe" chips="14,209" dealer="0" win="960" bet="630" muck="0" rebuy="0" addon="0" merge="0" rebuychips="0" reg_code="5044975429"/>
<player seat="1" name="pioggia1999" chips="33,370" dealer="0" win="0" bet="30" muck="1" rebuy="0" addon="0" merge="0" rebuychips="0" reg_code="5044960463"/>
<player seat="2" name="GIORDY5" chips="13,746" dealer="0" win="960" bet="630" muck="0" rebuy="0" addon="0" merge="0" rebuychips="0" reg_code="5044974883"/>
<player seat="3" name="Rakki" chips="2,820" dealer="0" win="0" bet="30" muck="1" rebuy="0" addon="0" merge="0" rebuychips="0" reg_code="5044981496"/>
<player seat="4" name="Salama10" chips="13,840" dealer="0" win="0" bet="30" muck="1" rebuy="0" addon="0" merge="0" rebuychips="0" reg_code="5044941499"/>
<player seat="5" name="Fimiano77" chips="7,615" dealer="1" win="0" bet="30" muck="1" rebuy="0" addon="0" merge="0" rebuychips="0" reg_code="5044956194"/>
<player seat="6" name="BABYQUOKKA" chips="3,711" dealer="0" win="0" bet="180" muck="1" rebuy="0" addon="0" merge="0" rebuychips="0" reg_code="5044949865"/>
</players>
</general>
<round no="0"><action no="1" player="BABYQUOKKA" type="15" discard="1" dealt="1" sum="30"/>
<action no="2" player="SOLODIEGO102" type="15" discard="1" dealt="1" sum="30"/>
<action no="3" player="nobrainopain" type="15" discard="1" dealt="1" sum="30"/>
<action no="4" player="rtwe" type="15" discard="1" dealt="1" sum="30"/>
<action no="5" player="pioggia1999" type="15" discard="1" dealt="1" sum="30"/>
<action no="6" player="GIORDY5" type="15" discard="1" dealt="1" sum="30"/>
<action no="7" player="Rakki" type="15" sum="30"/>
<action no="8" player="Salama10" type="15" discard="1" dealt="1" sum="30"/>
<action no="9" player="Fimiano77" type="15" discard="1" dealt="1" sum="30"/>
<action no="10" player="BABYQUOKKA" type="1" discard="1" dealt="1" sum="150"/>
<action no="11" player="SOLODIEGO102" type="2" discard="1" dealt="1" sum="300"/>
</round>
<round no="1"><cards type="Pocket" player="Fimiano77">X X</cards>
<cards type="Pocket" player="nobrainopain">X X</cards>
<cards type="Pocket" player="GIORDY5">HK H8</cards>
<cards type="Pocket" player="Salama10">X X</cards>
<cards type="Pocket" player="Rakki">D5 C2</cards>
<cards type="Pocket" player="rtwe">C8 CK</cards>
<cards type="Pocket" player="pioggia1999">X X</cards>
<cards type="Pocket" player="SOLODIEGO102">X X</cards>
<cards type="Pocket" player="BABYQUOKKA">X X</cards>
<action no="12" player="nobrainopain" type="0" discard="1" dealt="1" sum="0"/>
<action no="13" player="rtwe" type="3" discard="1" dealt="1" sum="300"/>
<action no="14" player="pioggia1999" type="0" discard="1" dealt="1" sum="0"/>
<action no="15" player="GIORDY5" type="3" discard="1" dealt="1" sum="300"/>
<action no="16" player="Rakki" type="0" sum="0"/>
<action no="17" player="Salama10" type="0" discard="1" dealt="1" sum="0"/>
<action no="18" player="Fimiano77" type="0" discard="1" dealt="1" sum="0"/>
<action no="19" player="BABYQUOKKA" type="0" discard="1" dealt="1" sum="0"/>
<action no="20" player="SOLODIEGO102" type="4" discard="1" dealt="1" sum="0"/>
</round>
<round no="2"><cards type="Flop">DA SJ S5</cards>
<action no="21" player="SOLODIEGO102" type="4" discard="1" dealt="1" sum="0"/>
<action no="22" player="rtwe" type="4" discard="1" dealt="1" sum="0"/>
<action no="23" player="GIORDY5" type="4" discard="1" dealt="1" sum="0"/>
</round>
<round no="3"><cards type="Turn">H2</cards>
<action no="24" player="SOLODIEGO102" type="4" discard="1" dealt="1" sum="0"/>
<action no="25" player="rtwe" type="4" discard="1" dealt="1" sum="0"/>
<action no="26" player="GIORDY5" type="4" discard="1" dealt="1" sum="0"/>
</round>
<round no="4"><cards type="River">SK</cards>
<action no="27" player="SOLODIEGO102" type="4" discard="1" dealt="1" sum="0"/>
<action no="28" player="rtwe" type="5" discard="1" dealt="1" sum="300"/>
<action no="29" player="GIORDY5" type="3" discard="1" dealt="1" sum="300"/>
<action no="30" player="SOLODIEGO102" type="0" discard="1" dealt="1" sum="0"/>
</round>
</game>
<game gamecode="6418647171"><general><startdate>2025-07-01 17:23:56</startdate>
<round>1</round>
<failsafecounter/>
<players><player seat="9" name="nobrainopain" chips="10,545" dealer="0" win="0" bet="330" muck="1" rebuy="0" addon="0" merge="0" rebuychips="0" reg_code="5044966247"/>
<player seat="10" name="rtwe" chips="14,539" dealer="0" win="0" bet="30" muck="1" rebuy="0" addon="0" merge="0" rebuychips="0" reg_code="5044975429"/>
<player seat="1" name="pioggia1999" chips="33,340" dealer="0" win="1,020" bet="630" muck="1" rebuy="0" addon="0" merge="0" rebuychips="0" reg_code="5044960463"/>
<player seat="2" name="GIORDY5" chips="14,076" dealer="0" win="0" bet="30" muck="1" rebuy="0" addon="0" merge="0" rebuychips="0" reg_code="5044974883"/>
<player seat="3" name="Rakki" chips="2,790" dealer="0" win="0" bet="30" muck="1" rebuy="0" addon="0" merge="0" rebuychips="0" reg_code="5044981496"/>
<player seat="4" name="Salama10" chips="13,810" dealer="0" win="0" bet="30" muck="1" rebuy="0" addon="0" merge="0" rebuychips="0" reg_code="5044941499"/>
<player seat="5" name="Fimiano77" chips="7,585" dealer="0" win="0" bet="30" muck="1" rebuy="0" addon="0" merge="0" rebuychips="0" reg_code="5044956194"/>
<player seat="6" name="BABYQUOKKA" chips="3,531" dealer="1" win="0" bet="30" muck="1" rebuy="0" addon="0" merge="0" rebuychips="0" reg_code="5044949865"/>
<player seat="8" name="SOLODIEGO102" chips="4,757" dealer="0" win="0" bet="180" muck="1" rebuy="0" addon="0" merge="0" rebuychips="0" reg_code="5044972294"/>
</players>
</general>
<round no="0"><action no="1" player="SOLODIEGO102" type="15" discard="1" dealt="1" sum="30"/>
<action no="2" player="nobrainopain" type="15" discard="1" dealt="1" sum="30"/>
<action no="3" player="rtwe" type="15" discard="1" dealt="1" sum="30"/>
<action no="4" player="pioggia1999" type="15" discard="1" dealt="1" sum="30"/>
<action no="5" player="GIORDY5" type="15" discard="1" dealt="1" sum="30"/>
<action no="6" player="Rakki" type="15" sum="30"/>
<action no="7" player="Salama10" type="15" discard="1" dealt="1" sum="30"/>
<action no="8" player="Fimiano77" type="15" discard="1" dealt="1" sum="30"/>
<action no="9" player="BABYQUOKKA" type="15" discard="1" dealt="1" sum="30"/>
<action no="10" player="SOLODIEGO102" type="1" discard="1" dealt="1" sum="150"/>
<action no="11" player="nobrainopain" type="2" discard="1" dealt="1" sum="300"/>
</round>
<round no="1"><cards type="Pocket" player="Salama10">X X</cards>
<cards type="Pocket" player="Fimiano77">X X</cards>
<cards type="Pocket" player="nobrainopain">X X</cards>
<cards type="Pocket" player="pioggia1999">X X</cards>
<cards type="Pocket" player="GIORDY5">X X</cards>
<cards type="Pocket" player="Rakki">D4 HQ</cards>
<cards type="Pocket" player="BABYQUOKKA">X X</cards>
<cards type="Pocket" player="rtwe">X X</cards>
<cards type="Pocket" player="SOLODIEGO102">X X</cards>
<action no="12" player="rtwe" type="0" discard="1" dealt="1" sum="0"/>
<action no="13" player="pioggia1999" type="23" discard="1" dealt="1" sum="600"/>
<action no="14" player="GIORDY5" type="0" discard="1" dealt="1" sum="0"/>
<action no="15" player="Rakki" type="0" sum="0"/>
<action no="16" player="Salama10" type="0" discard="1" dealt="1" sum="0"/>
<action no="17" player="Fimiano77" type="0" discard="1" dealt="1" sum="0"/>
<action no="18" player="BABYQUOKKA" type="0" discard="1" dealt="1" sum="0"/>
<action no="19" player="SOLODIEGO102" type="0" discard="1" dealt="1" sum="0"/>
<action no="20" player="nobrainopain" type="0" discard="1" dealt="1" sum="0"/>
</round>
</game>
<game gamecode="6418647177"><general><startdate>2025-07-01 17:24:25</startdate>
<round>1</round>
<failsafecounter/>
<players><player seat="10" name="rtwe" chips="14,509" dealer="0" win="0" bet="330" muck="1" rebuy="0" addon="0" merge="0" rebuychips="0" reg_code="5044975429"/>
<player seat="1" name="pioggia1999" chips="34,030" dealer="0" win="0" bet="30" muck="1" rebuy="0" addon="0" merge="0" rebuychips="0" reg_code="5044960463"/>
<player seat="2" name="GIORDY5" chips="14,046" dealer="0" win="6,180" bet="2,760" muck="0" rebuy="0" addon="0" merge="0" rebuychips="0" reg_code="5044974883"/>
<player seat="3" name="Rakki" chips="2,760" dealer="0" win="0" bet="2,760" muck="0" rebuy="0" addon="0" merge="0" rebuychips="0" reg_code="5044981496"/>
<player seat="4" name="Salama10" chips="13,780" dealer="0" win="0" bet="30" muck="1" rebuy="0" addon="0" merge="0" rebuychips="0" reg_code="5044941499"/>
<player seat="5" name="Fimiano77" chips="7,555" dealer="0" win="0" bet="30" muck="1" rebuy="0" addon="0" merge="0" rebuychips="0" reg_code="5044956194"/>
<player seat="6" name="BABYQUOKKA" chips="3,501" dealer="0" win="0" bet="30" muck="1" rebuy="0" addon="0" merge="0" rebuychips="0" reg_code="5044949865"/>
<player seat="8" name="SOLODIEGO102" chips="4,577" dealer="1" win="0" bet="30" muck="1" rebuy="0" addon="0" merge="0" rebuychips="0" reg_code="5044972294"/>
<player seat="9" name="nobrainopain" chips="10,215" dealer="0" win="0" bet="180" muck="1" rebuy="0" addon="0" merge="0" rebuychips="0" reg_code="5044966247"/>
</players>
</general>
<round no="0"><action no="1" player="nobrainopain" type="15" discard="1" dealt="1" sum="30"/>
<action no="2" player="rtwe" type="15" discard="1" dealt="1" sum="30"/>
<action no="3" player="pioggia1999" type="15" discard="1" dealt="1" sum="30"/>
<action no="4" player="GIORDY5" type="15" discard="1" dealt="1" sum="30"/>
<action no="5" player="Rakki" type="15" sum="30"/>
<action no="6" player="Salama10" type="15" discard="1" dealt="1" sum="30"/>
<action no="7" player="Fimiano77" type="15" discard="1" dealt="1" sum="30"/>
<action no="8" player="BABYQUOKKA" type="15" discard="1" dealt="1" sum="30"/>
<action no="9" player="SOLODIEGO102" type="15" discard="1" dealt="1" sum="30"/>
<action no="10" player="nobrainopain" type="1" discard="1" dealt="1" sum="150"/>
<action no="11" player="rtwe" type="2" discard="1" dealt="1" sum="300"/>
</round>
<round no="1"><cards type="Pocket" player="GIORDY5">D8 C8</cards>
<cards type="Pocket" player="Salama10">X X</cards>
<cards type="Pocket" player="pioggia1999">X X</cards>
<cards type="Pocket" player="Fimiano77">X X</cards>
<cards type="Pocket" player="rtwe">X X</cards>
<cards type="Pocket" player="SOLODIEGO102">X X</cards>
<cards type="Pocket" player="Rakki">H5 SA</cards>
<cards type="Pocket" player="BABYQUOKKA">X X</cards>
<cards type="Pocket" player="nobrainopain">X X</cards>
<action no="12" player="pioggia1999" type="0" discard="1" dealt="1" sum="0"/>
<action no="13" player="GIORDY5" type="3" discard="1" dealt="1" sum="300"/>
<action no="14" player="Rakki" type="23" sum="2,730"/>
<action no="15" player="Salama10" type="0" discard="1" dealt="1" sum="0"/>
<action no="16" player="Fimiano77" type="0" discard="1" dealt="1" sum="0"/>
<action no="17" player="BABYQUOKKA" type="0" discard="1" dealt="1" sum="0"/>
<action no="18" player="SOLODIEGO102" type="0" discard="1" dealt="1" sum="0"/>
<action no="19" player="nobrainopain" type="0" discard="1" dealt="1" sum="0"/>
<action no="20" player="rtwe" type="0" discard="1" dealt="1" sum="0"/>
<action no="21" player="GIORDY5" type="3" discard="1" dealt="1" sum="2,430"/>
</round>
<round no="2"><cards type="Flop">CK S4 H8</cards>
</round>
<round no="3"><cards type="Turn">H4</cards>
</round>
<round no="4"><cards type="River">H10</cards>
</round>
</game>
</session>
