<?xml version="1.0" encoding="UTF-8"?>
<session sessioncode="5045174045">
<general>
<client_version>25.1.1.16</client_version>
<mode>real</mode>
<gametype>Holdem NL</gametype>
<tablename>2.500€ Poker Coffee, 813248149</tablename>
<tournamentcode>812845557</tournamentcode>
<tournamentname>2.500€ Poker Coffee</tournamentname>
<buyin>€8.80 + €1.20</buyin>
<totalbuyin>€10</totalbuyin>
<tournamentcurrency>EUR</tournamentcurrency>
<currency>EUR</currency>
<nickname>Rakki</nickname>
<gamecount>9</gamecount>
<startdate>2025-07-02 15:00:01</startdate>
<place>82</place>
<win>€0</win>
<tablesize>9</tablesize>
</general>
<game gamecode="6419381110"><general><startdate>2025-07-02 17:10:31</startdate>
<round>1</round>
<failsafecounter/>
<players><player seat="5" name="magnoertofu" chips="12,138" dealer="0" win="0" bet="220" muck="1" rebuy="0" addon="0" merge="0" rebuychips="0" reg_code="5045153309"/>
<player seat="6" name="deliziosa83" chips="4,815" dealer="0" win="0" bet="20" muck="1" rebuy="0" addon="0" merge="0" rebuychips="0" reg_code="5045155999"/>
<player seat="8" name="baskettaro94" chips="10,965" dealer="0" win="0" bet="20" muck="1" rebuy="0" addon="0" merge="0" rebuychips="0" reg_code="5045155358"/>
<player seat="9" name="Nortekk" chips="26,006" dealer="0" win="0" bet="20" muck="1" rebuy="0" addon="0" merge="0" rebuychips="0" reg_code="5045142300"/>
<player seat="10" name="ELPIRO" chips="3,100" dealer="0" win="0" bet="20" muck="1" rebuy="0" addon="0" merge="0" rebuychips="0" reg_code="5045166007"/>
<player seat="1" name="Spillami2" chips="24,196" dealer="0" win="0" bet="220" muck="1" rebuy="0" addon="0" merge="0" rebuychips="0" reg_code="5045164315"/>
<player seat="2" name="Rakki" chips="3,000" dealer="0" win="0" bet="20" muck="1" rebuy="0" addon="0" merge="0" reg_code="5045174045"/>
<player seat="3" name="dentr0laf0ssa" chips="5,681" dealer="1" win="0" bet="20" muck="1" rebuy="0" addon="0" merge="0" rebuychips="0" reg_code="5045167914"/>
<player seat="4" name="gioker86" chips="16,361" dealer="0" win="780" bet="1,000" muck="1" rebuy="0" addon="0" merge="0" rebuychips="0" reg_code="5045164179"/>
</players>
</general>
<round no="0"><action no="1" player="gioker86" type="15" discard="1" dealt="1" sum="20"/>
<action no="2" player="magnoertofu" type="15" discard="1" dealt="1" sum="20"/>
<action no="3" player="deliziosa83" type="15" discard="1" dealt="1" sum="20"/>
<action no="4" player="baskettaro94" type="15" discard="1" dealt="1" sum="20"/>
<action no="5" player="Nortekk" type="15" discard="1" dealt="1" sum="20"/>
<action no="6" player="ELPIRO" type="15" discard="1" dealt="1" sum="20"/>
<action no="7" player="Spillami2" type="15" discard="1" dealt="1" sum="20"/>
<action no="8" player="Rakki" type="15" sum="20"/>
<action no="9" player="dentr0laf0ssa" type="15" discard="1" dealt="1" sum="20"/>
<action no="10" player="gioker86" type="1" discard="1" dealt="1" sum="100"/>
<action no="11" player="magnoertofu" type="2" discard="1" dealt="1" sum="200"/>
</round>
<round no="1"><cards type="Pocket" player="Rakki">SJ C6</cards>
<cards type="Pocket" player="Nortekk">X X</cards>
<cards type="Pocket" player="Spillami2">X X</cards>
<cards type="Pocket" player="deliziosa83">X X</cards>
<cards type="Pocket" player="baskettaro94">X X</cards>
<cards type="Pocket" player="ELPIRO">X X</cards>
<cards type="Pocket" player="magnoertofu">X X</cards>
<cards type="Pocket" player="dentr0laf0ssa">X X</cards>
<cards type="Pocket" player="gioker86">X X</cards>
<action no="12" player="deliziosa83" type="0" discard="1" dealt="1" sum="0"/>
<action no="13" player="baskettaro94" type="0" discard="1" dealt="1" sum="0"/>
<action no="14" player="Nortekk" type="0" discard="1" dealt="1" sum="0"/>
<action no="15" player="ELPIRO" type="0" discard="1" dealt="1" sum="0"/>
<action no="16" player="Spillami2" type="3" discard="1" dealt="1" sum="200"/>
<action no="17" player="Rakki" type="0" sum="0"/>
<action no="18" player="dentr0laf0ssa" type="0" discard="1" dealt="1" sum="0"/>
<action no="19" player="gioker86" type="3" discard="1" dealt="1" sum="100"/>
<action no="20" player="magnoertofu" type="4" discard="1" dealt="1" sum="0"/>
</round>
<round no="2"><cards type="Flop">S3 S4 HA</cards>
<action no="21" player="gioker86" type="5" discard="1" dealt="1" sum="780"/>
<action no="22" player="magnoertofu" type="0" discard="1" dealt="1" sum="0"/>
<action no="23" player="Spillami2" type="0" discard="1" dealt="1" sum="0"/>
</round>
</game>
<game gamecode="6419381117"><general><startdate>2025-07-02 17:11:05</startdate>
<round>1</round>
<failsafecounter/>
<players><player seat="6" name="deliziosa83" chips="4,795" dealer="0" win="0" bet="220" muck="1" rebuy="0" addon="0" merge="0" rebuychips="0" reg_code="5045155999"/>
<player seat="8" name="baskettaro94" chips="10,945" dealer="0" win="0" bet="1,120" muck="1" rebuy="0" addon="0" merge="0" rebuychips="0" reg_code="5045155358"/>
<player seat="9" name="Nortekk" chips="25,986" dealer="0" win="0" bet="20" muck="1" rebuy="0" addon="0" merge="0" rebuychips="0" reg_code="5045142300"/>
<player seat="10" name="ELPIRO" chips="3,080" dealer="0" win="0" bet="20" muck="1" rebuy="0" addon="0" merge="0" rebuychips="0" reg_code="5045166007"/>
<player seat="1" name="Spillami2" chips="23,976" dealer="0" win="0" bet="20" muck="1" rebuy="0" addon="0" merge="0" rebuychips="0" reg_code="5045164315"/>
<player seat="2" name="Rakki" chips="2,980" dealer="0" win="0" bet="20" muck="1" rebuy="0" addon="0" merge="0" rebuychips="0" reg_code="5045174045"/>
<player seat="3" name="dentr0laf0ssa" chips="5,661" dealer="0" win="2,680" bet="5,661" muck="1" rebuy="0" addon="0" merge="0" rebuychips="0" reg_code="5045167914"/>
<player seat="4" name="gioker86" chips="16,921" dealer="1" win="0" bet="20" muck="1" rebuy="0" addon="0" merge="0" rebuychips="0" reg_code="5045164179"/>
<player seat="5" name="magnoertofu" chips="11,918" dealer="0" win="0" bet="120" muck="1" rebuy="0" addon="0" merge="0" rebuychips="0" reg_code="5045153309"/>
</players>
</general>
<round no="0"><action no="1" player="magnoertofu" type="15" discard="1" dealt="1" sum="20"/>
<action no="2" player="deliziosa83" type="15" discard="1" dealt="1" sum="20"/>
<action no="3" player="baskettaro94" type="15" discard="1" dealt="1" sum="20"/>
<action no="4" player="Nortekk" type="15" discard="1" dealt="1" sum="20"/>
<action no="5" player="ELPIRO" type="15" discard="1" dealt="1" sum="20"/>
<action no="6" player="Spillami2" type="15" discard="1" dealt="1" sum="20"/>
<action no="7" player="Rakki" type="15" sum="20"/>
<action no="8" player="dentr0laf0ssa" type="15" discard="1" dealt="1" sum="20"/>
<action no="9" player="gioker86" type="15" discard="1" dealt="1" sum="20"/>
<action no="10" player="magnoertofu" type="1" discard="1" dealt="1" sum="100"/>
<action no="11" player="deliziosa83" type="2" discard="1" dealt="1" sum="200"/>
</round>
<round no="1"><cards type="Pocket" player="Rakki">D9 HK</cards>
<cards type="Pocket" player="dentr0laf0ssa">X X</cards>
<cards type="Pocket" player="deliziosa83">X X</cards>
<cards type="Pocket" player="gioker86">X X</cards>
<cards type="Pocket" player="Spillami2">X X</cards>
<cards type="Pocket" player="ELPIRO">X X</cards>
<cards type="Pocket" player="Nortekk">X X</cards>
<cards type="Pocket" player="baskettaro94">X X</cards>
<cards type="Pocket" player="magnoertofu">X X</cards>
<action no="12" player="baskettaro94" type="23" discard="1" dealt="1" sum="400"/>
<action no="13" player="Nortekk" type="0" discard="1" dealt="1" sum="0"/>
<action no="14" player="ELPIRO" type="0" discard="1" dealt="1" sum="0"/>
<action no="15" player="Spillami2" type="0" discard="1" dealt="1" sum="0"/>
<action no="16" player="Rakki" type="0" sum="0"/>
<action no="17" player="dentr0laf0ssa" type="23" discard="1" dealt="1" sum="1,100"/>
<action no="18" player="gioker86" type="0" discard="1" dealt="1" sum="0"/>
<action no="19" player="magnoertofu" type="0" discard="1" dealt="1" sum="0"/>
<action no="20" player="deliziosa83" type="0" discard="1" dealt="1" sum="0"/>
<action no="21" player="baskettaro94" type="3" discard="1" dealt="1" sum="700"/>
</round>
<round no="2"><cards type="Flop">S5 SK DK</cards>
<action no="22" player="baskettaro94" type="4" discard="1" dealt="1" sum="0"/>
<action no="23" player="dentr0laf0ssa" type="5" discard="1" dealt="1" sum="4,541"/>
<action no="24" player="baskettaro94" type="0" discard="1" dealt="1" sum="0"/>
</round>
</game>
<game gamecode="6419381129"><general><startdate>2025-07-02 17:12:23</startdate>
<round>1</round>
<failsafecounter/>
<players><player seat="8" name="baskettaro94" chips="9,825" dealer="0" win="0" bet="1,820" muck="1" rebuy="0" addon="0" merge="0" rebuychips="0" reg_code="5045155358"/>
<player seat="9" name="Nortekk" chips="25,966" dealer="0" win="0" bet="20" muck="1" rebuy="0" addon="0" merge="0" rebuychips="0" reg_code="5045142300"/>
<player seat="10" name="ELPIRO" chips="3,060" dealer="0" win="0" bet="20" muck="1" rebuy="0" addon="0" merge="0" rebuychips="0" reg_code="5045166007"/>
<player seat="1" name="Spillami2" chips="23,956" dealer="0" win="3,880" bet="1,820" muck="0" rebuy="0" addon="0" merge="0" rebuychips="0" reg_code="5045164315"/>
<player seat="2" name="Rakki" chips="2,960" dealer="0" win="0" bet="20" muck="1" rebuy="0" addon="0" merge="0" rebuychips="0" reg_code="5045174045"/>
<player seat="3" name="dentr0laf0ssa" chips="7,221" dealer="0" win="0" bet="20" muck="1" rebuy="0" addon="0" merge="0" rebuychips="0" reg_code="5045167914"/>
<player seat="4" name="gioker86" chips="16,901" dealer="0" win="0" bet="20" muck="1" rebuy="0" addon="0" merge="0" rebuychips="0" reg_code="5045164179"/>
<player seat="5" name="magnoertofu" chips="11,798" dealer="1" win="0" bet="20" muck="1" rebuy="0" addon="0" merge="0" rebuychips="0" reg_code="5045153309"/>
<player seat="6" name="deliziosa83" chips="4,575" dealer="0" win="0" bet="120" muck="1" rebuy="0" addon="0" merge="0" rebuychips="0" reg_code="5045155999"/>
</players>
</general>
<round no="0"><action no="1" player="deliziosa83" type="15" discard="1" dealt="1" sum="20"/>
<action no="2" player="baskettaro94" type="15" discard="1" dealt="1" sum="20"/>
<action no="3" player="Nortekk" type="15" discard="1" dealt="1" sum="20"/>
<action no="4" player="ELPIRO" type="15" discard="1" dealt="1" sum="20"/>
<action no="5" player="Spillami2" type="15" discard="1" dealt="1" sum="20"/>
<action no="6" player="Rakki" type="15" sum="20"/>
<action no="7" player="dentr0laf0ssa" type="15" discard="1" dealt="1" sum="20"/>
<action no="8" player="gioker86" type="15" discard="1" dealt="1" sum="20"/>
<action no="9" player="magnoertofu" type="15" discard="1" dealt="1" sum="20"/>
<action no="10" player="deliziosa83" type="1" discard="1" dealt="1" sum="100"/>
<action no="11" player="baskettaro94" type="2" discard="1" dealt="1" sum="200"/>
</round>
<round no="1"><cards type="Pocket" player="deliziosa83">X X</cards>
<cards type="Pocket" player="Nortekk">X X</cards>
<cards type="Pocket" player="baskettaro94">HJ H6</cards>
<cards type="Pocket" player="Rakki">D3 D6</cards>
<cards type="Pocket" player="Spillami2">C6 S6</cards>
<cards type="Pocket" player="dentr0laf0ssa">X X</cards>
<cards type="Pocket" player="gioker86">X X</cards>
<cards type="Pocket" player="ELPIRO">X X</cards>
<cards type="Pocket" player="magnoertofu">X X</cards>
<action no="12" player="Nortekk" type="0" discard="1" dealt="1" sum="0"/>
<action no="13" player="ELPIRO" type="0" discard="1" dealt="1" sum="0"/>
<action no="14" player="Spillami2" type="23" discard="1" dealt="1" sum="400"/>
<action no="15" player="Rakki" type="0" sum="0"/>
<action no="16" player="dentr0laf0ssa" type="0" discard="1" dealt="1" sum="0"/>
<action no="17" player="gioker86" type="0" discard="1" dealt="1" sum="0"/>
<action no="18" player="magnoertofu" type="0" discard="1" dealt="1" sum="0"/>
<action no="19" player="deliziosa83" type="0" discard="1" dealt="1" sum="0"/>
<action no="20" player="baskettaro94" type="3" discard="1" dealt="1" sum="200"/>
</round>
<round no="2"><cards type="Flop">HA HQ S3</cards>
<action no="21" player="baskettaro94" type="4" discard="1" dealt="1" sum="0"/>
<action no="22" player="Spillami2" type="5" discard="1" dealt="1" sum="600"/>
<action no="23" player="baskettaro94" type="3" discard="1" dealt="1" sum="600"/>
</round>
<round no="3"><cards type="Turn">S9</cards>
<action no="24" player="baskettaro94" type="4" discard="1" dealt="1" sum="0"/>
<action no="25" player="Spillami2" type="5" discard="1" dealt="1" sum="800"/>
<action no="26" player="baskettaro94" type="3" discard="1" dealt="1" sum="800"/>
</round>
<round no="4"><cards type="River">D10</cards>
<action no="27" player="baskettaro94" type="4" discard="1" dealt="1" sum="0"/>
<action no="28" player="Spillami2" type="4" discard="1" dealt="1" sum="0"/>
</round>
</game>
<game gamecode="6419381143"><general><startdate>2025-07-02 17:13:39</startdate>
<round>1</round>
<failsafecounter/>
<players><player seat="9" name="Nortekk" chips="25,946" dealer="0" win="0" bet="275" muck="1" rebuy="0" addon="0" merge="0" rebuychips="0" reg_code="5045142300"/>
<player seat="10" name="ELPIRO" chips="3,040" dealer="0" win="0" bet="25" muck="1" rebuy="0" addon="0" merge="0" rebuychips="0" reg_code="5045166007"/>
<player seat="1" name="Spillami2" chips="26,016" dealer="0" win="0" bet="25" muck="1" rebuy="0" addon="0" merge="0" rebuychips="0" reg_code="5045164315"/>
<player seat="2" name="Rakki" chips="2,940" dealer="0" win="0" bet="25" muck="1" rebuy="0" addon="0" merge="0" rebuychips="0" reg_code="5045174045"/>
<player seat="3" name="dentr0laf0ssa" chips="7,201" dealer="0" win="0" bet="25" muck="1" rebuy="0" addon="0" merge="0" rebuychips="0" reg_code="5045167914"/>
<player seat="4" name="gioker86" chips="16,881" dealer="0" win="2,350" bet="2,900" muck="1" rebuy="0" addon="0" merge="0" rebuychips="0" reg_code="5045164179"/>
<player seat="5" name="magnoertofu" chips="11,778" dealer="0" win="0" bet="900" muck="1" rebuy="0" addon="0" merge="0" rebuychips="0" reg_code="5045153309"/>
<player seat="6" name="deliziosa83" chips="4,455" dealer="1" win="0" bet="25" muck="1" rebuy="0" addon="0" merge="0" rebuychips="0" reg_code="5045155999"/>
<player seat="8" name="baskettaro94" chips="8,005" dealer="0" win="0" bet="150" muck="1" rebuy="0" addon="0" merge="0" rebuychips="0" reg_code="5045155358"/>
</players>
</general>
<round no="0"><action no="1" player="baskettaro94" type="15" discard="1" dealt="1" sum="25"/>
<action no="2" player="Nortekk" type="15" discard="1" dealt="1" sum="25"/>
<action no="3" player="ELPIRO" type="15" discard="1" dealt="1" sum="25"/>
<action no="4" player="Spillami2" type="15" discard="1" dealt="1" sum="25"/>
<action no="5" player="Rakki" type="15" sum="25"/>
<action no="6" player="dentr0laf0ssa" type="15" discard="1" dealt="1" sum="25"/>
<action no="7" player="gioker86" type="15" discard="1" dealt="1" sum="25"/>
<action no="8" player="magnoertofu" type="15" discard="1" dealt="1" sum="25"/>
<action no="9" player="deliziosa83" type="15" discard="1" dealt="1" sum="25"/>
<action no="10" player="baskettaro94" type="1" discard="1" dealt="1" sum="125"/>
<action no="11" player="Nortekk" type="2" discard="1" dealt="1" sum="250"/>
</round>
<round no="1"><cards type="Pocket" player="ELPIRO">X X</cards>
<cards type="Pocket" player="gioker86">X X</cards>
<cards type="Pocket" player="Spillami2">X X</cards>
<cards type="Pocket" player="magnoertofu">X X</cards>
<cards type="Pocket" player="dentr0laf0ssa">X X</cards>
<cards type="Pocket" player="baskettaro94">X X</cards>
<cards type="Pocket" player="deliziosa83">X X</cards>
<cards type="Pocket" player="Rakki">C3 HA</cards>
<cards type="Pocket" player="Nortekk">X X</cards>
<action no="12" player="ELPIRO" type="0" discard="1" dealt="1" sum="0"/>
<action no="13" player="Spillami2" type="0" discard="1" dealt="1" sum="0"/>
<action no="14" player="Rakki" type="0" sum="0"/>
<action no="15" player="dentr0laf0ssa" type="0" discard="1" dealt="1" sum="0"/>
<action no="16" player="gioker86" type="3" discard="1" dealt="1" sum="250"/>
<action no="17" player="magnoertofu" type="23" discard="1" dealt="1" sum="875"/>
<action no="18" player="deliziosa83" type="0" discard="1" dealt="1" sum="0"/>
<action no="19" player="baskettaro94" type="0" discard="1" dealt="1" sum="0"/>
<action no="20" player="Nortekk" type="0" discard="1" dealt="1" sum="0"/>
<action no="21" player="gioker86" type="3" discard="1" dealt="1" sum="625"/>
</round>
<round no="2"><cards type="Flop">S5 S7 C2</cards>
<action no="22" player="gioker86" type="5" discard="1" dealt="1" sum="2,000"/>
<action no="23" player="magnoertofu" type="0" discard="1" dealt="1" sum="0"/>
</round>
</game>
<game gamecode="6419381151"><general><startdate>2025-07-02 17:14:30</startdate>
<round>1</round>
<failsafecounter/>
<players><player seat="10" name="ELPIRO" chips="3,015" dealer="0" win="0" bet="275" muck="1" rebuy="0" addon="0" merge="0" rebuychips="0" reg_code="5045166007"/>
<player seat="1" name="Spillami2" chips="25,991" dealer="0" win="0" bet="1,025" muck="1" rebuy="0" addon="0" merge="0" rebuychips="0" reg_code="5045164315"/>
<player seat="2" name="Rakki" chips="2,915" dealer="0" win="0" bet="25" muck="1" rebuy="0" addon="0" merge="0" rebuychips="0" reg_code="5045174045"/>
<player seat="3" name="dentr0laf0ssa" chips="7,176" dealer="0" win="0" bet="25" muck="1" rebuy="0" addon="0" merge="0" rebuychips="0" reg_code="5045167914"/>
<player seat="4" name="gioker86" chips="18,331" dealer="0" win="2,600" bet="2,525" muck="1" rebuy="0" addon="0" merge="0" rebuychips="0" reg_code="5045164179"/>
<player seat="5" name="magnoertofu" chips="10,878" dealer="0" win="0" bet="25" muck="1" rebuy="0" addon="0" merge="0" rebuychips="0" reg_code="5045153309"/>
<player seat="6" name="deliziosa83" chips="4,430" dealer="0" win="0" bet="25" muck="1" rebuy="0" addon="0" merge="0" rebuychips="0" reg_code="5045155999"/>
<player seat="8" name="baskettaro94" chips="7,855" dealer="1" win="0" bet="25" muck="1" rebuy="0" addon="0" merge="0" rebuychips="0" reg_code="5045155358"/>
<player seat="9" name="Nortekk" chips="25,671" dealer="0" win="0" bet="150" muck="1" rebuy="0" addon="0" merge="0" rebuychips="0" reg_code="5045142300"/>
</players>
</general>
<round no="0"><action no="1" player="Nortekk" type="15" discard="1" dealt="1" sum="25"/>
<action no="2" player="ELPIRO" type="15" discard="1" dealt="1" sum="25"/>
<action no="3" player="Spillami2" type="15" discard="1" dealt="1" sum="25"/>
<action no="4" player="Rakki" type="15" sum="25"/>
<action no="5" player="dentr0laf0ssa" type="15" discard="1" dealt="1" sum="25"/>
<action no="6" player="gioker86" type="15" discard="1" dealt="1" sum="25"/>
<action no="7" player="magnoertofu" type="15" discard="1" dealt="1" sum="25"/>
<action no="8" player="deliziosa83" type="15" discard="1" dealt="1" sum="25"/>
<action no="9" player="baskettaro94" type="15" discard="1" dealt="1" sum="25"/>
<action no="10" player="Nortekk" type="1" discard="1" dealt="1" sum="125"/>
<action no="11" player="ELPIRO" type="2" discard="1" dealt="1" sum="250"/>
</round>
<round no="1"><cards type="Pocket" player="ELPIRO">X X</cards>
<cards type="Pocket" player="Spillami2">X X</cards>
<cards type="Pocket" player="Rakki">SK S9</cards>
<cards type="Pocket" player="gioker86">X X</cards>
<cards type="Pocket" player="baskettaro94">X X</cards>
<cards type="Pocket" player="magnoertofu">X X</cards>
<cards type="Pocket" player="deliziosa83">X X</cards>
<cards type="Pocket" player="dentr0laf0ssa">X X</cards>
<cards type="Pocket" player="Nortekk">X X</cards>
<action no="12" player="Spillami2" type="3" discard="1" dealt="1" sum="250"/>
<action no="13" player="Rakki" type="0" sum="0"/>
<action no="14" player="dentr0laf0ssa" type="0" discard="1" dealt="1" sum="0"/>
<action no="15" player="gioker86" type="23" discard="1" dealt="1" sum="1,000"/>
<action no="16" player="magnoertofu" type="0" discard="1" dealt="1" sum="0"/>
<action no="17" player="deliziosa83" type="0" discard="1" dealt="1" sum="0"/>
<action no="18" player="baskettaro94" type="0" discard="1" dealt="1" sum="0"/>
<action no="19" player="Nortekk" type="0" discard="1" dealt="1" sum="0"/>
<action no="20" player="ELPIRO" type="0" discard="1" dealt="1" sum="0"/>
<action no="21" player="Spillami2" type="3" discard="1" dealt="1" sum="750"/>
</round>
<round no="2"><cards type="Flop">CK S6 S4</cards>
<action no="22" player="Spillami2" type="4" discard="1" dealt="1" sum="0"/>
<action no="23" player="gioker86" type="5" discard="1" dealt="1" sum="1,500"/>
<action no="24" player="Spillami2" type="0" discard="1" dealt="1" sum="0"/>
</round>
</game>
<game gamecode="6419381162"><general><startdate>2025-07-02 17:15:18</startdate>
<round>1</round>
<failsafecounter/>
<players><player seat="1" name="Spillami2" chips="24,966" dealer="0" win="0" bet="1,025" muck="1" rebuy="0" addon="0" merge="0" rebuychips="0" reg_code="5045164315"/>
<player seat="2" name="Rakki" chips="2,890" dealer="0" win="0" bet="25" muck="1" rebuy="0" addon="0" merge="0" rebuychips="0" reg_code="5045174045"/>
<player seat="3" name="dentr0laf0ssa" chips="7,151" dealer="0" win="0" bet="25" muck="1" rebuy="0" addon="0" merge="0" rebuychips="0" reg_code="5045167914"/>
<player seat="4" name="gioker86" chips="19,906" dealer="0" win="0" bet="1,025" muck="1" rebuy="0" addon="0" merge="0" rebuychips="0" reg_code="5045164179"/>
<player seat="5" name="magnoertofu" chips="10,853" dealer="0" win="0" bet="25" muck="1" rebuy="0" addon="0" merge="0" rebuychips="0" reg_code="5045153309"/>
<player seat="6" name="deliziosa83" chips="4,405" dealer="0" win="0" bet="25" muck="1" rebuy="0" addon="0" merge="0" rebuychips="0" reg_code="5045155999"/>
<player seat="8" name="baskettaro94" chips="7,830" dealer="0" win="0" bet="25" muck="1" rebuy="0" addon="0" merge="0" rebuychips="0" reg_code="5045155358"/>
<player seat="9" name="Nortekk" chips="25,521" dealer="1" win="3,350" bet="2,867" muck="1" rebuy="0" addon="0" merge="0" rebuychips="0" reg_code="5045142300"/>
<player seat="10" name="ELPIRO" chips="2,740" dealer="0" win="0" bet="150" muck="1" rebuy="0" addon="0" merge="0" rebuychips="0" reg_code="5045166007"/>
</players>
</general>
<round no="0"><action no="1" player="ELPIRO" type="15" discard="1" dealt="1" sum="25"/>
<action no="2" player="Spillami2" type="15" discard="1" dealt="1" sum="25"/>
<action no="3" player="Rakki" type="15" sum="25"/>
<action no="4" player="dentr0laf0ssa" type="15" discard="1" dealt="1" sum="25"/>
<action no="5" player="gioker86" type="15" discard="1" dealt="1" sum="25"/>
<action no="6" player="magnoertofu" type="15" discard="1" dealt="1" sum="25"/>
<action no="7" player="deliziosa83" type="15" discard="1" dealt="1" sum="25"/>
<action no="8" player="baskettaro94" type="15" discard="1" dealt="1" sum="25"/>
<action no="9" player="Nortekk" type="15" discard="1" dealt="1" sum="25"/>
<action no="10" player="ELPIRO" type="1" discard="1" dealt="1" sum="125"/>
<action no="11" player="Spillami2" type="2" discard="1" dealt="1" sum="250"/>
</round>
<round no="1"><cards type="Pocket" player="baskettaro94">X X</cards>
<cards type="Pocket" player="gioker86">X X</cards>
<cards type="Pocket" player="magnoertofu">X X</cards>
<cards type="Pocket" player="deliziosa83">X X</cards>
<cards type="Pocket" player="dentr0laf0ssa">X X</cards>
<cards type="Pocket" player="Spillami2">X X</cards>
<cards type="Pocket" player="Nortekk">X X</cards>
<cards type="Pocket" player="ELPIRO">X X</cards>
<cards type="Pocket" player="Rakki">C6 D10</cards>
<action no="12" player="Rakki" type="0" sum="0"/>
<action no="13" player="dentr0laf0ssa" type="0" discard="1" dealt="1" sum="0"/>
<action no="14" player="gioker86" type="3" discard="1" dealt="1" sum="250"/>
<action no="15" player="magnoertofu" type="0" discard="1" dealt="1" sum="0"/>
<action no="16" player="deliziosa83" type="0" discard="1" dealt="1" sum="0"/>
<action no="17" player="baskettaro94" type="0" discard="1" dealt="1" sum="0"/>
<action no="18" player="Nortekk" type="3" discard="1" dealt="1" sum="250"/>
<action no="19" player="ELPIRO" type="0" discard="1" dealt="1" sum="0"/>
<action no="20" player="Spillami2" type="23" discard="1" dealt="1" sum="1,000"/>
<action no="21" player="gioker86" type="3" discard="1" dealt="1" sum="750"/>
<action no="22" player="Nortekk" type="3" discard="1" dealt="1" sum="750"/>
</round>
<round no="2"><cards type="Flop">H4 DQ H2</cards>
<action no="23" player="Spillami2" type="4" discard="1" dealt="1" sum="0"/>
<action no="24" player="gioker86" type="4" discard="1" dealt="1" sum="0"/>
<action no="25" player="Nortekk" type="4" discard="1" dealt="1" sum="0"/>
</round>
<round no="3"><cards type="Turn">S9</cards>
<action no="26" player="Spillami2" type="4" discard="1" dealt="1" sum="0"/>
<action no="27" player="gioker86" type="4" discard="1" dealt="1" sum="0"/>
<action no="28" player="Nortekk" type="5" discard="1" dealt="1" sum="1,842"/>
<action no="29" player="Spillami2" type="0" discard="1" dealt="1" sum="0"/>
<action no="30" player="gioker86" type="0" discard="1" dealt="1" sum="0"/>
</round>
</game>
<game gamecode="6419381178"><general><startdate>2025-07-02 17:16:32</startdate>
<round>1</round>
<failsafecounter/>
<players><player seat="2" name="Rakki" chips="2,865" dealer="0" win="0" bet="275" muck="1" rebuy="0" addon="0" merge="0" rebuychips="0" reg_code="5045174045"/>
<player seat="3" name="dentr0laf0ssa" chips="7,126" dealer="0" win="0" bet="7,126" muck="1" rebuy="0" addon="0" merge="0" rebuychips="0" reg_code="5045167914"/>
<player seat="4" name="gioker86" chips="18,881" dealer="0" win="0" bet="25" muck="1" rebuy="0" addon="0" merge="0" rebuychips="0" reg_code="5045164179"/>
<player seat="5" name="magnoertofu" chips="10,828" dealer="0" win="14,777" bet="10,828" muck="0" rebuy="0" addon="0" merge="0" rebuychips="0" reg_code="5045153309"/>
<player seat="6" name="deliziosa83" chips="4,380" dealer="0" win="0" bet="25" muck="1" rebuy="0" addon="0" merge="0" rebuychips="0" reg_code="5045155999"/>
<player seat="8" name="baskettaro94" chips="7,805" dealer="0" win="0" bet="25" muck="1" rebuy="0" addon="0" merge="0" rebuychips="0" reg_code="5045155358"/>
<player seat="9" name="Nortekk" chips="27,846" dealer="0" win="0" bet="25" muck="1" rebuy="0" addon="0" merge="0" rebuychips="0" reg_code="5045142300"/>
<player seat="1" name="Spillami2" chips="23,941" dealer="0" win="0" bet="150" muck="1" rebuy="0" addon="0" merge="0" rebuychips="0" reg_code="5045164315"/>
</players>
</general>
<round no="0"><action no="1" player="Spillami2" type="15" discard="1" dealt="1" sum="25"/>
<action no="2" player="Rakki" type="15" sum="25"/>
<action no="3" player="dentr0laf0ssa" type="15" discard="1" dealt="1" sum="25"/>
<action no="4" player="gioker86" type="15" discard="1" dealt="1" sum="25"/>
<action no="5" player="magnoertofu" type="15" discard="1" dealt="1" sum="25"/>
<action no="6" player="deliziosa83" type="15" discard="1" dealt="1" sum="25"/>
<action no="7" player="baskettaro94" type="15" discard="1" dealt="1" sum="25"/>
<action no="8" player="Nortekk" type="15" discard="1" dealt="1" sum="25"/>
<action no="9" player="Spillami2" type="1" discard="1" dealt="1" sum="125"/>
<action no="10" player="Rakki" type="2" sum="250"/>
</round>
<round no="1"><cards type="Pocket" player="Nortekk">X X</cards>
<cards type="Pocket" player="gioker86">X X</cards>
<cards type="Pocket" player="Spillami2">X X</cards>
<cards type="Pocket" player="magnoertofu">S5 H5</cards>
<cards type="Pocket" player="dentr0laf0ssa">HK SA</cards>
<cards type="Pocket" player="deliziosa83">X X</cards>
<cards type="Pocket" player="baskettaro94">X X</cards>
<cards type="Pocket" player="Rakki">SJ H4</cards>
<action no="11" player="dentr0laf0ssa" type="23" discard="1" dealt="1" sum="500"/>
<action no="12" player="gioker86" type="0" discard="1" dealt="1" sum="0"/>
<action no="13" player="magnoertofu" type="3" discard="1" dealt="1" sum="500"/>
<action no="14" player="deliziosa83" type="0" discard="1" dealt="1" sum="0"/>
<action no="15" player="baskettaro94" type="0" discard="1" dealt="1" sum="0"/>
<action no="16" player="Nortekk" type="0" discard="1" dealt="1" sum="0"/>
<action no="17" player="Spillami2" type="0" discard="1" dealt="1" sum="0"/>
<action no="18" player="Rakki" type="0" sum="0"/>
</round>
<round no="2"><cards type="Flop">HA CA H9</cards>
<action no="19" player="dentr0laf0ssa" type="4" discard="1" dealt="1" sum="0"/>
<action no="20" player="magnoertofu" type="4" discard="1" dealt="1" sum="0"/>
</round>
<round no="3"><cards type="Turn">C5</cards>
<action no="21" player="dentr0laf0ssa" type="4" discard="1" dealt="1" sum="0"/>
<action no="22" player="magnoertofu" type="5" discard="1" dealt="1" sum="750"/>
<action no="23" player="dentr0laf0ssa" type="3" discard="1" dealt="1" sum="750"/>
</round>
<round no="4"><cards type="River">S4</cards>
<action no="24" player="dentr0laf0ssa" type="4" discard="1" dealt="1" sum="0"/>
<action no="25" player="magnoertofu" type="5" discard="1" dealt="1" sum="9,553"/>
<action no="26" player="dentr0laf0ssa" type="7" discard="1" dealt="1" sum="5,851"/>
</round>
</game>
<game gamecode="6419381192"><general><startdate>2025-07-02 17:17:46</startdate>
<round>1</round>
<failsafecounter/>
<players><player seat="4" name="gioker86" chips="18,856" dealer="0" win="0" bet="525" muck="1" rebuy="0" addon="0" merge="0" rebuychips="0" reg_code="5045164179"/>
<player seat="5" name="magnoertofu" chips="18,479" dealer="0" win="0" bet="25" muck="1" rebuy="0" addon="0" merge="0" rebuychips="0" reg_code="5045153309"/>
<player seat="6" name="deliziosa83" chips="4,355" dealer="0" win="0" bet="25" muck="1" rebuy="0" addon="0" merge="0" rebuychips="0" reg_code="5045155999"/>
<player seat="8" name="baskettaro94" chips="7,780" dealer="0" win="0" bet="25" muck="1" rebuy="0" addon="0" merge="0" rebuychips="0" reg_code="5045155358"/>
<player seat="9" name="Nortekk" chips="27,821" dealer="0" win="0" bet="25" muck="1" rebuy="0" addon="0" merge="0" rebuychips="0" reg_code="5045142300"/>
<player seat="10" name="Lorita1961" chips="2,905" dealer="0" win="0" bet="525" muck="1" rebuy="0" addon="0" merge="0" rebuychips="0" reg_code="5045174520"/>
<player seat="1" name="Spillami2" chips="23,791" dealer="1" win="1,825" bet="1,525" muck="1" rebuy="0" addon="0" merge="0" rebuychips="0" reg_code="5045164315"/>
<player seat="2" name="Rakki" chips="2,590" dealer="0" win="0" bet="150" muck="1" rebuy="0" addon="0" merge="0" rebuychips="0" reg_code="5045174045"/>
</players>
</general>
<round no="0"><action no="1" player="Rakki" type="15" sum="25"/>
<action no="2" player="gioker86" type="15" discard="1" dealt="1" sum="25"/>
<action no="3" player="magnoertofu" type="15" discard="1" dealt="1" sum="25"/>
<action no="4" player="deliziosa83" type="15" discard="1" dealt="1" sum="25"/>
<action no="5" player="baskettaro94" type="15" discard="1" dealt="1" sum="25"/>
<action no="6" player="Nortekk" type="15" discard="1" dealt="1" sum="25"/>
<action no="7" player="Lorita1961" type="15" discard="1" dealt="1" sum="25"/>
<action no="8" player="Spillami2" type="15" discard="1" dealt="1" sum="25"/>
<action no="9" player="Rakki" type="1" sum="125"/>
<action no="10" player="gioker86" type="2" discard="1" dealt="1" sum="250"/>
</round>
<round no="1"><cards type="Pocket" player="Lorita1961">X X</cards>
<cards type="Pocket" player="magnoertofu">X X</cards>
<cards type="Pocket" player="Rakki">D10 C3</cards>
<cards type="Pocket" player="baskettaro94">X X</cards>
<cards type="Pocket" player="Spillami2">X X</cards>
<cards type="Pocket" player="deliziosa83">X X</cards>
<cards type="Pocket" player="gioker86">X X</cards>
<cards type="Pocket" player="Nortekk">X X</cards>
<action no="11" player="magnoertofu" type="0" discard="1" dealt="1" sum="0"/>
<action no="12" player="deliziosa83" type="0" discard="1" dealt="1" sum="0"/>
<action no="13" player="baskettaro94" type="0" discard="1" dealt="1" sum="0"/>
<action no="14" player="Nortekk" type="0" discard="1" dealt="1" sum="0"/>
<action no="15" player="Lorita1961" type="23" discard="1" dealt="1" sum="500"/>
<action no="16" player="Spillami2" type="3" discard="1" dealt="1" sum="500"/>
<action no="17" player="Rakki" type="0" sum="0"/>
<action no="18" player="gioker86" type="3" discard="1" dealt="1" sum="250"/>
</round>
<round no="2"><cards type="Flop">SJ H6 C9</cards>
<action no="19" player="gioker86" type="4" discard="1" dealt="1" sum="0"/>
<action no="20" player="Lorita1961" type="4" discard="1" dealt="1" sum="0"/>
<action no="21" player="Spillami2" type="4" discard="1" dealt="1" sum="0"/>
</round>
<round no="3"><cards type="Turn">C8</cards>
<action no="22" player="gioker86" type="4" discard="1" dealt="1" sum="0"/>
<action no="23" player="Lorita1961" type="4" discard="1" dealt="1" sum="0"/>
<action no="24" player="Spillami2" type="5" discard="1" dealt="1" sum="1,000"/>
<action no="25" player="gioker86" type="0" discard="1" dealt="1" sum="0"/>
<action no="26" player="Lorita1961" type="0" discard="1" dealt="1" sum="0"/>
</round>
</game>
<game gamecode="6419396644"><general><startdate>2025-07-02 17:18:30</startdate>
<round>1</round>
<failsafecounter/>
<players><player seat="5" name="magnoertofu" chips="18,454" dealer="0" win="0" bet="275" muck="1" rebuy="0" addon="0" merge="0" rebuychips="0" reg_code="5045153309"/>
<player seat="6" name="deliziosa83" chips="4,330" dealer="0" win="0" bet="25" muck="1" rebuy="0" addon="0" merge="0" rebuychips="0" reg_code="5045155999"/>
<player seat="8" name="baskettaro94" chips="7,755" dealer="0" win="0" bet="25" muck="1" rebuy="0" addon="0" merge="0" rebuychips="0" reg_code="5045155358"/>
<player seat="9" name="Nortekk" chips="27,796" dealer="0" win="0" bet="25" muck="1" rebuy="0" addon="0" merge="0" rebuychips="0" reg_code="5045142300"/>
<player seat="10" name="Lorita1961" chips="2,380" dealer="0" win="0" bet="25" muck="1" rebuy="0" addon="0" merge="0" rebuychips="0" reg_code="5045174520"/>
<player seat="1" name="Spillami2" chips="25,091" dealer="0" win="7,695" bet="3,190" muck="0" rebuy="0" addon="0" merge="0" rebuychips="0" reg_code="5045164315"/>
<player seat="2" name="Rakki" chips="2,440" dealer="1" win="0" bet="2,440" muck="1" rebuy="0" addon="0" merge="0" rebuychips="0" reg_code="5045174045"/>
<player seat="4" name="gioker86" chips="18,331" dealer="0" win="0" bet="2,440" muck="1" rebuy="0" addon="0" merge="0" rebuychips="0" reg_code="5045164179"/>
</players>
</general>
<round no="0"><action no="1" player="gioker86" type="15" discard="1" dealt="1" sum="25"/>
<action no="2" player="magnoertofu" type="15" discard="1" dealt="1" sum="25"/>
<action no="3" player="deliziosa83" type="15" discard="1" dealt="1" sum="25"/>
<action no="4" player="baskettaro94" type="15" discard="1" dealt="1" sum="25"/>
<action no="5" player="Nortekk" type="15" discard="1" dealt="1" sum="25"/>
<action no="6" player="Lorita1961" type="15" discard="1" dealt="1" sum="25"/>
<action no="7" player="Spillami2" type="15" discard="1" dealt="1" sum="25"/>
<action no="8" player="Rakki" type="15" sum="25"/>
<action no="9" player="gioker86" type="1" discard="1" dealt="1" sum="125"/>
<action no="10" player="magnoertofu" type="2" discard="1" dealt="1" sum="250"/>
</round>
<round no="1"><cards type="Pocket" player="Lorita1961">X X</cards>
<cards type="Pocket" player="gioker86">X X</cards>
<cards type="Pocket" player="Rakki">H5 C5</cards>
<cards type="Pocket" player="Nortekk">X X</cards>
<cards type="Pocket" player="deliziosa83">X X</cards>
<cards type="Pocket" player="magnoertofu">X X</cards>
<cards type="Pocket" player="Spillami2">DK D8</cards>
<cards type="Pocket" player="baskettaro94">X X</cards>
<action no="11" player="deliziosa83" type="0" discard="1" dealt="1" sum="0"/>
<action no="12" player="baskettaro94" type="0" discard="1" dealt="1" sum="0"/>
<action no="13" player="Nortekk" type="0" discard="1" dealt="1" sum="0"/>
<action no="14" player="Lorita1961" type="0" discard="1" dealt="1" sum="0"/>
<action no="15" player="Spillami2" type="3" discard="1" dealt="1" sum="250"/>
<action no="16" player="Rakki" type="23" sum="2,415"/>
<action no="17" player="gioker86" type="3" discard="1" dealt="1" sum="2,290"/>
<action no="18" player="magnoertofu" type="0" discard="1" dealt="1" sum="0"/>
<action no="19" player="Spillami2" type="3" discard="1" dealt="1" sum="2,165"/>
</round>
<round no="2"><cards type="Flop">H6 CK C3</cards>
<action no="20" player="gioker86" type="4" discard="1" dealt="1" sum="0"/>
<action no="21" player="Spillami2" type="5" discard="1" dealt="1" sum="750"/>
<action no="22" player="gioker86" type="0" discard="1" dealt="1" sum="0"/>
</round>
<round no="3"><cards type="Turn">DJ</cards>
</round>
<round no="4"><cards type="River">SQ</cards>
</round>
</game>
</session>
