<?xml version="1.0" encoding="UTF-8"?>
<session sessioncode="5045042896">
<general>
<client_version>23.3.1.9</client_version>
<mode>real</mode>
<gametype>Holdem NL</gametype>
<tablename>3.500€ Mini Serale, 813212471</tablename>
<tournamentcode>812808774</tournamentcode>
<tournamentname>3.500€ Mini Serale</tournamentname>
<buyin>€8.80 + €1.20</buyin>
<totalbuyin>€10</totalbuyin>
<tournamentcurrency>EUR</tournamentcurrency>
<currency>EUR</currency>
<nickname>Rakki</nickname>
<gamecount>22</gamecount>
<startdate>2025-07-01 21:00:01</startdate>
<place>291</place>
<win>€0</win>
<tablesize>9</tablesize>
</general>
<game gamecode="6418868329"><general><startdate>2025-07-01 22:08:52</startdate>
<round>1</round>
<failsafecounter/>
<players><player seat="8" name="Ginopasse" chips="12,140" dealer="0" win="0" bet="240" muck="1" rebuy="0" addon="0" merge="0" rebuychips="0" reg_code="5045041284"/>
<player seat="9" name="Rakki" chips="5,000" dealer="0" win="780" bet="630" muck="1" rebuy="0" addon="0" merge="0" rebuychips="0" reg_code="5045042896"/>
<player seat="10" name="SizeTheMoment1" chips="5,000" dealer="0" win="0" bet="0" muck="1" rebuy="0" addon="0" merge="0" rebuychips="0" reg_code="5045040393"/>
<player seat="1" name="ERPAPPA01" chips="5,000" dealer="0" win="0" bet="0" muck="1" rebuy="0" addon="0" merge="0" rebuychips="0" reg_code="5045040454"/>
<player seat="2" name="Syrus2021" chips="4,950" dealer="0" win="0" bet="0" muck="1" rebuy="0" addon="0" merge="0" rebuychips="0" reg_code="5045040484"/>
<player seat="3" name="Mavilucchio10" chips="3,240" dealer="0" win="0" bet="0" muck="1" rebuy="0" addon="0" merge="0" rebuychips="0" reg_code="5045040546"/>
<player seat="4" name="Titta2710" chips="5,050" dealer="0" win="0" bet="0" muck="1" rebuy="0" addon="0" merge="0" rebuychips="0" reg_code="5045040767"/>
<player seat="5" name="tonioli72" chips="4,740" dealer="1" win="0" bet="240" muck="1" rebuy="0" addon="0" merge="0" rebuychips="0" reg_code="5045041040"/>
<player seat="6" name="F1SHAZZ0" chips="4,880" dealer="0" win="0" bet="60" muck="1" rebuy="0" addon="0" merge="0" rebuychips="0" reg_code="5045041128"/>
</players>
</general>
<round no="0"><action no="1" player="F1SHAZZ0" type="1" discard="1" dealt="1" sum="60"/>
<action no="2" player="Ginopasse" type="2" discard="1" dealt="1" sum="120"/>
</round>
<round no="1"><cards type="Pocket" player="Titta2710">X X</cards>
<cards type="Pocket" player="SizeTheMoment1">X X</cards>
<cards type="Pocket" player="Mavilucchio10">X X</cards>
<cards type="Pocket" player="Ginopasse">X X</cards>
<cards type="Pocket" player="F1SHAZZ0">X X</cards>
<cards type="Pocket" player="tonioli72">X X</cards>
<cards type="Pocket" player="ERPAPPA01">X X</cards>
<cards type="Pocket" player="Rakki">H9 C9</cards>
<cards type="Pocket" player="Syrus2021">X X</cards>
<action no="3" player="Rakki" type="23" sum="240"/>
<action no="4" player="SizeTheMoment1" type="0" discard="1" dealt="1" sum="0"/>
<action no="5" player="ERPAPPA01" type="0" discard="1" dealt="1" sum="0"/>
<action no="6" player="Syrus2021" type="0" discard="1" dealt="1" sum="0"/>
<action no="7" player="Mavilucchio10" type="0" discard="1" dealt="1" sum="0"/>
<action no="8" player="Titta2710" type="0" discard="1" dealt="1" sum="0"/>
<action no="9" player="tonioli72" type="3" discard="1" dealt="1" sum="240"/>
<action no="10" player="F1SHAZZ0" type="0" discard="1" dealt="1" sum="0"/>
<action no="11" player="Ginopasse" type="3" discard="1" dealt="1" sum="120"/>
</round>
<round no="2"><cards type="Flop">D6 D3 D8</cards>
<action no="12" player="Ginopasse" type="4" discard="1" dealt="1" sum="0"/>
<action no="13" player="Rakki" type="5" sum="390"/>
<action no="14" player="tonioli72" type="0" discard="1" dealt="1" sum="0"/>
<action no="15" player="Ginopasse" type="0" discard="1" dealt="1" sum="0"/>
</round>
</game>
<game gamecode="6418868380"><general><startdate>2025-07-01 22:10:24</startdate>
<round>1</round>
<failsafecounter/>
<players><player seat="9" name="Rakki" chips="5,540" dealer="0" win="0" bet="120" muck="1" rebuy="0" addon="0" merge="0" rebuychips="0" reg_code="5045042896"/>
<player seat="10" name="SizeTheMoment1" chips="5,000" dealer="0" win="0" bet="0" muck="1" rebuy="0" addon="0" merge="0" rebuychips="0" reg_code="5045040393"/>
<player seat="1" name="ERPAPPA01" chips="5,000" dealer="0" win="0" bet="0" muck="1" rebuy="0" addon="0" merge="0" rebuychips="0" reg_code="5045040454"/>
<player seat="2" name="Syrus2021" chips="4,950" dealer="0" win="0" bet="0" muck="1" rebuy="0" addon="0" merge="0" rebuychips="0" reg_code="5045040484"/>
<player seat="3" name="Mavilucchio10" chips="3,240" dealer="0" win="0" bet="0" muck="1" rebuy="0" addon="0" merge="0" rebuychips="0" reg_code="5045040546"/>
<player seat="4" name="Titta2710" chips="5,050" dealer="0" win="0" bet="0" muck="1" rebuy="0" addon="0" merge="0" rebuychips="0" reg_code="5045040767"/>
<player seat="5" name="tonioli72" chips="4,500" dealer="0" win="0" bet="0" muck="1" rebuy="0" addon="0" merge="0" rebuychips="0" reg_code="5045041040"/>
<player seat="6" name="F1SHAZZ0" chips="4,820" dealer="1" win="0" bet="0" muck="1" rebuy="0" addon="0" merge="0" rebuychips="0" reg_code="5045041128"/>
<player seat="8" name="Ginopasse" chips="11,900" dealer="0" win="240" bet="360" muck="1" rebuy="0" addon="0" merge="0" rebuychips="0" reg_code="5045041284"/>
</players>
</general>
<round no="0"><action no="1" player="Ginopasse" type="1" discard="1" dealt="1" sum="60"/>
<action no="2" player="Rakki" type="2" sum="120"/>
</round>
<round no="1"><cards type="Pocket" player="ERPAPPA01">X X</cards>
<cards type="Pocket" player="Rakki">S5 HQ</cards>
<cards type="Pocket" player="tonioli72">X X</cards>
<cards type="Pocket" player="F1SHAZZ0">X X</cards>
<cards type="Pocket" player="Ginopasse">X X</cards>
<cards type="Pocket" player="SizeTheMoment1">X X</cards>
<cards type="Pocket" player="Syrus2021">X X</cards>
<cards type="Pocket" player="Titta2710">X X</cards>
<cards type="Pocket" player="Mavilucchio10">X X</cards>
<action no="3" player="SizeTheMoment1" type="0" discard="1" dealt="1" sum="0"/>
<action no="4" player="ERPAPPA01" type="0" discard="1" dealt="1" sum="0"/>
<action no="5" player="Syrus2021" type="0" discard="1" dealt="1" sum="0"/>
<action no="6" player="Mavilucchio10" type="0" discard="1" dealt="1" sum="0"/>
<action no="7" player="Titta2710" type="0" discard="1" dealt="1" sum="0"/>
<action no="8" player="tonioli72" type="0" discard="1" dealt="1" sum="0"/>
<action no="9" player="F1SHAZZ0" type="0" discard="1" dealt="1" sum="0"/>
<action no="10" player="Ginopasse" type="3" discard="1" dealt="1" sum="60"/>
<action no="11" player="Rakki" type="4" sum="0"/>
</round>
<round no="2"><cards type="Flop">D7 DA H10</cards>
<action no="12" player="Ginopasse" type="4" discard="1" dealt="1" sum="0"/>
<action no="13" player="Rakki" type="4" sum="0"/>
</round>
<round no="3"><cards type="Turn">HK</cards>
<action no="14" player="Ginopasse" type="5" discard="1" dealt="1" sum="240"/>
<action no="15" player="Rakki" type="0" sum="0"/>
</round>
</game>
<game gamecode="6418868413"><general><startdate>2025-07-01 22:11:30</startdate>
<round>1</round>
<failsafecounter/>
<players><player seat="10" name="SizeTheMoment1" chips="5,000" dealer="0" win="1,200" bet="1,200" muck="1" rebuy="0" addon="0" merge="0" rebuychips="0" reg_code="5045040393"/>
<player seat="1" name="ERPAPPA01" chips="5,000" dealer="0" win="0" bet="0" muck="1" rebuy="0" addon="0" merge="0" rebuychips="0" reg_code="5045040454"/>
<player seat="2" name="Syrus2021" chips="4,950" dealer="0" win="0" bet="0" muck="1" rebuy="0" addon="0" merge="0" rebuychips="0" reg_code="5045040484"/>
<player seat="3" name="Mavilucchio10" chips="3,240" dealer="0" win="0" bet="0" muck="1" rebuy="0" addon="0" merge="0" rebuychips="0" reg_code="5045040546"/>
<player seat="4" name="Titta2710" chips="5,050" dealer="0" win="0" bet="0" muck="1" rebuy="0" addon="0" merge="0" rebuychips="0" reg_code="5045040767"/>
<player seat="5" name="tonioli72" chips="4,500" dealer="0" win="0" bet="360" muck="1" rebuy="0" addon="0" merge="0" rebuychips="0" reg_code="5045041040"/>
<player seat="6" name="F1SHAZZ0" chips="4,820" dealer="0" win="0" bet="0" muck="1" rebuy="0" addon="0" merge="0" rebuychips="0" reg_code="5045041128"/>
<player seat="8" name="Ginopasse" chips="12,020" dealer="1" win="0" bet="360" muck="1" rebuy="0" addon="0" merge="0" rebuychips="0" reg_code="5045041284"/>
<player seat="9" name="Rakki" chips="5,420" dealer="0" win="0" bet="120" muck="1" rebuy="0" addon="0" merge="0" rebuychips="0" reg_code="5045042896"/>
</players>
</general>
<round no="0"><action no="1" player="Rakki" type="1" sum="60"/>
<action no="2" player="SizeTheMoment1" type="2" discard="1" dealt="1" sum="120"/>
</round>
<round no="1"><cards type="Pocket" player="SizeTheMoment1">X X</cards>
<cards type="Pocket" player="F1SHAZZ0">X X</cards>
<cards type="Pocket" player="ERPAPPA01">X X</cards>
<cards type="Pocket" player="Ginopasse">X X</cards>
<cards type="Pocket" player="Rakki">C8 HJ</cards>
<cards type="Pocket" player="Mavilucchio10">X X</cards>
<cards type="Pocket" player="Syrus2021">X X</cards>
<cards type="Pocket" player="Titta2710">X X</cards>
<cards type="Pocket" player="tonioli72">X X</cards>
<action no="3" player="ERPAPPA01" type="0" discard="1" dealt="1" sum="0"/>
<action no="4" player="Syrus2021" type="0" discard="1" dealt="1" sum="0"/>
<action no="5" player="Mavilucchio10" type="0" discard="1" dealt="1" sum="0"/>
<action no="6" player="Titta2710" type="0" discard="1" dealt="1" sum="0"/>
<action no="7" player="tonioli72" type="3" discard="1" dealt="1" sum="120"/>
<action no="8" player="F1SHAZZ0" type="0" discard="1" dealt="1" sum="0"/>
<action no="9" player="Ginopasse" type="3" discard="1" dealt="1" sum="120"/>
<action no="10" player="Rakki" type="3" sum="60"/>
<action no="11" player="SizeTheMoment1" type="4" discard="1" dealt="1" sum="0"/>
</round>
<round no="2"><cards type="Flop">CA H4 SK</cards>
<action no="12" player="Rakki" type="4" sum="0"/>
<action no="13" player="SizeTheMoment1" type="4" discard="1" dealt="1" sum="0"/>
<action no="14" player="tonioli72" type="5" discard="1" dealt="1" sum="240"/>
<action no="15" player="Ginopasse" type="3" discard="1" dealt="1" sum="240"/>
<action no="16" player="Rakki" type="0" sum="0"/>
<action no="17" player="SizeTheMoment1" type="23" discard="1" dealt="1" sum="1,080"/>
<action no="18" player="tonioli72" type="0" discard="1" dealt="1" sum="0"/>
<action no="19" player="Ginopasse" type="0" discard="1" dealt="1" sum="0"/>
</round>
</game>
<game gamecode="6418868445"><general><startdate>2025-07-01 22:12:26</startdate>
<round>1</round>
<failsafecounter/>
<players><player seat="1" name="ERPAPPA01" chips="5,000" dealer="0" win="0" bet="120" muck="1" rebuy="0" addon="0" merge="0" rebuychips="0" reg_code="5045040454"/>
<player seat="2" name="Syrus2021" chips="4,950" dealer="0" win="300" bet="300" muck="1" rebuy="0" addon="0" merge="0" rebuychips="0" reg_code="5045040484"/>
<player seat="3" name="Mavilucchio10" chips="3,240" dealer="0" win="0" bet="0" muck="1" rebuy="0" addon="0" merge="0" rebuychips="0" reg_code="5045040546"/>
<player seat="4" name="Titta2710" chips="5,050" dealer="0" win="0" bet="0" muck="1" rebuy="0" addon="0" merge="0" rebuychips="0" reg_code="5045040767"/>
<player seat="5" name="tonioli72" chips="4,140" dealer="0" win="0" bet="0" muck="1" rebuy="0" addon="0" merge="0" rebuychips="0" reg_code="5045041040"/>
<player seat="6" name="F1SHAZZ0" chips="4,820" dealer="0" win="0" bet="0" muck="1" rebuy="0" addon="0" merge="0" rebuychips="0" reg_code="5045041128"/>
<player seat="8" name="Ginopasse" chips="11,660" dealer="0" win="0" bet="0" muck="1" rebuy="0" addon="0" merge="0" rebuychips="0" reg_code="5045041284"/>
<player seat="9" name="Rakki" chips="5,300" dealer="1" win="0" bet="0" muck="1" rebuy="0" addon="0" merge="0" rebuychips="0" reg_code="5045042896"/>
<player seat="10" name="SizeTheMoment1" chips="5,840" dealer="0" win="0" bet="60" muck="1" rebuy="0" addon="0" merge="0" rebuychips="0" reg_code="5045040393"/>
</players>
</general>
<round no="0"><action no="1" player="SizeTheMoment1" type="1" discard="1" dealt="1" sum="60"/>
<action no="2" player="ERPAPPA01" type="2" discard="1" dealt="1" sum="120"/>
</round>
<round no="1"><cards type="Pocket" player="Mavilucchio10">X X</cards>
<cards type="Pocket" player="ERPAPPA01">X X</cards>
<cards type="Pocket" player="Syrus2021">X X</cards>
<cards type="Pocket" player="SizeTheMoment1">X X</cards>
<cards type="Pocket" player="F1SHAZZ0">X X</cards>
<cards type="Pocket" player="tonioli72">X X</cards>
<cards type="Pocket" player="Ginopasse">X X</cards>
<cards type="Pocket" player="Rakki">D9 H2</cards>
<cards type="Pocket" player="Titta2710">X X</cards>
<action no="3" player="Syrus2021" type="23" discard="1" dealt="1" sum="300"/>
<action no="4" player="Mavilucchio10" type="0" discard="1" dealt="1" sum="0"/>
<action no="5" player="Titta2710" type="0" discard="1" dealt="1" sum="0"/>
<action no="6" player="tonioli72" type="0" discard="1" dealt="1" sum="0"/>
<action no="7" player="F1SHAZZ0" type="0" discard="1" dealt="1" sum="0"/>
<action no="8" player="Ginopasse" type="0" discard="1" dealt="1" sum="0"/>
<action no="9" player="Rakki" type="0" sum="0"/>
<action no="10" player="SizeTheMoment1" type="0" discard="1" dealt="1" sum="0"/>
<action no="11" player="ERPAPPA01" type="0" discard="1" dealt="1" sum="0"/>
</round>
</game>
<game gamecode="6418868462"><general><startdate>2025-07-01 22:12:54</startdate>
<round>1</round>
<failsafecounter/>
<players><player seat="2" name="Syrus2021" chips="5,130" dealer="0" win="0" bet="120" muck="1" rebuy="0" addon="0" merge="0" rebuychips="0" reg_code="5045040484"/>
<player seat="3" name="Mavilucchio10" chips="3,240" dealer="0" win="0" bet="0" muck="1" rebuy="0" addon="0" merge="0" rebuychips="0" reg_code="5045040546"/>
<player seat="4" name="Titta2710" chips="5,050" dealer="0" win="0" bet="0" muck="1" rebuy="0" addon="0" merge="0" rebuychips="0" reg_code="5045040767"/>
<player seat="5" name="tonioli72" chips="4,140" dealer="0" win="0" bet="0" muck="1" rebuy="0" addon="0" merge="0" rebuychips="0" reg_code="5045041040"/>
<player seat="6" name="F1SHAZZ0" chips="4,820" dealer="0" win="0" bet="0" muck="1" rebuy="0" addon="0" merge="0" rebuychips="0" reg_code="5045041128"/>
<player seat="8" name="Ginopasse" chips="11,660" dealer="0" win="0" bet="1,200" muck="1" rebuy="0" addon="0" merge="0" rebuychips="0" reg_code="5045041284"/>
<player seat="9" name="Rakki" chips="5,300" dealer="0" win="0" bet="0" muck="1" rebuy="0" addon="0" merge="0" rebuychips="0" reg_code="5045042896"/>
<player seat="10" name="SizeTheMoment1" chips="5,780" dealer="1" win="2,580" bet="2,541" muck="1" rebuy="0" addon="0" merge="0" rebuychips="0" reg_code="5045040393"/>
<player seat="1" name="ERPAPPA01" chips="4,880" dealer="0" win="0" bet="60" muck="1" rebuy="0" addon="0" merge="0" rebuychips="0" reg_code="5045040454"/>
</players>
</general>
<round no="0"><action no="1" player="ERPAPPA01" type="1" discard="1" dealt="1" sum="60"/>
<action no="2" player="Syrus2021" type="2" discard="1" dealt="1" sum="120"/>
</round>
<round no="1"><cards type="Pocket" player="ERPAPPA01">X X</cards>
<cards type="Pocket" player="Syrus2021">X X</cards>
<cards type="Pocket" player="tonioli72">X X</cards>
<cards type="Pocket" player="Rakki">HK CJ</cards>
<cards type="Pocket" player="Mavilucchio10">X X</cards>
<cards type="Pocket" player="SizeTheMoment1">X X</cards>
<cards type="Pocket" player="Titta2710">X X</cards>
<cards type="Pocket" player="F1SHAZZ0">X X</cards>
<cards type="Pocket" player="Ginopasse">X X</cards>
<action no="3" player="Mavilucchio10" type="0" discard="1" dealt="1" sum="0"/>
<action no="4" player="Titta2710" type="0" discard="1" dealt="1" sum="0"/>
<action no="5" player="tonioli72" type="0" discard="1" dealt="1" sum="0"/>
<action no="6" player="F1SHAZZ0" type="0" discard="1" dealt="1" sum="0"/>
<action no="7" player="Ginopasse" type="23" discard="1" dealt="1" sum="480"/>
<action no="8" player="Rakki" type="0" sum="0"/>
<action no="9" player="SizeTheMoment1" type="23" discard="1" dealt="1" sum="1,200"/>
<action no="10" player="ERPAPPA01" type="0" discard="1" dealt="1" sum="0"/>
<action no="11" player="Syrus2021" type="0" discard="1" dealt="1" sum="0"/>
<action no="12" player="Ginopasse" type="3" discard="1" dealt="1" sum="720"/>
</round>
<round no="2"><cards type="Flop">H7 C8 D6</cards>
<action no="13" player="Ginopasse" type="4" discard="1" dealt="1" sum="0"/>
<action no="14" player="SizeTheMoment1" type="4" discard="1" dealt="1" sum="0"/>
</round>
<round no="3"><cards type="Turn">DA</cards>
<action no="15" player="Ginopasse" type="4" discard="1" dealt="1" sum="0"/>
<action no="16" player="SizeTheMoment1" type="5" discard="1" dealt="1" sum="1,341"/>
<action no="17" player="Ginopasse" type="0" discard="1" dealt="1" sum="0"/>
</round>
</game>
<game gamecode="6418868497"><general><startdate>2025-07-01 22:14:16</startdate>
<round>1</round>
<failsafecounter/>
<players><player seat="3" name="Mavilucchio10" chips="3,240" dealer="0" win="0" bet="120" muck="1" rebuy="0" addon="0" merge="0" rebuychips="0" reg_code="5045040546"/>
<player seat="4" name="Titta2710" chips="5,050" dealer="0" win="0" bet="0" muck="1" rebuy="0" addon="0" merge="0" rebuychips="0" reg_code="5045040767"/>
<player seat="5" name="tonioli72" chips="4,140" dealer="0" win="0" bet="0" muck="1" rebuy="0" addon="0" merge="0" rebuychips="0" reg_code="5045041040"/>
<player seat="6" name="F1SHAZZ0" chips="4,820" dealer="0" win="0" bet="0" muck="1" rebuy="0" addon="0" merge="0" rebuychips="0" reg_code="5045041128"/>
<player seat="8" name="Ginopasse" chips="10,460" dealer="0" win="0" bet="0" muck="1" rebuy="0" addon="0" merge="0" rebuychips="0" reg_code="5045041284"/>
<player seat="9" name="Rakki" chips="5,300" dealer="0" win="0" bet="1,140" muck="1" rebuy="0" addon="0" merge="0" rebuychips="0" reg_code="5045042896"/>
<player seat="10" name="SizeTheMoment1" chips="7,160" dealer="0" win="0" bet="0" muck="1" rebuy="0" addon="0" merge="0" rebuychips="0" reg_code="5045040393"/>
<player seat="2" name="Syrus2021" chips="5,010" dealer="0" win="2,400" bet="1,140" muck="0" rebuy="0" addon="0" merge="0" rebuychips="0" reg_code="5045040484"/>
</players>
</general>
<round no="0"><action no="1" player="Syrus2021" type="1" discard="1" dealt="1" sum="60"/>
<action no="2" player="Mavilucchio10" type="2" discard="1" dealt="1" sum="120"/>
</round>
<round no="1"><cards type="Pocket" player="F1SHAZZ0">X X</cards>
<cards type="Pocket" player="Ginopasse">X X</cards>
<cards type="Pocket" player="SizeTheMoment1">X X</cards>
<cards type="Pocket" player="Mavilucchio10">X X</cards>
<cards type="Pocket" player="tonioli72">X X</cards>
<cards type="Pocket" player="Titta2710">X X</cards>
<cards type="Pocket" player="Syrus2021">CA C6</cards>
<cards type="Pocket" player="Rakki">C8 C9</cards>
<action no="3" player="Titta2710" type="0" discard="1" dealt="1" sum="0"/>
<action no="4" player="tonioli72" type="0" discard="1" dealt="1" sum="0"/>
<action no="5" player="F1SHAZZ0" type="0" discard="1" dealt="1" sum="0"/>
<action no="6" player="Ginopasse" type="0" discard="1" dealt="1" sum="0"/>
<action no="7" player="Rakki" type="23" sum="240"/>
<action no="8" player="SizeTheMoment1" type="0" discard="1" dealt="1" sum="0"/>
<action no="9" player="Syrus2021" type="3" discard="1" dealt="1" sum="180"/>
<action no="10" player="Mavilucchio10" type="0" discard="1" dealt="1" sum="0"/>
</round>
<round no="2"><cards type="Flop">H6 S6 S8</cards>
<action no="11" player="Syrus2021" type="4" discard="1" dealt="1" sum="0"/>
<action no="12" player="Rakki" type="5" sum="300"/>
<action no="13" player="Syrus2021" type="3" discard="1" dealt="1" sum="300"/>
</round>
<round no="3"><cards type="Turn">SQ</cards>
<action no="14" player="Syrus2021" type="4" discard="1" dealt="1" sum="0"/>
<action no="15" player="Rakki" type="4" sum="0"/>
</round>
<round no="4"><cards type="River">H7</cards>
<action no="16" player="Syrus2021" type="5" discard="1" dealt="1" sum="600"/>
<action no="17" player="Rakki" type="3" sum="600"/>
</round>
</game>
<game gamecode="6418868541"><general><startdate>2025-07-01 22:15:30</startdate>
<round>1</round>
<failsafecounter/>
<players><player seat="4" name="Titta2710" chips="5,050" dealer="0" win="0" bet="120" muck="1" rebuy="0" addon="0" merge="0" rebuychips="0" reg_code="5045040767"/>
<player seat="5" name="tonioli72" chips="4,140" dealer="0" win="0" bet="840" muck="1" rebuy="0" addon="0" merge="0" rebuychips="0" reg_code="5045041040"/>
<player seat="6" name="F1SHAZZ0" chips="4,820" dealer="0" win="0" bet="0" muck="1" rebuy="0" addon="0" merge="0" rebuychips="0" reg_code="5045041128"/>
<player seat="8" name="Ginopasse" chips="10,460" dealer="0" win="1,860" bet="2,142" muck="1" rebuy="0" addon="0" merge="0" rebuychips="0" reg_code="5045041284"/>
<player seat="9" name="Rakki" chips="4,160" dealer="0" win="0" bet="0" muck="1" rebuy="0" addon="0" merge="0" rebuychips="0" reg_code="5045042896"/>
<player seat="10" name="SizeTheMoment1" chips="7,160" dealer="0" win="0" bet="0" muck="1" rebuy="0" addon="0" merge="0" rebuychips="0" reg_code="5045040393"/>
<player seat="2" name="Syrus2021" chips="6,270" dealer="1" win="0" bet="0" muck="1" rebuy="0" addon="0" merge="0" rebuychips="0" reg_code="5045040484"/>
<player seat="3" name="Mavilucchio10" chips="3,120" dealer="0" win="0" bet="60" muck="1" rebuy="0" addon="0" merge="0" rebuychips="0" reg_code="5045040546"/>
</players>
</general>
<round no="0"><action no="1" player="Mavilucchio10" type="1" discard="1" dealt="1" sum="60"/>
<action no="2" player="Titta2710" type="2" discard="1" dealt="1" sum="120"/>
</round>
<round no="1"><cards type="Pocket" player="Ginopasse">X X</cards>
<cards type="Pocket" player="tonioli72">X X</cards>
<cards type="Pocket" player="F1SHAZZ0">X X</cards>
<cards type="Pocket" player="Titta2710">X X</cards>
<cards type="Pocket" player="SizeTheMoment1">X X</cards>
<cards type="Pocket" player="Mavilucchio10">X X</cards>
<cards type="Pocket" player="Syrus2021">X X</cards>
<cards type="Pocket" player="Rakki">S5 D7</cards>
<action no="3" player="tonioli72" type="23" discard="1" dealt="1" sum="240"/>
<action no="4" player="F1SHAZZ0" type="0" discard="1" dealt="1" sum="0"/>
<action no="5" player="Ginopasse" type="3" discard="1" dealt="1" sum="240"/>
<action no="6" player="Rakki" type="0" sum="0"/>
<action no="7" player="SizeTheMoment1" type="0" discard="1" dealt="1" sum="0"/>
<action no="8" player="Syrus2021" type="0" discard="1" dealt="1" sum="0"/>
<action no="9" player="Mavilucchio10" type="0" discard="1" dealt="1" sum="0"/>
<action no="10" player="Titta2710" type="0" discard="1" dealt="1" sum="0"/>
</round>
<round no="2"><cards type="Flop">D8 SK D3</cards>
<action no="11" player="tonioli72" type="5" discard="1" dealt="1" sum="240"/>
<action no="12" player="Ginopasse" type="23" discard="1" dealt="1" sum="600"/>
<action no="13" player="tonioli72" type="3" discard="1" dealt="1" sum="360"/>
</round>
<round no="3"><cards type="Turn">H5</cards>
<action no="14" player="tonioli72" type="4" discard="1" dealt="1" sum="0"/>
<action no="15" player="Ginopasse" type="5" discard="1" dealt="1" sum="1,302"/>
<action no="16" player="tonioli72" type="0" discard="1" dealt="1" sum="0"/>
</round>
</game>
<game gamecode="6418883155"><general><startdate>2025-07-01 22:16:35</startdate>
<round>1</round>
<failsafecounter/>
<players><player seat="5" name="tonioli72" chips="3,300" dealer="0" win="780" bet="600" muck="1" rebuy="0" addon="0" merge="0" rebuychips="0" reg_code="5045041040"/>
<player seat="6" name="F1SHAZZ0" chips="4,820" dealer="0" win="0" bet="0" muck="1" rebuy="0" addon="0" merge="0" rebuychips="0" reg_code="5045041128"/>
<player seat="8" name="Ginopasse" chips="11,480" dealer="0" win="0" bet="0" muck="1" rebuy="0" addon="0" merge="0" rebuychips="0" reg_code="5045041284"/>
<player seat="9" name="Rakki" chips="4,160" dealer="0" win="0" bet="0" muck="1" rebuy="0" addon="0" merge="0" rebuychips="0" reg_code="5045042896"/>
<player seat="10" name="SizeTheMoment1" chips="7,160" dealer="0" win="0" bet="240" muck="1" rebuy="0" addon="0" merge="0" rebuychips="0" reg_code="5045040393"/>
<player seat="2" name="Syrus2021" chips="6,270" dealer="0" win="0" bet="0" muck="1" rebuy="0" addon="0" merge="0" rebuychips="0" reg_code="5045040484"/>
<player seat="3" name="Mavilucchio10" chips="3,060" dealer="1" win="0" bet="240" muck="1" rebuy="0" addon="0" merge="0" rebuychips="0" reg_code="5045040546"/>
<player seat="4" name="Titta2710" chips="4,930" dealer="0" win="0" bet="60" muck="1" rebuy="0" addon="0" merge="0" rebuychips="0" reg_code="5045040767"/>
</players>
</general>
<round no="0"><action no="1" player="Titta2710" type="1" discard="1" dealt="1" sum="60"/>
<action no="2" player="tonioli72" type="2" discard="1" dealt="1" sum="120"/>
</round>
<round no="1"><cards type="Pocket" player="Ginopasse">X X</cards>
<cards type="Pocket" player="F1SHAZZ0">X X</cards>
<cards type="Pocket" player="SizeTheMoment1">X X</cards>
<cards type="Pocket" player="Mavilucchio10">X X</cards>
<cards type="Pocket" player="Titta2710">X X</cards>
<cards type="Pocket" player="Syrus2021">X X</cards>
<cards type="Pocket" player="Rakki">S7 C10</cards>
<cards type="Pocket" player="tonioli72">X X</cards>
<action no="3" player="F1SHAZZ0" type="0" discard="1" dealt="1" sum="0"/>
<action no="4" player="Ginopasse" type="0" discard="1" dealt="1" sum="0"/>
<action no="5" player="Rakki" type="0" sum="0"/>
<action no="6" player="SizeTheMoment1" type="23" discard="1" dealt="1" sum="240"/>
<action no="7" player="Syrus2021" type="0" discard="1" dealt="1" sum="0"/>
<action no="8" player="Mavilucchio10" type="3" discard="1" dealt="1" sum="240"/>
<action no="9" player="Titta2710" type="0" discard="1" dealt="1" sum="0"/>
<action no="10" player="tonioli72" type="3" discard="1" dealt="1" sum="120"/>
</round>
<round no="2"><cards type="Flop">D10 H6 S8</cards>
<action no="11" player="tonioli72" type="4" discard="1" dealt="1" sum="0"/>
<action no="12" player="SizeTheMoment1" type="4" discard="1" dealt="1" sum="0"/>
<action no="13" player="Mavilucchio10" type="4" discard="1" dealt="1" sum="0"/>
</round>
<round no="3"><cards type="Turn">H9</cards>
<action no="14" player="tonioli72" type="5" discard="1" dealt="1" sum="360"/>
<action no="15" player="SizeTheMoment1" type="0" discard="1" dealt="1" sum="0"/>
<action no="16" player="Mavilucchio10" type="0" discard="1" dealt="1" sum="0"/>
</round>
</game>
<game gamecode="6418883223"><general><startdate>2025-07-01 22:17:41</startdate>
<round>1</round>
<failsafecounter/>
<players><player seat="6" name="F1SHAZZ0" chips="4,820" dealer="0" win="0" bet="160" muck="1" rebuy="0" addon="0" merge="0" rebuychips="0" reg_code="5045041128"/>
<player seat="8" name="Ginopasse" chips="11,480" dealer="0" win="0" bet="160" muck="1" rebuy="0" addon="0" merge="0" rebuychips="0" reg_code="5045041284"/>
<player seat="9" name="Rakki" chips="4,160" dealer="0" win="0" bet="0" muck="1" rebuy="0" addon="0" merge="0" rebuychips="0" reg_code="5045042896"/>
<player seat="10" name="SizeTheMoment1" chips="6,920" dealer="0" win="0" bet="0" muck="1" rebuy="0" addon="0" merge="0" rebuychips="0" reg_code="5045040393"/>
<player seat="1" name="abrrrrrr" chips="5,000" dealer="0" win="0" bet="0" muck="1" rebuy="0" addon="0" merge="0" rebuychips="0" reg_code="5045045012"/>
<player seat="2" name="Syrus2021" chips="6,270" dealer="0" win="8,000" bet="3,840" muck="0" rebuy="0" addon="0" merge="0" rebuychips="0" reg_code="5045040484"/>
<player seat="3" name="Mavilucchio10" chips="2,820" dealer="0" win="0" bet="0" muck="1" rebuy="0" addon="0" merge="0" rebuychips="0" reg_code="5045040546"/>
<player seat="4" name="Titta2710" chips="4,870" dealer="1" win="0" bet="0" muck="1" rebuy="0" addon="0" merge="0" rebuychips="0" reg_code="5045040767"/>
<player seat="5" name="tonioli72" chips="3,840" dealer="0" win="0" bet="3,840" muck="0" rebuy="0" addon="0" merge="0" rebuychips="0" reg_code="5045041040"/>
</players>
</general>
<round no="0"><action no="1" player="tonioli72" type="1" discard="1" dealt="1" sum="80"/>
<action no="2" player="F1SHAZZ0" type="2" discard="1" dealt="1" sum="160"/>
</round>
<round no="1"><cards type="Pocket" player="Rakki">S3 S8</cards>
<cards type="Pocket" player="tonioli72">S2 H2</cards>
<cards type="Pocket" player="SizeTheMoment1">X X</cards>
<cards type="Pocket" player="abrrrrrr">X X</cards>
<cards type="Pocket" player="Titta2710">X X</cards>
<cards type="Pocket" player="Ginopasse">X X</cards>
<cards type="Pocket" player="Syrus2021">HK DK</cards>
<cards type="Pocket" player="F1SHAZZ0">X X</cards>
<cards type="Pocket" player="Mavilucchio10">X X</cards>
<action no="3" player="Ginopasse" type="3" discard="1" dealt="1" sum="160"/>
<action no="4" player="Rakki" type="0" sum="0"/>
<action no="5" player="SizeTheMoment1" type="0" discard="1" dealt="1" sum="0"/>
<action no="6" player="abrrrrrr" type="0" discard="1" dealt="1" sum="0"/>
<action no="7" player="Syrus2021" type="23" discard="1" dealt="1" sum="400"/>
<action no="8" player="Mavilucchio10" type="0" discard="1" dealt="1" sum="0"/>
<action no="9" player="Titta2710" type="0" discard="1" dealt="1" sum="0"/>
<action no="10" player="tonioli72" type="23" discard="1" dealt="1" sum="3,840"/>
<action no="11" player="F1SHAZZ0" type="0" discard="1" dealt="1" sum="0"/>
<action no="12" player="Ginopasse" type="0" discard="1" dealt="1" sum="0"/>
<action no="13" player="Syrus2021" type="3" discard="1" dealt="1" sum="3,440"/>
</round>
<round no="2"><cards type="Flop">D4 HJ S7</cards>
</round>
<round no="3"><cards type="Turn">CK</cards>
</round>
<round no="4"><cards type="River">CJ</cards>
</round>
</game>
<game gamecode="6418883278"><general><startdate>2025-07-01 22:18:33</startdate>
<round>1</round>
<failsafecounter/>
<players><player seat="8" name="Ginopasse" chips="11,320" dealer="0" win="0" bet="160" muck="1" rebuy="0" addon="0" merge="0" rebuychips="0" reg_code="5045041284"/>
<player seat="9" name="Rakki" chips="4,160" dealer="0" win="0" bet="0" muck="1" rebuy="0" addon="0" merge="0" rebuychips="0" reg_code="5045042896"/>
<player seat="10" name="SizeTheMoment1" chips="6,920" dealer="0" win="0" bet="6,920" muck="0" rebuy="0" addon="0" merge="0" rebuychips="0" reg_code="5045040393"/>
<player seat="1" name="abrrrrrr" chips="5,000" dealer="0" win="10,240" bet="5,000" muck="0" rebuy="0" addon="0" merge="0" rebuychips="0" reg_code="5045045012"/>
<player seat="2" name="Syrus2021" chips="10,430" dealer="0" win="0" bet="0" muck="1" rebuy="0" addon="0" merge="0" rebuychips="0" reg_code="5045040484"/>
<player seat="3" name="Mavilucchio10" chips="2,820" dealer="0" win="0" bet="0" muck="1" rebuy="0" addon="0" merge="0" rebuychips="0" reg_code="5045040546"/>
<player seat="4" name="Titta2710" chips="4,870" dealer="0" win="0" bet="0" muck="1" rebuy="0" addon="0" merge="0" rebuychips="0" reg_code="5045040767"/>
<player seat="6" name="F1SHAZZ0" chips="4,660" dealer="0" win="0" bet="80" muck="1" rebuy="0" addon="0" merge="0" rebuychips="0" reg_code="5045041128"/>
</players>
</general>
<round no="0"><action no="1" player="F1SHAZZ0" type="1" discard="1" dealt="1" sum="80"/>
<action no="2" player="Ginopasse" type="2" discard="1" dealt="1" sum="160"/>
</round>
<round no="1"><cards type="Pocket" player="SizeTheMoment1">H7 H8</cards>
<cards type="Pocket" player="abrrrrrr">HA SA</cards>
<cards type="Pocket" player="Ginopasse">X X</cards>
<cards type="Pocket" player="F1SHAZZ0">X X</cards>
<cards type="Pocket" player="Mavilucchio10">X X</cards>
<cards type="Pocket" player="Rakki">S3 DK</cards>
<cards type="Pocket" player="Syrus2021">X X</cards>
<cards type="Pocket" player="Titta2710">X X</cards>
<action no="3" player="Rakki" type="0" sum="0"/>
<action no="4" player="SizeTheMoment1" type="23" discard="1" dealt="1" sum="320"/>
<action no="5" player="abrrrrrr" type="23" discard="1" dealt="1" sum="800"/>
<action no="6" player="Syrus2021" type="0" discard="1" dealt="1" sum="0"/>
<action no="7" player="Mavilucchio10" type="0" discard="1" dealt="1" sum="0"/>
<action no="8" player="Titta2710" type="0" discard="1" dealt="1" sum="0"/>
<action no="9" player="F1SHAZZ0" type="0" discard="1" dealt="1" sum="0"/>
<action no="10" player="Ginopasse" type="0" discard="1" dealt="1" sum="0"/>
<action no="11" player="SizeTheMoment1" type="3" discard="1" dealt="1" sum="480"/>
</round>
<round no="2"><cards type="Flop">H4 CJ HK</cards>
<action no="12" player="SizeTheMoment1" type="4" discard="1" dealt="1" sum="0"/>
<action no="13" player="abrrrrrr" type="5" discard="1" dealt="1" sum="644"/>
<action no="14" player="SizeTheMoment1" type="23" discard="1" dealt="1" sum="6,120"/>
<action no="15" player="abrrrrrr" type="7" discard="1" dealt="1" sum="3,556"/>
</round>
<round no="3"><cards type="Turn">D4</cards>
</round>
<round no="4"><cards type="River">S8</cards>
</round>
</game>
<game gamecode="6418883351"><general><startdate>2025-07-01 22:19:37</startdate>
<round>1</round>
<failsafecounter/>
<players><player seat="9" name="Rakki" chips="4,160" dealer="0" win="480" bet="960" muck="1" rebuy="0" addon="0" merge="0" rebuychips="0" reg_code="5045042896"/>
<player seat="10" name="SizeTheMoment1" chips="1,920" dealer="0" win="0" bet="0" muck="1" rebuy="0" addon="0" merge="0" rebuychips="0" reg_code="5045040393"/>
<player seat="1" name="abrrrrrr" chips="10,240" dealer="0" win="0" bet="0" muck="1" rebuy="0" addon="0" merge="0" rebuychips="0" reg_code="5045045012"/>
<player seat="2" name="Syrus2021" chips="10,430" dealer="0" win="0" bet="0" muck="1" rebuy="0" addon="0" merge="0" rebuychips="0" reg_code="5045040484"/>
<player seat="3" name="Mavilucchio10" chips="2,820" dealer="0" win="0" bet="0" muck="1" rebuy="0" addon="0" merge="0" rebuychips="0" reg_code="5045040546"/>
<player seat="4" name="Titta2710" chips="4,870" dealer="0" win="0" bet="0" muck="1" rebuy="0" addon="0" merge="0" rebuychips="0" reg_code="5045040767"/>
<player seat="5" name="tonioli72" chips="5,000" dealer="0" win="0" bet="160" muck="1" rebuy="0" addon="0" merge="0" reg_code="5045045533"/>
<player seat="6" name="F1SHAZZ0" chips="4,580" dealer="1" win="0" bet="0" muck="1" rebuy="0" addon="0" merge="0" rebuychips="0" reg_code="5045041128"/>
<player seat="8" name="Ginopasse" chips="11,160" dealer="0" win="0" bet="160" muck="1" rebuy="0" addon="0" merge="0" rebuychips="0" reg_code="5045041284"/>
</players>
</general>
<round no="0"><action no="1" player="Ginopasse" type="1" discard="1" dealt="1" sum="80"/>
<action no="2" player="Rakki" type="2" sum="160"/>
</round>
<round no="1"><cards type="Pocket" player="Mavilucchio10">X X</cards>
<cards type="Pocket" player="F1SHAZZ0">X X</cards>
<cards type="Pocket" player="abrrrrrr">X X</cards>
<cards type="Pocket" player="Titta2710">X X</cards>
<cards type="Pocket" player="Syrus2021">X X</cards>
<cards type="Pocket" player="Rakki">CQ SQ</cards>
<cards type="Pocket" player="Ginopasse">X X</cards>
<cards type="Pocket" player="SizeTheMoment1">X X</cards>
<cards type="Pocket" player="tonioli72">X X</cards>
<action no="3" player="SizeTheMoment1" type="0" discard="1" dealt="1" sum="0"/>
<action no="4" player="abrrrrrr" type="0" discard="1" dealt="1" sum="0"/>
<action no="5" player="Syrus2021" type="0" discard="1" dealt="1" sum="0"/>
<action no="6" player="Mavilucchio10" type="0" discard="1" dealt="1" sum="0"/>
<action no="7" player="Titta2710" type="0" discard="1" dealt="1" sum="0"/>
<action no="8" player="tonioli72" type="3" discard="1" dealt="1" sum="160"/>
<action no="9" player="F1SHAZZ0" type="0" discard="1" dealt="1" sum="0"/>
<action no="10" player="Ginopasse" type="3" discard="1" dealt="1" sum="80"/>
<action no="11" player="Rakki" type="23" sum="960"/>
<action no="12" player="tonioli72" type="0" discard="1" dealt="1" sum="0"/>
<action no="13" player="Ginopasse" type="0" discard="1" dealt="1" sum="0"/>
</round>
</game>
<game gamecode="6418883410"><general><startdate>2025-07-01 22:20:42</startdate>
<round>1</round>
<failsafecounter/>
<players><player seat="10" name="SizeTheMoment1" chips="1,920" dealer="0" win="0" bet="1,920" muck="0" rebuy="0" addon="0" merge="0" rebuychips="0" reg_code="5045040393"/>
<player seat="1" name="abrrrrrr" chips="10,240" dealer="0" win="0" bet="0" muck="1" rebuy="0" addon="0" merge="0" rebuychips="0" reg_code="5045045012"/>
<player seat="2" name="Syrus2021" chips="10,430" dealer="0" win="0" bet="0" muck="1" rebuy="0" addon="0" merge="0" rebuychips="0" reg_code="5045040484"/>
<player seat="3" name="Mavilucchio10" chips="2,820" dealer="0" win="0" bet="2,820" muck="1" rebuy="0" addon="0" merge="0" rebuychips="0" reg_code="5045040546"/>
<player seat="4" name="Titta2710" chips="4,870" dealer="0" win="0" bet="0" muck="1" rebuy="0" addon="0" merge="0" rebuychips="0" reg_code="5045040767"/>
<player seat="5" name="tonioli72" chips="4,840" dealer="0" win="7,640" bet="2,820" muck="0" rebuy="0" addon="0" merge="0" rebuychips="0" reg_code="5045045533"/>
<player seat="6" name="F1SHAZZ0" chips="4,580" dealer="0" win="0" bet="0" muck="1" rebuy="0" addon="0" merge="0" rebuychips="0" reg_code="5045041128"/>
<player seat="8" name="Ginopasse" chips="11,000" dealer="1" win="0" bet="0" muck="1" rebuy="0" addon="0" merge="0" rebuychips="0" reg_code="5045041284"/>
<player seat="9" name="Rakki" chips="4,480" dealer="0" win="0" bet="80" muck="1" rebuy="0" addon="0" merge="0" rebuychips="0" reg_code="5045042896"/>
</players>
</general>
<round no="0"><action no="1" player="Rakki" type="1" sum="80"/>
<action no="2" player="SizeTheMoment1" type="2" discard="1" dealt="1" sum="160"/>
</round>
<round no="1"><cards type="Pocket" player="Rakki">H2 C8</cards>
<cards type="Pocket" player="SizeTheMoment1">HK C9</cards>
<cards type="Pocket" player="Titta2710">X X</cards>
<cards type="Pocket" player="Ginopasse">X X</cards>
<cards type="Pocket" player="Syrus2021">X X</cards>
<cards type="Pocket" player="F1SHAZZ0">X X</cards>
<cards type="Pocket" player="abrrrrrr">X X</cards>
<cards type="Pocket" player="tonioli72">H8 HJ</cards>
<cards type="Pocket" player="Mavilucchio10">D10 H10</cards>
<action no="3" player="abrrrrrr" type="0" discard="1" dealt="1" sum="0"/>
<action no="4" player="Syrus2021" type="0" discard="1" dealt="1" sum="0"/>
<action no="5" player="Mavilucchio10" type="23" discard="1" dealt="1" sum="352"/>
<action no="6" player="Titta2710" type="0" discard="1" dealt="1" sum="0"/>
<action no="7" player="tonioli72" type="3" discard="1" dealt="1" sum="352"/>
<action no="8" player="F1SHAZZ0" type="0" discard="1" dealt="1" sum="0"/>
<action no="9" player="Ginopasse" type="0" discard="1" dealt="1" sum="0"/>
<action no="10" player="Rakki" type="0" sum="0"/>
<action no="11" player="SizeTheMoment1" type="23" discard="1" dealt="1" sum="1,920"/>
<action no="12" player="Mavilucchio10" type="7" discard="1" dealt="1" sum="2,468"/>
<action no="13" player="tonioli72" type="3" discard="1" dealt="1" sum="2,468"/>
</round>
<round no="2"><cards type="Flop">CA SQ C4</cards>
</round>
<round no="3"><cards type="Turn">DJ</cards>
</round>
<round no="4"><cards type="River">D9</cards>
</round>
</game>
<game gamecode="6418883475"><general><startdate>2025-07-01 22:21:43</startdate>
<round>1</round>
<failsafecounter/>
<players><player seat="1" name="abrrrrrr" chips="10,240" dealer="0" win="0" bet="160" muck="1" rebuy="0" addon="0" merge="0" rebuychips="0" reg_code="5045045012"/>
<player seat="2" name="Syrus2021" chips="10,430" dealer="0" win="0" bet="0" muck="1" rebuy="0" addon="0" merge="0" rebuychips="0" reg_code="5045040484"/>
<player seat="3" name="rikimontana15" chips="4,840" dealer="0" win="3,040" bet="2,400" muck="1" rebuy="0" addon="0" merge="0" reg_code="5045045126"/>
<player seat="4" name="Titta2710" chips="4,870" dealer="0" win="0" bet="0" muck="1" rebuy="0" addon="0" merge="0" rebuychips="0" reg_code="5045040767"/>
<player seat="5" name="tonioli72" chips="9,660" dealer="0" win="0" bet="1,280" muck="1" rebuy="0" addon="0" merge="0" rebuychips="0" reg_code="5045045533"/>
<player seat="6" name="F1SHAZZ0" chips="4,580" dealer="0" win="0" bet="0" muck="1" rebuy="0" addon="0" merge="0" rebuychips="0" reg_code="5045041128"/>
<player seat="8" name="Ginopasse" chips="11,000" dealer="0" win="0" bet="0" muck="1" rebuy="0" addon="0" merge="0" rebuychips="0" reg_code="5045041284"/>
<player seat="9" name="Rakki" chips="4,400" dealer="1" win="0" bet="320" muck="1" rebuy="0" addon="0" merge="0" rebuychips="0" reg_code="5045042896"/>
</players>
</general>
<round no="0"><action no="1" player="abrrrrrr" type="2" discard="1" dealt="1" sum="160"/>
</round>
<round no="1"><cards type="Pocket" player="F1SHAZZ0">X X</cards>
<cards type="Pocket" player="Rakki">S8 D8</cards>
<cards type="Pocket" player="Titta2710">X X</cards>
<cards type="Pocket" player="rikimontana15">X X</cards>
<cards type="Pocket" player="abrrrrrr">X X</cards>
<cards type="Pocket" player="Ginopasse">X X</cards>
<cards type="Pocket" player="Syrus2021">X X</cards>
<cards type="Pocket" player="tonioli72">X X</cards>
<action no="2" player="Syrus2021" type="0" discard="1" dealt="1" sum="0"/>
<action no="3" player="rikimontana15" type="23" discard="1" dealt="1" sum="320"/>
<action no="4" player="Titta2710" type="0" discard="1" dealt="1" sum="0"/>
<action no="5" player="tonioli72" type="3" discard="1" dealt="1" sum="320"/>
<action no="6" player="F1SHAZZ0" type="0" discard="1" dealt="1" sum="0"/>
<action no="7" player="Ginopasse" type="0" discard="1" dealt="1" sum="0"/>
<action no="8" player="Rakki" type="3" sum="320"/>
<action no="9" player="abrrrrrr" type="0" discard="1" dealt="1" sum="0"/>
</round>
<round no="2"><cards type="Flop">CQ H7 S9</cards>
<action no="10" player="rikimontana15" type="4" discard="1" dealt="1" sum="0"/>
<action no="11" player="tonioli72" type="5" discard="1" dealt="1" sum="320"/>
<action no="12" player="Rakki" type="0" sum="0"/>
<action no="13" player="rikimontana15" type="3" discard="1" dealt="1" sum="320"/>
</round>
<round no="3"><cards type="Turn">H2</cards>
<action no="14" player="rikimontana15" type="4" discard="1" dealt="1" sum="0"/>
<action no="15" player="tonioli72" type="5" discard="1" dealt="1" sum="640"/>
<action no="16" player="rikimontana15" type="23" discard="1" dealt="1" sum="1,760"/>
<action no="17" player="tonioli72" type="0" discard="1" dealt="1" sum="0"/>
</round>
</game>
<game gamecode="6418883597"><general><startdate>2025-07-01 22:23:26</startdate>
<round>1</round>
<failsafecounter/>
<players><player seat="3" name="rikimontana15" chips="6,600" dealer="0" win="0" bet="160" muck="1" rebuy="0" addon="0" merge="0" rebuychips="0" reg_code="5045045126"/>
<player seat="4" name="Titta2710" chips="4,870" dealer="0" win="0" bet="0" muck="1" rebuy="0" addon="0" merge="0" rebuychips="0" reg_code="5045040767"/>
<player seat="5" name="tonioli72" chips="8,380" dealer="0" win="0" bet="480" muck="1" rebuy="0" addon="0" merge="0" rebuychips="0" reg_code="5045045533"/>
<player seat="6" name="F1SHAZZ0" chips="4,580" dealer="0" win="0" bet="0" muck="1" rebuy="0" addon="0" merge="0" rebuychips="0" reg_code="5045041128"/>
<player seat="8" name="Ginopasse" chips="11,000" dealer="0" win="1,440" bet="1,120" muck="1" rebuy="0" addon="0" merge="0" rebuychips="0" reg_code="5045041284"/>
<player seat="9" name="Rakki" chips="4,080" dealer="0" win="0" bet="0" muck="1" rebuy="0" addon="0" merge="0" rebuychips="0" reg_code="5045042896"/>
<player seat="10" name="SizeTheMoment1" chips="5,000" dealer="0" win="0" bet="0" muck="1" rebuy="0" addon="0" merge="0" rebuychips="0" reg_code="5045046220"/>
<player seat="1" name="abrrrrrr" chips="10,080" dealer="1" win="0" bet="0" muck="1" rebuy="0" addon="0" merge="0" rebuychips="0" reg_code="5045045012"/>
<player seat="2" name="Syrus2021" chips="10,430" dealer="0" win="0" bet="320" muck="1" rebuy="0" addon="0" merge="0" rebuychips="0" reg_code="5045040484"/>
</players>
</general>
<round no="0"><action no="1" player="Syrus2021" type="1" discard="1" dealt="1" sum="80"/>
<action no="2" player="rikimontana15" type="2" discard="1" dealt="1" sum="160"/>
</round>
<round no="1"><cards type="Pocket" player="rikimontana15">X X</cards>
<cards type="Pocket" player="F1SHAZZ0">X X</cards>
<cards type="Pocket" player="Rakki">C8 S7</cards>
<cards type="Pocket" player="SizeTheMoment1">X X</cards>
<cards type="Pocket" player="abrrrrrr">X X</cards>
<cards type="Pocket" player="Syrus2021">X X</cards>
<cards type="Pocket" player="Ginopasse">X X</cards>
<cards type="Pocket" player="tonioli72">X X</cards>
<cards type="Pocket" player="Titta2710">X X</cards>
<action no="3" player="Titta2710" type="0" discard="1" dealt="1" sum="0"/>
<action no="4" player="tonioli72" type="3" discard="1" dealt="1" sum="160"/>
<action no="5" player="F1SHAZZ0" type="0" discard="1" dealt="1" sum="0"/>
<action no="6" player="Ginopasse" type="23" discard="1" dealt="1" sum="320"/>
<action no="7" player="Rakki" type="0" sum="0"/>
<action no="8" player="SizeTheMoment1" type="0" discard="1" dealt="1" sum="0"/>
<action no="9" player="abrrrrrr" type="0" discard="1" dealt="1" sum="0"/>
<action no="10" player="Syrus2021" type="3" discard="1" dealt="1" sum="240"/>
<action no="11" player="rikimontana15" type="0" discard="1" dealt="1" sum="0"/>
<action no="12" player="tonioli72" type="3" discard="1" dealt="1" sum="160"/>
</round>
<round no="2"><cards type="Flop">H9 C3 CA</cards>
<action no="13" player="Syrus2021" type="4" discard="1" dealt="1" sum="0"/>
<action no="14" player="tonioli72" type="5" discard="1" dealt="1" sum="160"/>
<action no="15" player="Ginopasse" type="23" discard="1" dealt="1" sum="800"/>
<action no="16" player="Syrus2021" type="0" discard="1" dealt="1" sum="0"/>
<action no="17" player="tonioli72" type="0" discard="1" dealt="1" sum="0"/>
</round>
</game>
<game gamecode="6418883660"><general><startdate>2025-07-01 22:24:27</startdate>
<round>1</round>
<failsafecounter/>
<players><player seat="4" name="Titta2710" chips="4,870" dealer="0" win="0" bet="4,870" muck="0" rebuy="0" addon="0" merge="0" rebuychips="0" reg_code="5045040767"/>
<player seat="5" name="tonioli72" chips="7,900" dealer="0" win="0" bet="0" muck="1" rebuy="0" addon="0" merge="0" rebuychips="0" reg_code="5045045533"/>
<player seat="6" name="F1SHAZZ0" chips="4,580" dealer="0" win="0" bet="0" muck="1" rebuy="0" addon="0" merge="0" rebuychips="0" reg_code="5045041128"/>
<player seat="8" name="Ginopasse" chips="11,960" dealer="0" win="9,820" bet="4,870" muck="0" rebuy="0" addon="0" merge="0" rebuychips="0" reg_code="5045041284"/>
<player seat="9" name="Rakki" chips="4,080" dealer="0" win="0" bet="0" muck="1" rebuy="0" addon="0" merge="0" rebuychips="0" reg_code="5045042896"/>
<player seat="10" name="SizeTheMoment1" chips="5,000" dealer="0" win="0" bet="0" muck="1" rebuy="0" addon="0" merge="0" rebuychips="0" reg_code="5045046220"/>
<player seat="1" name="abrrrrrr" chips="10,080" dealer="0" win="0" bet="0" muck="1" rebuy="0" addon="0" merge="0" rebuychips="0" reg_code="5045045012"/>
<player seat="2" name="Syrus2021" chips="10,110" dealer="1" win="0" bet="0" muck="1" rebuy="0" addon="0" merge="0" rebuychips="0" reg_code="5045040484"/>
<player seat="3" name="rikimontana15" chips="6,440" dealer="0" win="0" bet="80" muck="1" rebuy="0" addon="0" merge="0" rebuychips="0" reg_code="5045045126"/>
</players>
</general>
<round no="0"><action no="1" player="rikimontana15" type="1" discard="1" dealt="1" sum="80"/>
<action no="2" player="Titta2710" type="2" discard="1" dealt="1" sum="160"/>
</round>
<round no="1"><cards type="Pocket" player="Ginopasse">H9 H10</cards>
<cards type="Pocket" player="Titta2710">SJ DJ</cards>
<cards type="Pocket" player="abrrrrrr">X X</cards>
<cards type="Pocket" player="rikimontana15">X X</cards>
<cards type="Pocket" player="F1SHAZZ0">X X</cards>
<cards type="Pocket" player="SizeTheMoment1">X X</cards>
<cards type="Pocket" player="Rakki">H8 C2</cards>
<cards type="Pocket" player="Syrus2021">X X</cards>
<cards type="Pocket" player="tonioli72">X X</cards>
<action no="3" player="tonioli72" type="0" discard="1" dealt="1" sum="0"/>
<action no="4" player="F1SHAZZ0" type="0" discard="1" dealt="1" sum="0"/>
<action no="5" player="Ginopasse" type="23" discard="1" dealt="1" sum="320"/>
<action no="6" player="Rakki" type="0" sum="0"/>
<action no="7" player="SizeTheMoment1" type="0" discard="1" dealt="1" sum="0"/>
<action no="8" player="abrrrrrr" type="0" discard="1" dealt="1" sum="0"/>
<action no="9" player="Syrus2021" type="0" discard="1" dealt="1" sum="0"/>
<action no="10" player="rikimontana15" type="0" discard="1" dealt="1" sum="0"/>
<action no="11" player="Titta2710" type="23" discard="1" dealt="1" sum="640"/>
<action no="12" player="Ginopasse" type="3" discard="1" dealt="1" sum="320"/>
</round>
<round no="2"><cards type="Flop">SK S2 DQ</cards>
<action no="13" player="Titta2710" type="4" discard="1" dealt="1" sum="0"/>
<action no="14" player="Ginopasse" type="4" discard="1" dealt="1" sum="0"/>
</round>
<round no="3"><cards type="Turn">CJ</cards>
<action no="15" player="Titta2710" type="5" discard="1" dealt="1" sum="952"/>
<action no="16" player="Ginopasse" type="23" discard="1" dealt="1" sum="2,951"/>
<action no="17" player="Titta2710" type="7" discard="1" dealt="1" sum="3,278"/>
<action no="18" player="Ginopasse" type="3" discard="1" dealt="1" sum="1,279"/>
</round>
<round no="4"><cards type="River">C9</cards>
</round>
</game>
<game gamecode="6418883722"><general><startdate>2025-07-01 22:25:26</startdate>
<round>1</round>
<failsafecounter/>
<players><player seat="5" name="tonioli72" chips="7,900" dealer="0" win="0" bet="800" muck="1" rebuy="0" addon="0" merge="0" rebuychips="0" reg_code="5045045533"/>
<player seat="6" name="F1SHAZZ0" chips="4,580" dealer="0" win="0" bet="0" muck="1" rebuy="0" addon="0" merge="0" rebuychips="0" reg_code="5045041128"/>
<player seat="8" name="Ginopasse" chips="16,910" dealer="0" win="1,600" bet="1,920" muck="1" rebuy="0" addon="0" merge="0" rebuychips="0" reg_code="5045041284"/>
<player seat="9" name="Rakki" chips="4,080" dealer="0" win="0" bet="0" muck="1" rebuy="0" addon="0" merge="0" rebuychips="0" reg_code="5045042896"/>
<player seat="10" name="SizeTheMoment1" chips="5,000" dealer="0" win="0" bet="0" muck="1" rebuy="0" addon="0" merge="0" rebuychips="0" reg_code="5045046220"/>
<player seat="1" name="abrrrrrr" chips="10,080" dealer="0" win="0" bet="0" muck="1" rebuy="0" addon="0" merge="0" rebuychips="0" reg_code="5045045012"/>
<player seat="2" name="Syrus2021" chips="10,110" dealer="0" win="0" bet="0" muck="1" rebuy="0" addon="0" merge="0" rebuychips="0" reg_code="5045040484"/>
<player seat="3" name="rikimontana15" chips="6,360" dealer="1" win="0" bet="0" muck="1" rebuy="0" addon="0" merge="0" rebuychips="0" reg_code="5045045126"/>
</players>
</general>
<round no="0"><action no="1" player="tonioli72" type="2" discard="1" dealt="1" sum="160"/>
</round>
<round no="1"><cards type="Pocket" player="rikimontana15">X X</cards>
<cards type="Pocket" player="F1SHAZZ0">X X</cards>
<cards type="Pocket" player="Ginopasse">X X</cards>
<cards type="Pocket" player="Syrus2021">X X</cards>
<cards type="Pocket" player="SizeTheMoment1">X X</cards>
<cards type="Pocket" player="abrrrrrr">X X</cards>
<cards type="Pocket" player="Rakki">C8 CK</cards>
<cards type="Pocket" player="tonioli72">X X</cards>
<action no="2" player="F1SHAZZ0" type="0" discard="1" dealt="1" sum="0"/>
<action no="3" player="Ginopasse" type="23" discard="1" dealt="1" sum="320"/>
<action no="4" player="Rakki" type="0" sum="0"/>
<action no="5" player="SizeTheMoment1" type="0" discard="1" dealt="1" sum="0"/>
<action no="6" player="abrrrrrr" type="0" discard="1" dealt="1" sum="0"/>
<action no="7" player="Syrus2021" type="0" discard="1" dealt="1" sum="0"/>
<action no="8" player="rikimontana15" type="0" discard="1" dealt="1" sum="0"/>
<action no="9" player="tonioli72" type="3" discard="1" dealt="1" sum="160"/>
</round>
<round no="2"><cards type="Flop">D2 H6 D5</cards>
<action no="10" player="tonioli72" type="5" discard="1" dealt="1" sum="160"/>
<action no="11" player="Ginopasse" type="3" discard="1" dealt="1" sum="160"/>
</round>
<round no="3"><cards type="Turn">C5</cards>
<action no="12" player="tonioli72" type="5" discard="1" dealt="1" sum="320"/>
<action no="13" player="Ginopasse" type="3" discard="1" dealt="1" sum="320"/>
</round>
<round no="4"><cards type="River">SK</cards>
<action no="14" player="tonioli72" type="4" discard="1" dealt="1" sum="0"/>
<action no="15" player="Ginopasse" type="5" discard="1" dealt="1" sum="1,120"/>
<action no="16" player="tonioli72" type="0" discard="1" dealt="1" sum="0"/>
</round>
</game>
<game gamecode="6418883812"><general><startdate>2025-07-01 22:26:43</startdate>
<round>1</round>
<failsafecounter/>
<players><player seat="8" name="Ginopasse" chips="17,710" dealer="0" win="0" bet="160" muck="1" rebuy="0" addon="0" merge="0" rebuychips="0" reg_code="5045041284"/>
<player seat="9" name="Rakki" chips="4,080" dealer="0" win="0" bet="0" muck="1" rebuy="0" addon="0" merge="0" rebuychips="0" reg_code="5045042896"/>
<player seat="10" name="SizeTheMoment1" chips="5,000" dealer="0" win="0" bet="0" muck="1" rebuy="0" addon="0" merge="0" rebuychips="0" reg_code="5045046220"/>
<player seat="1" name="abrrrrrr" chips="10,080" dealer="0" win="0" bet="352" muck="1" rebuy="0" addon="0" merge="0" rebuychips="0" reg_code="5045045012"/>
<player seat="2" name="Syrus2021" chips="10,110" dealer="0" win="0" bet="0" muck="1" rebuy="0" addon="0" merge="0" rebuychips="0" reg_code="5045040484"/>
<player seat="3" name="rikimontana15" chips="6,360" dealer="0" win="0" bet="0" muck="1" rebuy="0" addon="0" merge="0" rebuychips="0" reg_code="5045045126"/>
<player seat="4" name="Titta2710" chips="5,000" dealer="0" win="0" bet="0" muck="1" rebuy="0" addon="0" merge="0" rebuychips="0" reg_code="5045047118"/>
<player seat="5" name="tonioli72" chips="7,100" dealer="1" win="0" bet="352" muck="1" rebuy="0" addon="0" merge="0" rebuychips="0" reg_code="5045045533"/>
<player seat="6" name="F1SHAZZ0" chips="4,580" dealer="0" win="1,216" bet="4,580" muck="1" rebuy="0" addon="0" merge="0" rebuychips="0" reg_code="5045041128"/>
</players>
</general>
<round no="0"><action no="1" player="F1SHAZZ0" type="1" discard="1" dealt="1" sum="80"/>
<action no="2" player="Ginopasse" type="2" discard="1" dealt="1" sum="160"/>
</round>
<round no="1"><cards type="Pocket" player="SizeTheMoment1">X X</cards>
<cards type="Pocket" player="Ginopasse">X X</cards>
<cards type="Pocket" player="Titta2710">X X</cards>
<cards type="Pocket" player="F1SHAZZ0">X X</cards>
<cards type="Pocket" player="rikimontana15">X X</cards>
<cards type="Pocket" player="abrrrrrr">X X</cards>
<cards type="Pocket" player="tonioli72">X X</cards>
<cards type="Pocket" player="Rakki">D8 S5</cards>
<cards type="Pocket" player="Syrus2021">X X</cards>
<action no="3" player="Rakki" type="0" sum="0"/>
<action no="4" player="SizeTheMoment1" type="0" discard="1" dealt="1" sum="0"/>
<action no="5" player="abrrrrrr" type="23" discard="1" dealt="1" sum="352"/>
<action no="6" player="Syrus2021" type="0" discard="1" dealt="1" sum="0"/>
<action no="7" player="rikimontana15" type="0" discard="1" dealt="1" sum="0"/>
<action no="8" player="Titta2710" type="0" discard="1" dealt="1" sum="0"/>
<action no="9" player="tonioli72" type="3" discard="1" dealt="1" sum="352"/>
<action no="10" player="F1SHAZZ0" type="23" discard="1" dealt="1" sum="4,580"/>
<action no="11" player="Ginopasse" type="0" discard="1" dealt="1" sum="0"/>
<action no="12" player="abrrrrrr" type="0" discard="1" dealt="1" sum="0"/>
<action no="13" player="tonioli72" type="0" discard="1" dealt="1" sum="0"/>
</round>
</game>
<game gamecode="6418895098"><general><startdate>2025-07-01 22:27:41</startdate>
<round>1</round>
<failsafecounter/>
<players><player seat="9" name="Rakki" chips="4,080" dealer="0" win="0" bet="400" muck="1" rebuy="0" addon="0" merge="0" rebuychips="0" reg_code="5045042896"/>
<player seat="10" name="SizeTheMoment1" chips="5,000" dealer="0" win="0" bet="0" muck="1" rebuy="0" addon="0" merge="0" rebuychips="0" reg_code="5045046220"/>
<player seat="1" name="abrrrrrr" chips="9,728" dealer="0" win="0" bet="1,240" muck="1" rebuy="0" addon="0" merge="0" rebuychips="0" reg_code="5045045012"/>
<player seat="2" name="Syrus2021" chips="10,110" dealer="0" win="0" bet="0" muck="1" rebuy="0" addon="0" merge="0" rebuychips="0" reg_code="5045040484"/>
<player seat="3" name="rikimontana15" chips="6,360" dealer="0" win="0" bet="0" muck="1" rebuy="0" addon="0" merge="0" rebuychips="0" reg_code="5045045126"/>
<player seat="4" name="Titta2710" chips="5,000" dealer="0" win="0" bet="0" muck="1" rebuy="0" addon="0" merge="0" rebuychips="0" reg_code="5045047118"/>
<player seat="5" name="tonioli72" chips="6,748" dealer="0" win="0" bet="0" muck="1" rebuy="0" addon="0" merge="0" rebuychips="0" reg_code="5045045533"/>
<player seat="6" name="F1SHAZZ0" chips="5,444" dealer="1" win="0" bet="0" muck="1" rebuy="0" addon="0" merge="0" rebuychips="0" reg_code="5045041128"/>
<player seat="8" name="Ginopasse" chips="17,550" dealer="0" win="2,880" bet="1,240" muck="0" rebuy="0" addon="0" merge="0" rebuychips="0" reg_code="5045041284"/>
</players>
</general>
<round no="0"><action no="1" player="Ginopasse" type="1" discard="1" dealt="1" sum="100"/>
<action no="2" player="Rakki" type="2" sum="200"/>
</round>
<round no="1"><cards type="Pocket" player="SizeTheMoment1">X X</cards>
<cards type="Pocket" player="Ginopasse">D9 SQ</cards>
<cards type="Pocket" player="abrrrrrr">DJ C10</cards>
<cards type="Pocket" player="tonioli72">X X</cards>
<cards type="Pocket" player="rikimontana15">X X</cards>
<cards type="Pocket" player="F1SHAZZ0">X X</cards>
<cards type="Pocket" player="Rakki">HA H2</cards>
<cards type="Pocket" player="Titta2710">X X</cards>
<cards type="Pocket" player="Syrus2021">X X</cards>
<action no="3" player="SizeTheMoment1" type="0" discard="1" dealt="1" sum="0"/>
<action no="4" player="abrrrrrr" type="23" discard="1" dealt="1" sum="400"/>
<action no="5" player="Syrus2021" type="0" discard="1" dealt="1" sum="0"/>
<action no="6" player="rikimontana15" type="0" discard="1" dealt="1" sum="0"/>
<action no="7" player="Titta2710" type="0" discard="1" dealt="1" sum="0"/>
<action no="8" player="tonioli72" type="0" discard="1" dealt="1" sum="0"/>
<action no="9" player="F1SHAZZ0" type="0" discard="1" dealt="1" sum="0"/>
<action no="10" player="Ginopasse" type="3" discard="1" dealt="1" sum="300"/>
<action no="11" player="Rakki" type="3" sum="200"/>
</round>
<round no="2"><cards type="Flop">D4 H4 CK</cards>
<action no="12" player="Ginopasse" type="4" discard="1" dealt="1" sum="0"/>
<action no="13" player="Rakki" type="4" sum="0"/>
<action no="14" player="abrrrrrr" type="4" discard="1" dealt="1" sum="0"/>
</round>
<round no="3"><cards type="Turn">HQ</cards>
<action no="15" player="Ginopasse" type="5" discard="1" dealt="1" sum="840"/>
<action no="16" player="Rakki" type="0" sum="0"/>
<action no="17" player="abrrrrrr" type="3" discard="1" dealt="1" sum="840"/>
</round>
<round no="4"><cards type="River">H10</cards>
<action no="18" player="Ginopasse" type="4" discard="1" dealt="1" sum="0"/>
<action no="19" player="abrrrrrr" type="4" discard="1" dealt="1" sum="0"/>
</round>
</game>
<game gamecode="6418895150"><general><startdate>2025-07-01 22:29:16</startdate>
<round>1</round>
<failsafecounter/>
<players><player seat="10" name="SizeTheMoment1" chips="5,000" dealer="0" win="0" bet="200" muck="1" rebuy="0" addon="0" merge="0" rebuychips="0" reg_code="5045046220"/>
<player seat="1" name="abrrrrrr" chips="8,488" dealer="0" win="0" bet="400" muck="1" rebuy="0" addon="0" merge="0" rebuychips="0" reg_code="5045045012"/>
<player seat="2" name="Syrus2021" chips="10,110" dealer="0" win="0" bet="0" muck="1" rebuy="0" addon="0" merge="0" rebuychips="0" reg_code="5045040484"/>
<player seat="3" name="rikimontana15" chips="6,360" dealer="0" win="1,100" bet="1,200" muck="1" rebuy="0" addon="0" merge="0" rebuychips="0" reg_code="5045045126"/>
<player seat="4" name="Titta2710" chips="5,000" dealer="0" win="0" bet="0" muck="1" rebuy="0" addon="0" merge="0" rebuychips="0" reg_code="5045047118"/>
<player seat="5" name="tonioli72" chips="6,748" dealer="0" win="0" bet="0" muck="1" rebuy="0" addon="0" merge="0" rebuychips="0" reg_code="5045045533"/>
<player seat="6" name="F1SHAZZ0" chips="5,444" dealer="0" win="0" bet="0" muck="1" rebuy="0" addon="0" merge="0" rebuychips="0" reg_code="5045041128"/>
<player seat="8" name="Ginopasse" chips="19,190" dealer="1" win="0" bet="0" muck="1" rebuy="0" addon="0" merge="0" rebuychips="0" reg_code="5045041284"/>
<player seat="9" name="Rakki" chips="3,680" dealer="0" win="0" bet="100" muck="1" rebuy="0" addon="0" merge="0" rebuychips="0" reg_code="5045042896"/>
</players>
</general>
<round no="0"><action no="1" player="Rakki" type="1" sum="100"/>
<action no="2" player="SizeTheMoment1" type="2" discard="1" dealt="1" sum="200"/>
</round>
<round no="1"><cards type="Pocket" player="Ginopasse">X X</cards>
<cards type="Pocket" player="abrrrrrr">X X</cards>
<cards type="Pocket" player="F1SHAZZ0">X X</cards>
<cards type="Pocket" player="SizeTheMoment1">X X</cards>
<cards type="Pocket" player="Syrus2021">X X</cards>
<cards type="Pocket" player="rikimontana15">X X</cards>
<cards type="Pocket" player="Titta2710">X X</cards>
<cards type="Pocket" player="Rakki">D9 H7</cards>
<cards type="Pocket" player="tonioli72">X X</cards>
<action no="3" player="abrrrrrr" type="23" discard="1" dealt="1" sum="400"/>
<action no="4" player="Syrus2021" type="0" discard="1" dealt="1" sum="0"/>
<action no="5" player="rikimontana15" type="23" discard="1" dealt="1" sum="1,200"/>
<action no="6" player="Titta2710" type="0" discard="1" dealt="1" sum="0"/>
<action no="7" player="tonioli72" type="0" discard="1" dealt="1" sum="0"/>
<action no="8" player="F1SHAZZ0" type="0" discard="1" dealt="1" sum="0"/>
<action no="9" player="Ginopasse" type="0" discard="1" dealt="1" sum="0"/>
<action no="10" player="Rakki" type="0" sum="0"/>
<action no="11" player="SizeTheMoment1" type="0" discard="1" dealt="1" sum="0"/>
<action no="12" player="abrrrrrr" type="0" discard="1" dealt="1" sum="0"/>
</round>
</game>
<game gamecode="6418895174"><general><startdate>2025-07-01 22:29:56</startdate>
<round>1</round>
<failsafecounter/>
<players><player seat="1" name="abrrrrrr" chips="8,088" dealer="0" win="1,300" bet="1,258" muck="1" rebuy="0" addon="0" merge="0" rebuychips="0" reg_code="5045045012"/>
<player seat="2" name="Syrus2021" chips="10,110" dealer="0" win="0" bet="0" muck="1" rebuy="0" addon="0" merge="0" rebuychips="0" reg_code="5045040484"/>
<player seat="3" name="rikimontana15" chips="7,060" dealer="0" win="0" bet="0" muck="1" rebuy="0" addon="0" merge="0" rebuychips="0" reg_code="5045045126"/>
<player seat="4" name="Titta2710" chips="5,000" dealer="0" win="0" bet="400" muck="1" rebuy="0" addon="0" merge="0" rebuychips="0" reg_code="5045047118"/>
<player seat="5" name="tonioli72" chips="6,748" dealer="0" win="0" bet="400" muck="1" rebuy="0" addon="0" merge="0" rebuychips="0" reg_code="5045045533"/>
<player seat="6" name="F1SHAZZ0" chips="5,444" dealer="0" win="0" bet="0" muck="1" rebuy="0" addon="0" merge="0" rebuychips="0" reg_code="5045041128"/>
<player seat="8" name="Ginopasse" chips="19,190" dealer="0" win="0" bet="0" muck="1" rebuy="0" addon="0" merge="0" rebuychips="0" reg_code="5045041284"/>
<player seat="9" name="Rakki" chips="3,580" dealer="1" win="0" bet="0" muck="1" rebuy="0" addon="0" merge="0" rebuychips="0" reg_code="5045042896"/>
<player seat="10" name="SizeTheMoment1" chips="4,800" dealer="0" win="0" bet="100" muck="1" rebuy="0" addon="0" merge="0" rebuychips="0" reg_code="5045046220"/>
</players>
</general>
<round no="0"><action no="1" player="SizeTheMoment1" type="1" discard="1" dealt="1" sum="100"/>
<action no="2" player="abrrrrrr" type="2" discard="1" dealt="1" sum="200"/>
</round>
<round no="1"><cards type="Pocket" player="SizeTheMoment1">X X</cards>
<cards type="Pocket" player="Ginopasse">X X</cards>
<cards type="Pocket" player="abrrrrrr">X X</cards>
<cards type="Pocket" player="F1SHAZZ0">X X</cards>
<cards type="Pocket" player="rikimontana15">X X</cards>
<cards type="Pocket" player="Titta2710">X X</cards>
<cards type="Pocket" player="Syrus2021">X X</cards>
<cards type="Pocket" player="tonioli72">X X</cards>
<cards type="Pocket" player="Rakki">S7 H4</cards>
<action no="3" player="Syrus2021" type="0" discard="1" dealt="1" sum="0"/>
<action no="4" player="rikimontana15" type="0" discard="1" dealt="1" sum="0"/>
<action no="5" player="Titta2710" type="23" discard="1" dealt="1" sum="400"/>
<action no="6" player="tonioli72" type="3" discard="1" dealt="1" sum="400"/>
<action no="7" player="F1SHAZZ0" type="0" discard="1" dealt="1" sum="0"/>
<action no="8" player="Ginopasse" type="0" discard="1" dealt="1" sum="0"/>
<action no="9" player="Rakki" type="0" sum="0"/>
<action no="10" player="SizeTheMoment1" type="0" discard="1" dealt="1" sum="0"/>
<action no="11" player="abrrrrrr" type="3" discard="1" dealt="1" sum="200"/>
</round>
<round no="2"><cards type="Flop">C4 S5 S8</cards>
<action no="12" player="abrrrrrr" type="4" discard="1" dealt="1" sum="0"/>
<action no="13" player="Titta2710" type="4" discard="1" dealt="1" sum="0"/>
<action no="14" player="tonioli72" type="4" discard="1" dealt="1" sum="0"/>
</round>
<round no="3"><cards type="Turn">S3</cards>
<action no="15" player="abrrrrrr" type="5" discard="1" dealt="1" sum="858"/>
<action no="16" player="Titta2710" type="0" discard="1" dealt="1" sum="0"/>
<action no="17" player="tonioli72" type="0" discard="1" dealt="1" sum="0"/>
</round>
</game>
<game gamecode="6418895217"><general><startdate>2025-07-01 22:31:08</startdate>
<round>1</round>
<failsafecounter/>
<players><player seat="2" name="Syrus2021" chips="10,110" dealer="0" win="0" bet="200" muck="1" rebuy="0" addon="0" merge="0" rebuychips="0" reg_code="5045040484"/>
<player seat="3" name="rikimontana15" chips="7,060" dealer="0" win="0" bet="0" muck="1" rebuy="0" addon="0" merge="0" rebuychips="0" reg_code="5045045126"/>
<player seat="4" name="Titta2710" chips="4,600" dealer="0" win="4,950" bet="4,600" muck="0" rebuy="0" addon="0" merge="0" rebuychips="0" reg_code="5045047118"/>
<player seat="5" name="tonioli72" chips="6,348" dealer="0" win="0" bet="400" muck="1" rebuy="0" addon="0" merge="0" rebuychips="0" reg_code="5045045533"/>
<player seat="6" name="F1SHAZZ0" chips="5,444" dealer="0" win="0" bet="0" muck="1" rebuy="0" addon="0" merge="0" rebuychips="0" reg_code="5045041128"/>
<player seat="8" name="Ginopasse" chips="19,190" dealer="0" win="0" bet="0" muck="1" rebuy="0" addon="0" merge="0" rebuychips="0" reg_code="5045041284"/>
<player seat="9" name="Rakki" chips="3,580" dealer="0" win="0" bet="0" muck="1" rebuy="0" addon="0" merge="0" rebuychips="0" reg_code="5045042896"/>
<player seat="10" name="SizeTheMoment1" chips="4,700" dealer="1" win="4,950" bet="4,700" muck="0" rebuy="0" addon="0" merge="0" rebuychips="0" reg_code="5045046220"/>
<player seat="1" name="abrrrrrr" chips="8,988" dealer="0" win="0" bet="100" muck="1" rebuy="0" addon="0" merge="0" rebuychips="0" reg_code="5045045012"/>
</players>
</general>
<round no="0"><action no="1" player="abrrrrrr" type="1" discard="1" dealt="1" sum="100"/>
<action no="2" player="Syrus2021" type="2" discard="1" dealt="1" sum="200"/>
</round>
<round no="1"><cards type="Pocket" player="Rakki">D3 SJ</cards>
<cards type="Pocket" player="Titta2710">CA HK</cards>
<cards type="Pocket" player="F1SHAZZ0">X X</cards>
<cards type="Pocket" player="Syrus2021">X X</cards>
<cards type="Pocket" player="abrrrrrr">X X</cards>
<cards type="Pocket" player="rikimontana15">X X</cards>
<cards type="Pocket" player="tonioli72">X X</cards>
<cards type="Pocket" player="Ginopasse">X X</cards>
<cards type="Pocket" player="SizeTheMoment1">CK SA</cards>
<action no="3" player="rikimontana15" type="0" discard="1" dealt="1" sum="0"/>
<action no="4" player="Titta2710" type="23" discard="1" dealt="1" sum="400"/>
<action no="5" player="tonioli72" type="3" discard="1" dealt="1" sum="400"/>
<action no="6" player="F1SHAZZ0" type="0" discard="1" dealt="1" sum="0"/>
<action no="7" player="Ginopasse" type="0" discard="1" dealt="1" sum="0"/>
<action no="8" player="Rakki" type="0" sum="0"/>
<action no="9" player="SizeTheMoment1" type="23" discard="1" dealt="1" sum="4,700"/>
<action no="10" player="abrrrrrr" type="0" discard="1" dealt="1" sum="0"/>
<action no="11" player="Syrus2021" type="0" discard="1" dealt="1" sum="0"/>
<action no="12" player="Titta2710" type="7" discard="1" dealt="1" sum="4,200"/>
<action no="13" player="tonioli72" type="0" discard="1" dealt="1" sum="0"/>
</round>
<round no="2"><cards type="Flop">HJ S9 S5</cards>
</round>
<round no="3"><cards type="Turn">CQ</cards>
</round>
<round no="4"><cards type="River">D10</cards>
</round>
</game>
<game gamecode="6418895249"><general><startdate>2025-07-01 22:32:05</startdate>
<round>1</round>
<failsafecounter/>
<players><player seat="3" name="rikimontana15" chips="7,060" dealer="0" win="0" bet="200" muck="1" rebuy="0" addon="0" merge="0" rebuychips="0" reg_code="5045045126"/>
<player seat="4" name="Titta2710" chips="4,950" dealer="0" win="0" bet="0" muck="1" rebuy="0" addon="0" merge="0" rebuychips="0" reg_code="5045047118"/>
<player seat="5" name="tonioli72" chips="5,948" dealer="0" win="0" bet="0" muck="1" rebuy="0" addon="0" merge="0" rebuychips="0" reg_code="5045045533"/>
<player seat="6" name="F1SHAZZ0" chips="5,444" dealer="0" win="0" bet="0" muck="1" rebuy="0" addon="0" merge="0" rebuychips="0" reg_code="5045041128"/>
<player seat="8" name="Ginopasse" chips="19,190" dealer="0" win="0" bet="0" muck="1" rebuy="0" addon="0" merge="0" rebuychips="0" reg_code="5045041284"/>
<player seat="9" name="Rakki" chips="3,580" dealer="0" win="0" bet="3,580" muck="0" rebuy="0" addon="0" merge="0" rebuychips="0" reg_code="5045042896"/>
<player seat="10" name="SizeTheMoment1" chips="5,050" dealer="0" win="8,560" bet="5,050" muck="0" rebuy="0" addon="0" merge="0" rebuychips="0" reg_code="5045046220"/>
<player seat="1" name="abrrrrrr" chips="8,888" dealer="1" win="0" bet="0" muck="1" rebuy="0" addon="0" merge="0" rebuychips="0" reg_code="5045045012"/>
<player seat="2" name="Syrus2021" chips="9,910" dealer="0" win="0" bet="1,200" muck="1" rebuy="0" addon="0" merge="0" rebuychips="0" reg_code="5045040484"/>
</players>
</general>
<round no="0"><action no="1" player="Syrus2021" type="1" discard="1" dealt="1" sum="100"/>
<action no="2" player="rikimontana15" type="2" discard="1" dealt="1" sum="200"/>
</round>
<round no="1"><cards type="Pocket" player="F1SHAZZ0">X X</cards>
<cards type="Pocket" player="tonioli72">X X</cards>
<cards type="Pocket" player="abrrrrrr">X X</cards>
<cards type="Pocket" player="Syrus2021">X X</cards>
<cards type="Pocket" player="Titta2710">X X</cards>
<cards type="Pocket" player="Ginopasse">X X</cards>
<cards type="Pocket" player="Rakki">CJ CA</cards>
<cards type="Pocket" player="SizeTheMoment1">DQ SQ</cards>
<cards type="Pocket" player="rikimontana15">X X</cards>
<action no="3" player="Titta2710" type="0" discard="1" dealt="1" sum="0"/>
<action no="4" player="tonioli72" type="0" discard="1" dealt="1" sum="0"/>
<action no="5" player="F1SHAZZ0" type="0" discard="1" dealt="1" sum="0"/>
<action no="6" player="Ginopasse" type="0" discard="1" dealt="1" sum="0"/>
<action no="7" player="Rakki" type="23" sum="400"/>
<action no="8" player="SizeTheMoment1" type="23" discard="1" dealt="1" sum="1,200"/>
<action no="9" player="abrrrrrr" type="0" discard="1" dealt="1" sum="0"/>
<action no="10" player="Syrus2021" type="3" discard="1" dealt="1" sum="1,100"/>
<action no="11" player="rikimontana15" type="0" discard="1" dealt="1" sum="0"/>
<action no="12" player="Rakki" type="23" sum="3,580"/>
<action no="13" player="SizeTheMoment1" type="7" discard="1" dealt="1" sum="3,850"/>
<action no="14" player="Syrus2021" type="0" discard="1" dealt="1" sum="0"/>
</round>
<round no="2"><cards type="Flop">CK C7 H6</cards>
</round>
<round no="3"><cards type="Turn">S2</cards>
</round>
<round no="4"><cards type="River">S6</cards>
</round>
</game>
</session>
