<?xml version="1.0" encoding="UTF-8"?>
<session sessioncode="5047752382">
<general>
<client_version>25.1.1.16</client_version>
<mode>real</mode>
<gametype>Holdem NL</gametype>
<tablename>Twister €100 SNG, 814041261</tablename>
<tournamentcode>814041260</tournamentcode>
<tournamentname>Twister €100 SNG</tournamentname>
<buyin>€0 + €7 + €93</buyin>
<totalbuyin>€100</totalbuyin>
<rewarddrawn>€1000</rewarddrawn>
<tournamentcurrency>EUR</tournamentcurrency>
<currency>EUR</currency>
<nickname>Rakki</nickname>
<gamecount>15</gamecount>
<startdate>2025-07-15 22:58:10</startdate>
<place>2</place>
<win>€150</win>
<tablesize>3</tablesize>
</general>
<game gamecode="6429931191"><general><startdate>2025-07-15 22:58:30</startdate>
<round>1</round>
<failsafecounter/>
<players><player seat="6" name="Rakki" chips="500" dealer="0" win="20" bet="20" muck="1" rebuy="0" addon="0" merge="0" rebuychips="0" reg_code="5047752382"/>
<player seat="10" name="StelioPk" chips="500" dealer="1" win="0" bet="0" muck="1" rebuy="0" addon="0" merge="0" rebuychips="0" reg_code="5047752635"/>
<player seat="3" name="Nonloso6" chips="500" dealer="0" win="0" bet="10" muck="1" rebuy="0" addon="0" merge="0" rebuychips="0" reg_code="5047752377"/>
</players>
</general>
<round no="0"><action no="1" player="Nonloso6" type="1" discard="1" dealt="1" sum="10"/>
<action no="2" player="Rakki" type="2" sum="20"/>
</round>
<round no="1"><cards type="Pocket" player="StelioPk">X X</cards>
<cards type="Pocket" player="Nonloso6">X X</cards>
<cards type="Pocket" player="Rakki">H2 SQ</cards>
<action no="3" player="StelioPk" type="0" discard="1" dealt="1" sum="0"/>
<action no="4" player="Nonloso6" type="0" discard="1" dealt="1" sum="0"/>
</round>
</game>
<game gamecode="6429931215"><general><startdate>2025-07-15 22:58:41</startdate>
<round>1</round>
<failsafecounter/>
<players><player seat="10" name="StelioPk" chips="500" dealer="0" win="40" bet="500" muck="1" rebuy="0" addon="0" merge="0" rebuychips="0" reg_code="5047752635"/>
<player seat="3" name="Nonloso6" chips="490" dealer="1" win="0" bet="0" muck="1" rebuy="0" addon="0" merge="0" rebuychips="0" reg_code="5047752377"/>
<player seat="6" name="Rakki" chips="510" dealer="0" win="0" bet="20" muck="1" rebuy="0" addon="0" merge="0" rebuychips="0" reg_code="5047752382"/>
</players>
</general>
<round no="0"><action no="1" player="Rakki" type="1" sum="10"/>
<action no="2" player="StelioPk" type="2" discard="1" dealt="1" sum="20"/>
</round>
<round no="1"><cards type="Pocket" player="Rakki">H4 H2</cards>
<cards type="Pocket" player="Nonloso6">X X</cards>
<cards type="Pocket" player="StelioPk">X X</cards>
<action no="3" player="Nonloso6" type="0" discard="1" dealt="1" sum="0"/>
<action no="4" player="Rakki" type="3" sum="10"/>
<action no="5" player="StelioPk" type="23" discard="1" dealt="1" sum="500"/>
<action no="6" player="Rakki" type="0" sum="0"/>
</round>
</game>
<game gamecode="6429931301"><general><startdate>2025-07-15 22:59:11</startdate>
<round>1</round>
<failsafecounter/>
<players><player seat="3" name="Nonloso6" chips="490" dealer="0" win="0" bet="20" muck="1" rebuy="0" addon="0" merge="0" rebuychips="0" reg_code="5047752377"/>
<player seat="6" name="Rakki" chips="490" dealer="1" win="0" bet="0" muck="1" rebuy="0" addon="0" merge="0" rebuychips="0" reg_code="5047752382"/>
<player seat="10" name="StelioPk" chips="520" dealer="0" win="40" bet="50" muck="1" rebuy="0" addon="0" merge="0" rebuychips="0" reg_code="5047752635"/>
</players>
</general>
<round no="0"><action no="1" player="StelioPk" type="1" discard="1" dealt="1" sum="10"/>
<action no="2" player="Nonloso6" type="2" discard="1" dealt="1" sum="20"/>
</round>
<round no="1"><cards type="Pocket" player="Rakki">H8 D10</cards>
<cards type="Pocket" player="StelioPk">X X</cards>
<cards type="Pocket" player="Nonloso6">X X</cards>
<action no="3" player="Rakki" type="0" sum="0"/>
<action no="4" player="StelioPk" type="23" discard="1" dealt="1" sum="50"/>
<action no="5" player="Nonloso6" type="0" discard="1" dealt="1" sum="0"/>
</round>
</game>
<game gamecode="6429931331"><general><startdate>2025-07-15 22:59:22</startdate>
<round>1</round>
<failsafecounter/>
<players><player seat="6" name="Rakki" chips="490" dealer="0" win="140" bet="120" muck="1" rebuy="0" addon="0" merge="0" rebuychips="0" reg_code="5047752382"/>
<player seat="10" name="StelioPk" chips="540" dealer="1" win="0" bet="0" muck="1" rebuy="0" addon="0" merge="0" rebuychips="0" reg_code="5047752635"/>
<player seat="3" name="Nonloso6" chips="470" dealer="0" win="0" bet="70" muck="1" rebuy="0" addon="0" merge="0" rebuychips="0" reg_code="5047752377"/>
</players>
</general>
<round no="0"><action no="1" player="Nonloso6" type="1" discard="1" dealt="1" sum="10"/>
<action no="2" player="Rakki" type="2" sum="20"/>
</round>
<round no="1"><cards type="Pocket" player="Rakki">CJ C7</cards>
<cards type="Pocket" player="Nonloso6">X X</cards>
<cards type="Pocket" player="StelioPk">X X</cards>
<action no="3" player="StelioPk" type="0" discard="1" dealt="1" sum="0"/>
<action no="4" player="Nonloso6" type="23" discard="1" dealt="1" sum="50"/>
<action no="5" player="Rakki" type="3" sum="30"/>
</round>
<round no="2"><cards type="Flop">DQ C4 C2</cards>
<action no="6" player="Nonloso6" type="5" discard="1" dealt="1" sum="20"/>
<action no="7" player="Rakki" type="23" sum="70"/>
<action no="8" player="Nonloso6" type="0" discard="1" dealt="1" sum="0"/>
</round>
</game>
<game gamecode="6429931420"><general><startdate>2025-07-15 22:59:55</startdate>
<round>1</round>
<failsafecounter/>
<players><player seat="10" name="StelioPk" chips="540" dealer="0" win="0" bet="20" muck="1" rebuy="0" addon="0" merge="0" rebuychips="0" reg_code="5047752635"/>
<player seat="3" name="Nonloso6" chips="400" dealer="1" win="0" bet="0" muck="1" rebuy="0" addon="0" merge="0" rebuychips="0" reg_code="5047752377"/>
<player seat="6" name="Rakki" chips="560" dealer="0" win="40" bet="20" muck="0" rebuy="0" addon="0" merge="0" rebuychips="0" reg_code="5047752382"/>
</players>
</general>
<round no="0"><action no="1" player="Rakki" type="1" sum="10"/>
<action no="2" player="StelioPk" type="2" discard="1" dealt="1" sum="20"/>
</round>
<round no="1"><cards type="Pocket" player="Rakki">HJ S8</cards>
<cards type="Pocket" player="Nonloso6">X X</cards>
<cards type="Pocket" player="StelioPk">H3 S4</cards>
<action no="3" player="Nonloso6" type="0" discard="1" dealt="1" sum="0"/>
<action no="4" player="Rakki" type="3" sum="10"/>
<action no="5" player="StelioPk" type="4" discard="1" dealt="1" sum="0"/>
</round>
<round no="2"><cards type="Flop">H9 S3 DQ</cards>
<action no="6" player="Rakki" type="4" sum="0"/>
<action no="7" player="StelioPk" type="4" discard="1" dealt="1" sum="0"/>
</round>
<round no="3"><cards type="Turn">CK</cards>
<action no="8" player="Rakki" type="4" sum="0"/>
<action no="9" player="StelioPk" type="4" discard="1" dealt="1" sum="0"/>
</round>
<round no="4"><cards type="River">C8</cards>
<action no="10" player="Rakki" type="4" sum="0"/>
<action no="11" player="StelioPk" type="4" discard="1" dealt="1" sum="0"/>
</round>
</game>
<game gamecode="6429931536"><general><startdate>2025-07-15 23:00:36</startdate>
<round>1</round>
<failsafecounter/>
<players><player seat="3" name="Nonloso6" chips="400" dealer="0" win="805" bet="400" muck="0" rebuy="0" addon="0" merge="0" rebuychips="0" reg_code="5047752377"/>
<player seat="6" name="Rakki" chips="580" dealer="1" win="0" bet="5" muck="1" rebuy="0" addon="0" merge="0" rebuychips="0" reg_code="5047752382"/>
<player seat="10" name="StelioPk" chips="520" dealer="0" win="0" bet="520" muck="1" rebuy="0" addon="0" merge="0" rebuychips="0" reg_code="5047752635"/>
</players>
</general>
<round no="0"><action no="1" player="StelioPk" type="15" discard="1" dealt="1" sum="5"/>
<action no="2" player="Nonloso6" type="15" discard="1" dealt="1" sum="5"/>
<action no="3" player="Rakki" type="15" sum="5"/>
<action no="4" player="StelioPk" type="1" discard="1" dealt="1" sum="15"/>
<action no="5" player="Nonloso6" type="2" discard="1" dealt="1" sum="30"/>
</round>
<round no="1"><cards type="Pocket" player="Nonloso6">CJ SQ</cards>
<cards type="Pocket" player="Rakki">S6 HQ</cards>
<cards type="Pocket" player="StelioPk">HA S4</cards>
<action no="6" player="Rakki" type="0" sum="0"/>
<action no="7" player="StelioPk" type="23" discard="1" dealt="1" sum="515"/>
<action no="8" player="Nonloso6" type="7" discard="1" dealt="1" sum="365"/>
</round>
<round no="2"><cards type="Flop">CQ DK D10</cards>
</round>
<round no="3"><cards type="Turn">H10</cards>
</round>
<round no="4"><cards type="River">D8</cards>
</round>
</game>
<game gamecode="6429931607"><general><startdate>2025-07-15 23:01:02</startdate>
<round>1</round>
<failsafecounter/>
<players><player seat="6" name="Rakki" chips="575" dealer="0" win="0" bet="35" muck="1" rebuy="0" addon="0" merge="0" rebuychips="0" reg_code="5047752382"/>
<player seat="10" name="StelioPk" chips="120" dealer="1" win="90" bet="120" muck="1" rebuy="0" addon="0" merge="0" rebuychips="0" reg_code="5047752635"/>
<player seat="3" name="Nonloso6" chips="805" dealer="0" win="0" bet="20" muck="1" rebuy="0" addon="0" merge="0" rebuychips="0" reg_code="5047752377"/>
</players>
</general>
<round no="0"><action no="1" player="Nonloso6" type="15" discard="1" dealt="1" sum="5"/>
<action no="2" player="Rakki" type="15" sum="5"/>
<action no="3" player="StelioPk" type="15" discard="1" dealt="1" sum="5"/>
<action no="4" player="Nonloso6" type="1" discard="1" dealt="1" sum="15"/>
<action no="5" player="Rakki" type="2" sum="30"/>
</round>
<round no="1"><cards type="Pocket" player="StelioPk">X X</cards>
<cards type="Pocket" player="Nonloso6">X X</cards>
<cards type="Pocket" player="Rakki">D6 S5</cards>
<action no="6" player="StelioPk" type="23" discard="1" dealt="1" sum="115"/>
<action no="7" player="Nonloso6" type="0" discard="1" dealt="1" sum="0"/>
<action no="8" player="Rakki" type="0" sum="0"/>
</round>
</game>
<game gamecode="6429931667"><general><startdate>2025-07-15 23:01:25</startdate>
<round>1</round>
<failsafecounter/>
<players><player seat="10" name="StelioPk" chips="175" dealer="0" win="0" bet="35" muck="1" rebuy="0" addon="0" merge="0" rebuychips="0" reg_code="5047752635"/>
<player seat="3" name="Nonloso6" chips="785" dealer="1" win="0" bet="5" muck="1" rebuy="0" addon="0" merge="0" rebuychips="0" reg_code="5047752377"/>
<player seat="6" name="Rakki" chips="540" dealer="0" win="75" bet="540" muck="1" rebuy="0" addon="0" merge="0" rebuychips="0" reg_code="5047752382"/>
</players>
</general>
<round no="0"><action no="1" player="Rakki" type="15" sum="5"/>
<action no="2" player="StelioPk" type="15" discard="1" dealt="1" sum="5"/>
<action no="3" player="Nonloso6" type="15" discard="1" dealt="1" sum="5"/>
<action no="4" player="Rakki" type="1" sum="15"/>
<action no="5" player="StelioPk" type="2" discard="1" dealt="1" sum="30"/>
</round>
<round no="1"><cards type="Pocket" player="StelioPk">X X</cards>
<cards type="Pocket" player="Nonloso6">X X</cards>
<cards type="Pocket" player="Rakki">H7 H5</cards>
<action no="6" player="Nonloso6" type="0" discard="1" dealt="1" sum="0"/>
<action no="7" player="Rakki" type="23" sum="535"/>
<action no="8" player="StelioPk" type="0" discard="1" dealt="1" sum="0"/>
</round>
</game>
<game gamecode="6429931689"><general><startdate>2025-07-15 23:01:34</startdate>
<round>1</round>
<failsafecounter/>
<players><player seat="3" name="Nonloso6" chips="780" dealer="0" win="45" bet="35" muck="1" rebuy="0" addon="0" merge="0" rebuychips="0" reg_code="5047752377"/>
<player seat="6" name="Rakki" chips="580" dealer="1" win="0" bet="5" muck="1" rebuy="0" addon="0" merge="0" rebuychips="0" reg_code="5047752382"/>
<player seat="10" name="StelioPk" chips="140" dealer="0" win="0" bet="20" muck="1" rebuy="0" addon="0" merge="0" rebuychips="0" reg_code="5047752635"/>
</players>
</general>
<round no="0"><action no="1" player="StelioPk" type="15" discard="1" dealt="1" sum="5"/>
<action no="2" player="Nonloso6" type="15" discard="1" dealt="1" sum="5"/>
<action no="3" player="Rakki" type="15" sum="5"/>
<action no="4" player="StelioPk" type="1" discard="1" dealt="1" sum="15"/>
<action no="5" player="Nonloso6" type="2" discard="1" dealt="1" sum="30"/>
</round>
<round no="1"><cards type="Pocket" player="Nonloso6">X X</cards>
<cards type="Pocket" player="StelioPk">X X</cards>
<cards type="Pocket" player="Rakki">S3 D7</cards>
<action no="6" player="Rakki" type="0" sum="0"/>
<action no="7" player="StelioPk" type="0" discard="1" dealt="1" sum="0"/>
</round>
</game>
<game gamecode="6429931708"><general><startdate>2025-07-15 23:01:42</startdate>
<round>1</round>
<failsafecounter/>
<players><player seat="6" name="Rakki" chips="575" dealer="0" win="45" bet="35" muck="1" rebuy="0" addon="0" merge="0" rebuychips="0" reg_code="5047752382"/>
<player seat="10" name="StelioPk" chips="120" dealer="1" win="0" bet="5" muck="1" rebuy="0" addon="0" merge="0" rebuychips="0" reg_code="5047752635"/>
<player seat="3" name="Nonloso6" chips="805" dealer="0" win="0" bet="20" muck="1" rebuy="0" addon="0" merge="0" rebuychips="0" reg_code="5047752377"/>
</players>
</general>
<round no="0"><action no="1" player="Nonloso6" type="15" discard="1" dealt="1" sum="5"/>
<action no="2" player="Rakki" type="15" sum="5"/>
<action no="3" player="StelioPk" type="15" discard="1" dealt="1" sum="5"/>
<action no="4" player="Nonloso6" type="1" discard="1" dealt="1" sum="15"/>
<action no="5" player="Rakki" type="2" sum="30"/>
</round>
<round no="1"><cards type="Pocket" player="Nonloso6">X X</cards>
<cards type="Pocket" player="StelioPk">X X</cards>
<cards type="Pocket" player="Rakki">HA D6</cards>
<action no="6" player="StelioPk" type="0" discard="1" dealt="1" sum="0"/>
<action no="7" player="Nonloso6" type="0" discard="1" dealt="1" sum="0"/>
</round>
</game>
<game gamecode="6429931729"><general><startdate>2025-07-15 23:01:53</startdate>
<round>1</round>
<failsafecounter/>
<players><player seat="10" name="StelioPk" chips="115" dealer="0" win="235" bet="115" muck="0" rebuy="0" addon="0" merge="0" rebuychips="0" reg_code="5047752635"/>
<player seat="3" name="Nonloso6" chips="785" dealer="1" win="0" bet="5" muck="1" rebuy="0" addon="0" merge="0" rebuychips="0" reg_code="5047752377"/>
<player seat="6" name="Rakki" chips="600" dealer="0" win="0" bet="600" muck="1" rebuy="0" addon="0" merge="0" rebuychips="0" reg_code="5047752382"/>
</players>
</general>
<round no="0"><action no="1" player="Rakki" type="15" sum="5"/>
<action no="2" player="StelioPk" type="15" discard="1" dealt="1" sum="5"/>
<action no="3" player="Nonloso6" type="15" discard="1" dealt="1" sum="5"/>
<action no="4" player="Rakki" type="1" sum="15"/>
<action no="5" player="StelioPk" type="2" discard="1" dealt="1" sum="30"/>
</round>
<round no="1"><cards type="Pocket" player="Rakki">S5 DQ</cards>
<cards type="Pocket" player="StelioPk">SK HK</cards>
<cards type="Pocket" player="Nonloso6">X X</cards>
<action no="6" player="Nonloso6" type="0" discard="1" dealt="1" sum="0"/>
<action no="7" player="Rakki" type="23" sum="595"/>
<action no="8" player="StelioPk" type="7" discard="1" dealt="1" sum="80"/>
</round>
<round no="2"><cards type="Flop">SA S10 D2</cards>
</round>
<round no="3"><cards type="Turn">S7</cards>
</round>
<round no="4"><cards type="River">CK</cards>
</round>
</game>
<game gamecode="6429931779"><general><startdate>2025-07-15 23:02:15</startdate>
<round>1</round>
<failsafecounter/>
<players><player seat="3" name="Nonloso6" chips="780" dealer="0" win="45" bet="35" muck="1" rebuy="0" addon="0" merge="0" rebuychips="0" reg_code="5047752377"/>
<player seat="6" name="Rakki" chips="485" dealer="1" win="0" bet="5" muck="1" rebuy="0" addon="0" merge="0" rebuychips="0" reg_code="5047752382"/>
<player seat="10" name="StelioPk" chips="235" dealer="0" win="0" bet="20" muck="1" rebuy="0" addon="0" merge="0" rebuychips="0" reg_code="5047752635"/>
</players>
</general>
<round no="0"><action no="1" player="StelioPk" type="15" discard="1" dealt="1" sum="5"/>
<action no="2" player="Nonloso6" type="15" discard="1" dealt="1" sum="5"/>
<action no="3" player="Rakki" type="15" sum="5"/>
<action no="4" player="StelioPk" type="1" discard="1" dealt="1" sum="15"/>
<action no="5" player="Nonloso6" type="2" discard="1" dealt="1" sum="30"/>
</round>
<round no="1"><cards type="Pocket" player="Nonloso6">X X</cards>
<cards type="Pocket" player="StelioPk">X X</cards>
<cards type="Pocket" player="Rakki">H2 C3</cards>
<action no="6" player="Rakki" type="0" sum="0"/>
<action no="7" player="StelioPk" type="0" discard="1" dealt="1" sum="0"/>
</round>
</game>
<game gamecode="6429931796"><general><startdate>2025-07-15 23:02:23</startdate>
<round>1</round>
<failsafecounter/>
<players><player seat="6" name="Rakki" chips="480" dealer="0" win="0" bet="35" muck="1" rebuy="0" addon="0" merge="0" rebuychips="0" reg_code="5047752382"/>
<player seat="10" name="StelioPk" chips="215" dealer="1" win="232" bet="215" muck="0" rebuy="0" addon="0" merge="0" rebuychips="0" reg_code="5047752635"/>
<player seat="3" name="Nonloso6" chips="805" dealer="0" win="233" bet="805" muck="0" rebuy="0" addon="0" merge="0" rebuychips="0" reg_code="5047752377"/>
</players>
</general>
<round no="0"><action no="1" player="Nonloso6" type="15" discard="1" dealt="1" sum="5"/>
<action no="2" player="Rakki" type="15" sum="5"/>
<action no="3" player="StelioPk" type="15" discard="1" dealt="1" sum="5"/>
<action no="4" player="Nonloso6" type="1" discard="1" dealt="1" sum="15"/>
<action no="5" player="Rakki" type="2" sum="30"/>
</round>
<round no="1"><cards type="Pocket" player="StelioPk">CA C7</cards>
<cards type="Pocket" player="Rakki">CJ D3</cards>
<cards type="Pocket" player="Nonloso6">H7 DA</cards>
<action no="6" player="StelioPk" type="23" discard="1" dealt="1" sum="210"/>
<action no="7" player="Nonloso6" type="23" discard="1" dealt="1" sum="800"/>
<action no="8" player="Rakki" type="0" sum="0"/>
</round>
<round no="2"><cards type="Flop">SQ SK S3</cards>
</round>
<round no="3"><cards type="Turn">DQ</cards>
</round>
<round no="4"><cards type="River">HQ</cards>
</round>
</game>
<game gamecode="6429931840"><general><startdate>2025-07-15 23:02:46</startdate>
<round>1</round>
<failsafecounter/>
<players><player seat="10" name="StelioPk" chips="232" dealer="0" win="0" bet="232" muck="0" rebuy="0" addon="0" merge="0" rebuychips="0" reg_code="5047752635"/>
<player seat="3" name="Nonloso6" chips="823" dealer="1" win="0" bet="5" muck="1" rebuy="0" addon="0" merge="0" rebuychips="0" reg_code="5047752377"/>
<player seat="6" name="Rakki" chips="445" dealer="0" win="469" bet="445" muck="0" rebuy="0" addon="0" merge="0" rebuychips="0" reg_code="5047752382"/>
</players>
</general>
<round no="0"><action no="1" player="Rakki" type="15" sum="5"/>
<action no="2" player="StelioPk" type="15" discard="1" dealt="1" sum="5"/>
<action no="3" player="Nonloso6" type="15" discard="1" dealt="1" sum="5"/>
<action no="4" player="Rakki" type="1" sum="20"/>
<action no="5" player="StelioPk" type="2" discard="1" dealt="1" sum="40"/>
</round>
<round no="1"><cards type="Pocket" player="Rakki">S4 HA</cards>
<cards type="Pocket" player="StelioPk">C4 CK</cards>
<cards type="Pocket" player="Nonloso6">X X</cards>
<action no="6" player="Nonloso6" type="0" discard="1" dealt="1" sum="0"/>
<action no="7" player="Rakki" type="23" sum="440"/>
<action no="8" player="StelioPk" type="7" discard="1" dealt="1" sum="187"/>
</round>
<round no="2"><cards type="Flop">S5 HJ S6</cards>
</round>
<round no="3"><cards type="Turn">SK</cards>
</round>
<round no="4"><cards type="River">DA</cards>
</round>
</game>
<game gamecode="6429931899"><general><startdate>2025-07-15 23:03:08</startdate>
<round>1</round>
<failsafecounter/>
<players><player seat="3" name="Nonloso6" chips="818" dealer="0" win="1,364" bet="818" muck="0" rebuy="0" addon="0" merge="0" rebuychips="0" reg_code="5047752377"/>
<player seat="6" name="Rakki" chips="682" dealer="1" win="0" bet="682" muck="1" rebuy="0" addon="0" merge="0" rebuychips="0" reg_code="5047752382"/>
</players>
</general>
<round no="0"><action no="1" player="Rakki" type="15" sum="5"/>
<action no="2" player="Nonloso6" type="15" discard="1" dealt="1" sum="5"/>
<action no="3" player="Rakki" type="1" sum="20"/>
<action no="4" player="Nonloso6" type="2" discard="1" dealt="1" sum="40"/>
</round>
<round no="1"><cards type="Pocket" player="Nonloso6">S2 C2</cards>
<cards type="Pocket" player="Rakki">CQ CA</cards>
<action no="5" player="Rakki" type="23" sum="80"/>
<action no="6" player="Nonloso6" type="23" discard="1" dealt="1" sum="813"/>
<action no="7" player="Rakki" type="7" sum="597"/>
</round>
<round no="2"><cards type="Flop">H8 H7 S5</cards>
</round>
<round no="3"><cards type="Turn">H5</cards>
</round>
<round no="4"><cards type="River">C5</cards>
</round>
</game>
</session>
