<?xml version="1.0" encoding="UTF-8"?>
<session sessioncode="5047750361">
<general>
<client_version>25.1.1.16</client_version>
<mode>real</mode>
<gametype>Holdem NL</gametype>
<tablename>Twister €100 SNG, 814040597</tablename>
<tournamentcode>814040596</tournamentcode>
<tournamentname>Twister €100 SNG</tournamentname>
<buyin>€0 + €7 + €93</buyin>
<totalbuyin>€100</totalbuyin>
<rewarddrawn>€200</rewarddrawn>
<tournamentcurrency>EUR</tournamentcurrency>
<currency>EUR</currency>
<nickname>Rakki</nickname>
<gamecount>8</gamecount>
<startdate>2025-07-15 22:50:41</startdate>
<place>3</place>
<win>€0</win>
<tablesize>3</tablesize>
</general>
<game gamecode="6429919707"><general><startdate>2025-07-15 22:50:56</startdate>
<round>1</round>
<failsafecounter/>
<players><player seat="6" name="Rakki" chips="500" dealer="0" win="20" bet="20" muck="1" rebuy="0" addon="0" merge="0" rebuychips="0" reg_code="5047750361"/>
<player seat="10" name="19sfera72" chips="500" dealer="1" win="0" bet="0" muck="1" rebuy="0" addon="0" merge="0" rebuychips="0" reg_code="5047750466"/>
<player seat="3" name="Nonloso6" chips="500" dealer="0" win="0" bet="10" muck="1" rebuy="0" addon="0" merge="0" rebuychips="0" reg_code="5047749595"/>
</players>
</general>
<round no="0"><action no="1" player="Nonloso6" type="1" discard="1" dealt="1" sum="10"/>
<action no="2" player="Rakki" type="2" sum="20"/>
</round>
<round no="1"><cards type="Pocket" player="Nonloso6">X X</cards>
<cards type="Pocket" player="Rakki">C8 H2</cards>
<cards type="Pocket" player="19sfera72">X X</cards>
<action no="3" player="19sfera72" type="0" discard="1" dealt="1" sum="0"/>
<action no="4" player="Nonloso6" type="0" discard="1" dealt="1" sum="0"/>
</round>
</game>
<game gamecode="6429919735"><general><startdate>2025-07-15 22:51:09</startdate>
<round>1</round>
<failsafecounter/>
<players><player seat="10" name="19sfera72" chips="500" dealer="0" win="0" bet="40" muck="1" rebuy="0" addon="0" merge="0" rebuychips="0" reg_code="5047750466"/>
<player seat="3" name="Nonloso6" chips="490" dealer="1" win="90" bet="85" muck="1" rebuy="0" addon="0" merge="0" rebuychips="0" reg_code="5047749595"/>
<player seat="6" name="Rakki" chips="510" dealer="0" win="0" bet="10" muck="1" rebuy="0" addon="0" merge="0" rebuychips="0" reg_code="5047750361"/>
</players>
</general>
<round no="0"><action no="1" player="Rakki" type="1" sum="10"/>
<action no="2" player="19sfera72" type="2" discard="1" dealt="1" sum="20"/>
</round>
<round no="1"><cards type="Pocket" player="19sfera72">X X</cards>
<cards type="Pocket" player="Nonloso6">X X</cards>
<cards type="Pocket" player="Rakki">S8 DK</cards>
<action no="3" player="Nonloso6" type="23" discard="1" dealt="1" sum="40"/>
<action no="4" player="Rakki" type="0" sum="0"/>
<action no="5" player="19sfera72" type="3" discard="1" dealt="1" sum="20"/>
</round>
<round no="2"><cards type="Flop">C5 S10 D8</cards>
<action no="6" player="19sfera72" type="4" discard="1" dealt="1" sum="0"/>
<action no="7" player="Nonloso6" type="5" discard="1" dealt="1" sum="45"/>
<action no="8" player="19sfera72" type="0" discard="1" dealt="1" sum="0"/>
</round>
</game>
<game gamecode="6429919797"><general><startdate>2025-07-15 22:51:34</startdate>
<round>1</round>
<failsafecounter/>
<players><player seat="3" name="Nonloso6" chips="540" dealer="0" win="40" bet="60" muck="1" rebuy="0" addon="0" merge="0" rebuychips="0" reg_code="5047749595"/>
<player seat="6" name="Rakki" chips="500" dealer="1" win="0" bet="0" muck="1" rebuy="0" addon="0" merge="0" rebuychips="0" reg_code="5047750361"/>
<player seat="10" name="19sfera72" chips="460" dealer="0" win="0" bet="20" muck="1" rebuy="0" addon="0" merge="0" rebuychips="0" reg_code="5047750466"/>
</players>
</general>
<round no="0"><action no="1" player="19sfera72" type="1" discard="1" dealt="1" sum="10"/>
<action no="2" player="Nonloso6" type="2" discard="1" dealt="1" sum="20"/>
</round>
<round no="1"><cards type="Pocket" player="Rakki">DQ S6</cards>
<cards type="Pocket" player="Nonloso6">X X</cards>
<cards type="Pocket" player="19sfera72">X X</cards>
<action no="3" player="Rakki" type="0" sum="0"/>
<action no="4" player="19sfera72" type="3" discard="1" dealt="1" sum="10"/>
<action no="5" player="Nonloso6" type="23" discard="1" dealt="1" sum="60"/>
<action no="6" player="19sfera72" type="0" discard="1" dealt="1" sum="0"/>
</round>
</game>
<game gamecode="6429919839"><general><startdate>2025-07-15 22:51:49</startdate>
<round>1</round>
<failsafecounter/>
<players><player seat="6" name="Rakki" chips="500" dealer="0" win="0" bet="40" muck="1" rebuy="0" addon="0" merge="0" rebuychips="0" reg_code="5047750361"/>
<player seat="10" name="19sfera72" chips="440" dealer="1" win="90" bet="100" muck="1" rebuy="0" addon="0" merge="0" rebuychips="0" reg_code="5047750466"/>
<player seat="3" name="Nonloso6" chips="560" dealer="0" win="0" bet="10" muck="1" rebuy="0" addon="0" merge="0" rebuychips="0" reg_code="5047749595"/>
</players>
</general>
<round no="0"><action no="1" player="Nonloso6" type="1" discard="1" dealt="1" sum="10"/>
<action no="2" player="Rakki" type="2" sum="20"/>
</round>
<round no="1"><cards type="Pocket" player="Rakki">C9 HK</cards>
<cards type="Pocket" player="19sfera72">X X</cards>
<cards type="Pocket" player="Nonloso6">X X</cards>
<action no="3" player="19sfera72" type="23" discard="1" dealt="1" sum="40"/>
<action no="4" player="Nonloso6" type="0" discard="1" dealt="1" sum="0"/>
<action no="5" player="Rakki" type="3" sum="20"/>
</round>
<round no="2"><cards type="Flop">D5 D10 C8</cards>
<action no="6" player="Rakki" type="4" sum="0"/>
<action no="7" player="19sfera72" type="4" discard="1" dealt="1" sum="0"/>
</round>
<round no="3"><cards type="Turn">CJ</cards>
<action no="8" player="Rakki" type="4" sum="0"/>
<action no="9" player="19sfera72" type="4" discard="1" dealt="1" sum="0"/>
</round>
<round no="4"><cards type="River">C10</cards>
<action no="10" player="Rakki" type="4" sum="0"/>
<action no="11" player="19sfera72" type="5" discard="1" dealt="1" sum="60"/>
<action no="12" player="Rakki" type="0" sum="0"/>
</round>
</game>
<game gamecode="6429919943"><general><startdate>2025-07-15 22:52:33</startdate>
<round>1</round>
<failsafecounter/>
<players><player seat="10" name="19sfera72" chips="490" dealer="0" win="0" bet="20" muck="1" rebuy="0" addon="0" merge="0" rebuychips="0" reg_code="5047750466"/>
<player seat="3" name="Nonloso6" chips="550" dealer="1" win="50" bet="40" muck="1" rebuy="0" addon="0" merge="0" rebuychips="0" reg_code="5047749595"/>
<player seat="6" name="Rakki" chips="460" dealer="0" win="0" bet="10" muck="1" rebuy="0" addon="0" merge="0" rebuychips="0" reg_code="5047750361"/>
</players>
</general>
<round no="0"><action no="1" player="Rakki" type="1" sum="10"/>
<action no="2" player="19sfera72" type="2" discard="1" dealt="1" sum="20"/>
</round>
<round no="1"><cards type="Pocket" player="Rakki">H7 HQ</cards>
<cards type="Pocket" player="19sfera72">X X</cards>
<cards type="Pocket" player="Nonloso6">X X</cards>
<action no="3" player="Nonloso6" type="23" discard="1" dealt="1" sum="40"/>
<action no="4" player="Rakki" type="0" sum="0"/>
<action no="5" player="19sfera72" type="0" discard="1" dealt="1" sum="0"/>
</round>
</game>
<game gamecode="6429919978"><general><startdate>2025-07-15 22:52:49</startdate>
<round>1</round>
<failsafecounter/>
<players><player seat="3" name="Nonloso6" chips="580" dealer="0" win="390" bet="580" muck="1" rebuy="0" addon="0" merge="0" rebuychips="0" reg_code="5047749595"/>
<player seat="6" name="Rakki" chips="450" dealer="1" win="0" bet="185" muck="1" rebuy="0" addon="0" merge="0" rebuychips="0" reg_code="5047750361"/>
<player seat="10" name="19sfera72" chips="470" dealer="0" win="0" bet="20" muck="1" rebuy="0" addon="0" merge="0" rebuychips="0" reg_code="5047750466"/>
</players>
</general>
<round no="0"><action no="1" player="19sfera72" type="15" discard="1" dealt="1" sum="5"/>
<action no="2" player="Nonloso6" type="15" discard="1" dealt="1" sum="5"/>
<action no="3" player="Rakki" type="15" sum="5"/>
<action no="4" player="19sfera72" type="1" discard="1" dealt="1" sum="15"/>
<action no="5" player="Nonloso6" type="2" discard="1" dealt="1" sum="30"/>
</round>
<round no="1"><cards type="Pocket" player="Nonloso6">X X</cards>
<cards type="Pocket" player="19sfera72">X X</cards>
<cards type="Pocket" player="Rakki">D8 DK</cards>
<action no="6" player="Rakki" type="23" sum="60"/>
<action no="7" player="19sfera72" type="0" discard="1" dealt="1" sum="0"/>
<action no="8" player="Nonloso6" type="3" discard="1" dealt="1" sum="30"/>
</round>
<round no="2"><cards type="Flop">DQ S8 D10</cards>
<action no="9" player="Nonloso6" type="4" discard="1" dealt="1" sum="0"/>
<action no="10" player="Rakki" type="5" sum="30"/>
<action no="11" player="Nonloso6" type="3" discard="1" dealt="1" sum="30"/>
</round>
<round no="3"><cards type="Turn">HJ</cards>
<action no="12" player="Nonloso6" type="5" discard="1" dealt="1" sum="90"/>
<action no="13" player="Rakki" type="3" sum="90"/>
</round>
<round no="4"><cards type="River">C7</cards>
<action no="14" player="Nonloso6" type="5" discard="1" dealt="1" sum="395"/>
<action no="15" player="Rakki" type="0" sum="0"/>
</round>
</game>
<game gamecode="6429920103"><general><startdate>2025-07-15 22:53:37</startdate>
<round>1</round>
<failsafecounter/>
<players><player seat="6" name="Rakki" chips="265" dealer="0" win="0" bet="35" muck="1" rebuy="0" addon="0" merge="0" rebuychips="0" reg_code="5047750361"/>
<player seat="10" name="19sfera72" chips="450" dealer="1" win="90" bet="95" muck="1" rebuy="0" addon="0" merge="0" rebuychips="0" reg_code="5047750466"/>
<player seat="3" name="Nonloso6" chips="785" dealer="0" win="0" bet="20" muck="1" rebuy="0" addon="0" merge="0" rebuychips="0" reg_code="5047749595"/>
</players>
</general>
<round no="0"><action no="1" player="Nonloso6" type="15" discard="1" dealt="1" sum="5"/>
<action no="2" player="Rakki" type="15" sum="5"/>
<action no="3" player="19sfera72" type="15" discard="1" dealt="1" sum="5"/>
<action no="4" player="Nonloso6" type="1" discard="1" dealt="1" sum="15"/>
<action no="5" player="Rakki" type="2" sum="30"/>
</round>
<round no="1"><cards type="Pocket" player="19sfera72">X X</cards>
<cards type="Pocket" player="Rakki">H4 D8</cards>
<cards type="Pocket" player="Nonloso6">X X</cards>
<action no="6" player="19sfera72" type="23" discard="1" dealt="1" sum="90"/>
<action no="7" player="Nonloso6" type="0" discard="1" dealt="1" sum="0"/>
<action no="8" player="Rakki" type="0" sum="0"/>
</round>
</game>
<game gamecode="6429920125"><general><startdate>2025-07-15 22:53:48</startdate>
<round>1</round>
<failsafecounter/>
<players><player seat="10" name="19sfera72" chips="505" dealer="0" win="465" bet="230" muck="0" rebuy="0" addon="0" merge="0" rebuychips="0" reg_code="5047750466"/>
<player seat="3" name="Nonloso6" chips="765" dealer="1" win="0" bet="5" muck="1" rebuy="0" addon="0" merge="0" rebuychips="0" reg_code="5047749595"/>
<player seat="6" name="Rakki" chips="230" dealer="0" win="0" bet="230" muck="0" rebuy="0" addon="0" merge="0" rebuychips="0" reg_code="5047750361"/>
</players>
</general>
<round no="0"><action no="1" player="Rakki" type="15" sum="5"/>
<action no="2" player="19sfera72" type="15" discard="1" dealt="1" sum="5"/>
<action no="3" player="Nonloso6" type="15" discard="1" dealt="1" sum="5"/>
<action no="4" player="Rakki" type="1" sum="15"/>
<action no="5" player="19sfera72" type="2" discard="1" dealt="1" sum="30"/>
</round>
<round no="1"><cards type="Pocket" player="Rakki">HA S7</cards>
<cards type="Pocket" player="19sfera72">DA C8</cards>
<cards type="Pocket" player="Nonloso6">X X</cards>
<action no="6" player="Nonloso6" type="0" discard="1" dealt="1" sum="0"/>
<action no="7" player="Rakki" type="23" sum="225"/>
<action no="8" player="19sfera72" type="3" discard="1" dealt="1" sum="195"/>
</round>
<round no="2"><cards type="Flop">H5 S9 H10</cards>
</round>
<round no="3"><cards type="Turn">S8</cards>
</round>
<round no="4"><cards type="River">S10</cards>
</round>
</game>
</session>
