<?xml version="1.0" encoding="UTF-8"?>
<session sessioncode="5047796873">
<general>
<client_version>25.1.1.16</client_version>
<mode>real</mode>
<gametype>Holdem NL</gametype>
<tablename>Twister €100 SNG, 814055903</tablename>
<tournamentcode>814055902</tournamentcode>
<tournamentname>Twister €100 SNG</tournamentname>
<buyin>€0 + €7 + €93</buyin>
<totalbuyin>€100</totalbuyin>
<rewarddrawn>€200</rewarddrawn>
<tournamentcurrency>EUR</tournamentcurrency>
<currency>EUR</currency>
<nickname>Rakki</nickname>
<gamecount>29</gamecount>
<startdate>2025-07-16 03:28:52</startdate>
<place>2</place>
<win>€0</win>
<tablesize>3</tablesize>
</general>
<game gamecode="6430117844"><general><startdate>2025-07-16 03:29:07</startdate>
<round>1</round>
<failsafecounter/>
<players><player seat="10" name="Pompei1" chips="500" dealer="0" win="80" bet="40" muck="0" rebuy="0" addon="0" merge="0" rebuychips="0" reg_code="5047796930"/>
<player seat="3" name="OndaBianca1" chips="500" dealer="1" win="0" bet="0" muck="1" rebuy="0" addon="0" merge="0" rebuychips="0" reg_code="5047796863"/>
<player seat="6" name="Rakki" chips="500" dealer="0" win="0" bet="40" muck="1" rebuy="0" addon="0" merge="0" rebuychips="0" reg_code="5047796873"/>
</players>
</general>
<round no="0"><action no="1" player="Rakki" type="1" sum="10"/>
<action no="2" player="Pompei1" type="2" discard="1" dealt="1" sum="20"/>
</round>
<round no="1"><cards type="Pocket" player="Pompei1">H2 D6</cards>
<cards type="Pocket" player="Rakki">CQ C5</cards>
<cards type="Pocket" player="OndaBianca1">X X</cards>
<action no="3" player="OndaBianca1" type="0" discard="1" dealt="1" sum="0"/>
<action no="4" player="Rakki" type="3" sum="10"/>
<action no="5" player="Pompei1" type="4" discard="1" dealt="1" sum="0"/>
</round>
<round no="2"><cards type="Flop">CJ S6 S5</cards>
<action no="6" player="Rakki" type="4" sum="0"/>
<action no="7" player="Pompei1" type="4" discard="1" dealt="1" sum="0"/>
</round>
<round no="3"><cards type="Turn">HK</cards>
<action no="8" player="Rakki" type="4" sum="0"/>
<action no="9" player="Pompei1" type="5" discard="1" dealt="1" sum="20"/>
<action no="10" player="Rakki" type="3" sum="20"/>
</round>
<round no="4"><cards type="River">H4</cards>
<action no="11" player="Rakki" type="4" sum="0"/>
<action no="12" player="Pompei1" type="4" discard="1" dealt="1" sum="0"/>
</round>
</game>
<game gamecode="6430117858"><general><startdate>2025-07-16 03:29:24</startdate>
<round>1</round>
<failsafecounter/>
<players><player seat="3" name="OndaBianca1" chips="500" dealer="0" win="40" bet="40" muck="1" rebuy="0" addon="0" merge="0" rebuychips="0" reg_code="5047796863"/>
<player seat="6" name="Rakki" chips="460" dealer="1" win="0" bet="0" muck="1" rebuy="0" addon="0" merge="0" rebuychips="0" reg_code="5047796873"/>
<player seat="10" name="Pompei1" chips="540" dealer="0" win="0" bet="20" muck="1" rebuy="0" addon="0" merge="0" rebuychips="0" reg_code="5047796930"/>
</players>
</general>
<round no="0"><action no="1" player="Pompei1" type="1" discard="1" dealt="1" sum="10"/>
<action no="2" player="OndaBianca1" type="2" discard="1" dealt="1" sum="20"/>
</round>
<round no="1"><cards type="Pocket" player="OndaBianca1">X X</cards>
<cards type="Pocket" player="Rakki">D5 S7</cards>
<cards type="Pocket" player="Pompei1">X X</cards>
<action no="3" player="Rakki" type="0" sum="0"/>
<action no="4" player="Pompei1" type="3" discard="1" dealt="1" sum="10"/>
<action no="5" player="OndaBianca1" type="4" discard="1" dealt="1" sum="0"/>
</round>
<round no="2"><cards type="Flop">D10 D6 H6</cards>
<action no="6" player="Pompei1" type="4" discard="1" dealt="1" sum="0"/>
<action no="7" player="OndaBianca1" type="5" discard="1" dealt="1" sum="20"/>
<action no="8" player="Pompei1" type="0" discard="1" dealt="1" sum="0"/>
</round>
</game>
<game gamecode="6430117868"><general><startdate>2025-07-16 03:29:36</startdate>
<round>1</round>
<failsafecounter/>
<players><player seat="6" name="Rakki" chips="460" dealer="0" win="20" bet="20" muck="1" rebuy="0" addon="0" merge="0" rebuychips="0" reg_code="5047796873"/>
<player seat="10" name="Pompei1" chips="520" dealer="1" win="0" bet="0" muck="1" rebuy="0" addon="0" merge="0" rebuychips="0" reg_code="5047796930"/>
<player seat="3" name="OndaBianca1" chips="520" dealer="0" win="0" bet="10" muck="1" rebuy="0" addon="0" merge="0" rebuychips="0" reg_code="5047796863"/>
</players>
</general>
<round no="0"><action no="1" player="OndaBianca1" type="1" discard="1" dealt="1" sum="10"/>
<action no="2" player="Rakki" type="2" sum="20"/>
</round>
<round no="1"><cards type="Pocket" player="OndaBianca1">X X</cards>
<cards type="Pocket" player="Rakki">C9 D4</cards>
<cards type="Pocket" player="Pompei1">X X</cards>
<action no="3" player="Pompei1" type="0" discard="1" dealt="1" sum="0"/>
<action no="4" player="OndaBianca1" type="0" discard="1" dealt="1" sum="0"/>
</round>
</game>
<game gamecode="6430117881"><general><startdate>2025-07-16 03:29:53</startdate>
<round>1</round>
<failsafecounter/>
<players><player seat="10" name="Pompei1" chips="520" dealer="0" win="80" bet="40" muck="0" rebuy="0" addon="0" merge="0" rebuychips="0" reg_code="5047796930"/>
<player seat="3" name="OndaBianca1" chips="510" dealer="1" win="0" bet="0" muck="1" rebuy="0" addon="0" merge="0" rebuychips="0" reg_code="5047796863"/>
<player seat="6" name="Rakki" chips="470" dealer="0" win="0" bet="40" muck="1" rebuy="0" addon="0" merge="0" rebuychips="0" reg_code="5047796873"/>
</players>
</general>
<round no="0"><action no="1" player="Rakki" type="1" sum="10"/>
<action no="2" player="Pompei1" type="2" discard="1" dealt="1" sum="20"/>
</round>
<round no="1"><cards type="Pocket" player="Pompei1">D10 D7</cards>
<cards type="Pocket" player="Rakki">S10 S2</cards>
<cards type="Pocket" player="OndaBianca1">X X</cards>
<action no="3" player="OndaBianca1" type="0" discard="1" dealt="1" sum="0"/>
<action no="4" player="Rakki" type="3" sum="10"/>
<action no="5" player="Pompei1" type="4" discard="1" dealt="1" sum="0"/>
</round>
<round no="2"><cards type="Flop">H3 C9 S9</cards>
<action no="6" player="Rakki" type="5" sum="20"/>
<action no="7" player="Pompei1" type="3" discard="1" dealt="1" sum="20"/>
</round>
<round no="3"><cards type="Turn">D5</cards>
<action no="8" player="Rakki" type="4" sum="0"/>
<action no="9" player="Pompei1" type="4" discard="1" dealt="1" sum="0"/>
</round>
<round no="4"><cards type="River">DA</cards>
<action no="10" player="Rakki" type="4" sum="0"/>
<action no="11" player="Pompei1" type="4" discard="1" dealt="1" sum="0"/>
</round>
</game>
<game gamecode="6430117895"><general><startdate>2025-07-16 03:30:10</startdate>
<round>1</round>
<failsafecounter/>
<players><player seat="3" name="OndaBianca1" chips="510" dealer="0" win="0" bet="20" muck="1" rebuy="0" addon="0" merge="0" rebuychips="0" reg_code="5047796863"/>
<player seat="6" name="Rakki" chips="430" dealer="1" win="50" bet="40" muck="1" rebuy="0" addon="0" merge="0" rebuychips="0" reg_code="5047796873"/>
<player seat="10" name="Pompei1" chips="560" dealer="0" win="0" bet="10" muck="1" rebuy="0" addon="0" merge="0" rebuychips="0" reg_code="5047796930"/>
</players>
</general>
<round no="0"><action no="1" player="Pompei1" type="1" discard="1" dealt="1" sum="10"/>
<action no="2" player="OndaBianca1" type="2" discard="1" dealt="1" sum="20"/>
</round>
<round no="1"><cards type="Pocket" player="OndaBianca1">X X</cards>
<cards type="Pocket" player="Rakki">DJ HJ</cards>
<cards type="Pocket" player="Pompei1">X X</cards>
<action no="3" player="Rakki" type="23" sum="40"/>
<action no="4" player="Pompei1" type="0" discard="1" dealt="1" sum="0"/>
<action no="5" player="OndaBianca1" type="0" discard="1" dealt="1" sum="0"/>
</round>
</game>
<game gamecode="6430117899"><general><startdate>2025-07-16 03:30:18</startdate>
<round>1</round>
<failsafecounter/>
<players><player seat="6" name="Rakki" chips="460" dealer="0" win="0" bet="20" muck="1" rebuy="0" addon="0" merge="0" rebuychips="0" reg_code="5047796873"/>
<player seat="10" name="Pompei1" chips="550" dealer="1" win="50" bet="70" muck="1" rebuy="0" addon="0" merge="0" rebuychips="0" reg_code="5047796930"/>
<player seat="3" name="OndaBianca1" chips="490" dealer="0" win="0" bet="10" muck="1" rebuy="0" addon="0" merge="0" rebuychips="0" reg_code="5047796863"/>
</players>
</general>
<round no="0"><action no="1" player="OndaBianca1" type="1" discard="1" dealt="1" sum="10"/>
<action no="2" player="Rakki" type="2" sum="20"/>
</round>
<round no="1"><cards type="Pocket" player="Pompei1">X X</cards>
<cards type="Pocket" player="OndaBianca1">X X</cards>
<cards type="Pocket" player="Rakki">S6 C2</cards>
<action no="3" player="Pompei1" type="3" discard="1" dealt="1" sum="20"/>
<action no="4" player="OndaBianca1" type="0" discard="1" dealt="1" sum="0"/>
<action no="5" player="Rakki" type="4" sum="0"/>
</round>
<round no="2"><cards type="Flop">HJ DK D7</cards>
<action no="6" player="Rakki" type="4" sum="0"/>
<action no="7" player="Pompei1" type="4" discard="1" dealt="1" sum="0"/>
</round>
<round no="3"><cards type="Turn">H4</cards>
<action no="8" player="Rakki" type="4" sum="0"/>
<action no="9" player="Pompei1" type="5" discard="1" dealt="1" sum="50"/>
<action no="10" player="Rakki" type="0" sum="0"/>
</round>
</game>
<game gamecode="6430117920"><general><startdate>2025-07-16 03:30:43</startdate>
<round>1</round>
<failsafecounter/>
<players><player seat="10" name="Pompei1" chips="580" dealer="0" win="0" bet="20" muck="1" rebuy="0" addon="0" merge="0" rebuychips="0" reg_code="5047796930"/>
<player seat="3" name="OndaBianca1" chips="480" dealer="1" win="0" bet="0" muck="1" rebuy="0" addon="0" merge="0" rebuychips="0" reg_code="5047796863"/>
<player seat="6" name="Rakki" chips="440" dealer="0" win="40" bet="40" muck="1" rebuy="0" addon="0" merge="0" rebuychips="0" reg_code="5047796873"/>
</players>
</general>
<round no="0"><action no="1" player="Rakki" type="1" sum="10"/>
<action no="2" player="Pompei1" type="2" discard="1" dealt="1" sum="20"/>
</round>
<round no="1"><cards type="Pocket" player="OndaBianca1">X X</cards>
<cards type="Pocket" player="Rakki">H5 H10</cards>
<cards type="Pocket" player="Pompei1">X X</cards>
<action no="3" player="OndaBianca1" type="0" discard="1" dealt="1" sum="0"/>
<action no="4" player="Rakki" type="3" sum="10"/>
<action no="5" player="Pompei1" type="4" discard="1" dealt="1" sum="0"/>
</round>
<round no="2"><cards type="Flop">H2 S10 DK</cards>
<action no="6" player="Rakki" type="4" sum="0"/>
<action no="7" player="Pompei1" type="4" discard="1" dealt="1" sum="0"/>
</round>
<round no="3"><cards type="Turn">C4</cards>
<action no="8" player="Rakki" type="5" sum="20"/>
<action no="9" player="Pompei1" type="0" discard="1" dealt="1" sum="0"/>
</round>
</game>
<game gamecode="6430117932"><general><startdate>2025-07-16 03:30:56</startdate>
<round>1</round>
<failsafecounter/>
<players><player seat="3" name="OndaBianca1" chips="480" dealer="0" win="0" bet="35" muck="1" rebuy="0" addon="0" merge="0" rebuychips="0" reg_code="5047796863"/>
<player seat="6" name="Rakki" chips="460" dealer="1" win="90" bet="460" muck="1" rebuy="0" addon="0" merge="0" rebuychips="0" reg_code="5047796873"/>
<player seat="10" name="Pompei1" chips="560" dealer="0" win="0" bet="20" muck="1" rebuy="0" addon="0" merge="0" rebuychips="0" reg_code="5047796930"/>
</players>
</general>
<round no="0"><action no="1" player="Pompei1" type="15" discard="1" dealt="1" sum="5"/>
<action no="2" player="OndaBianca1" type="15" discard="1" dealt="1" sum="5"/>
<action no="3" player="Rakki" type="15" sum="5"/>
<action no="4" player="Pompei1" type="1" discard="1" dealt="1" sum="15"/>
<action no="5" player="OndaBianca1" type="2" discard="1" dealt="1" sum="30"/>
</round>
<round no="1"><cards type="Pocket" player="Rakki">CA SJ</cards>
<cards type="Pocket" player="Pompei1">X X</cards>
<cards type="Pocket" player="OndaBianca1">X X</cards>
<action no="6" player="Rakki" type="23" sum="455"/>
<action no="7" player="Pompei1" type="0" discard="1" dealt="1" sum="0"/>
<action no="8" player="OndaBianca1" type="0" discard="1" dealt="1" sum="0"/>
</round>
</game>
<game gamecode="6430117936"><general><startdate>2025-07-16 03:31:04</startdate>
<round>1</round>
<failsafecounter/>
<players><player seat="6" name="Rakki" chips="515" dealer="0" win="90" bet="515" muck="1" rebuy="0" addon="0" merge="0" rebuychips="0" reg_code="5047796873"/>
<player seat="10" name="Pompei1" chips="540" dealer="1" win="0" bet="35" muck="1" rebuy="0" addon="0" merge="0" rebuychips="0" reg_code="5047796930"/>
<player seat="3" name="OndaBianca1" chips="445" dealer="0" win="0" bet="20" muck="1" rebuy="0" addon="0" merge="0" rebuychips="0" reg_code="5047796863"/>
</players>
</general>
<round no="0"><action no="1" player="OndaBianca1" type="15" discard="1" dealt="1" sum="5"/>
<action no="2" player="Rakki" type="15" sum="5"/>
<action no="3" player="Pompei1" type="15" discard="1" dealt="1" sum="5"/>
<action no="4" player="OndaBianca1" type="1" discard="1" dealt="1" sum="15"/>
<action no="5" player="Rakki" type="2" sum="30"/>
</round>
<round no="1"><cards type="Pocket" player="Pompei1">X X</cards>
<cards type="Pocket" player="OndaBianca1">X X</cards>
<cards type="Pocket" player="Rakki">C3 HA</cards>
<action no="6" player="Pompei1" type="3" discard="1" dealt="1" sum="30"/>
<action no="7" player="OndaBianca1" type="0" discard="1" dealt="1" sum="0"/>
<action no="8" player="Rakki" type="23" sum="510"/>
<action no="9" player="Pompei1" type="0" discard="1" dealt="1" sum="0"/>
</round>
</game>
<game gamecode="6430117942"><general><startdate>2025-07-16 03:31:14</startdate>
<round>1</round>
<failsafecounter/>
<players><player seat="10" name="Pompei1" chips="505" dealer="0" win="0" bet="132" muck="1" rebuy="0" addon="0" merge="0" rebuychips="0" reg_code="5047796930"/>
<player seat="3" name="OndaBianca1" chips="425" dealer="1" win="0" bet="5" muck="1" rebuy="0" addon="0" merge="0" rebuychips="0" reg_code="5047796863"/>
<player seat="6" name="Rakki" chips="570" dealer="0" win="269" bet="132" muck="0" rebuy="0" addon="0" merge="0" rebuychips="0" reg_code="5047796873"/>
</players>
</general>
<round no="0"><action no="1" player="Rakki" type="15" sum="5"/>
<action no="2" player="Pompei1" type="15" discard="1" dealt="1" sum="5"/>
<action no="3" player="OndaBianca1" type="15" discard="1" dealt="1" sum="5"/>
<action no="4" player="Rakki" type="1" sum="15"/>
<action no="5" player="Pompei1" type="2" discard="1" dealt="1" sum="30"/>
</round>
<round no="1"><cards type="Pocket" player="OndaBianca1">X X</cards>
<cards type="Pocket" player="Pompei1">S6 C9</cards>
<cards type="Pocket" player="Rakki">D6 DJ</cards>
<action no="6" player="OndaBianca1" type="0" discard="1" dealt="1" sum="0"/>
<action no="7" player="Rakki" type="3" sum="15"/>
<action no="8" player="Pompei1" type="4" discard="1" dealt="1" sum="0"/>
</round>
<round no="2"><cards type="Flop">DA CJ C6</cards>
<action no="9" player="Rakki" type="4" sum="0"/>
<action no="10" player="Pompei1" type="4" discard="1" dealt="1" sum="0"/>
</round>
<round no="3"><cards type="Turn">SA</cards>
<action no="11" player="Rakki" type="5" sum="30"/>
<action no="12" player="Pompei1" type="3" discard="1" dealt="1" sum="30"/>
</round>
<round no="4"><cards type="River">D3</cards>
<action no="13" player="Rakki" type="5" sum="67"/>
<action no="14" player="Pompei1" type="3" discard="1" dealt="1" sum="67"/>
</round>
</game>
<game gamecode="6430117960"><general><startdate>2025-07-16 03:31:33</startdate>
<round>1</round>
<failsafecounter/>
<players><player seat="3" name="OndaBianca1" chips="420" dealer="0" win="0" bet="35" muck="1" rebuy="0" addon="0" merge="0" rebuychips="0" reg_code="5047796863"/>
<player seat="6" name="Rakki" chips="707" dealer="1" win="0" bet="5" muck="1" rebuy="0" addon="0" merge="0" rebuychips="0" reg_code="5047796873"/>
<player seat="10" name="Pompei1" chips="373" dealer="0" win="75" bet="373" muck="1" rebuy="0" addon="0" merge="0" rebuychips="0" reg_code="5047796930"/>
</players>
</general>
<round no="0"><action no="1" player="Pompei1" type="15" discard="1" dealt="1" sum="5"/>
<action no="2" player="OndaBianca1" type="15" discard="1" dealt="1" sum="5"/>
<action no="3" player="Rakki" type="15" sum="5"/>
<action no="4" player="Pompei1" type="1" discard="1" dealt="1" sum="15"/>
<action no="5" player="OndaBianca1" type="2" discard="1" dealt="1" sum="30"/>
</round>
<round no="1"><cards type="Pocket" player="OndaBianca1">X X</cards>
<cards type="Pocket" player="Rakki">CQ D5</cards>
<cards type="Pocket" player="Pompei1">X X</cards>
<action no="6" player="Rakki" type="0" sum="0"/>
<action no="7" player="Pompei1" type="23" discard="1" dealt="1" sum="368"/>
<action no="8" player="OndaBianca1" type="0" discard="1" dealt="1" sum="0"/>
</round>
</game>
<game gamecode="6430117972"><general><startdate>2025-07-16 03:31:45</startdate>
<round>1</round>
<failsafecounter/>
<players><player seat="6" name="Rakki" chips="702" dealer="0" win="0" bet="35" muck="1" rebuy="0" addon="0" merge="0" rebuychips="0" reg_code="5047796873"/>
<player seat="10" name="Pompei1" chips="413" dealer="1" win="0" bet="5" muck="1" rebuy="0" addon="0" merge="0" rebuychips="0" reg_code="5047796930"/>
<player seat="3" name="OndaBianca1" chips="385" dealer="0" win="75" bet="385" muck="1" rebuy="0" addon="0" merge="0" rebuychips="0" reg_code="5047796863"/>
</players>
</general>
<round no="0"><action no="1" player="OndaBianca1" type="15" discard="1" dealt="1" sum="5"/>
<action no="2" player="Rakki" type="15" sum="5"/>
<action no="3" player="Pompei1" type="15" discard="1" dealt="1" sum="5"/>
<action no="4" player="OndaBianca1" type="1" discard="1" dealt="1" sum="15"/>
<action no="5" player="Rakki" type="2" sum="30"/>
</round>
<round no="1"><cards type="Pocket" player="Pompei1">X X</cards>
<cards type="Pocket" player="Rakki">C2 C3</cards>
<cards type="Pocket" player="OndaBianca1">X X</cards>
<action no="6" player="Pompei1" type="0" discard="1" dealt="1" sum="0"/>
<action no="7" player="OndaBianca1" type="23" discard="1" dealt="1" sum="380"/>
<action no="8" player="Rakki" type="0" sum="0"/>
</round>
</game>
<game gamecode="6430117978"><general><startdate>2025-07-16 03:31:55</startdate>
<round>1</round>
<failsafecounter/>
<players><player seat="10" name="Pompei1" chips="408" dealer="0" win="0" bet="35" muck="1" rebuy="0" addon="0" merge="0" rebuychips="0" reg_code="5047796930"/>
<player seat="3" name="OndaBianca1" chips="425" dealer="1" win="90" bet="425" muck="1" rebuy="0" addon="0" merge="0" rebuychips="0" reg_code="5047796863"/>
<player seat="6" name="Rakki" chips="667" dealer="0" win="0" bet="20" muck="1" rebuy="0" addon="0" merge="0" rebuychips="0" reg_code="5047796873"/>
</players>
</general>
<round no="0"><action no="1" player="Rakki" type="15" sum="5"/>
<action no="2" player="Pompei1" type="15" discard="1" dealt="1" sum="5"/>
<action no="3" player="OndaBianca1" type="15" discard="1" dealt="1" sum="5"/>
<action no="4" player="Rakki" type="1" sum="15"/>
<action no="5" player="Pompei1" type="2" discard="1" dealt="1" sum="30"/>
</round>
<round no="1"><cards type="Pocket" player="Pompei1">X X</cards>
<cards type="Pocket" player="OndaBianca1">X X</cards>
<cards type="Pocket" player="Rakki">H9 H6</cards>
<action no="6" player="OndaBianca1" type="23" discard="1" dealt="1" sum="420"/>
<action no="7" player="Rakki" type="0" sum="0"/>
<action no="8" player="Pompei1" type="0" discard="1" dealt="1" sum="0"/>
</round>
</game>
<game gamecode="6430117990"><general><startdate>2025-07-16 03:32:04</startdate>
<round>1</round>
<failsafecounter/>
<players><player seat="3" name="OndaBianca1" chips="480" dealer="0" win="0" bet="35" muck="1" rebuy="0" addon="0" merge="0" rebuychips="0" reg_code="5047796863"/>
<player seat="6" name="Rakki" chips="647" dealer="1" win="90" bet="647" muck="1" rebuy="0" addon="0" merge="0" rebuychips="0" reg_code="5047796873"/>
<player seat="10" name="Pompei1" chips="373" dealer="0" win="0" bet="20" muck="1" rebuy="0" addon="0" merge="0" rebuychips="0" reg_code="5047796930"/>
</players>
</general>
<round no="0"><action no="1" player="Pompei1" type="15" discard="1" dealt="1" sum="5"/>
<action no="2" player="OndaBianca1" type="15" discard="1" dealt="1" sum="5"/>
<action no="3" player="Rakki" type="15" sum="5"/>
<action no="4" player="Pompei1" type="1" discard="1" dealt="1" sum="15"/>
<action no="5" player="OndaBianca1" type="2" discard="1" dealt="1" sum="30"/>
</round>
<round no="1"><cards type="Pocket" player="OndaBianca1">X X</cards>
<cards type="Pocket" player="Rakki">DJ D9</cards>
<cards type="Pocket" player="Pompei1">X X</cards>
<action no="6" player="Rakki" type="23" sum="642"/>
<action no="7" player="Pompei1" type="0" discard="1" dealt="1" sum="0"/>
<action no="8" player="OndaBianca1" type="0" discard="1" dealt="1" sum="0"/>
</round>
</game>
<game gamecode="6430123014"><general><startdate>2025-07-16 03:32:21</startdate>
<round>1</round>
<failsafecounter/>
<players><player seat="6" name="Rakki" chips="702" dealer="0" win="135" bet="155" muck="1" rebuy="0" addon="0" merge="0" rebuychips="0" reg_code="5047796873"/>
<player seat="10" name="Pompei1" chips="353" dealer="1" win="0" bet="5" muck="1" rebuy="0" addon="0" merge="0" rebuychips="0" reg_code="5047796930"/>
<player seat="3" name="OndaBianca1" chips="445" dealer="0" win="0" bet="65" muck="1" rebuy="0" addon="0" merge="0" rebuychips="0" reg_code="5047796863"/>
</players>
</general>
<round no="0"><action no="1" player="OndaBianca1" type="15" discard="1" dealt="1" sum="5"/>
<action no="2" player="Rakki" type="15" sum="5"/>
<action no="3" player="Pompei1" type="15" discard="1" dealt="1" sum="5"/>
<action no="4" player="OndaBianca1" type="1" discard="1" dealt="1" sum="15"/>
<action no="5" player="Rakki" type="2" sum="30"/>
</round>
<round no="1"><cards type="Pocket" player="Pompei1">X X</cards>
<cards type="Pocket" player="OndaBianca1">X X</cards>
<cards type="Pocket" player="Rakki">C3 H7</cards>
<action no="6" player="Pompei1" type="0" discard="1" dealt="1" sum="0"/>
<action no="7" player="OndaBianca1" type="3" discard="1" dealt="1" sum="15"/>
<action no="8" player="Rakki" type="4" sum="0"/>
</round>
<round no="2"><cards type="Flop">H10 D7 C7</cards>
<action no="9" player="OndaBianca1" type="4" discard="1" dealt="1" sum="0"/>
<action no="10" player="Rakki" type="5" sum="30"/>
<action no="11" player="OndaBianca1" type="3" discard="1" dealt="1" sum="30"/>
</round>
<round no="3"><cards type="Turn">S6</cards>
<action no="12" player="OndaBianca1" type="4" discard="1" dealt="1" sum="0"/>
<action no="13" player="Rakki" type="5" sum="90"/>
<action no="14" player="OndaBianca1" type="0" discard="1" dealt="1" sum="0"/>
</round>
</game>
<game gamecode="6430123031"><general><startdate>2025-07-16 03:32:47</startdate>
<round>1</round>
<failsafecounter/>
<players><player seat="10" name="Pompei1" chips="348" dealer="0" win="1,044" bet="348" muck="0" rebuy="0" addon="0" merge="0" rebuychips="0" reg_code="5047796930"/>
<player seat="3" name="OndaBianca1" chips="380" dealer="1" win="0" bet="380" muck="1" rebuy="0" addon="0" merge="0" rebuychips="0" reg_code="5047796863"/>
<player seat="6" name="Rakki" chips="772" dealer="0" win="64" bet="772" muck="0" rebuy="0" addon="0" merge="0" rebuychips="0" reg_code="5047796873"/>
</players>
</general>
<round no="0"><action no="1" player="Rakki" type="15" sum="5"/>
<action no="2" player="Pompei1" type="15" discard="1" dealt="1" sum="5"/>
<action no="3" player="OndaBianca1" type="15" discard="1" dealt="1" sum="5"/>
<action no="4" player="Rakki" type="1" sum="20"/>
<action no="5" player="Pompei1" type="2" discard="1" dealt="1" sum="40"/>
</round>
<round no="1"><cards type="Pocket" player="Rakki">SJ SA</cards>
<cards type="Pocket" player="Pompei1">CK S10</cards>
<cards type="Pocket" player="OndaBianca1">C8 HA</cards>
<action no="6" player="OndaBianca1" type="23" discard="1" dealt="1" sum="375"/>
<action no="7" player="Rakki" type="23" sum="767"/>
<action no="8" player="Pompei1" type="7" discard="1" dealt="1" sum="303"/>
</round>
<round no="2"><cards type="Flop">D7 HJ S9</cards>
</round>
<round no="3"><cards type="Turn">CQ</cards>
</round>
<round no="4"><cards type="River">D8</cards>
</round>
</game>
<game gamecode="6430123042"><general><startdate>2025-07-16 03:33:04</startdate>
<round>1</round>
<failsafecounter/>
<players><player seat="10" name="Pompei1" chips="1,044" dealer="0" win="0" bet="45" muck="1" rebuy="0" addon="0" merge="0" rebuychips="0" reg_code="5047796930"/>
<player seat="6" name="Rakki" chips="456" dealer="1" win="90" bet="456" muck="1" rebuy="0" addon="0" merge="0" rebuychips="0" reg_code="5047796873"/>
</players>
</general>
<round no="0"><action no="1" player="Rakki" type="15" sum="5"/>
<action no="2" player="Pompei1" type="15" discard="1" dealt="1" sum="5"/>
<action no="3" player="Rakki" type="1" sum="20"/>
<action no="4" player="Pompei1" type="2" discard="1" dealt="1" sum="40"/>
</round>
<round no="1"><cards type="Pocket" player="Rakki">HA C3</cards>
<cards type="Pocket" player="Pompei1">X X</cards>
<action no="5" player="Rakki" type="23" sum="451"/>
<action no="6" player="Pompei1" type="0" discard="1" dealt="1" sum="0"/>
</round>
</game>
<game gamecode="6430123050"><general><startdate>2025-07-16 03:33:10</startdate>
<round>1</round>
<failsafecounter/>
<players><player seat="6" name="Rakki" chips="501" dealer="0" win="90" bet="135" muck="1" rebuy="0" addon="0" merge="0" rebuychips="0" reg_code="5047796873"/>
<player seat="10" name="Pompei1" chips="999" dealer="1" win="0" bet="45" muck="1" rebuy="0" addon="0" merge="0" rebuychips="0" reg_code="5047796930"/>
</players>
</general>
<round no="0"><action no="1" player="Pompei1" type="15" discard="1" dealt="1" sum="5"/>
<action no="2" player="Rakki" type="15" sum="5"/>
<action no="3" player="Pompei1" type="1" discard="1" dealt="1" sum="20"/>
<action no="4" player="Rakki" type="2" sum="40"/>
</round>
<round no="1"><cards type="Pocket" player="Rakki">S8 S5</cards>
<cards type="Pocket" player="Pompei1">X X</cards>
<action no="5" player="Pompei1" type="3" discard="1" dealt="1" sum="20"/>
<action no="6" player="Rakki" type="4" sum="0"/>
</round>
<round no="2"><cards type="Flop">S6 D8 S2</cards>
<action no="7" player="Rakki" type="4" sum="0"/>
<action no="8" player="Pompei1" type="4" discard="1" dealt="1" sum="0"/>
</round>
<round no="3"><cards type="Turn">S9</cards>
<action no="9" player="Rakki" type="5" sum="90"/>
<action no="10" player="Pompei1" type="0" discard="1" dealt="1" sum="0"/>
</round>
</game>
<game gamecode="6430123061"><general><startdate>2025-07-16 03:33:24</startdate>
<round>1</round>
<failsafecounter/>
<players><player seat="10" name="Pompei1" chips="954" dealer="0" win="216" bet="259" muck="1" rebuy="0" addon="0" merge="0" rebuychips="0" reg_code="5047796930"/>
<player seat="6" name="Rakki" chips="546" dealer="1" win="0" bet="108" muck="1" rebuy="0" addon="0" merge="0" rebuychips="0" reg_code="5047796873"/>
</players>
</general>
<round no="0"><action no="1" player="Rakki" type="15" sum="5"/>
<action no="2" player="Pompei1" type="15" discard="1" dealt="1" sum="5"/>
<action no="3" player="Rakki" type="1" sum="20"/>
<action no="4" player="Pompei1" type="2" discard="1" dealt="1" sum="40"/>
</round>
<round no="1"><cards type="Pocket" player="Rakki">HJ HA</cards>
<cards type="Pocket" player="Pompei1">X X</cards>
<action no="5" player="Rakki" type="3" sum="20"/>
<action no="6" player="Pompei1" type="4" discard="1" dealt="1" sum="0"/>
</round>
<round no="2"><cards type="Flop">D5 H9 DQ</cards>
<action no="7" player="Pompei1" type="4" discard="1" dealt="1" sum="0"/>
<action no="8" player="Rakki" type="4" sum="0"/>
</round>
<round no="3"><cards type="Turn">HK</cards>
<action no="9" player="Pompei1" type="5" discard="1" dealt="1" sum="63"/>
<action no="10" player="Rakki" type="3" sum="63"/>
</round>
<round no="4"><cards type="River">S2</cards>
<action no="11" player="Pompei1" type="5" discard="1" dealt="1" sum="151"/>
<action no="12" player="Rakki" type="0" sum="0"/>
</round>
</game>
<game gamecode="6430123078"><general><startdate>2025-07-16 03:33:47</startdate>
<round>1</round>
<failsafecounter/>
<players><player seat="6" name="Rakki" chips="438" dealer="0" win="0" bet="45" muck="1" rebuy="0" addon="0" merge="0" rebuychips="0" reg_code="5047796873"/>
<player seat="10" name="Pompei1" chips="1,062" dealer="1" win="90" bet="125" muck="1" rebuy="0" addon="0" merge="0" rebuychips="0" reg_code="5047796930"/>
</players>
</general>
<round no="0"><action no="1" player="Pompei1" type="15" discard="1" dealt="1" sum="5"/>
<action no="2" player="Rakki" type="15" sum="5"/>
<action no="3" player="Pompei1" type="1" discard="1" dealt="1" sum="20"/>
<action no="4" player="Rakki" type="2" sum="40"/>
</round>
<round no="1"><cards type="Pocket" player="Rakki">HJ D2</cards>
<cards type="Pocket" player="Pompei1">X X</cards>
<action no="5" player="Pompei1" type="23" discard="1" dealt="1" sum="120"/>
<action no="6" player="Rakki" type="0" sum="0"/>
</round>
</game>
<game gamecode="6430123086"><general><startdate>2025-07-16 03:33:54</startdate>
<round>1</round>
<failsafecounter/>
<players><player seat="10" name="Pompei1" chips="1,107" dealer="0" win="0" bet="45" muck="1" rebuy="0" addon="0" merge="0" rebuychips="0" reg_code="5047796930"/>
<player seat="6" name="Rakki" chips="393" dealer="1" win="90" bet="45" muck="0" rebuy="0" addon="0" merge="0" rebuychips="0" reg_code="5047796873"/>
</players>
</general>
<round no="0"><action no="1" player="Rakki" type="15" sum="5"/>
<action no="2" player="Pompei1" type="15" discard="1" dealt="1" sum="5"/>
<action no="3" player="Rakki" type="1" sum="20"/>
<action no="4" player="Pompei1" type="2" discard="1" dealt="1" sum="40"/>
</round>
<round no="1"><cards type="Pocket" player="Pompei1">S9 CJ</cards>
<cards type="Pocket" player="Rakki">DQ HK</cards>
<action no="5" player="Rakki" type="3" sum="20"/>
<action no="6" player="Pompei1" type="4" discard="1" dealt="1" sum="0"/>
</round>
<round no="2"><cards type="Flop">S3 H5 D6</cards>
<action no="7" player="Pompei1" type="4" discard="1" dealt="1" sum="0"/>
<action no="8" player="Rakki" type="4" sum="0"/>
</round>
<round no="3"><cards type="Turn">D4</cards>
<action no="9" player="Pompei1" type="4" discard="1" dealt="1" sum="0"/>
<action no="10" player="Rakki" type="4" sum="0"/>
</round>
<round no="4"><cards type="River">H4</cards>
<action no="11" player="Pompei1" type="4" discard="1" dealt="1" sum="0"/>
<action no="12" player="Rakki" type="4" sum="0"/>
</round>
</game>
<game gamecode="6430123096"><general><startdate>2025-07-16 03:34:09</startdate>
<round>1</round>
<failsafecounter/>
<players><player seat="6" name="Rakki" chips="438" dealer="0" win="130" bet="65" muck="0" rebuy="0" addon="0" merge="0" rebuychips="0" reg_code="5047796873"/>
<player seat="10" name="Pompei1" chips="1,062" dealer="1" win="0" bet="65" muck="1" rebuy="0" addon="0" merge="0" rebuychips="0" reg_code="5047796930"/>
</players>
</general>
<round no="0"><action no="1" player="Pompei1" type="15" discard="1" dealt="1" sum="5"/>
<action no="2" player="Rakki" type="15" sum="5"/>
<action no="3" player="Pompei1" type="1" discard="1" dealt="1" sum="30"/>
<action no="4" player="Rakki" type="2" sum="60"/>
</round>
<round no="1"><cards type="Pocket" player="Pompei1">H9 DK</cards>
<cards type="Pocket" player="Rakki">S9 C4</cards>
<action no="5" player="Pompei1" type="3" discard="1" dealt="1" sum="30"/>
<action no="6" player="Rakki" type="4" sum="0"/>
</round>
<round no="2"><cards type="Flop">S4 S10 C5</cards>
<action no="7" player="Rakki" type="4" sum="0"/>
<action no="8" player="Pompei1" type="4" discard="1" dealt="1" sum="0"/>
</round>
<round no="3"><cards type="Turn">DA</cards>
<action no="9" player="Rakki" type="4" sum="0"/>
<action no="10" player="Pompei1" type="4" discard="1" dealt="1" sum="0"/>
</round>
<round no="4"><cards type="River">S8</cards>
<action no="11" player="Rakki" type="4" sum="0"/>
<action no="12" player="Pompei1" type="4" discard="1" dealt="1" sum="0"/>
</round>
</game>
<game gamecode="6430123108"><general><startdate>2025-07-16 03:34:22</startdate>
<round>1</round>
<failsafecounter/>
<players><player seat="10" name="Pompei1" chips="997" dealer="0" win="70" bet="65" muck="1" rebuy="0" addon="0" merge="0" rebuychips="0" reg_code="5047796930"/>
<player seat="6" name="Rakki" chips="503" dealer="1" win="0" bet="35" muck="1" rebuy="0" addon="0" merge="0" rebuychips="0" reg_code="5047796873"/>
</players>
</general>
<round no="0"><action no="1" player="Rakki" type="15" sum="5"/>
<action no="2" player="Pompei1" type="15" discard="1" dealt="1" sum="5"/>
<action no="3" player="Rakki" type="1" sum="30"/>
<action no="4" player="Pompei1" type="2" discard="1" dealt="1" sum="60"/>
</round>
<round no="1"><cards type="Pocket" player="Pompei1">X X</cards>
<cards type="Pocket" player="Rakki">D6 H2</cards>
<action no="5" player="Rakki" type="0" sum="0"/>
</round>
</game>
<game gamecode="6430123117"><general><startdate>2025-07-16 03:34:37</startdate>
<round>1</round>
<failsafecounter/>
<players><player seat="6" name="Rakki" chips="468" dealer="0" win="130" bet="468" muck="1" rebuy="0" addon="0" merge="0" rebuychips="0" reg_code="5047796873"/>
<player seat="10" name="Pompei1" chips="1,032" dealer="1" win="0" bet="65" muck="1" rebuy="0" addon="0" merge="0" rebuychips="0" reg_code="5047796930"/>
</players>
</general>
<round no="0"><action no="1" player="Pompei1" type="15" discard="1" dealt="1" sum="5"/>
<action no="2" player="Rakki" type="15" sum="5"/>
<action no="3" player="Pompei1" type="1" discard="1" dealt="1" sum="30"/>
<action no="4" player="Rakki" type="2" sum="60"/>
</round>
<round no="1"><cards type="Pocket" player="Pompei1">X X</cards>
<cards type="Pocket" player="Rakki">D5 HK</cards>
<action no="5" player="Pompei1" type="3" discard="1" dealt="1" sum="30"/>
<action no="6" player="Rakki" type="23" sum="463"/>
<action no="7" player="Pompei1" type="0" discard="1" dealt="1" sum="0"/>
</round>
</game>
<game gamecode="6430123129"><general><startdate>2025-07-16 03:34:49</startdate>
<round>1</round>
<failsafecounter/>
<players><player seat="10" name="Pompei1" chips="967" dealer="0" win="130" bet="245" muck="1" rebuy="0" addon="0" merge="0" rebuychips="0" reg_code="5047796930"/>
<player seat="6" name="Rakki" chips="533" dealer="1" win="0" bet="65" muck="1" rebuy="0" addon="0" merge="0" rebuychips="0" reg_code="5047796873"/>
</players>
</general>
<round no="0"><action no="1" player="Rakki" type="15" sum="5"/>
<action no="2" player="Pompei1" type="15" discard="1" dealt="1" sum="5"/>
<action no="3" player="Rakki" type="1" sum="30"/>
<action no="4" player="Pompei1" type="2" discard="1" dealt="1" sum="60"/>
</round>
<round no="1"><cards type="Pocket" player="Rakki">S8 D9</cards>
<cards type="Pocket" player="Pompei1">X X</cards>
<action no="5" player="Rakki" type="3" sum="30"/>
<action no="6" player="Pompei1" type="23" discard="1" dealt="1" sum="240"/>
<action no="7" player="Rakki" type="0" sum="0"/>
</round>
</game>
<game gamecode="6430123144"><general><startdate>2025-07-16 03:35:02</startdate>
<round>1</round>
<failsafecounter/>
<players><player seat="6" name="Rakki" chips="468" dealer="0" win="936" bet="468" muck="0" rebuy="0" addon="0" merge="0" rebuychips="0" reg_code="5047796873"/>
<player seat="10" name="Pompei1" chips="1,032" dealer="1" win="0" bet="1,032" muck="1" rebuy="0" addon="0" merge="0" rebuychips="0" reg_code="5047796930"/>
</players>
</general>
<round no="0"><action no="1" player="Pompei1" type="15" discard="1" dealt="1" sum="5"/>
<action no="2" player="Rakki" type="15" sum="5"/>
<action no="3" player="Pompei1" type="1" discard="1" dealt="1" sum="30"/>
<action no="4" player="Rakki" type="2" sum="60"/>
</round>
<round no="1"><cards type="Pocket" player="Pompei1">D10 D4</cards>
<cards type="Pocket" player="Rakki">C10 C8</cards>
<action no="5" player="Pompei1" type="3" discard="1" dealt="1" sum="30"/>
<action no="6" player="Rakki" type="4" sum="0"/>
</round>
<round no="2"><cards type="Flop">D5 S10 C4</cards>
<action no="7" player="Rakki" type="4" sum="0"/>
<action no="8" player="Pompei1" type="5" discard="1" dealt="1" sum="60"/>
<action no="9" player="Rakki" type="23" sum="120"/>
<action no="10" player="Pompei1" type="23" discard="1" dealt="1" sum="967"/>
<action no="11" player="Rakki" type="7" sum="283"/>
</round>
<round no="3"><cards type="Turn">DQ</cards>
</round>
<round no="4"><cards type="River">SQ</cards>
</round>
</game>
<game gamecode="6430123159"><general><startdate>2025-07-16 03:35:22</startdate>
<round>1</round>
<failsafecounter/>
<players><player seat="10" name="Pompei1" chips="564" dealer="0" win="130" bet="564" muck="1" rebuy="0" addon="0" merge="0" rebuychips="0" reg_code="5047796930"/>
<player seat="6" name="Rakki" chips="936" dealer="1" win="0" bet="65" muck="1" rebuy="0" addon="0" merge="0" rebuychips="0" reg_code="5047796873"/>
</players>
</general>
<round no="0"><action no="1" player="Rakki" type="15" sum="5"/>
<action no="2" player="Pompei1" type="15" discard="1" dealt="1" sum="5"/>
<action no="3" player="Rakki" type="1" sum="30"/>
<action no="4" player="Pompei1" type="2" discard="1" dealt="1" sum="60"/>
</round>
<round no="1"><cards type="Pocket" player="Rakki">H9 CQ</cards>
<cards type="Pocket" player="Pompei1">X X</cards>
<action no="5" player="Rakki" type="3" sum="30"/>
<action no="6" player="Pompei1" type="23" discard="1" dealt="1" sum="559"/>
<action no="7" player="Rakki" type="0" sum="0"/>
</round>
</game>
<game gamecode="6430123166"><general><startdate>2025-07-16 03:35:30</startdate>
<round>1</round>
<failsafecounter/>
<players><player seat="6" name="Rakki" chips="871" dealer="0" win="0" bet="871" muck="0" rebuy="0" addon="0" merge="0" rebuychips="0" reg_code="5047796873"/>
<player seat="10" name="Pompei1" chips="629" dealer="1" win="1,258" bet="629" muck="0" rebuy="0" addon="0" merge="0" rebuychips="0" reg_code="5047796930"/>
</players>
</general>
<round no="0"><action no="1" player="Pompei1" type="15" discard="1" dealt="1" sum="5"/>
<action no="2" player="Rakki" type="15" sum="5"/>
<action no="3" player="Pompei1" type="1" discard="1" dealt="1" sum="30"/>
<action no="4" player="Rakki" type="2" sum="60"/>
</round>
<round no="1"><cards type="Pocket" player="Pompei1">C3 CJ</cards>
<cards type="Pocket" player="Rakki">DA S5</cards>
<action no="5" player="Pompei1" type="3" discard="1" dealt="1" sum="30"/>
<action no="6" player="Rakki" type="23" sum="866"/>
<action no="7" player="Pompei1" type="7" discard="1" dealt="1" sum="564"/>
</round>
<round no="2"><cards type="Flop">HJ H6 S6</cards>
</round>
<round no="3"><cards type="Turn">C5</cards>
</round>
<round no="4"><cards type="River">C9</cards>
</round>
</game>
<game gamecode="6430123175"><general><startdate>2025-07-16 03:35:47</startdate>
<round>1</round>
<failsafecounter/>
<players><player seat="10" name="Pompei1" chips="1,258" dealer="0" win="484" bet="242" muck="0" rebuy="0" addon="0" merge="0" rebuychips="0" reg_code="5047796930"/>
<player seat="6" name="Rakki" chips="242" dealer="1" win="0" bet="242" muck="0" rebuy="0" addon="0" merge="0" rebuychips="0" reg_code="5047796873"/>
</players>
</general>
<round no="0"><action no="1" player="Rakki" type="15" sum="5"/>
<action no="2" player="Pompei1" type="15" discard="1" dealt="1" sum="5"/>
<action no="3" player="Rakki" type="1" sum="30"/>
<action no="4" player="Pompei1" type="2" discard="1" dealt="1" sum="60"/>
</round>
<round no="1"><cards type="Pocket" player="Pompei1">HJ HA</cards>
<cards type="Pocket" player="Rakki">D6 H7</cards>
<action no="5" player="Rakki" type="23" sum="237"/>
<action no="6" player="Pompei1" type="3" discard="1" dealt="1" sum="177"/>
</round>
<round no="2"><cards type="Flop">HQ S3 S10</cards>
</round>
<round no="3"><cards type="Turn">C5</cards>
</round>
<round no="4"><cards type="River">S9</cards>
</round>
</game>
</session>
