<?xml version="1.0" encoding="UTF-8"?>
<session sessioncode="5047747412">
<general>
<client_version>25.1.1.16</client_version>
<mode>real</mode>
<gametype>Holdem NL</gametype>
<tablename>Twister €100 SNG, 814040145</tablename>
<tournamentcode>814040144</tournamentcode>
<tournamentname>Twister €100 SNG</tournamentname>
<buyin>€0 + €7 + €93</buyin>
<totalbuyin>€100</totalbuyin>
<rewarddrawn>€300</rewarddrawn>
<tournamentcurrency>EUR</tournamentcurrency>
<currency>EUR</currency>
<nickname>Rakki</nickname>
<gamecount>12</gamecount>
<startdate>2025-07-15 22:41:14</startdate>
<place>2</place>
<win>€0</win>
<tablesize>3</tablesize>
</general>
<game gamecode="6429906702"><general><startdate>2025-07-15 22:41:29</startdate>
<round>1</round>
<failsafecounter/>
<players><player seat="10" name="BiagioBiagio93" chips="500" dealer="0" win="0" bet="90" muck="1" rebuy="0" addon="0" merge="0" rebuychips="0" reg_code="5047747583"/>
<player seat="3" name="Nonloso6" chips="500" dealer="1" win="0" bet="0" muck="1" rebuy="0" addon="0" merge="0" rebuychips="0" reg_code="5047746036"/>
<player seat="6" name="Rakki" chips="500" dealer="0" win="180" bet="90" muck="0" rebuy="0" addon="0" merge="0" rebuychips="0" reg_code="5047747412"/>
</players>
</general>
<round no="0"><action no="1" player="Rakki" type="1" sum="10"/>
<action no="2" player="BiagioBiagio93" type="2" discard="1" dealt="1" sum="20"/>
</round>
<round no="1"><cards type="Pocket" player="Nonloso6">X X</cards>
<cards type="Pocket" player="BiagioBiagio93">H8 HQ</cards>
<cards type="Pocket" player="Rakki">DQ S6</cards>
<action no="3" player="Nonloso6" type="0" discard="1" dealt="1" sum="0"/>
<action no="4" player="Rakki" type="3" sum="10"/>
<action no="5" player="BiagioBiagio93" type="4" discard="1" dealt="1" sum="0"/>
</round>
<round no="2"><cards type="Flop">SQ D6 HK</cards>
<action no="6" player="Rakki" type="4" sum="0"/>
<action no="7" player="BiagioBiagio93" type="4" discard="1" dealt="1" sum="0"/>
</round>
<round no="3"><cards type="Turn">C9</cards>
<action no="8" player="Rakki" type="5" sum="40"/>
<action no="9" player="BiagioBiagio93" type="3" discard="1" dealt="1" sum="40"/>
</round>
<round no="4"><cards type="River">D4</cards>
<action no="10" player="Rakki" type="5" sum="30"/>
<action no="11" player="BiagioBiagio93" type="3" discard="1" dealt="1" sum="30"/>
</round>
</game>
<game gamecode="6429906789"><general><startdate>2025-07-15 22:42:06</startdate>
<round>1</round>
<failsafecounter/>
<players><player seat="3" name="Nonloso6" chips="500" dealer="0" win="860" bet="500" muck="0" rebuy="0" addon="0" merge="0" rebuychips="0" reg_code="5047746036"/>
<player seat="6" name="Rakki" chips="590" dealer="1" win="0" bet="40" muck="1" rebuy="0" addon="0" merge="0" rebuychips="0" reg_code="5047747412"/>
<player seat="10" name="BiagioBiagio93" chips="410" dealer="0" win="0" bet="410" muck="1" rebuy="0" addon="0" merge="0" rebuychips="0" reg_code="5047747583"/>
</players>
</general>
<round no="0"><action no="1" player="BiagioBiagio93" type="1" discard="1" dealt="1" sum="10"/>
<action no="2" player="Nonloso6" type="2" discard="1" dealt="1" sum="20"/>
</round>
<round no="1"><cards type="Pocket" player="Nonloso6">C9 S9</cards>
<cards type="Pocket" player="Rakki">H9 D10</cards>
<cards type="Pocket" player="BiagioBiagio93">D2 H2</cards>
<action no="3" player="Rakki" type="23" sum="40"/>
<action no="4" player="BiagioBiagio93" type="23" discard="1" dealt="1" sum="410"/>
<action no="5" player="Nonloso6" type="7" discard="1" dealt="1" sum="480"/>
<action no="6" player="Rakki" type="0" sum="0"/>
</round>
<round no="2"><cards type="Flop">S8 C10 D3</cards>
</round>
<round no="3"><cards type="Turn">CK</cards>
</round>
<round no="4"><cards type="River">HK</cards>
</round>
</game>
<game gamecode="6429906842"><general><startdate>2025-07-15 22:42:28</startdate>
<round>1</round>
<failsafecounter/>
<players><player seat="6" name="Rakki" chips="550" dealer="0" win="0" bet="40" muck="1" rebuy="0" addon="0" merge="0" rebuychips="0" reg_code="5047747412"/>
<player seat="3" name="Nonloso6" chips="950" dealer="1" win="80" bet="60" muck="1" rebuy="0" addon="0" merge="0" rebuychips="0" reg_code="5047746036"/>
</players>
</general>
<round no="0"><action no="1" player="Nonloso6" type="1" discard="1" dealt="1" sum="10"/>
<action no="2" player="Rakki" type="2" sum="20"/>
</round>
<round no="1"><cards type="Pocket" player="Rakki">CJ C5</cards>
<cards type="Pocket" player="Nonloso6">X X</cards>
<action no="3" player="Nonloso6" type="23" discard="1" dealt="1" sum="40"/>
<action no="4" player="Rakki" type="3" sum="20"/>
</round>
<round no="2"><cards type="Flop">CQ H9 D2</cards>
<action no="5" player="Rakki" type="4" sum="0"/>
<action no="6" player="Nonloso6" type="5" discard="1" dealt="1" sum="20"/>
<action no="7" player="Rakki" type="0" sum="0"/>
</round>
</game>
<game gamecode="6429906893"><general><startdate>2025-07-15 22:42:48</startdate>
<round>1</round>
<failsafecounter/>
<players><player seat="3" name="Nonloso6" chips="990" dealer="0" win="40" bet="990" muck="1" rebuy="0" addon="0" merge="0" rebuychips="0" reg_code="5047746036"/>
<player seat="6" name="Rakki" chips="510" dealer="1" win="0" bet="20" muck="1" rebuy="0" addon="0" merge="0" rebuychips="0" reg_code="5047747412"/>
</players>
</general>
<round no="0"><action no="1" player="Rakki" type="1" sum="10"/>
<action no="2" player="Nonloso6" type="2" discard="1" dealt="1" sum="20"/>
</round>
<round no="1"><cards type="Pocket" player="Rakki">H8 H10</cards>
<cards type="Pocket" player="Nonloso6">X X</cards>
<action no="3" player="Rakki" type="3" sum="10"/>
<action no="4" player="Nonloso6" type="23" discard="1" dealt="1" sum="990"/>
<action no="5" player="Rakki" type="0" sum="0"/>
</round>
</game>
<game gamecode="6429906942"><general><startdate>2025-07-15 22:43:09</startdate>
<round>1</round>
<failsafecounter/>
<players><player seat="6" name="Rakki" chips="490" dealer="0" win="0" bet="35" muck="1" rebuy="0" addon="0" merge="0" rebuychips="0" reg_code="5047747412"/>
<player seat="3" name="Nonloso6" chips="1,010" dealer="1" win="70" bet="65" muck="1" rebuy="0" addon="0" merge="0" rebuychips="0" reg_code="5047746036"/>
</players>
</general>
<round no="0"><action no="1" player="Nonloso6" type="15" discard="1" dealt="1" sum="5"/>
<action no="2" player="Rakki" type="15" sum="5"/>
<action no="3" player="Nonloso6" type="1" discard="1" dealt="1" sum="15"/>
<action no="4" player="Rakki" type="2" sum="30"/>
</round>
<round no="1"><cards type="Pocket" player="Rakki">S2 S6</cards>
<cards type="Pocket" player="Nonloso6">X X</cards>
<action no="5" player="Nonloso6" type="3" discard="1" dealt="1" sum="15"/>
<action no="6" player="Rakki" type="4" sum="0"/>
</round>
<round no="2"><cards type="Flop">D3 SQ DJ</cards>
<action no="7" player="Rakki" type="4" sum="0"/>
<action no="8" player="Nonloso6" type="5" discard="1" dealt="1" sum="30"/>
<action no="9" player="Rakki" type="0" sum="0"/>
</round>
</game>
<game gamecode="6429906983"><general><startdate>2025-07-15 22:43:27</startdate>
<round>1</round>
<failsafecounter/>
<players><player seat="3" name="Nonloso6" chips="1,045" dealer="0" win="70" bet="88" muck="1" rebuy="0" addon="0" merge="0" rebuychips="0" reg_code="5047746036"/>
<player seat="6" name="Rakki" chips="455" dealer="1" win="0" bet="35" muck="1" rebuy="0" addon="0" merge="0" rebuychips="0" reg_code="5047747412"/>
</players>
</general>
<round no="0"><action no="1" player="Rakki" type="15" sum="5"/>
<action no="2" player="Nonloso6" type="15" discard="1" dealt="1" sum="5"/>
<action no="3" player="Rakki" type="1" sum="15"/>
<action no="4" player="Nonloso6" type="2" discard="1" dealt="1" sum="30"/>
</round>
<round no="1"><cards type="Pocket" player="Nonloso6">X X</cards>
<cards type="Pocket" player="Rakki">D8 CQ</cards>
<action no="5" player="Rakki" type="3" sum="15"/>
<action no="6" player="Nonloso6" type="4" discard="1" dealt="1" sum="0"/>
</round>
<round no="2"><cards type="Flop">H7 H3 SJ</cards>
<action no="7" player="Nonloso6" type="4" discard="1" dealt="1" sum="0"/>
<action no="8" player="Rakki" type="4" sum="0"/>
</round>
<round no="3"><cards type="Turn">D5</cards>
<action no="9" player="Nonloso6" type="5" discard="1" dealt="1" sum="53"/>
<action no="10" player="Rakki" type="0" sum="0"/>
</round>
</game>
<game gamecode="6429907048"><general><startdate>2025-07-15 22:44:03</startdate>
<round>1</round>
<failsafecounter/>
<players><player seat="6" name="Rakki" chips="420" dealer="0" win="70" bet="82" muck="1" rebuy="0" addon="0" merge="0" rebuychips="0" reg_code="5047747412"/>
<player seat="3" name="Nonloso6" chips="1,080" dealer="1" win="0" bet="35" muck="1" rebuy="0" addon="0" merge="0" rebuychips="0" reg_code="5047746036"/>
</players>
</general>
<round no="0"><action no="1" player="Nonloso6" type="15" discard="1" dealt="1" sum="5"/>
<action no="2" player="Rakki" type="15" sum="5"/>
<action no="3" player="Nonloso6" type="1" discard="1" dealt="1" sum="15"/>
<action no="4" player="Rakki" type="2" sum="30"/>
</round>
<round no="1"><cards type="Pocket" player="Rakki">C8 SJ</cards>
<cards type="Pocket" player="Nonloso6">X X</cards>
<action no="5" player="Nonloso6" type="3" discard="1" dealt="1" sum="15"/>
<action no="6" player="Rakki" type="4" sum="0"/>
</round>
<round no="2"><cards type="Flop">C6 S4 CJ</cards>
<action no="7" player="Rakki" type="4" sum="0"/>
<action no="8" player="Nonloso6" type="4" discard="1" dealt="1" sum="0"/>
</round>
<round no="3"><cards type="Turn">D5</cards>
<action no="9" player="Rakki" type="5" sum="47"/>
<action no="10" player="Nonloso6" type="0" discard="1" dealt="1" sum="0"/>
</round>
</game>
<game gamecode="6429907122"><general><startdate>2025-07-15 22:44:40</startdate>
<round>1</round>
<failsafecounter/>
<players><player seat="3" name="Nonloso6" chips="1,045" dealer="0" win="176" bet="88" muck="0" rebuy="0" addon="0" merge="0" rebuychips="0" reg_code="5047746036"/>
<player seat="6" name="Rakki" chips="455" dealer="1" win="0" bet="88" muck="1" rebuy="0" addon="0" merge="0" rebuychips="0" reg_code="5047747412"/>
</players>
</general>
<round no="0"><action no="1" player="Rakki" type="15" sum="5"/>
<action no="2" player="Nonloso6" type="15" discard="1" dealt="1" sum="5"/>
<action no="3" player="Rakki" type="1" sum="15"/>
<action no="4" player="Nonloso6" type="2" discard="1" dealt="1" sum="30"/>
</round>
<round no="1"><cards type="Pocket" player="Rakki">DK D9</cards>
<cards type="Pocket" player="Nonloso6">S8 S5</cards>
<action no="5" player="Rakki" type="3" sum="15"/>
<action no="6" player="Nonloso6" type="4" discard="1" dealt="1" sum="0"/>
</round>
<round no="2"><cards type="Flop">C10 DJ SJ</cards>
<action no="7" player="Nonloso6" type="4" discard="1" dealt="1" sum="0"/>
<action no="8" player="Rakki" type="4" sum="0"/>
</round>
<round no="3"><cards type="Turn">H5</cards>
<action no="9" player="Nonloso6" type="4" discard="1" dealt="1" sum="0"/>
<action no="10" player="Rakki" type="4" sum="0"/>
</round>
<round no="4"><cards type="River">C4</cards>
<action no="11" player="Nonloso6" type="5" discard="1" dealt="1" sum="53"/>
<action no="12" player="Rakki" type="3" sum="53"/>
</round>
</game>
<game gamecode="6429907223"><general><startdate>2025-07-15 22:45:24</startdate>
<round>1</round>
<failsafecounter/>
<players><player seat="6" name="Rakki" chips="367" dealer="0" win="90" bet="367" muck="1" rebuy="0" addon="0" merge="0" rebuychips="0" reg_code="5047747412"/>
<player seat="3" name="Nonloso6" chips="1,133" dealer="1" win="0" bet="45" muck="1" rebuy="0" addon="0" merge="0" rebuychips="0" reg_code="5047746036"/>
</players>
</general>
<round no="0"><action no="1" player="Nonloso6" type="15" discard="1" dealt="1" sum="5"/>
<action no="2" player="Rakki" type="15" sum="5"/>
<action no="3" player="Nonloso6" type="1" discard="1" dealt="1" sum="20"/>
<action no="4" player="Rakki" type="2" sum="40"/>
</round>
<round no="1"><cards type="Pocket" player="Rakki">CK D4</cards>
<cards type="Pocket" player="Nonloso6">X X</cards>
<action no="5" player="Nonloso6" type="3" discard="1" dealt="1" sum="20"/>
<action no="6" player="Rakki" type="23" sum="362"/>
<action no="7" player="Nonloso6" type="0" discard="1" dealt="1" sum="0"/>
</round>
</game>
<game gamecode="6429907273"><general><startdate>2025-07-15 22:45:44</startdate>
<round>1</round>
<failsafecounter/>
<players><player seat="3" name="Nonloso6" chips="1,088" dealer="0" win="0" bet="113" muck="1" rebuy="0" addon="0" merge="0" rebuychips="0" reg_code="5047746036"/>
<player seat="6" name="Rakki" chips="412" dealer="1" win="226" bet="412" muck="1" rebuy="0" addon="0" merge="0" rebuychips="0" reg_code="5047747412"/>
</players>
</general>
<round no="0"><action no="1" player="Rakki" type="15" sum="5"/>
<action no="2" player="Nonloso6" type="15" discard="1" dealt="1" sum="5"/>
<action no="3" player="Rakki" type="1" sum="20"/>
<action no="4" player="Nonloso6" type="2" discard="1" dealt="1" sum="40"/>
</round>
<round no="1"><cards type="Pocket" player="Nonloso6">X X</cards>
<cards type="Pocket" player="Rakki">D5 D9</cards>
<action no="5" player="Rakki" type="3" sum="20"/>
<action no="6" player="Nonloso6" type="4" discard="1" dealt="1" sum="0"/>
</round>
<round no="2"><cards type="Flop">DQ H7 S5</cards>
<action no="7" player="Nonloso6" type="4" discard="1" dealt="1" sum="0"/>
<action no="8" player="Rakki" type="4" sum="0"/>
</round>
<round no="3"><cards type="Turn">H8</cards>
<action no="9" player="Nonloso6" type="5" discard="1" dealt="1" sum="68"/>
<action no="10" player="Rakki" type="3" sum="68"/>
</round>
<round no="4"><cards type="River">C5</cards>
<action no="11" player="Nonloso6" type="4" discard="1" dealt="1" sum="0"/>
<action no="12" player="Rakki" type="5" sum="299"/>
<action no="13" player="Nonloso6" type="0" discard="1" dealt="1" sum="0"/>
</round>
</game>
<game gamecode="6429907406"><general><startdate>2025-07-15 22:46:44</startdate>
<round>1</round>
<failsafecounter/>
<players><player seat="6" name="Rakki" chips="525" dealer="0" win="0" bet="65" muck="1" rebuy="0" addon="0" merge="0" rebuychips="0" reg_code="5047747412"/>
<player seat="3" name="Nonloso6" chips="975" dealer="1" win="130" bet="65" muck="0" rebuy="0" addon="0" merge="0" rebuychips="0" reg_code="5047746036"/>
</players>
</general>
<round no="0"><action no="1" player="Nonloso6" type="15" discard="1" dealt="1" sum="5"/>
<action no="2" player="Rakki" type="15" sum="5"/>
<action no="3" player="Nonloso6" type="1" discard="1" dealt="1" sum="30"/>
<action no="4" player="Rakki" type="2" sum="60"/>
</round>
<round no="1"><cards type="Pocket" player="Rakki">CJ H2</cards>
<cards type="Pocket" player="Nonloso6">D6 S6</cards>
<action no="5" player="Nonloso6" type="3" discard="1" dealt="1" sum="30"/>
<action no="6" player="Rakki" type="4" sum="0"/>
</round>
<round no="2"><cards type="Flop">S10 CQ H8</cards>
<action no="7" player="Rakki" type="4" sum="0"/>
<action no="8" player="Nonloso6" type="4" discard="1" dealt="1" sum="0"/>
</round>
<round no="3"><cards type="Turn">HA</cards>
<action no="9" player="Rakki" type="4" sum="0"/>
<action no="10" player="Nonloso6" type="4" discard="1" dealt="1" sum="0"/>
</round>
<round no="4"><cards type="River">CA</cards>
<action no="11" player="Rakki" type="4" sum="0"/>
<action no="12" player="Nonloso6" type="4" discard="1" dealt="1" sum="0"/>
</round>
</game>
<game gamecode="6429907501"><general><startdate>2025-07-15 22:47:27</startdate>
<round>1</round>
<failsafecounter/>
<players><player seat="3" name="Nonloso6" chips="1,040" dealer="0" win="920" bet="460" muck="0" rebuy="0" addon="0" merge="0" rebuychips="0" reg_code="5047746036"/>
<player seat="6" name="Rakki" chips="460" dealer="1" win="0" bet="460" muck="0" rebuy="0" addon="0" merge="0" rebuychips="0" reg_code="5047747412"/>
</players>
</general>
<round no="0"><action no="1" player="Rakki" type="15" sum="5"/>
<action no="2" player="Nonloso6" type="15" discard="1" dealt="1" sum="5"/>
<action no="3" player="Rakki" type="1" sum="30"/>
<action no="4" player="Nonloso6" type="2" discard="1" dealt="1" sum="60"/>
</round>
<round no="1"><cards type="Pocket" player="Nonloso6">HA H5</cards>
<cards type="Pocket" player="Rakki">C9 D10</cards>
<action no="5" player="Rakki" type="23" sum="455"/>
<action no="6" player="Nonloso6" type="3" discard="1" dealt="1" sum="395"/>
</round>
<round no="2"><cards type="Flop">DJ C3 SK</cards>
</round>
<round no="3"><cards type="Turn">H6</cards>
</round>
<round no="4"><cards type="River">S6</cards>
</round>
</game>
</session>
