<?xml version="1.0" encoding="UTF-8"?>
<session sessioncode="5047797005">
<general>
<client_version>25.1.1.16</client_version>
<mode>real</mode>
<gametype>Holdem NL</gametype>
<tablename>Twister €100 SNG, 814055998</tablename>
<tournamentcode>814055996</tournamentcode>
<tournamentname>Twister €100 SNG</tournamentname>
<buyin>€0 + €7 + €93</buyin>
<totalbuyin>€100</totalbuyin>
<rewarddrawn>€200</rewarddrawn>
<tournamentcurrency>EUR</tournamentcurrency>
<currency>EUR</currency>
<nickname>Rakki</nickname>
<gamecount>15</gamecount>
<startdate>2025-07-16 03:29:47</startdate>
<place>2</place>
<win>€0</win>
<tablesize>3</tablesize>
</general>
<game gamecode="6430117889"><general><startdate>2025-07-16 03:30:02</startdate>
<round>1</round>
<failsafecounter/>
<players><player seat="3" name="OndaBianca1" chips="500" dealer="0" win="60" bet="65" muck="1" rebuy="0" addon="0" merge="0" rebuychips="0" reg_code="5047796988"/>
<player seat="6" name="blasio87" chips="500" dealer="1" win="0" bet="20" muck="1" rebuy="0" addon="0" merge="0" rebuychips="0" reg_code="5047796995"/>
<player seat="10" name="Rakki" chips="500" dealer="0" win="0" bet="20" muck="1" rebuy="0" addon="0" merge="0" rebuychips="0" reg_code="5047797005"/>
</players>
</general>
<round no="0"><action no="1" player="Rakki" type="1" sum="10"/>
<action no="2" player="OndaBianca1" type="2" discard="1" dealt="1" sum="20"/>
</round>
<round no="1"><cards type="Pocket" player="blasio87">X X</cards>
<cards type="Pocket" player="Rakki">D3 H5</cards>
<cards type="Pocket" player="OndaBianca1">X X</cards>
<action no="3" player="blasio87" type="3" discard="1" dealt="1" sum="20"/>
<action no="4" player="Rakki" type="3" sum="10"/>
<action no="5" player="OndaBianca1" type="4" discard="1" dealt="1" sum="0"/>
</round>
<round no="2"><cards type="Flop">SQ H6 HJ</cards>
<action no="6" player="Rakki" type="4" sum="0"/>
<action no="7" player="OndaBianca1" type="4" discard="1" dealt="1" sum="0"/>
<action no="8" player="blasio87" type="4" discard="1" dealt="1" sum="0"/>
</round>
<round no="3"><cards type="Turn">HA</cards>
<action no="9" player="Rakki" type="4" sum="0"/>
<action no="10" player="OndaBianca1" type="4" discard="1" dealt="1" sum="0"/>
<action no="11" player="blasio87" type="4" discard="1" dealt="1" sum="0"/>
</round>
<round no="4"><cards type="River">SK</cards>
<action no="12" player="Rakki" type="4" sum="0"/>
<action no="13" player="OndaBianca1" type="5" discard="1" dealt="1" sum="45"/>
<action no="14" player="blasio87" type="0" discard="1" dealt="1" sum="0"/>
<action no="15" player="Rakki" type="0" sum="0"/>
</round>
</game>
<game gamecode="6430117919"><general><startdate>2025-07-16 03:30:41</startdate>
<round>1</round>
<failsafecounter/>
<players><player seat="6" name="blasio87" chips="480" dealer="0" win="180" bet="216" muck="1" rebuy="0" addon="0" merge="0" rebuychips="0" reg_code="5047796995"/>
<player seat="10" name="Rakki" chips="480" dealer="1" win="0" bet="0" muck="1" rebuy="0" addon="0" merge="0" rebuychips="0" reg_code="5047797005"/>
<player seat="3" name="OndaBianca1" chips="540" dealer="0" win="0" bet="90" muck="1" rebuy="0" addon="0" merge="0" rebuychips="0" reg_code="5047796988"/>
</players>
</general>
<round no="0"><action no="1" player="OndaBianca1" type="1" discard="1" dealt="1" sum="10"/>
<action no="2" player="blasio87" type="2" discard="1" dealt="1" sum="20"/>
</round>
<round no="1"><cards type="Pocket" player="blasio87">X X</cards>
<cards type="Pocket" player="OndaBianca1">X X</cards>
<cards type="Pocket" player="Rakki">H7 D5</cards>
<action no="3" player="Rakki" type="0" sum="0"/>
<action no="4" player="OndaBianca1" type="23" discard="1" dealt="1" sum="60"/>
<action no="5" player="blasio87" type="3" discard="1" dealt="1" sum="40"/>
</round>
<round no="2"><cards type="Flop">DA C4 S2</cards>
<action no="6" player="OndaBianca1" type="5" discard="1" dealt="1" sum="30"/>
<action no="7" player="blasio87" type="3" discard="1" dealt="1" sum="30"/>
</round>
<round no="3"><cards type="Turn">SA</cards>
<action no="8" player="OndaBianca1" type="4" discard="1" dealt="1" sum="0"/>
<action no="9" player="blasio87" type="4" discard="1" dealt="1" sum="0"/>
</round>
<round no="4"><cards type="River">H10</cards>
<action no="10" player="OndaBianca1" type="4" discard="1" dealt="1" sum="0"/>
<action no="11" player="blasio87" type="5" discard="1" dealt="1" sum="126"/>
<action no="12" player="OndaBianca1" type="0" discard="1" dealt="1" sum="0"/>
</round>
</game>
<game gamecode="6430117937"><general><startdate>2025-07-16 03:31:05</startdate>
<round>1</round>
<failsafecounter/>
<players><player seat="10" name="Rakki" chips="480" dealer="0" win="0" bet="80" muck="0" rebuy="0" addon="0" merge="0" rebuychips="0" reg_code="5047797005"/>
<player seat="3" name="OndaBianca1" chips="450" dealer="1" win="0" bet="0" muck="1" rebuy="0" addon="0" merge="0" rebuychips="0" reg_code="5047796988"/>
<player seat="6" name="blasio87" chips="570" dealer="0" win="160" bet="80" muck="0" rebuy="0" addon="0" merge="0" rebuychips="0" reg_code="5047796995"/>
</players>
</general>
<round no="0"><action no="1" player="blasio87" type="1" discard="1" dealt="1" sum="10"/>
<action no="2" player="Rakki" type="2" sum="20"/>
</round>
<round no="1"><cards type="Pocket" player="Rakki">CJ S3</cards>
<cards type="Pocket" player="OndaBianca1">X X</cards>
<cards type="Pocket" player="blasio87">HA S5</cards>
<action no="3" player="OndaBianca1" type="0" discard="1" dealt="1" sum="0"/>
<action no="4" player="blasio87" type="3" discard="1" dealt="1" sum="10"/>
<action no="5" player="Rakki" type="4" sum="0"/>
</round>
<round no="2"><cards type="Flop">D5 C10 CK</cards>
<action no="6" player="blasio87" type="4" discard="1" dealt="1" sum="0"/>
<action no="7" player="Rakki" type="4" sum="0"/>
</round>
<round no="3"><cards type="Turn">C4</cards>
<action no="8" player="blasio87" type="4" discard="1" dealt="1" sum="0"/>
<action no="9" player="Rakki" type="4" sum="0"/>
</round>
<round no="4"><cards type="River">H10</cards>
<action no="10" player="blasio87" type="4" discard="1" dealt="1" sum="0"/>
<action no="11" player="Rakki" type="5" sum="60"/>
<action no="12" player="blasio87" type="3" discard="1" dealt="1" sum="60"/>
</round>
</game>
<game gamecode="6430117954"><general><startdate>2025-07-16 03:31:24</startdate>
<round>1</round>
<failsafecounter/>
<players><player seat="3" name="OndaBianca1" chips="450" dealer="0" win="0" bet="20" muck="1" rebuy="0" addon="0" merge="0" rebuychips="0" reg_code="5047796988"/>
<player seat="6" name="blasio87" chips="650" dealer="1" win="50" bet="650" muck="1" rebuy="0" addon="0" merge="0" rebuychips="0" reg_code="5047796995"/>
<player seat="10" name="Rakki" chips="400" dealer="0" win="0" bet="10" muck="1" rebuy="0" addon="0" merge="0" rebuychips="0" reg_code="5047797005"/>
</players>
</general>
<round no="0"><action no="1" player="Rakki" type="1" sum="10"/>
<action no="2" player="OndaBianca1" type="2" discard="1" dealt="1" sum="20"/>
</round>
<round no="1"><cards type="Pocket" player="OndaBianca1">X X</cards>
<cards type="Pocket" player="blasio87">X X</cards>
<cards type="Pocket" player="Rakki">C7 S3</cards>
<action no="3" player="blasio87" type="23" discard="1" dealt="1" sum="650"/>
<action no="4" player="Rakki" type="0" sum="0"/>
<action no="5" player="OndaBianca1" type="0" discard="1" dealt="1" sum="0"/>
</round>
</game>
<game gamecode="6430117962"><general><startdate>2025-07-16 03:31:34</startdate>
<round>1</round>
<failsafecounter/>
<players><player seat="6" name="blasio87" chips="680" dealer="0" win="220" bet="110" muck="0" rebuy="0" addon="0" merge="0" rebuychips="0" reg_code="5047796995"/>
<player seat="10" name="Rakki" chips="390" dealer="1" win="0" bet="0" muck="1" rebuy="0" addon="0" merge="0" rebuychips="0" reg_code="5047797005"/>
<player seat="3" name="OndaBianca1" chips="430" dealer="0" win="0" bet="110" muck="1" rebuy="0" addon="0" merge="0" rebuychips="0" reg_code="5047796988"/>
</players>
</general>
<round no="0"><action no="1" player="OndaBianca1" type="1" discard="1" dealt="1" sum="10"/>
<action no="2" player="blasio87" type="2" discard="1" dealt="1" sum="20"/>
</round>
<round no="1"><cards type="Pocket" player="Rakki">D4 C7</cards>
<cards type="Pocket" player="blasio87">CQ S9</cards>
<cards type="Pocket" player="OndaBianca1">SJ S6</cards>
<action no="3" player="Rakki" type="0" sum="0"/>
<action no="4" player="OndaBianca1" type="3" discard="1" dealt="1" sum="10"/>
<action no="5" player="blasio87" type="4" discard="1" dealt="1" sum="0"/>
</round>
<round no="2"><cards type="Flop">S4 D2 DQ</cards>
<action no="6" player="OndaBianca1" type="5" discard="1" dealt="1" sum="35"/>
<action no="7" player="blasio87" type="3" discard="1" dealt="1" sum="35"/>
</round>
<round no="3"><cards type="Turn">D7</cards>
<action no="8" player="OndaBianca1" type="5" discard="1" dealt="1" sum="55"/>
<action no="9" player="blasio87" type="3" discard="1" dealt="1" sum="55"/>
</round>
<round no="4"><cards type="River">HJ</cards>
<action no="10" player="OndaBianca1" type="4" discard="1" dealt="1" sum="0"/>
<action no="11" player="blasio87" type="4" discard="1" dealt="1" sum="0"/>
</round>
</game>
<game gamecode="6430117982"><general><startdate>2025-07-16 03:31:57</startdate>
<round>1</round>
<failsafecounter/>
<players><player seat="10" name="Rakki" chips="390" dealer="0" win="0" bet="35" muck="1" rebuy="0" addon="0" merge="0" rebuychips="0" reg_code="5047797005"/>
<player seat="3" name="OndaBianca1" chips="320" dealer="1" win="0" bet="5" muck="1" rebuy="0" addon="0" merge="0" rebuychips="0" reg_code="5047796988"/>
<player seat="6" name="blasio87" chips="790" dealer="0" win="75" bet="65" muck="1" rebuy="0" addon="0" merge="0" rebuychips="0" reg_code="5047796995"/>
</players>
</general>
<round no="0"><action no="1" player="blasio87" type="15" discard="1" dealt="1" sum="5"/>
<action no="2" player="Rakki" type="15" sum="5"/>
<action no="3" player="OndaBianca1" type="15" discard="1" dealt="1" sum="5"/>
<action no="4" player="blasio87" type="1" discard="1" dealt="1" sum="15"/>
<action no="5" player="Rakki" type="2" sum="30"/>
</round>
<round no="1"><cards type="Pocket" player="Rakki">H8 H6</cards>
<cards type="Pocket" player="blasio87">X X</cards>
<cards type="Pocket" player="OndaBianca1">X X</cards>
<action no="6" player="OndaBianca1" type="0" discard="1" dealt="1" sum="0"/>
<action no="7" player="blasio87" type="3" discard="1" dealt="1" sum="15"/>
<action no="8" player="Rakki" type="4" sum="0"/>
</round>
<round no="2"><cards type="Flop">D5 D2 C2</cards>
<action no="9" player="blasio87" type="4" discard="1" dealt="1" sum="0"/>
<action no="10" player="Rakki" type="4" sum="0"/>
</round>
<round no="3"><cards type="Turn">D10</cards>
<action no="11" player="blasio87" type="5" discard="1" dealt="1" sum="30"/>
<action no="12" player="Rakki" type="0" sum="0"/>
</round>
</game>
<game gamecode="6430123010"><general><startdate>2025-07-16 03:32:16</startdate>
<round>1</round>
<failsafecounter/>
<players><player seat="3" name="OndaBianca1" chips="315" dealer="0" win="650" bet="315" muck="0" rebuy="0" addon="0" merge="0" rebuychips="0" reg_code="5047796988"/>
<player seat="6" name="blasio87" chips="830" dealer="1" win="0" bet="830" muck="1" rebuy="0" addon="0" merge="0" rebuychips="0" reg_code="5047796995"/>
<player seat="10" name="Rakki" chips="355" dealer="0" win="0" bet="20" muck="1" rebuy="0" addon="0" merge="0" rebuychips="0" reg_code="5047797005"/>
</players>
</general>
<round no="0"><action no="1" player="Rakki" type="15" sum="5"/>
<action no="2" player="OndaBianca1" type="15" discard="1" dealt="1" sum="5"/>
<action no="3" player="blasio87" type="15" discard="1" dealt="1" sum="5"/>
<action no="4" player="Rakki" type="1" sum="15"/>
<action no="5" player="OndaBianca1" type="2" discard="1" dealt="1" sum="30"/>
</round>
<round no="1"><cards type="Pocket" player="OndaBianca1">SA D7</cards>
<cards type="Pocket" player="blasio87">C5 D5</cards>
<cards type="Pocket" player="Rakki">H5 CJ</cards>
<action no="6" player="blasio87" type="23" discard="1" dealt="1" sum="825"/>
<action no="7" player="Rakki" type="0" sum="0"/>
<action no="8" player="OndaBianca1" type="7" discard="1" dealt="1" sum="280"/>
</round>
<round no="2"><cards type="Flop">S7 D8 CA</cards>
</round>
<round no="3"><cards type="Turn">S4</cards>
</round>
<round no="4"><cards type="River">H2</cards>
</round>
</game>
<game gamecode="6430123021"><general><startdate>2025-07-16 03:32:34</startdate>
<round>1</round>
<failsafecounter/>
<players><player seat="6" name="blasio87" chips="515" dealer="0" win="75" bet="110" muck="1" rebuy="0" addon="0" merge="0" rebuychips="0" reg_code="5047796995"/>
<player seat="10" name="Rakki" chips="335" dealer="1" win="0" bet="5" muck="1" rebuy="0" addon="0" merge="0" rebuychips="0" reg_code="5047797005"/>
<player seat="3" name="OndaBianca1" chips="650" dealer="0" win="0" bet="35" muck="1" rebuy="0" addon="0" merge="0" rebuychips="0" reg_code="5047796988"/>
</players>
</general>
<round no="0"><action no="1" player="OndaBianca1" type="15" discard="1" dealt="1" sum="5"/>
<action no="2" player="blasio87" type="15" discard="1" dealt="1" sum="5"/>
<action no="3" player="Rakki" type="15" sum="5"/>
<action no="4" player="OndaBianca1" type="1" discard="1" dealt="1" sum="15"/>
<action no="5" player="blasio87" type="2" discard="1" dealt="1" sum="30"/>
</round>
<round no="1"><cards type="Pocket" player="blasio87">X X</cards>
<cards type="Pocket" player="OndaBianca1">X X</cards>
<cards type="Pocket" player="Rakki">H9 C2</cards>
<action no="6" player="Rakki" type="0" sum="0"/>
<action no="7" player="OndaBianca1" type="3" discard="1" dealt="1" sum="15"/>
<action no="8" player="blasio87" type="4" discard="1" dealt="1" sum="0"/>
</round>
<round no="2"><cards type="Flop">D4 H6 S5</cards>
<action no="9" player="OndaBianca1" type="4" discard="1" dealt="1" sum="0"/>
<action no="10" player="blasio87" type="5" discard="1" dealt="1" sum="75"/>
<action no="11" player="OndaBianca1" type="0" discard="1" dealt="1" sum="0"/>
</round>
</game>
<game gamecode="6430123034"><general><startdate>2025-07-16 03:32:49</startdate>
<round>1</round>
<failsafecounter/>
<players><player seat="10" name="Rakki" chips="330" dealer="0" win="680" bet="330" muck="0" rebuy="0" addon="0" merge="0" rebuychips="0" reg_code="5047797005"/>
<player seat="3" name="OndaBianca1" chips="615" dealer="1" win="0" bet="615" muck="1" rebuy="0" addon="0" merge="0" rebuychips="0" reg_code="5047796988"/>
<player seat="6" name="blasio87" chips="555" dealer="0" win="0" bet="20" muck="1" rebuy="0" addon="0" merge="0" rebuychips="0" reg_code="5047796995"/>
</players>
</general>
<round no="0"><action no="1" player="blasio87" type="15" discard="1" dealt="1" sum="5"/>
<action no="2" player="Rakki" type="15" sum="5"/>
<action no="3" player="OndaBianca1" type="15" discard="1" dealt="1" sum="5"/>
<action no="4" player="blasio87" type="1" discard="1" dealt="1" sum="15"/>
<action no="5" player="Rakki" type="2" sum="30"/>
</round>
<round no="1"><cards type="Pocket" player="blasio87">X X</cards>
<cards type="Pocket" player="Rakki">S9 H9</cards>
<cards type="Pocket" player="OndaBianca1">S5 C5</cards>
<action no="6" player="OndaBianca1" type="23" discard="1" dealt="1" sum="610"/>
<action no="7" player="blasio87" type="0" discard="1" dealt="1" sum="0"/>
<action no="8" player="Rakki" type="7" sum="295"/>
</round>
<round no="2"><cards type="Flop">D3 S2 H7</cards>
</round>
<round no="3"><cards type="Turn">D8</cards>
</round>
<round no="4"><cards type="River">SK</cards>
</round>
</game>
<game gamecode="6430123047"><general><startdate>2025-07-16 03:33:07</startdate>
<round>1</round>
<failsafecounter/>
<players><player seat="3" name="OndaBianca1" chips="285" dealer="0" win="0" bet="35" muck="1" rebuy="0" addon="0" merge="0" rebuychips="0" reg_code="5047796988"/>
<player seat="6" name="blasio87" chips="535" dealer="1" win="105" bet="108" muck="1" rebuy="0" addon="0" merge="0" rebuychips="0" reg_code="5047796995"/>
<player seat="10" name="Rakki" chips="680" dealer="0" win="0" bet="35" muck="1" rebuy="0" addon="0" merge="0" rebuychips="0" reg_code="5047797005"/>
</players>
</general>
<round no="0"><action no="1" player="Rakki" type="15" sum="5"/>
<action no="2" player="OndaBianca1" type="15" discard="1" dealt="1" sum="5"/>
<action no="3" player="blasio87" type="15" discard="1" dealt="1" sum="5"/>
<action no="4" player="Rakki" type="1" sum="15"/>
<action no="5" player="OndaBianca1" type="2" discard="1" dealt="1" sum="30"/>
</round>
<round no="1"><cards type="Pocket" player="OndaBianca1">X X</cards>
<cards type="Pocket" player="blasio87">X X</cards>
<cards type="Pocket" player="Rakki">C4 C7</cards>
<action no="6" player="blasio87" type="3" discard="1" dealt="1" sum="30"/>
<action no="7" player="Rakki" type="3" sum="15"/>
<action no="8" player="OndaBianca1" type="4" discard="1" dealt="1" sum="0"/>
</round>
<round no="2"><cards type="Flop">D4 H10 S8</cards>
<action no="9" player="Rakki" type="4" sum="0"/>
<action no="10" player="OndaBianca1" type="4" discard="1" dealt="1" sum="0"/>
<action no="11" player="blasio87" type="4" discard="1" dealt="1" sum="0"/>
</round>
<round no="3"><cards type="Turn">D2</cards>
<action no="12" player="Rakki" type="4" sum="0"/>
<action no="13" player="OndaBianca1" type="4" discard="1" dealt="1" sum="0"/>
<action no="14" player="blasio87" type="5" discard="1" dealt="1" sum="73"/>
<action no="15" player="Rakki" type="0" sum="0"/>
<action no="16" player="OndaBianca1" type="0" discard="1" dealt="1" sum="0"/>
</round>
</game>
<game gamecode="6430123076"><general><startdate>2025-07-16 03:33:46</startdate>
<round>1</round>
<failsafecounter/>
<players><player seat="6" name="blasio87" chips="605" dealer="0" win="55" bet="45" muck="1" rebuy="0" addon="0" merge="0" rebuychips="0" reg_code="5047796995"/>
<player seat="10" name="Rakki" chips="645" dealer="1" win="0" bet="5" muck="1" rebuy="0" addon="0" merge="0" rebuychips="0" reg_code="5047797005"/>
<player seat="3" name="OndaBianca1" chips="250" dealer="0" win="0" bet="25" muck="1" rebuy="0" addon="0" merge="0" rebuychips="0" reg_code="5047796988"/>
</players>
</general>
<round no="0"><action no="1" player="OndaBianca1" type="15" discard="1" dealt="1" sum="5"/>
<action no="2" player="blasio87" type="15" discard="1" dealt="1" sum="5"/>
<action no="3" player="Rakki" type="15" sum="5"/>
<action no="4" player="OndaBianca1" type="1" discard="1" dealt="1" sum="20"/>
<action no="5" player="blasio87" type="2" discard="1" dealt="1" sum="40"/>
</round>
<round no="1"><cards type="Pocket" player="OndaBianca1">X X</cards>
<cards type="Pocket" player="blasio87">X X</cards>
<cards type="Pocket" player="Rakki">C5 CQ</cards>
<action no="6" player="Rakki" type="0" sum="0"/>
<action no="7" player="OndaBianca1" type="0" discard="1" dealt="1" sum="0"/>
</round>
</game>
<game gamecode="6430123085"><general><startdate>2025-07-16 03:33:54</startdate>
<round>1</round>
<failsafecounter/>
<players><player seat="10" name="Rakki" chips="640" dealer="0" win="0" bet="45" muck="1" rebuy="0" addon="0" merge="0" rebuychips="0" reg_code="5047797005"/>
<player seat="3" name="OndaBianca1" chips="225" dealer="1" win="0" bet="225" muck="0" rebuy="0" addon="0" merge="0" rebuychips="0" reg_code="5047796988"/>
<player seat="6" name="blasio87" chips="635" dealer="0" win="495" bet="635" muck="0" rebuy="0" addon="0" merge="0" rebuychips="0" reg_code="5047796995"/>
</players>
</general>
<round no="0"><action no="1" player="blasio87" type="15" discard="1" dealt="1" sum="5"/>
<action no="2" player="Rakki" type="15" sum="5"/>
<action no="3" player="OndaBianca1" type="15" discard="1" dealt="1" sum="5"/>
<action no="4" player="blasio87" type="1" discard="1" dealt="1" sum="20"/>
<action no="5" player="Rakki" type="2" sum="40"/>
</round>
<round no="1"><cards type="Pocket" player="blasio87">SA D7</cards>
<cards type="Pocket" player="Rakki">D2 HA</cards>
<cards type="Pocket" player="OndaBianca1">DQ CJ</cards>
<action no="6" player="OndaBianca1" type="23" discard="1" dealt="1" sum="220"/>
<action no="7" player="blasio87" type="23" discard="1" dealt="1" sum="630"/>
<action no="8" player="Rakki" type="0" sum="0"/>
</round>
<round no="2"><cards type="Flop">S10 H4 H9</cards>
</round>
<round no="3"><cards type="Turn">H3</cards>
</round>
<round no="4"><cards type="River">CA</cards>
</round>
</game>
<game gamecode="6430123101"><general><startdate>2025-07-16 03:34:17</startdate>
<round>1</round>
<failsafecounter/>
<players><player seat="10" name="Rakki" chips="595" dealer="0" win="0" bet="225" muck="1" rebuy="0" addon="0" merge="0" rebuychips="0" reg_code="5047797005"/>
<player seat="6" name="blasio87" chips="905" dealer="1" win="450" bet="225" muck="0" rebuy="0" addon="0" merge="0" rebuychips="0" reg_code="5047796995"/>
</players>
</general>
<round no="0"><action no="1" player="blasio87" type="15" discard="1" dealt="1" sum="5"/>
<action no="2" player="Rakki" type="15" sum="5"/>
<action no="3" player="blasio87" type="1" discard="1" dealt="1" sum="20"/>
<action no="4" player="Rakki" type="2" sum="40"/>
</round>
<round no="1"><cards type="Pocket" player="blasio87">D9 CK</cards>
<cards type="Pocket" player="Rakki">H10 H8</cards>
<action no="5" player="blasio87" type="3" discard="1" dealt="1" sum="20"/>
<action no="6" player="Rakki" type="4" sum="0"/>
</round>
<round no="2"><cards type="Flop">S3 C3 H5</cards>
<action no="7" player="Rakki" type="4" sum="0"/>
<action no="8" player="blasio87" type="4" discard="1" dealt="1" sum="0"/>
</round>
<round no="3"><cards type="Turn">SK</cards>
<action no="9" player="Rakki" type="5" sum="60"/>
<action no="10" player="blasio87" type="3" discard="1" dealt="1" sum="60"/>
</round>
<round no="4"><cards type="River">C8</cards>
<action no="11" player="Rakki" type="5" sum="40"/>
<action no="12" player="blasio87" type="23" discard="1" dealt="1" sum="120"/>
<action no="13" player="Rakki" type="3" sum="80"/>
</round>
</game>
<game gamecode="6430123125"><general><startdate>2025-07-16 03:34:46</startdate>
<round>1</round>
<failsafecounter/>
<players><player seat="6" name="blasio87" chips="1,130" dealer="0" win="0" bet="45" muck="1" rebuy="0" addon="0" merge="0" rebuychips="0" reg_code="5047796995"/>
<player seat="10" name="Rakki" chips="370" dealer="1" win="90" bet="370" muck="1" rebuy="0" addon="0" merge="0" rebuychips="0" reg_code="5047797005"/>
</players>
</general>
<round no="0"><action no="1" player="Rakki" type="15" sum="5"/>
<action no="2" player="blasio87" type="15" discard="1" dealt="1" sum="5"/>
<action no="3" player="Rakki" type="1" sum="20"/>
<action no="4" player="blasio87" type="2" discard="1" dealt="1" sum="40"/>
</round>
<round no="1"><cards type="Pocket" player="Rakki">CA C3</cards>
<cards type="Pocket" player="blasio87">X X</cards>
<action no="5" player="Rakki" type="23" sum="365"/>
<action no="6" player="blasio87" type="0" discard="1" dealt="1" sum="0"/>
</round>
</game>
<game gamecode="6430123135"><general><startdate>2025-07-16 03:34:53</startdate>
<round>1</round>
<failsafecounter/>
<players><player seat="10" name="Rakki" chips="415" dealer="0" win="0" bet="415" muck="0" rebuy="0" addon="0" merge="0" rebuychips="0" reg_code="5047797005"/>
<player seat="6" name="blasio87" chips="1,085" dealer="1" win="830" bet="1,085" muck="0" rebuy="0" addon="0" merge="0" rebuychips="0" reg_code="5047796995"/>
</players>
</general>
<round no="0"><action no="1" player="blasio87" type="15" discard="1" dealt="1" sum="5"/>
<action no="2" player="Rakki" type="15" sum="5"/>
<action no="3" player="blasio87" type="1" discard="1" dealt="1" sum="20"/>
<action no="4" player="Rakki" type="2" sum="40"/>
</round>
<round no="1"><cards type="Pocket" player="Rakki">HQ CK</cards>
<cards type="Pocket" player="blasio87">C6 D6</cards>
<action no="5" player="blasio87" type="23" discard="1" dealt="1" sum="1,080"/>
<action no="6" player="Rakki" type="7" sum="370"/>
</round>
<round no="2"><cards type="Flop">C8 S6 D2</cards>
</round>
<round no="3"><cards type="Turn">S5</cards>
</round>
<round no="4"><cards type="River">D9</cards>
</round>
</game>
</session>
