<?xml version="1.0" encoding="UTF-8"?>
<session sessioncode="5048627247">
<general>
<client_version>25.1.1.16</client_version>
<mode>real</mode>
<gametype>Holdem NL</gametype>
<tablename>Twister €100 SNG, 814311892</tablename>
<tournamentcode>814311891</tournamentcode>
<tournamentname>Twister €100 SNG</tournamentname>
<buyin>€0 + €7 + €93</buyin>
<totalbuyin>€100</totalbuyin>
<rewarddrawn>€200</rewarddrawn>
<tournamentcurrency>EUR</tournamentcurrency>
<currency>EUR</currency>
<nickname>Rakki</nickname>
<gamecount>16</gamecount>
<startdate>2025-07-20 16:42:08</startdate>
<place>3</place>
<win>€0</win>
<tablesize>3</tablesize>
</general>
<game gamecode="6433543697"><general><startdate>2025-07-20 16:42:23</startdate>
<round>1</round>
<failsafecounter/>
<players><player seat="3" name="Rakki" chips="500" dealer="0" win="0" bet="20" muck="1" rebuy="0" addon="0" merge="0" rebuychips="0" reg_code="5048627247"/>
<player seat="6" name="SuBandiduu" chips="500" dealer="1" win="0" bet="0" muck="1" rebuy="0" addon="0" merge="0" rebuychips="0" reg_code="5048627471"/>
<player seat="10" name="Conejo12" chips="500" dealer="0" win="40" bet="40" muck="1" rebuy="0" addon="0" merge="0" rebuychips="0" reg_code="5048628172"/>
</players>
</general>
<round no="0"><action no="1" player="Conejo12" type="1" discard="1" dealt="1" sum="10"/>
<action no="2" player="Rakki" type="2" sum="20"/>
</round>
<round no="1"><cards type="Pocket" player="Rakki">S8 CQ</cards>
<cards type="Pocket" player="Conejo12">X X</cards>
<cards type="Pocket" player="SuBandiduu">X X</cards>
<action no="3" player="SuBandiduu" type="0" discard="1" dealt="1" sum="0"/>
<action no="4" player="Conejo12" type="3" discard="1" dealt="1" sum="10"/>
<action no="5" player="Rakki" type="4" sum="0"/>
</round>
<round no="2"><cards type="Flop">HA C6 S4</cards>
<action no="6" player="Conejo12" type="5" discard="1" dealt="1" sum="20"/>
<action no="7" player="Rakki" type="0" sum="0"/>
</round>
</game>
<game gamecode="6433543725"><general><startdate>2025-07-20 16:42:42</startdate>
<round>1</round>
<failsafecounter/>
<players><player seat="6" name="SuBandiduu" chips="500" dealer="0" win="0" bet="40" muck="1" rebuy="0" addon="0" merge="0" rebuychips="0" reg_code="5048627471"/>
<player seat="10" name="Conejo12" chips="520" dealer="1" win="90" bet="103" muck="1" rebuy="0" addon="0" merge="0" rebuychips="0" reg_code="5048628172"/>
<player seat="3" name="Rakki" chips="480" dealer="0" win="0" bet="10" muck="1" rebuy="0" addon="0" merge="0" rebuychips="0" reg_code="5048627247"/>
</players>
</general>
<round no="0"><action no="1" player="Rakki" type="1" sum="10"/>
<action no="2" player="SuBandiduu" type="2" discard="1" dealt="1" sum="20"/>
</round>
<round no="1"><cards type="Pocket" player="Rakki">C4 D8</cards>
<cards type="Pocket" player="SuBandiduu">X X</cards>
<cards type="Pocket" player="Conejo12">X X</cards>
<action no="3" player="Conejo12" type="23" discard="1" dealt="1" sum="40"/>
<action no="4" player="Rakki" type="0" sum="0"/>
<action no="5" player="SuBandiduu" type="3" discard="1" dealt="1" sum="20"/>
</round>
<round no="2"><cards type="Flop">C7 CK S9</cards>
<action no="6" player="SuBandiduu" type="4" discard="1" dealt="1" sum="0"/>
<action no="7" player="Conejo12" type="5" discard="1" dealt="1" sum="63"/>
<action no="8" player="SuBandiduu" type="0" discard="1" dealt="1" sum="0"/>
</round>
</game>
<game gamecode="6433552068"><general><startdate>2025-07-20 16:43:16</startdate>
<round>1</round>
<failsafecounter/>
<players><player seat="10" name="Conejo12" chips="570" dealer="0" win="0" bet="20" muck="1" rebuy="0" addon="0" merge="0" rebuychips="0" reg_code="5048628172"/>
<player seat="3" name="Rakki" chips="470" dealer="1" win="50" bet="40" muck="1" rebuy="0" addon="0" merge="0" rebuychips="0" reg_code="5048627247"/>
<player seat="6" name="SuBandiduu" chips="460" dealer="0" win="0" bet="10" muck="1" rebuy="0" addon="0" merge="0" rebuychips="0" reg_code="5048627471"/>
</players>
</general>
<round no="0"><action no="1" player="SuBandiduu" type="1" discard="1" dealt="1" sum="10"/>
<action no="2" player="Conejo12" type="2" discard="1" dealt="1" sum="20"/>
</round>
<round no="1"><cards type="Pocket" player="Conejo12">X X</cards>
<cards type="Pocket" player="SuBandiduu">X X</cards>
<cards type="Pocket" player="Rakki">C3 D3</cards>
<action no="3" player="Rakki" type="23" sum="40"/>
<action no="4" player="SuBandiduu" type="0" discard="1" dealt="1" sum="0"/>
<action no="5" player="Conejo12" type="0" discard="1" dealt="1" sum="0"/>
</round>
</game>
<game gamecode="6433552086"><general><startdate>2025-07-20 16:43:26</startdate>
<round>1</round>
<failsafecounter/>
<players><player seat="3" name="Rakki" chips="500" dealer="0" win="0" bet="20" muck="1" rebuy="0" addon="0" merge="0" rebuychips="0" reg_code="5048627247"/>
<player seat="6" name="SuBandiduu" chips="450" dealer="1" win="0" bet="0" muck="1" rebuy="0" addon="0" merge="0" rebuychips="0" reg_code="5048627471"/>
<player seat="10" name="Conejo12" chips="550" dealer="0" win="40" bet="48" muck="1" rebuy="0" addon="0" merge="0" rebuychips="0" reg_code="5048628172"/>
</players>
</general>
<round no="0"><action no="1" player="Conejo12" type="1" discard="1" dealt="1" sum="10"/>
<action no="2" player="Rakki" type="2" sum="20"/>
</round>
<round no="1"><cards type="Pocket" player="Conejo12">X X</cards>
<cards type="Pocket" player="SuBandiduu">X X</cards>
<cards type="Pocket" player="Rakki">H9 C6</cards>
<action no="3" player="SuBandiduu" type="0" discard="1" dealt="1" sum="0"/>
<action no="4" player="Conejo12" type="3" discard="1" dealt="1" sum="10"/>
<action no="5" player="Rakki" type="4" sum="0"/>
</round>
<round no="2"><cards type="Flop">C2 S5 DK</cards>
<action no="6" player="Conejo12" type="5" discard="1" dealt="1" sum="28"/>
<action no="7" player="Rakki" type="0" sum="0"/>
</round>
</game>
<game gamecode="6433552136"><general><startdate>2025-07-20 16:43:58</startdate>
<round>1</round>
<failsafecounter/>
<players><player seat="6" name="SuBandiduu" chips="450" dealer="0" win="0" bet="85" muck="1" rebuy="0" addon="0" merge="0" rebuychips="0" reg_code="5048627471"/>
<player seat="10" name="Conejo12" chips="570" dealer="1" win="180" bet="265" muck="1" rebuy="0" addon="0" merge="0" rebuychips="0" reg_code="5048628172"/>
<player seat="3" name="Rakki" chips="480" dealer="0" win="0" bet="10" muck="1" rebuy="0" addon="0" merge="0" rebuychips="0" reg_code="5048627247"/>
</players>
</general>
<round no="0"><action no="1" player="Rakki" type="1" sum="10"/>
<action no="2" player="SuBandiduu" type="2" discard="1" dealt="1" sum="20"/>
</round>
<round no="1"><cards type="Pocket" player="Rakki">C10 S4</cards>
<cards type="Pocket" player="SuBandiduu">X X</cards>
<cards type="Pocket" player="Conejo12">X X</cards>
<action no="3" player="Conejo12" type="23" discard="1" dealt="1" sum="40"/>
<action no="4" player="Rakki" type="0" sum="0"/>
<action no="5" player="SuBandiduu" type="3" discard="1" dealt="1" sum="20"/>
</round>
<round no="2"><cards type="Flop">D5 SQ SK</cards>
<action no="6" player="SuBandiduu" type="4" discard="1" dealt="1" sum="0"/>
<action no="7" player="Conejo12" type="4" discard="1" dealt="1" sum="0"/>
</round>
<round no="3"><cards type="Turn">CK</cards>
<action no="8" player="SuBandiduu" type="4" discard="1" dealt="1" sum="0"/>
<action no="9" player="Conejo12" type="5" discard="1" dealt="1" sum="45"/>
<action no="10" player="SuBandiduu" type="3" discard="1" dealt="1" sum="45"/>
</round>
<round no="4"><cards type="River">D6</cards>
<action no="11" player="SuBandiduu" type="4" discard="1" dealt="1" sum="0"/>
<action no="12" player="Conejo12" type="5" discard="1" dealt="1" sum="180"/>
<action no="13" player="SuBandiduu" type="0" discard="1" dealt="1" sum="0"/>
</round>
</game>
<game gamecode="6433552229"><general><startdate>2025-07-20 16:44:47</startdate>
<round>1</round>
<failsafecounter/>
<players><player seat="10" name="Conejo12" chips="665" dealer="0" win="0" bet="140" muck="1" rebuy="0" addon="0" merge="0" rebuychips="0" reg_code="5048628172"/>
<player seat="3" name="Rakki" chips="470" dealer="1" win="300" bet="470" muck="1" rebuy="0" addon="0" merge="0" rebuychips="0" reg_code="5048627247"/>
<player seat="6" name="SuBandiduu" chips="365" dealer="0" win="0" bet="20" muck="1" rebuy="0" addon="0" merge="0" rebuychips="0" reg_code="5048627471"/>
</players>
</general>
<round no="0"><action no="1" player="SuBandiduu" type="15" discard="1" dealt="1" sum="5"/>
<action no="2" player="Conejo12" type="15" discard="1" dealt="1" sum="5"/>
<action no="3" player="Rakki" type="15" sum="5"/>
<action no="4" player="SuBandiduu" type="1" discard="1" dealt="1" sum="15"/>
<action no="5" player="Conejo12" type="2" discard="1" dealt="1" sum="30"/>
</round>
<round no="1"><cards type="Pocket" player="Rakki">HK D10</cards>
<cards type="Pocket" player="Conejo12">X X</cards>
<cards type="Pocket" player="SuBandiduu">X X</cards>
<action no="6" player="Rakki" type="23" sum="60"/>
<action no="7" player="SuBandiduu" type="0" discard="1" dealt="1" sum="0"/>
<action no="8" player="Conejo12" type="3" discard="1" dealt="1" sum="30"/>
</round>
<round no="2"><cards type="Flop">C4 CK S6</cards>
<action no="9" player="Conejo12" type="5" discard="1" dealt="1" sum="75"/>
<action no="10" player="Rakki" type="3" sum="75"/>
</round>
<round no="3"><cards type="Turn">C8</cards>
<action no="11" player="Conejo12" type="4" discard="1" dealt="1" sum="0"/>
<action no="12" player="Rakki" type="5" sum="330"/>
<action no="13" player="Conejo12" type="0" discard="1" dealt="1" sum="0"/>
</round>
</game>
<game gamecode="6433552294"><general><startdate>2025-07-20 16:45:25</startdate>
<round>1</round>
<failsafecounter/>
<players><player seat="3" name="Rakki" chips="630" dealer="0" win="0" bet="35" muck="1" rebuy="0" addon="0" merge="0" rebuychips="0" reg_code="5048627247"/>
<player seat="6" name="SuBandiduu" chips="345" dealer="1" win="0" bet="5" muck="1" rebuy="0" addon="0" merge="0" rebuychips="0" reg_code="5048627471"/>
<player seat="10" name="Conejo12" chips="525" dealer="0" win="75" bet="65" muck="1" rebuy="0" addon="0" merge="0" rebuychips="0" reg_code="5048628172"/>
</players>
</general>
<round no="0"><action no="1" player="Conejo12" type="15" discard="1" dealt="1" sum="5"/>
<action no="2" player="Rakki" type="15" sum="5"/>
<action no="3" player="SuBandiduu" type="15" discard="1" dealt="1" sum="5"/>
<action no="4" player="Conejo12" type="1" discard="1" dealt="1" sum="15"/>
<action no="5" player="Rakki" type="2" sum="30"/>
</round>
<round no="1"><cards type="Pocket" player="Conejo12">X X</cards>
<cards type="Pocket" player="Rakki">C2 S5</cards>
<cards type="Pocket" player="SuBandiduu">X X</cards>
<action no="6" player="SuBandiduu" type="0" discard="1" dealt="1" sum="0"/>
<action no="7" player="Conejo12" type="23" discard="1" dealt="1" sum="60"/>
<action no="8" player="Rakki" type="0" sum="0"/>
</round>
</game>
<game gamecode="6433552329"><general><startdate>2025-07-20 16:45:45</startdate>
<round>1</round>
<failsafecounter/>
<players><player seat="6" name="SuBandiduu" chips="340" dealer="0" win="0" bet="45" muck="1" rebuy="0" addon="0" merge="0" rebuychips="0" reg_code="5048627471"/>
<player seat="10" name="Conejo12" chips="565" dealer="1" win="0" bet="5" muck="1" rebuy="0" addon="0" merge="0" rebuychips="0" reg_code="5048628172"/>
<player seat="3" name="Rakki" chips="595" dealer="0" win="95" bet="595" muck="1" rebuy="0" addon="0" merge="0" rebuychips="0" reg_code="5048627247"/>
</players>
</general>
<round no="0"><action no="1" player="Rakki" type="15" sum="5"/>
<action no="2" player="SuBandiduu" type="15" discard="1" dealt="1" sum="5"/>
<action no="3" player="Conejo12" type="15" discard="1" dealt="1" sum="5"/>
<action no="4" player="Rakki" type="1" sum="20"/>
<action no="5" player="SuBandiduu" type="2" discard="1" dealt="1" sum="40"/>
</round>
<round no="1"><cards type="Pocket" player="Rakki">D9 H9</cards>
<cards type="Pocket" player="SuBandiduu">X X</cards>
<cards type="Pocket" player="Conejo12">X X</cards>
<action no="6" player="Conejo12" type="0" discard="1" dealt="1" sum="0"/>
<action no="7" player="Rakki" type="23" sum="590"/>
<action no="8" player="SuBandiduu" type="0" discard="1" dealt="1" sum="0"/>
</round>
</game>
<game gamecode="6433552357"><general><startdate>2025-07-20 16:46:05</startdate>
<round>1</round>
<failsafecounter/>
<players><player seat="10" name="Conejo12" chips="560" dealer="0" win="0" bet="45" muck="1" rebuy="0" addon="0" merge="0" rebuychips="0" reg_code="5048628172"/>
<player seat="3" name="Rakki" chips="645" dealer="1" win="0" bet="5" muck="1" rebuy="0" addon="0" merge="0" rebuychips="0" reg_code="5048627247"/>
<player seat="6" name="SuBandiduu" chips="295" dealer="0" win="95" bet="295" muck="1" rebuy="0" addon="0" merge="0" rebuychips="0" reg_code="5048627471"/>
</players>
</general>
<round no="0"><action no="1" player="SuBandiduu" type="15" discard="1" dealt="1" sum="5"/>
<action no="2" player="Conejo12" type="15" discard="1" dealt="1" sum="5"/>
<action no="3" player="Rakki" type="15" sum="5"/>
<action no="4" player="SuBandiduu" type="1" discard="1" dealt="1" sum="20"/>
<action no="5" player="Conejo12" type="2" discard="1" dealt="1" sum="40"/>
</round>
<round no="1"><cards type="Pocket" player="Rakki">CK H5</cards>
<cards type="Pocket" player="Conejo12">X X</cards>
<cards type="Pocket" player="SuBandiduu">X X</cards>
<action no="6" player="Rakki" type="0" sum="0"/>
<action no="7" player="SuBandiduu" type="23" discard="1" dealt="1" sum="290"/>
<action no="8" player="Conejo12" type="0" discard="1" dealt="1" sum="0"/>
</round>
</game>
<game gamecode="6433552372"><general><startdate>2025-07-20 16:46:18</startdate>
<round>1</round>
<failsafecounter/>
<players><player seat="3" name="Rakki" chips="640" dealer="0" win="0" bet="45" muck="1" rebuy="0" addon="0" merge="0" rebuychips="0" reg_code="5048627247"/>
<player seat="6" name="SuBandiduu" chips="345" dealer="1" win="115" bet="345" muck="1" rebuy="0" addon="0" merge="0" rebuychips="0" reg_code="5048627471"/>
<player seat="10" name="Conejo12" chips="515" dealer="0" win="0" bet="25" muck="1" rebuy="0" addon="0" merge="0" rebuychips="0" reg_code="5048628172"/>
</players>
</general>
<round no="0"><action no="1" player="Conejo12" type="15" discard="1" dealt="1" sum="5"/>
<action no="2" player="Rakki" type="15" sum="5"/>
<action no="3" player="SuBandiduu" type="15" discard="1" dealt="1" sum="5"/>
<action no="4" player="Conejo12" type="1" discard="1" dealt="1" sum="20"/>
<action no="5" player="Rakki" type="2" sum="40"/>
</round>
<round no="1"><cards type="Pocket" player="Conejo12">X X</cards>
<cards type="Pocket" player="Rakki">H2 H5</cards>
<cards type="Pocket" player="SuBandiduu">X X</cards>
<action no="6" player="SuBandiduu" type="23" discard="1" dealt="1" sum="340"/>
<action no="7" player="Conejo12" type="0" discard="1" dealt="1" sum="0"/>
<action no="8" player="Rakki" type="0" sum="0"/>
</round>
</game>
<game gamecode="6433552405"><general><startdate>2025-07-20 16:46:36</startdate>
<round>1</round>
<failsafecounter/>
<players><player seat="6" name="SuBandiduu" chips="415" dealer="0" win="0" bet="45" muck="1" rebuy="0" addon="0" merge="0" rebuychips="0" reg_code="5048627471"/>
<player seat="10" name="Conejo12" chips="490" dealer="1" win="115" bet="85" muck="1" rebuy="0" addon="0" merge="0" rebuychips="0" reg_code="5048628172"/>
<player seat="3" name="Rakki" chips="595" dealer="0" win="0" bet="25" muck="1" rebuy="0" addon="0" merge="0" rebuychips="0" reg_code="5048627247"/>
</players>
</general>
<round no="0"><action no="1" player="Rakki" type="15" sum="5"/>
<action no="2" player="SuBandiduu" type="15" discard="1" dealt="1" sum="5"/>
<action no="3" player="Conejo12" type="15" discard="1" dealt="1" sum="5"/>
<action no="4" player="Rakki" type="1" sum="20"/>
<action no="5" player="SuBandiduu" type="2" discard="1" dealt="1" sum="40"/>
</round>
<round no="1"><cards type="Pocket" player="Conejo12">X X</cards>
<cards type="Pocket" player="Rakki">S4 DQ</cards>
<cards type="Pocket" player="SuBandiduu">X X</cards>
<action no="6" player="Conejo12" type="23" discard="1" dealt="1" sum="80"/>
<action no="7" player="Rakki" type="0" sum="0"/>
<action no="8" player="SuBandiduu" type="0" discard="1" dealt="1" sum="0"/>
</round>
</game>
<game gamecode="6433552423"><general><startdate>2025-07-20 16:46:47</startdate>
<round>1</round>
<failsafecounter/>
<players><player seat="10" name="Conejo12" chips="560" dealer="0" win="0" bet="45" muck="1" rebuy="0" addon="0" merge="0" rebuychips="0" reg_code="5048628172"/>
<player seat="3" name="Rakki" chips="570" dealer="1" win="115" bet="570" muck="1" rebuy="0" addon="0" merge="0" rebuychips="0" reg_code="5048627247"/>
<player seat="6" name="SuBandiduu" chips="370" dealer="0" win="0" bet="25" muck="1" rebuy="0" addon="0" merge="0" rebuychips="0" reg_code="5048627471"/>
</players>
</general>
<round no="0"><action no="1" player="SuBandiduu" type="15" discard="1" dealt="1" sum="5"/>
<action no="2" player="Conejo12" type="15" discard="1" dealt="1" sum="5"/>
<action no="3" player="Rakki" type="15" sum="5"/>
<action no="4" player="SuBandiduu" type="1" discard="1" dealt="1" sum="20"/>
<action no="5" player="Conejo12" type="2" discard="1" dealt="1" sum="40"/>
</round>
<round no="1"><cards type="Pocket" player="SuBandiduu">X X</cards>
<cards type="Pocket" player="Rakki">DK H10</cards>
<cards type="Pocket" player="Conejo12">X X</cards>
<action no="6" player="Rakki" type="23" sum="565"/>
<action no="7" player="SuBandiduu" type="0" discard="1" dealt="1" sum="0"/>
<action no="8" player="Conejo12" type="0" discard="1" dealt="1" sum="0"/>
</round>
</game>
<game gamecode="6433552439"><general><startdate>2025-07-20 16:46:57</startdate>
<round>1</round>
<failsafecounter/>
<players><player seat="3" name="Rakki" chips="640" dealer="0" win="0" bet="515" muck="1" rebuy="0" addon="0" merge="0" rebuychips="0" reg_code="5048627247"/>
<player seat="6" name="SuBandiduu" chips="345" dealer="1" win="0" bet="5" muck="1" rebuy="0" addon="0" merge="0" rebuychips="0" reg_code="5048627471"/>
<player seat="10" name="Conejo12" chips="515" dealer="0" win="1,035" bet="515" muck="0" rebuy="0" addon="0" merge="0" rebuychips="0" reg_code="5048628172"/>
</players>
</general>
<round no="0"><action no="1" player="Conejo12" type="15" discard="1" dealt="1" sum="5"/>
<action no="2" player="Rakki" type="15" sum="5"/>
<action no="3" player="SuBandiduu" type="15" discard="1" dealt="1" sum="5"/>
<action no="4" player="Conejo12" type="1" discard="1" dealt="1" sum="20"/>
<action no="5" player="Rakki" type="2" sum="40"/>
</round>
<round no="1"><cards type="Pocket" player="Rakki">HA SJ</cards>
<cards type="Pocket" player="Conejo12">DQ DK</cards>
<cards type="Pocket" player="SuBandiduu">X X</cards>
<action no="6" player="SuBandiduu" type="0" discard="1" dealt="1" sum="0"/>
<action no="7" player="Conejo12" type="23" discard="1" dealt="1" sum="510"/>
<action no="8" player="Rakki" type="3" sum="470"/>
</round>
<round no="2"><cards type="Flop">C2 D10 SQ</cards>
</round>
<round no="3"><cards type="Turn">S2</cards>
</round>
<round no="4"><cards type="River">C8</cards>
</round>
</game>
<game gamecode="6433552473"><general><startdate>2025-07-20 16:47:16</startdate>
<round>1</round>
<failsafecounter/>
<players><player seat="6" name="SuBandiduu" chips="340" dealer="0" win="0" bet="45" muck="1" rebuy="0" addon="0" merge="0" rebuychips="0" reg_code="5048627471"/>
<player seat="10" name="Conejo12" chips="1,035" dealer="1" win="115" bet="1,035" muck="1" rebuy="0" addon="0" merge="0" rebuychips="0" reg_code="5048628172"/>
<player seat="3" name="Rakki" chips="125" dealer="0" win="0" bet="25" muck="1" rebuy="0" addon="0" merge="0" rebuychips="0" reg_code="5048627247"/>
</players>
</general>
<round no="0"><action no="1" player="Rakki" type="15" sum="5"/>
<action no="2" player="SuBandiduu" type="15" discard="1" dealt="1" sum="5"/>
<action no="3" player="Conejo12" type="15" discard="1" dealt="1" sum="5"/>
<action no="4" player="Rakki" type="1" sum="20"/>
<action no="5" player="SuBandiduu" type="2" discard="1" dealt="1" sum="40"/>
</round>
<round no="1"><cards type="Pocket" player="Rakki">C8 D7</cards>
<cards type="Pocket" player="SuBandiduu">X X</cards>
<cards type="Pocket" player="Conejo12">X X</cards>
<action no="6" player="Conejo12" type="23" discard="1" dealt="1" sum="1,030"/>
<action no="7" player="Rakki" type="0" sum="0"/>
<action no="8" player="SuBandiduu" type="0" discard="1" dealt="1" sum="0"/>
</round>
</game>
<game gamecode="6433552495"><general><startdate>2025-07-20 16:47:27</startdate>
<round>1</round>
<failsafecounter/>
<players><player seat="10" name="Conejo12" chips="1,105" dealer="0" win="0" bet="65" muck="1" rebuy="0" addon="0" merge="0" rebuychips="0" reg_code="5048628172"/>
<player seat="3" name="Rakki" chips="100" dealer="1" win="265" bet="100" muck="0" rebuy="0" addon="0" merge="0" rebuychips="0" reg_code="5048627247"/>
<player seat="6" name="SuBandiduu" chips="295" dealer="0" win="0" bet="295" muck="1" rebuy="0" addon="0" merge="0" rebuychips="0" reg_code="5048627471"/>
</players>
</general>
<round no="0"><action no="1" player="SuBandiduu" type="15" discard="1" dealt="1" sum="5"/>
<action no="2" player="Conejo12" type="15" discard="1" dealt="1" sum="5"/>
<action no="3" player="Rakki" type="15" sum="5"/>
<action no="4" player="SuBandiduu" type="1" discard="1" dealt="1" sum="30"/>
<action no="5" player="Conejo12" type="2" discard="1" dealt="1" sum="60"/>
</round>
<round no="1"><cards type="Pocket" player="Rakki">S7 HA</cards>
<cards type="Pocket" player="Conejo12">X X</cards>
<cards type="Pocket" player="SuBandiduu">H9 CQ</cards>
<action no="6" player="Rakki" type="7" sum="95"/>
<action no="7" player="SuBandiduu" type="23" discard="1" dealt="1" sum="290"/>
<action no="8" player="Conejo12" type="0" discard="1" dealt="1" sum="0"/>
</round>
<round no="2"><cards type="Flop">D8 D10 S5</cards>
</round>
<round no="3"><cards type="Turn">C5</cards>
</round>
<round no="4"><cards type="River">S3</cards>
</round>
</game>
<game gamecode="6433552527"><general><startdate>2025-07-20 16:47:52</startdate>
<round>1</round>
<failsafecounter/>
<players><player seat="3" name="Rakki" chips="265" dealer="0" win="0" bet="265" muck="0" rebuy="0" addon="0" merge="0" rebuychips="0" reg_code="5048627247"/>
<player seat="6" name="SuBandiduu" chips="195" dealer="1" win="0" bet="5" muck="1" rebuy="0" addon="0" merge="0" rebuychips="0" reg_code="5048627471"/>
<player seat="10" name="Conejo12" chips="1,040" dealer="0" win="535" bet="275" muck="0" rebuy="0" addon="0" merge="0" rebuychips="0" reg_code="5048628172"/>
</players>
</general>
<round no="0"><action no="1" player="Conejo12" type="15" discard="1" dealt="1" sum="5"/>
<action no="2" player="Rakki" type="15" sum="5"/>
<action no="3" player="SuBandiduu" type="15" discard="1" dealt="1" sum="5"/>
<action no="4" player="Conejo12" type="1" discard="1" dealt="1" sum="30"/>
<action no="5" player="Rakki" type="2" sum="60"/>
</round>
<round no="1"><cards type="Pocket" player="Rakki">C10 DA</cards>
<cards type="Pocket" player="SuBandiduu">X X</cards>
<cards type="Pocket" player="Conejo12">DQ DK</cards>
<action no="6" player="SuBandiduu" type="0" discard="1" dealt="1" sum="0"/>
<action no="7" player="Conejo12" type="23" discard="1" dealt="1" sum="270"/>
<action no="8" player="Rakki" type="7" sum="200"/>
</round>
<round no="2"><cards type="Flop">C2 H6 CK</cards>
</round>
<round no="3"><cards type="Turn">C5</cards>
</round>
<round no="4"><cards type="River">H4</cards>
</round>
</game>
</session>
