<?xml version="1.0" encoding="UTF-8"?>
<session sessioncode="5048717885">
<general>
<client_version>25.1.1.16</client_version>
<mode>real</mode>
<gametype>Holdem NL</gametype>
<tablename>Twister €100 SNG, 814333133</tablename>
<tournamentcode>814333132</tournamentcode>
<tournamentname>Twister €100 SNG</tournamentname>
<buyin>€0 + €7 + €93</buyin>
<totalbuyin>€100</totalbuyin>
<rewarddrawn>€400</rewarddrawn>
<tournamentcurrency>EUR</tournamentcurrency>
<currency>EUR</currency>
<nickname>Rakki</nickname>
<gamecount>20</gamecount>
<startdate>2025-07-21 00:15:44</startdate>
<place>2</place>
<win>€0</win>
<tablesize>3</tablesize>
</general>
<game gamecode="6433929661"><general><startdate>2025-07-21 00:15:59</startdate>
<round>1</round>
<failsafecounter/>
<players><player seat="10" name="obeli212" chips="500" dealer="0" win="20" bet="20" muck="1" rebuy="0" addon="0" merge="0" rebuychips="0" reg_code="5048718001"/>
<player seat="3" name="OFiorbe" chips="500" dealer="1" win="0" bet="0" muck="1" rebuy="0" addon="0" merge="0" rebuychips="0" reg_code="5048716729"/>
<player seat="6" name="Rakki" chips="500" dealer="0" win="0" bet="10" muck="1" rebuy="0" addon="0" merge="0" rebuychips="0" reg_code="5048717885"/>
</players>
</general>
<round no="0"><action no="1" player="Rakki" type="1" sum="10"/>
<action no="2" player="obeli212" type="2" discard="1" dealt="1" sum="20"/>
</round>
<round no="1"><cards type="Pocket" player="Rakki">SJ D4</cards>
<cards type="Pocket" player="obeli212">X X</cards>
<cards type="Pocket" player="OFiorbe">X X</cards>
<action no="3" player="OFiorbe" type="0" discard="1" dealt="1" sum="0"/>
<action no="4" player="Rakki" type="0" sum="0"/>
</round>
</game>
<game gamecode="6433929676"><general><startdate>2025-07-21 00:16:12</startdate>
<round>1</round>
<failsafecounter/>
<players><player seat="3" name="OFiorbe" chips="500" dealer="0" win="0" bet="40" muck="1" rebuy="0" addon="0" merge="0" rebuychips="0" reg_code="5048716729"/>
<player seat="6" name="Rakki" chips="490" dealer="1" win="90" bet="80" muck="1" rebuy="0" addon="0" merge="0" rebuychips="0" reg_code="5048717885"/>
<player seat="10" name="obeli212" chips="510" dealer="0" win="0" bet="10" muck="1" rebuy="0" addon="0" merge="0" rebuychips="0" reg_code="5048718001"/>
</players>
</general>
<round no="0"><action no="1" player="obeli212" type="1" discard="1" dealt="1" sum="10"/>
<action no="2" player="OFiorbe" type="2" discard="1" dealt="1" sum="20"/>
</round>
<round no="1"><cards type="Pocket" player="OFiorbe">X X</cards>
<cards type="Pocket" player="obeli212">X X</cards>
<cards type="Pocket" player="Rakki">CQ HA</cards>
<action no="3" player="Rakki" type="23" sum="40"/>
<action no="4" player="obeli212" type="0" discard="1" dealt="1" sum="0"/>
<action no="5" player="OFiorbe" type="3" discard="1" dealt="1" sum="20"/>
</round>
<round no="2"><cards type="Flop">H4 D10 D9</cards>
<action no="6" player="OFiorbe" type="4" discard="1" dealt="1" sum="0"/>
<action no="7" player="Rakki" type="5" sum="40"/>
<action no="8" player="OFiorbe" type="0" discard="1" dealt="1" sum="0"/>
</round>
</game>
<game gamecode="6433929708"><general><startdate>2025-07-21 00:16:34</startdate>
<round>1</round>
<failsafecounter/>
<players><player seat="6" name="Rakki" chips="540" dealer="0" win="0" bet="20" muck="1" rebuy="0" addon="0" merge="0" rebuychips="0" reg_code="5048717885"/>
<player seat="10" name="obeli212" chips="500" dealer="1" win="0" bet="40" muck="1" rebuy="0" addon="0" merge="0" rebuychips="0" reg_code="5048718001"/>
<player seat="3" name="OFiorbe" chips="460" dealer="0" win="100" bet="100" muck="1" rebuy="0" addon="0" merge="0" rebuychips="0" reg_code="5048716729"/>
</players>
</general>
<round no="0"><action no="1" player="OFiorbe" type="1" discard="1" dealt="1" sum="10"/>
<action no="2" player="Rakki" type="2" sum="20"/>
</round>
<round no="1"><cards type="Pocket" player="Rakki">HK CQ</cards>
<cards type="Pocket" player="obeli212">X X</cards>
<cards type="Pocket" player="OFiorbe">X X</cards>
<action no="3" player="obeli212" type="23" discard="1" dealt="1" sum="40"/>
<action no="4" player="OFiorbe" type="23" discard="1" dealt="1" sum="100"/>
<action no="5" player="Rakki" type="0" sum="0"/>
<action no="6" player="obeli212" type="0" discard="1" dealt="1" sum="0"/>
</round>
</game>
<game gamecode="6433929733"><general><startdate>2025-07-21 00:16:49</startdate>
<round>1</round>
<failsafecounter/>
<players><player seat="10" name="obeli212" chips="460" dealer="0" win="0" bet="50" muck="1" rebuy="0" addon="0" merge="0" rebuychips="0" reg_code="5048718001"/>
<player seat="3" name="OFiorbe" chips="520" dealer="1" win="0" bet="0" muck="1" rebuy="0" addon="0" merge="0" rebuychips="0" reg_code="5048716729"/>
<player seat="6" name="Rakki" chips="520" dealer="0" win="100" bet="70" muck="1" rebuy="0" addon="0" merge="0" rebuychips="0" reg_code="5048717885"/>
</players>
</general>
<round no="0"><action no="1" player="Rakki" type="1" sum="10"/>
<action no="2" player="obeli212" type="2" discard="1" dealt="1" sum="20"/>
</round>
<round no="1"><cards type="Pocket" player="OFiorbe">X X</cards>
<cards type="Pocket" player="obeli212">X X</cards>
<cards type="Pocket" player="Rakki">S7 CA</cards>
<action no="3" player="OFiorbe" type="0" discard="1" dealt="1" sum="0"/>
<action no="4" player="Rakki" type="23" sum="50"/>
<action no="5" player="obeli212" type="3" discard="1" dealt="1" sum="30"/>
</round>
<round no="2"><cards type="Flop">C2 SA D8</cards>
<action no="6" player="Rakki" type="5" sum="20"/>
<action no="7" player="obeli212" type="0" discard="1" dealt="1" sum="0"/>
</round>
</game>
<game gamecode="6433929763"><general><startdate>2025-07-21 00:17:12</startdate>
<round>1</round>
<failsafecounter/>
<players><player seat="3" name="OFiorbe" chips="520" dealer="0" win="120" bet="100" muck="1" rebuy="0" addon="0" merge="0" rebuychips="0" reg_code="5048716729"/>
<player seat="6" name="Rakki" chips="570" dealer="1" win="0" bet="0" muck="1" rebuy="0" addon="0" merge="0" rebuychips="0" reg_code="5048717885"/>
<player seat="10" name="obeli212" chips="410" dealer="0" win="0" bet="60" muck="1" rebuy="0" addon="0" merge="0" rebuychips="0" reg_code="5048718001"/>
</players>
</general>
<round no="0"><action no="1" player="obeli212" type="1" discard="1" dealt="1" sum="10"/>
<action no="2" player="OFiorbe" type="2" discard="1" dealt="1" sum="20"/>
</round>
<round no="1"><cards type="Pocket" player="obeli212">X X</cards>
<cards type="Pocket" player="OFiorbe">X X</cards>
<cards type="Pocket" player="Rakki">H4 SK</cards>
<action no="3" player="Rakki" type="0" sum="0"/>
<action no="4" player="obeli212" type="3" discard="1" dealt="1" sum="10"/>
<action no="5" player="OFiorbe" type="23" discard="1" dealt="1" sum="60"/>
<action no="6" player="obeli212" type="3" discard="1" dealt="1" sum="40"/>
</round>
<round no="2"><cards type="Flop">H5 C4 D2</cards>
<action no="7" player="obeli212" type="4" discard="1" dealt="1" sum="0"/>
<action no="8" player="OFiorbe" type="5" discard="1" dealt="1" sum="40"/>
<action no="9" player="obeli212" type="0" discard="1" dealt="1" sum="0"/>
</round>
</game>
<game gamecode="6433929795"><general><startdate>2025-07-21 00:17:36</startdate>
<round>1</round>
<failsafecounter/>
<players><player seat="6" name="Rakki" chips="570" dealer="0" win="110" bet="50" muck="0" rebuy="0" addon="0" merge="0" rebuychips="0" reg_code="5048717885"/>
<player seat="10" name="obeli212" chips="350" dealer="1" win="0" bet="50" muck="1" rebuy="0" addon="0" merge="0" rebuychips="0" reg_code="5048718001"/>
<player seat="3" name="OFiorbe" chips="580" dealer="0" win="0" bet="10" muck="1" rebuy="0" addon="0" merge="0" rebuychips="0" reg_code="5048716729"/>
</players>
</general>
<round no="0"><action no="1" player="OFiorbe" type="1" discard="1" dealt="1" sum="10"/>
<action no="2" player="Rakki" type="2" sum="20"/>
</round>
<round no="1"><cards type="Pocket" player="Rakki">S2 DA</cards>
<cards type="Pocket" player="OFiorbe">X X</cards>
<cards type="Pocket" player="obeli212">CQ SK</cards>
<action no="3" player="obeli212" type="23" discard="1" dealt="1" sum="50"/>
<action no="4" player="OFiorbe" type="0" discard="1" dealt="1" sum="0"/>
<action no="5" player="Rakki" type="3" sum="30"/>
</round>
<round no="2"><cards type="Flop">C8 DJ H4</cards>
<action no="6" player="Rakki" type="4" sum="0"/>
<action no="7" player="obeli212" type="4" discard="1" dealt="1" sum="0"/>
</round>
<round no="3"><cards type="Turn">D10</cards>
<action no="8" player="Rakki" type="4" sum="0"/>
<action no="9" player="obeli212" type="4" discard="1" dealt="1" sum="0"/>
</round>
<round no="4"><cards type="River">SJ</cards>
<action no="10" player="Rakki" type="4" sum="0"/>
<action no="11" player="obeli212" type="4" discard="1" dealt="1" sum="0"/>
</round>
</game>
<game gamecode="6433929834"><general><startdate>2025-07-21 00:18:07</startdate>
<round>1</round>
<failsafecounter/>
<players><player seat="10" name="obeli212" chips="300" dealer="0" win="0" bet="35" muck="1" rebuy="0" addon="0" merge="0" rebuychips="0" reg_code="5048718001"/>
<player seat="3" name="OFiorbe" chips="570" dealer="1" win="0" bet="5" muck="1" rebuy="0" addon="0" merge="0" rebuychips="0" reg_code="5048716729"/>
<player seat="6" name="Rakki" chips="630" dealer="0" win="75" bet="630" muck="1" rebuy="0" addon="0" merge="0" rebuychips="0" reg_code="5048717885"/>
</players>
</general>
<round no="0"><action no="1" player="Rakki" type="15" sum="5"/>
<action no="2" player="obeli212" type="15" discard="1" dealt="1" sum="5"/>
<action no="3" player="OFiorbe" type="15" discard="1" dealt="1" sum="5"/>
<action no="4" player="Rakki" type="1" sum="15"/>
<action no="5" player="obeli212" type="2" discard="1" dealt="1" sum="30"/>
</round>
<round no="1"><cards type="Pocket" player="obeli212">X X</cards>
<cards type="Pocket" player="OFiorbe">X X</cards>
<cards type="Pocket" player="Rakki">H5 H6</cards>
<action no="6" player="OFiorbe" type="0" discard="1" dealt="1" sum="0"/>
<action no="7" player="Rakki" type="23" sum="625"/>
<action no="8" player="obeli212" type="0" discard="1" dealt="1" sum="0"/>
</round>
</game>
<game gamecode="6433929847"><general><startdate>2025-07-21 00:18:16</startdate>
<round>1</round>
<failsafecounter/>
<players><player seat="3" name="OFiorbe" chips="565" dealer="0" win="535" bet="265" muck="0" rebuy="0" addon="0" merge="0" rebuychips="0" reg_code="5048716729"/>
<player seat="6" name="Rakki" chips="670" dealer="1" win="0" bet="5" muck="1" rebuy="0" addon="0" merge="0" rebuychips="0" reg_code="5048717885"/>
<player seat="10" name="obeli212" chips="265" dealer="0" win="0" bet="265" muck="0" rebuy="0" addon="0" merge="0" rebuychips="0" reg_code="5048718001"/>
</players>
</general>
<round no="0"><action no="1" player="obeli212" type="15" discard="1" dealt="1" sum="5"/>
<action no="2" player="OFiorbe" type="15" discard="1" dealt="1" sum="5"/>
<action no="3" player="Rakki" type="15" sum="5"/>
<action no="4" player="obeli212" type="1" discard="1" dealt="1" sum="15"/>
<action no="5" player="OFiorbe" type="2" discard="1" dealt="1" sum="30"/>
</round>
<round no="1"><cards type="Pocket" player="OFiorbe">DQ HK</cards>
<cards type="Pocket" player="obeli212">S5 H5</cards>
<cards type="Pocket" player="Rakki">D2 SJ</cards>
<action no="6" player="Rakki" type="0" sum="0"/>
<action no="7" player="obeli212" type="23" discard="1" dealt="1" sum="260"/>
<action no="8" player="OFiorbe" type="3" discard="1" dealt="1" sum="230"/>
</round>
<round no="2"><cards type="Flop">C4 H3 S2</cards>
</round>
<round no="3"><cards type="Turn">SK</cards>
</round>
<round no="4"><cards type="River">C7</cards>
</round>
</game>
<game gamecode="6433929870"><general><startdate>2025-07-21 00:18:31</startdate>
<round>1</round>
<failsafecounter/>
<players><player seat="6" name="Rakki" chips="665" dealer="0" win="0" bet="35" muck="1" rebuy="0" addon="0" merge="0" rebuychips="0" reg_code="5048717885"/>
<player seat="3" name="OFiorbe" chips="835" dealer="1" win="70" bet="87" muck="1" rebuy="0" addon="0" merge="0" rebuychips="0" reg_code="5048716729"/>
</players>
</general>
<round no="0"><action no="1" player="OFiorbe" type="15" discard="1" dealt="1" sum="5"/>
<action no="2" player="Rakki" type="15" sum="5"/>
<action no="3" player="OFiorbe" type="1" discard="1" dealt="1" sum="15"/>
<action no="4" player="Rakki" type="2" sum="30"/>
</round>
<round no="1"><cards type="Pocket" player="Rakki">C3 D7</cards>
<cards type="Pocket" player="OFiorbe">X X</cards>
<action no="5" player="OFiorbe" type="3" discard="1" dealt="1" sum="15"/>
<action no="6" player="Rakki" type="4" sum="0"/>
</round>
<round no="2"><cards type="Flop">SQ S2 S4</cards>
<action no="7" player="Rakki" type="4" sum="0"/>
<action no="8" player="OFiorbe" type="5" discard="1" dealt="1" sum="52"/>
<action no="9" player="Rakki" type="0" sum="0"/>
</round>
</game>
<game gamecode="6433929923"><general><startdate>2025-07-21 00:19:06</startdate>
<round>1</round>
<failsafecounter/>
<players><player seat="3" name="OFiorbe" chips="870" dealer="0" win="70" bet="870" muck="1" rebuy="0" addon="0" merge="0" rebuychips="0" reg_code="5048716729"/>
<player seat="6" name="Rakki" chips="630" dealer="1" win="0" bet="35" muck="1" rebuy="0" addon="0" merge="0" rebuychips="0" reg_code="5048717885"/>
</players>
</general>
<round no="0"><action no="1" player="Rakki" type="15" sum="5"/>
<action no="2" player="OFiorbe" type="15" discard="1" dealt="1" sum="5"/>
<action no="3" player="Rakki" type="1" sum="15"/>
<action no="4" player="OFiorbe" type="2" discard="1" dealt="1" sum="30"/>
</round>
<round no="1"><cards type="Pocket" player="OFiorbe">X X</cards>
<cards type="Pocket" player="Rakki">D4 H6</cards>
<action no="5" player="Rakki" type="3" sum="15"/>
<action no="6" player="OFiorbe" type="23" discard="1" dealt="1" sum="865"/>
<action no="7" player="Rakki" type="0" sum="0"/>
</round>
</game>
<game gamecode="6433929951"><general><startdate>2025-07-21 00:19:25</startdate>
<round>1</round>
<failsafecounter/>
<players><player seat="6" name="Rakki" chips="595" dealer="0" win="70" bet="95" muck="1" rebuy="0" addon="0" merge="0" rebuychips="0" reg_code="5048717885"/>
<player seat="3" name="OFiorbe" chips="905" dealer="1" win="0" bet="35" muck="1" rebuy="0" addon="0" merge="0" rebuychips="0" reg_code="5048716729"/>
</players>
</general>
<round no="0"><action no="1" player="OFiorbe" type="15" discard="1" dealt="1" sum="5"/>
<action no="2" player="Rakki" type="15" sum="5"/>
<action no="3" player="OFiorbe" type="1" discard="1" dealt="1" sum="15"/>
<action no="4" player="Rakki" type="2" sum="30"/>
</round>
<round no="1"><cards type="Pocket" player="Rakki">SQ SK</cards>
<cards type="Pocket" player="OFiorbe">X X</cards>
<action no="5" player="OFiorbe" type="3" discard="1" dealt="1" sum="15"/>
<action no="6" player="Rakki" type="23" sum="90"/>
<action no="7" player="OFiorbe" type="0" discard="1" dealt="1" sum="0"/>
</round>
</game>
<game gamecode="6433929979"><general><startdate>2025-07-21 00:19:40</startdate>
<round>1</round>
<failsafecounter/>
<players><player seat="3" name="OFiorbe" chips="870" dealer="0" win="130" bet="195" muck="1" rebuy="0" addon="0" merge="0" rebuychips="0" reg_code="5048716729"/>
<player seat="6" name="Rakki" chips="630" dealer="1" win="0" bet="65" muck="1" rebuy="0" addon="0" merge="0" rebuychips="0" reg_code="5048717885"/>
</players>
</general>
<round no="0"><action no="1" player="Rakki" type="15" sum="5"/>
<action no="2" player="OFiorbe" type="15" discard="1" dealt="1" sum="5"/>
<action no="3" player="Rakki" type="1" sum="15"/>
<action no="4" player="OFiorbe" type="2" discard="1" dealt="1" sum="30"/>
</round>
<round no="1"><cards type="Pocket" player="Rakki">S9 S2</cards>
<cards type="Pocket" player="OFiorbe">X X</cards>
<action no="5" player="Rakki" type="23" sum="60"/>
<action no="6" player="OFiorbe" type="3" discard="1" dealt="1" sum="30"/>
</round>
<round no="2"><cards type="Flop">C8 C2 S6</cards>
<action no="7" player="OFiorbe" type="4" discard="1" dealt="1" sum="0"/>
<action no="8" player="Rakki" type="4" sum="0"/>
</round>
<round no="3"><cards type="Turn">HK</cards>
<action no="9" player="OFiorbe" type="4" discard="1" dealt="1" sum="0"/>
<action no="10" player="Rakki" type="4" sum="0"/>
</round>
<round no="4"><cards type="River">DJ</cards>
<action no="11" player="OFiorbe" type="5" discard="1" dealt="1" sum="130"/>
<action no="12" player="Rakki" type="0" sum="0"/>
</round>
</game>
<game gamecode="6433930040"><general><startdate>2025-07-21 00:20:20</startdate>
<round>1</round>
<failsafecounter/>
<players><player seat="6" name="Rakki" chips="565" dealer="0" win="426" bet="213" muck="0" rebuy="0" addon="0" merge="0" rebuychips="0" reg_code="5048717885"/>
<player seat="3" name="OFiorbe" chips="935" dealer="1" win="0" bet="213" muck="1" rebuy="0" addon="0" merge="0" rebuychips="0" reg_code="5048716729"/>
</players>
</general>
<round no="0"><action no="1" player="OFiorbe" type="15" discard="1" dealt="1" sum="5"/>
<action no="2" player="Rakki" type="15" sum="5"/>
<action no="3" player="OFiorbe" type="1" discard="1" dealt="1" sum="20"/>
<action no="4" player="Rakki" type="2" sum="40"/>
</round>
<round no="1"><cards type="Pocket" player="OFiorbe">H10 H4</cards>
<cards type="Pocket" player="Rakki">H6 D5</cards>
<action no="5" player="OFiorbe" type="3" discard="1" dealt="1" sum="20"/>
<action no="6" player="Rakki" type="4" sum="0"/>
</round>
<round no="2"><cards type="Flop">SA H8 S5</cards>
<action no="7" player="Rakki" type="4" sum="0"/>
<action no="8" player="OFiorbe" type="5" discard="1" dealt="1" sum="40"/>
<action no="9" player="Rakki" type="3" sum="40"/>
</round>
<round no="3"><cards type="Turn">D7</cards>
<action no="10" player="Rakki" type="4" sum="0"/>
<action no="11" player="OFiorbe" type="5" discard="1" dealt="1" sum="128"/>
<action no="12" player="Rakki" type="3" sum="128"/>
</round>
<round no="4"><cards type="River">D8</cards>
<action no="13" player="Rakki" type="4" sum="0"/>
<action no="14" player="OFiorbe" type="4" discard="1" dealt="1" sum="0"/>
</round>
</game>
<game gamecode="6433930102"><general><startdate>2025-07-21 00:21:00</startdate>
<round>1</round>
<failsafecounter/>
<players><player seat="3" name="OFiorbe" chips="722" dealer="0" win="90" bet="112" muck="1" rebuy="0" addon="0" merge="0" rebuychips="0" reg_code="5048716729"/>
<player seat="6" name="Rakki" chips="778" dealer="1" win="0" bet="45" muck="1" rebuy="0" addon="0" merge="0" rebuychips="0" reg_code="5048717885"/>
</players>
</general>
<round no="0"><action no="1" player="Rakki" type="15" sum="5"/>
<action no="2" player="OFiorbe" type="15" discard="1" dealt="1" sum="5"/>
<action no="3" player="Rakki" type="1" sum="20"/>
<action no="4" player="OFiorbe" type="2" discard="1" dealt="1" sum="40"/>
</round>
<round no="1"><cards type="Pocket" player="Rakki">H8 D9</cards>
<cards type="Pocket" player="OFiorbe">X X</cards>
<action no="5" player="Rakki" type="3" sum="20"/>
<action no="6" player="OFiorbe" type="4" discard="1" dealt="1" sum="0"/>
</round>
<round no="2"><cards type="Flop">H9 SK DJ</cards>
<action no="7" player="OFiorbe" type="4" discard="1" dealt="1" sum="0"/>
<action no="8" player="Rakki" type="4" sum="0"/>
</round>
<round no="3"><cards type="Turn">CQ</cards>
<action no="9" player="OFiorbe" type="5" discard="1" dealt="1" sum="67"/>
<action no="10" player="Rakki" type="0" sum="0"/>
</round>
</game>
<game gamecode="6433930139"><general><startdate>2025-07-21 00:21:24</startdate>
<round>1</round>
<failsafecounter/>
<players><player seat="6" name="Rakki" chips="733" dealer="0" win="0" bet="320" muck="1" rebuy="0" addon="0" merge="0" rebuychips="0" reg_code="5048717885"/>
<player seat="3" name="OFiorbe" chips="767" dealer="1" win="640" bet="320" muck="0" rebuy="0" addon="0" merge="0" rebuychips="0" reg_code="5048716729"/>
</players>
</general>
<round no="0"><action no="1" player="OFiorbe" type="15" discard="1" dealt="1" sum="5"/>
<action no="2" player="Rakki" type="15" sum="5"/>
<action no="3" player="OFiorbe" type="1" discard="1" dealt="1" sum="20"/>
<action no="4" player="Rakki" type="2" sum="40"/>
</round>
<round no="1"><cards type="Pocket" player="OFiorbe">DQ CA</cards>
<cards type="Pocket" player="Rakki">C4 H6</cards>
<action no="5" player="OFiorbe" type="23" discard="1" dealt="1" sum="80"/>
<action no="6" player="Rakki" type="3" sum="40"/>
</round>
<round no="2"><cards type="Flop">C9 C3 C10</cards>
<action no="7" player="Rakki" type="4" sum="0"/>
<action no="8" player="OFiorbe" type="5" discard="1" dealt="1" sum="43"/>
<action no="9" player="Rakki" type="3" sum="43"/>
</round>
<round no="3"><cards type="Turn">H4</cards>
<action no="10" player="Rakki" type="4" sum="0"/>
<action no="11" player="OFiorbe" type="4" discard="1" dealt="1" sum="0"/>
</round>
<round no="4"><cards type="River">C5</cards>
<action no="12" player="Rakki" type="4" sum="0"/>
<action no="13" player="OFiorbe" type="5" discard="1" dealt="1" sum="192"/>
<action no="14" player="Rakki" type="3" sum="192"/>
</round>
</game>
<game gamecode="6433930239"><general><startdate>2025-07-21 00:22:20</startdate>
<round>1</round>
<failsafecounter/>
<players><player seat="3" name="OFiorbe" chips="1,087" dealer="0" win="70" bet="65" muck="1" rebuy="0" addon="0" merge="0" rebuychips="0" reg_code="5048716729"/>
<player seat="6" name="Rakki" chips="413" dealer="1" win="0" bet="35" muck="1" rebuy="0" addon="0" merge="0" rebuychips="0" reg_code="5048717885"/>
</players>
</general>
<round no="0"><action no="1" player="Rakki" type="15" sum="5"/>
<action no="2" player="OFiorbe" type="15" discard="1" dealt="1" sum="5"/>
<action no="3" player="Rakki" type="1" sum="30"/>
<action no="4" player="OFiorbe" type="2" discard="1" dealt="1" sum="60"/>
</round>
<round no="1"><cards type="Pocket" player="Rakki">C2 S3</cards>
<cards type="Pocket" player="OFiorbe">X X</cards>
<action no="5" player="Rakki" type="0" sum="0"/>
</round>
</game>
<game gamecode="6433930255"><general><startdate>2025-07-21 00:22:27</startdate>
<round>1</round>
<failsafecounter/>
<players><player seat="6" name="Rakki" chips="378" dealer="0" win="756" bet="378" muck="0" rebuy="0" addon="0" merge="0" rebuychips="0" reg_code="5048717885"/>
<player seat="3" name="OFiorbe" chips="1,122" dealer="1" win="0" bet="1,122" muck="0" rebuy="0" addon="0" merge="0" rebuychips="0" reg_code="5048716729"/>
</players>
</general>
<round no="0"><action no="1" player="OFiorbe" type="15" discard="1" dealt="1" sum="5"/>
<action no="2" player="Rakki" type="15" sum="5"/>
<action no="3" player="OFiorbe" type="1" discard="1" dealt="1" sum="30"/>
<action no="4" player="Rakki" type="2" sum="60"/>
</round>
<round no="1"><cards type="Pocket" player="Rakki">SA C6</cards>
<cards type="Pocket" player="OFiorbe">D7 C5</cards>
<action no="5" player="OFiorbe" type="23" discard="1" dealt="1" sum="1,117"/>
<action no="6" player="Rakki" type="7" sum="313"/>
</round>
<round no="2"><cards type="Flop">D8 H2 S2</cards>
</round>
<round no="3"><cards type="Turn">H9</cards>
</round>
<round no="4"><cards type="River">S9</cards>
</round>
</game>
<game gamecode="6433930305"><general><startdate>2025-07-21 00:22:53</startdate>
<round>1</round>
<failsafecounter/>
<players><player seat="3" name="OFiorbe" chips="744" dealer="0" win="130" bet="744" muck="1" rebuy="0" addon="0" merge="0" rebuychips="0" reg_code="5048716729"/>
<player seat="6" name="Rakki" chips="756" dealer="1" win="0" bet="65" muck="1" rebuy="0" addon="0" merge="0" rebuychips="0" reg_code="5048717885"/>
</players>
</general>
<round no="0"><action no="1" player="Rakki" type="15" sum="5"/>
<action no="2" player="OFiorbe" type="15" discard="1" dealt="1" sum="5"/>
<action no="3" player="Rakki" type="1" sum="30"/>
<action no="4" player="OFiorbe" type="2" discard="1" dealt="1" sum="60"/>
</round>
<round no="1"><cards type="Pocket" player="Rakki">DJ C5</cards>
<cards type="Pocket" player="OFiorbe">X X</cards>
<action no="5" player="Rakki" type="3" sum="30"/>
<action no="6" player="OFiorbe" type="23" discard="1" dealt="1" sum="739"/>
<action no="7" player="Rakki" type="0" sum="0"/>
</round>
</game>
<game gamecode="6433930330"><general><startdate>2025-07-21 00:23:03</startdate>
<round>1</round>
<failsafecounter/>
<players><player seat="6" name="Rakki" chips="691" dealer="0" win="0" bet="162" muck="1" rebuy="0" addon="0" merge="0" rebuychips="0" reg_code="5048717885"/>
<player seat="3" name="OFiorbe" chips="809" dealer="1" win="324" bet="162" muck="0" rebuy="0" addon="0" merge="0" rebuychips="0" reg_code="5048716729"/>
</players>
</general>
<round no="0"><action no="1" player="OFiorbe" type="15" discard="1" dealt="1" sum="5"/>
<action no="2" player="Rakki" type="15" sum="5"/>
<action no="3" player="OFiorbe" type="1" discard="1" dealt="1" sum="30"/>
<action no="4" player="Rakki" type="2" sum="60"/>
</round>
<round no="1"><cards type="Pocket" player="Rakki">SQ H4</cards>
<cards type="Pocket" player="OFiorbe">H8 C8</cards>
<action no="5" player="OFiorbe" type="3" discard="1" dealt="1" sum="30"/>
<action no="6" player="Rakki" type="4" sum="0"/>
</round>
<round no="2"><cards type="Flop">H6 H9 HQ</cards>
<action no="7" player="Rakki" type="4" sum="0"/>
<action no="8" player="OFiorbe" type="4" discard="1" dealt="1" sum="0"/>
</round>
<round no="3"><cards type="Turn">H2</cards>
<action no="9" player="Rakki" type="4" sum="0"/>
<action no="10" player="OFiorbe" type="5" discard="1" dealt="1" sum="97"/>
<action no="11" player="Rakki" type="3" sum="97"/>
</round>
<round no="4"><cards type="River">S9</cards>
<action no="12" player="Rakki" type="4" sum="0"/>
<action no="13" player="OFiorbe" type="4" discard="1" dealt="1" sum="0"/>
</round>
</game>
<game gamecode="6433937031"><general><startdate>2025-07-21 00:24:04</startdate>
<round>1</round>
<failsafecounter/>
<players><player seat="3" name="OFiorbe" chips="971" dealer="0" win="1,058" bet="529" muck="0" rebuy="0" addon="0" merge="0" rebuychips="0" reg_code="5048716729"/>
<player seat="6" name="Rakki" chips="529" dealer="1" win="0" bet="529" muck="0" rebuy="0" addon="0" merge="0" rebuychips="0" reg_code="5048717885"/>
</players>
</general>
<round no="0"><action no="1" player="Rakki" type="15" sum="8"/>
<action no="2" player="OFiorbe" type="15" discard="1" dealt="1" sum="8"/>
<action no="3" player="Rakki" type="1" sum="40"/>
<action no="4" player="OFiorbe" type="2" discard="1" dealt="1" sum="80"/>
</round>
<round no="1"><cards type="Pocket" player="Rakki">CK D7</cards>
<cards type="Pocket" player="OFiorbe">H7 HQ</cards>
<action no="5" player="Rakki" type="23" sum="521"/>
<action no="6" player="OFiorbe" type="3" discard="1" dealt="1" sum="441"/>
</round>
<round no="2"><cards type="Flop">H9 S5 DQ</cards>
</round>
<round no="3"><cards type="Turn">DJ</cards>
</round>
<round no="4"><cards type="River">SQ</cards>
</round>
</game>
</session>
