<?xml version="1.0" encoding="UTF-8"?>
<session sessioncode="5048620241">
<general>
<client_version>25.1.1.16</client_version>
<mode>real</mode>
<gametype>Holdem NL</gametype>
<tablename>Twister €100 SNG, 814309225</tablename>
<tournamentcode>814309223</tournamentcode>
<tournamentname>Twister €100 SNG</tournamentname>
<buyin>€0 + €7 + €93</buyin>
<totalbuyin>€100</totalbuyin>
<rewarddrawn>€200</rewarddrawn>
<tournamentcurrency>EUR</tournamentcurrency>
<currency>EUR</currency>
<nickname>Rakki</nickname>
<gamecount>19</gamecount>
<startdate>2025-07-20 16:08:53</startdate>
<place>2</place>
<win>€0</win>
<tablesize>3</tablesize>
</general>
<game gamecode="6433516842"><general><startdate>2025-07-20 16:09:08</startdate>
<round>1</round>
<failsafecounter/>
<players><player seat="3" name="Rakki" chips="500" dealer="0" win="480" bet="240" muck="0" rebuy="0" addon="0" merge="0" rebuychips="0" reg_code="5048620241"/>
<player seat="6" name="Divenire2741" chips="500" dealer="1" win="0" bet="0" muck="1" rebuy="0" addon="0" merge="0" rebuychips="0" reg_code="5048620533"/>
<player seat="10" name="theMaltese" chips="500" dealer="0" win="0" bet="240" muck="1" rebuy="0" addon="0" merge="0" rebuychips="0" reg_code="5048620648"/>
</players>
</general>
<round no="0"><action no="1" player="theMaltese" type="1" discard="1" dealt="1" sum="10"/>
<action no="2" player="Rakki" type="2" sum="20"/>
</round>
<round no="1"><cards type="Pocket" player="theMaltese">S3 D7</cards>
<cards type="Pocket" player="Rakki">HJ S10</cards>
<cards type="Pocket" player="Divenire2741">X X</cards>
<action no="3" player="Divenire2741" type="0" discard="1" dealt="1" sum="0"/>
<action no="4" player="theMaltese" type="23" discard="1" dealt="1" sum="40"/>
<action no="5" player="Rakki" type="3" sum="20"/>
</round>
<round no="2"><cards type="Flop">CA S8 DJ</cards>
<action no="6" player="theMaltese" type="5" discard="1" dealt="1" sum="80"/>
<action no="7" player="Rakki" type="3" sum="80"/>
</round>
<round no="3"><cards type="Turn">D2</cards>
<action no="8" player="theMaltese" type="5" discard="1" dealt="1" sum="120"/>
<action no="9" player="Rakki" type="3" sum="120"/>
</round>
<round no="4"><cards type="River">S7</cards>
<action no="10" player="theMaltese" type="4" discard="1" dealt="1" sum="0"/>
<action no="11" player="Rakki" type="4" sum="0"/>
</round>
</game>
<game gamecode="6433516895"><general><startdate>2025-07-20 16:09:39</startdate>
<round>1</round>
<failsafecounter/>
<players><player seat="6" name="Divenire2741" chips="500" dealer="0" win="0" bet="20" muck="1" rebuy="0" addon="0" merge="0" rebuychips="0" reg_code="5048620533"/>
<player seat="10" name="theMaltese" chips="260" dealer="1" win="50" bet="260" muck="1" rebuy="0" addon="0" merge="0" rebuychips="0" reg_code="5048620648"/>
<player seat="3" name="Rakki" chips="740" dealer="0" win="0" bet="10" muck="1" rebuy="0" addon="0" merge="0" rebuychips="0" reg_code="5048620241"/>
</players>
</general>
<round no="0"><action no="1" player="Rakki" type="1" sum="10"/>
<action no="2" player="Divenire2741" type="2" discard="1" dealt="1" sum="20"/>
</round>
<round no="1"><cards type="Pocket" player="theMaltese">X X</cards>
<cards type="Pocket" player="Divenire2741">X X</cards>
<cards type="Pocket" player="Rakki">H6 H4</cards>
<action no="3" player="theMaltese" type="23" discard="1" dealt="1" sum="260"/>
<action no="4" player="Rakki" type="0" sum="0"/>
<action no="5" player="Divenire2741" type="0" discard="1" dealt="1" sum="0"/>
</round>
</game>
<game gamecode="6433516908"><general><startdate>2025-07-20 16:09:47</startdate>
<round>1</round>
<failsafecounter/>
<players><player seat="10" name="theMaltese" chips="290" dealer="0" win="0" bet="40" muck="1" rebuy="0" addon="0" merge="0" rebuychips="0" reg_code="5048620648"/>
<player seat="3" name="Rakki" chips="730" dealer="1" win="0" bet="0" muck="1" rebuy="0" addon="0" merge="0" rebuychips="0" reg_code="5048620241"/>
<player seat="6" name="Divenire2741" chips="480" dealer="0" win="80" bet="480" muck="1" rebuy="0" addon="0" merge="0" rebuychips="0" reg_code="5048620533"/>
</players>
</general>
<round no="0"><action no="1" player="Divenire2741" type="1" discard="1" dealt="1" sum="10"/>
<action no="2" player="theMaltese" type="2" discard="1" dealt="1" sum="20"/>
</round>
<round no="1"><cards type="Pocket" player="theMaltese">X X</cards>
<cards type="Pocket" player="Divenire2741">X X</cards>
<cards type="Pocket" player="Rakki">S3 H4</cards>
<action no="3" player="Rakki" type="0" sum="0"/>
<action no="4" player="Divenire2741" type="3" discard="1" dealt="1" sum="10"/>
<action no="5" player="theMaltese" type="23" discard="1" dealt="1" sum="40"/>
<action no="6" player="Divenire2741" type="23" discard="1" dealt="1" sum="480"/>
<action no="7" player="theMaltese" type="0" discard="1" dealt="1" sum="0"/>
</round>
</game>
<game gamecode="6433516927"><general><startdate>2025-07-20 16:10:00</startdate>
<round>1</round>
<failsafecounter/>
<players><player seat="3" name="Rakki" chips="730" dealer="0" win="120" bet="730" muck="1" rebuy="0" addon="0" merge="0" rebuychips="0" reg_code="5048620241"/>
<player seat="6" name="Divenire2741" chips="520" dealer="1" win="0" bet="0" muck="1" rebuy="0" addon="0" merge="0" rebuychips="0" reg_code="5048620533"/>
<player seat="10" name="theMaltese" chips="250" dealer="0" win="0" bet="60" muck="1" rebuy="0" addon="0" merge="0" rebuychips="0" reg_code="5048620648"/>
</players>
</general>
<round no="0"><action no="1" player="theMaltese" type="1" discard="1" dealt="1" sum="10"/>
<action no="2" player="Rakki" type="2" sum="20"/>
</round>
<round no="1"><cards type="Pocket" player="Divenire2741">X X</cards>
<cards type="Pocket" player="theMaltese">X X</cards>
<cards type="Pocket" player="Rakki">H2 C5</cards>
<action no="3" player="Divenire2741" type="0" discard="1" dealt="1" sum="0"/>
<action no="4" player="theMaltese" type="3" discard="1" dealt="1" sum="10"/>
<action no="5" player="Rakki" type="4" sum="0"/>
</round>
<round no="2"><cards type="Flop">D5 SJ CA</cards>
<action no="6" player="theMaltese" type="4" discard="1" dealt="1" sum="0"/>
<action no="7" player="Rakki" type="4" sum="0"/>
</round>
<round no="3"><cards type="Turn">D3</cards>
<action no="8" player="theMaltese" type="5" discard="1" dealt="1" sum="20"/>
<action no="9" player="Rakki" type="3" sum="20"/>
</round>
<round no="4"><cards type="River">H5</cards>
<action no="10" player="theMaltese" type="5" discard="1" dealt="1" sum="20"/>
<action no="11" player="Rakki" type="23" sum="690"/>
<action no="12" player="theMaltese" type="0" discard="1" dealt="1" sum="0"/>
</round>
</game>
<game gamecode="6433516953"><general><startdate>2025-07-20 16:10:20</startdate>
<round>1</round>
<failsafecounter/>
<players><player seat="6" name="Divenire2741" chips="520" dealer="0" win="0" bet="20" muck="1" rebuy="0" addon="0" merge="0" rebuychips="0" reg_code="5048620533"/>
<player seat="10" name="theMaltese" chips="190" dealer="1" win="50" bet="190" muck="1" rebuy="0" addon="0" merge="0" rebuychips="0" reg_code="5048620648"/>
<player seat="3" name="Rakki" chips="790" dealer="0" win="0" bet="10" muck="1" rebuy="0" addon="0" merge="0" rebuychips="0" reg_code="5048620241"/>
</players>
</general>
<round no="0"><action no="1" player="Rakki" type="1" sum="10"/>
<action no="2" player="Divenire2741" type="2" discard="1" dealt="1" sum="20"/>
</round>
<round no="1"><cards type="Pocket" player="Divenire2741">X X</cards>
<cards type="Pocket" player="Rakki">D7 DJ</cards>
<cards type="Pocket" player="theMaltese">X X</cards>
<action no="3" player="theMaltese" type="23" discard="1" dealt="1" sum="190"/>
<action no="4" player="Rakki" type="0" sum="0"/>
<action no="5" player="Divenire2741" type="0" discard="1" dealt="1" sum="0"/>
</round>
</game>
<game gamecode="6433516974"><general><startdate>2025-07-20 16:10:32</startdate>
<round>1</round>
<failsafecounter/>
<players><player seat="10" name="theMaltese" chips="220" dealer="0" win="0" bet="20" muck="1" rebuy="0" addon="0" merge="0" rebuychips="0" reg_code="5048620648"/>
<player seat="3" name="Rakki" chips="780" dealer="1" win="0" bet="0" muck="1" rebuy="0" addon="0" merge="0" rebuychips="0" reg_code="5048620241"/>
<player seat="6" name="Divenire2741" chips="500" dealer="0" win="40" bet="500" muck="1" rebuy="0" addon="0" merge="0" rebuychips="0" reg_code="5048620533"/>
</players>
</general>
<round no="0"><action no="1" player="Divenire2741" type="1" discard="1" dealt="1" sum="10"/>
<action no="2" player="theMaltese" type="2" discard="1" dealt="1" sum="20"/>
</round>
<round no="1"><cards type="Pocket" player="Rakki">C4 S3</cards>
<cards type="Pocket" player="theMaltese">X X</cards>
<cards type="Pocket" player="Divenire2741">X X</cards>
<action no="3" player="Rakki" type="0" sum="0"/>
<action no="4" player="Divenire2741" type="23" discard="1" dealt="1" sum="500"/>
<action no="5" player="theMaltese" type="0" discard="1" dealt="1" sum="0"/>
</round>
</game>
<game gamecode="6433516981"><general><startdate>2025-07-20 16:10:40</startdate>
<round>1</round>
<failsafecounter/>
<players><player seat="3" name="Rakki" chips="780" dealer="0" win="0" bet="20" muck="1" rebuy="0" addon="0" merge="0" rebuychips="0" reg_code="5048620241"/>
<player seat="6" name="Divenire2741" chips="520" dealer="1" win="0" bet="0" muck="1" rebuy="0" addon="0" merge="0" rebuychips="0" reg_code="5048620533"/>
<player seat="10" name="theMaltese" chips="200" dealer="0" win="40" bet="60" muck="1" rebuy="0" addon="0" merge="0" rebuychips="0" reg_code="5048620648"/>
</players>
</general>
<round no="0"><action no="1" player="theMaltese" type="1" discard="1" dealt="1" sum="10"/>
<action no="2" player="Rakki" type="2" sum="20"/>
</round>
<round no="1"><cards type="Pocket" player="Rakki">S8 DJ</cards>
<cards type="Pocket" player="Divenire2741">X X</cards>
<cards type="Pocket" player="theMaltese">X X</cards>
<action no="3" player="Divenire2741" type="0" discard="1" dealt="1" sum="0"/>
<action no="4" player="theMaltese" type="23" discard="1" dealt="1" sum="60"/>
<action no="5" player="Rakki" type="0" sum="0"/>
</round>
</game>
<game gamecode="6433516997"><general><startdate>2025-07-20 16:10:53</startdate>
<round>1</round>
<failsafecounter/>
<players><player seat="6" name="Divenire2741" chips="520" dealer="0" win="0" bet="35" muck="1" rebuy="0" addon="0" merge="0" rebuychips="0" reg_code="5048620533"/>
<player seat="10" name="theMaltese" chips="220" dealer="1" win="0" bet="5" muck="1" rebuy="0" addon="0" merge="0" rebuychips="0" reg_code="5048620648"/>
<player seat="3" name="Rakki" chips="760" dealer="0" win="75" bet="80" muck="1" rebuy="0" addon="0" merge="0" rebuychips="0" reg_code="5048620241"/>
</players>
</general>
<round no="0"><action no="1" player="Rakki" type="15" sum="5"/>
<action no="2" player="Divenire2741" type="15" discard="1" dealt="1" sum="5"/>
<action no="3" player="theMaltese" type="15" discard="1" dealt="1" sum="5"/>
<action no="4" player="Rakki" type="1" sum="15"/>
<action no="5" player="Divenire2741" type="2" discard="1" dealt="1" sum="30"/>
</round>
<round no="1"><cards type="Pocket" player="Divenire2741">X X</cards>
<cards type="Pocket" player="theMaltese">X X</cards>
<cards type="Pocket" player="Rakki">SK H7</cards>
<action no="6" player="theMaltese" type="0" discard="1" dealt="1" sum="0"/>
<action no="7" player="Rakki" type="3" sum="15"/>
<action no="8" player="Divenire2741" type="4" discard="1" dealt="1" sum="0"/>
</round>
<round no="2"><cards type="Flop">CQ D7 S4</cards>
<action no="9" player="Rakki" type="4" sum="0"/>
<action no="10" player="Divenire2741" type="4" discard="1" dealt="1" sum="0"/>
</round>
<round no="3"><cards type="Turn">D5</cards>
<action no="11" player="Rakki" type="5" sum="45"/>
<action no="12" player="Divenire2741" type="0" discard="1" dealt="1" sum="0"/>
</round>
</game>
<game gamecode="6433517017"><general><startdate>2025-07-20 16:11:10</startdate>
<round>1</round>
<failsafecounter/>
<players><player seat="10" name="theMaltese" chips="215" dealer="0" win="45" bet="35" muck="1" rebuy="0" addon="0" merge="0" rebuychips="0" reg_code="5048620648"/>
<player seat="3" name="Rakki" chips="800" dealer="1" win="0" bet="5" muck="1" rebuy="0" addon="0" merge="0" rebuychips="0" reg_code="5048620241"/>
<player seat="6" name="Divenire2741" chips="485" dealer="0" win="0" bet="20" muck="1" rebuy="0" addon="0" merge="0" rebuychips="0" reg_code="5048620533"/>
</players>
</general>
<round no="0"><action no="1" player="Divenire2741" type="15" discard="1" dealt="1" sum="5"/>
<action no="2" player="theMaltese" type="15" discard="1" dealt="1" sum="5"/>
<action no="3" player="Rakki" type="15" sum="5"/>
<action no="4" player="Divenire2741" type="1" discard="1" dealt="1" sum="15"/>
<action no="5" player="theMaltese" type="2" discard="1" dealt="1" sum="30"/>
</round>
<round no="1"><cards type="Pocket" player="Rakki">D6 SK</cards>
<cards type="Pocket" player="theMaltese">X X</cards>
<cards type="Pocket" player="Divenire2741">X X</cards>
<action no="6" player="Rakki" type="0" sum="0"/>
<action no="7" player="Divenire2741" type="0" discard="1" dealt="1" sum="0"/>
</round>
</game>
<game gamecode="6433517027"><general><startdate>2025-07-20 16:11:16</startdate>
<round>1</round>
<failsafecounter/>
<players><player seat="3" name="Rakki" chips="795" dealer="0" win="0" bet="795" muck="0" rebuy="0" addon="0" merge="0" rebuychips="0" reg_code="5048620241"/>
<player seat="6" name="Divenire2741" chips="465" dealer="1" win="0" bet="5" muck="1" rebuy="0" addon="0" merge="0" rebuychips="0" reg_code="5048620533"/>
<player seat="10" name="theMaltese" chips="240" dealer="0" win="485" bet="240" muck="0" rebuy="0" addon="0" merge="0" rebuychips="0" reg_code="5048620648"/>
</players>
</general>
<round no="0"><action no="1" player="theMaltese" type="15" discard="1" dealt="1" sum="5"/>
<action no="2" player="Rakki" type="15" sum="5"/>
<action no="3" player="Divenire2741" type="15" discard="1" dealt="1" sum="5"/>
<action no="4" player="theMaltese" type="1" discard="1" dealt="1" sum="15"/>
<action no="5" player="Rakki" type="2" sum="30"/>
</round>
<round no="1"><cards type="Pocket" player="theMaltese">H10 H3</cards>
<cards type="Pocket" player="Divenire2741">X X</cards>
<cards type="Pocket" player="Rakki">H7 S7</cards>
<action no="6" player="Divenire2741" type="0" discard="1" dealt="1" sum="0"/>
<action no="7" player="theMaltese" type="3" discard="1" dealt="1" sum="15"/>
<action no="8" player="Rakki" type="23" sum="790"/>
<action no="9" player="theMaltese" type="7" discard="1" dealt="1" sum="205"/>
</round>
<round no="2"><cards type="Flop">CK D4 D10</cards>
</round>
<round no="3"><cards type="Turn">SA</cards>
</round>
<round no="4"><cards type="River">S5</cards>
</round>
</game>
<game gamecode="6433517054"><general><startdate>2025-07-20 16:11:34</startdate>
<round>1</round>
<failsafecounter/>
<players><player seat="6" name="Divenire2741" chips="460" dealer="0" win="0" bet="35" muck="1" rebuy="0" addon="0" merge="0" rebuychips="0" reg_code="5048620533"/>
<player seat="10" name="theMaltese" chips="485" dealer="1" win="105" bet="65" muck="1" rebuy="0" addon="0" merge="0" rebuychips="0" reg_code="5048620648"/>
<player seat="3" name="Rakki" chips="555" dealer="0" win="0" bet="35" muck="1" rebuy="0" addon="0" merge="0" rebuychips="0" reg_code="5048620241"/>
</players>
</general>
<round no="0"><action no="1" player="Rakki" type="15" sum="5"/>
<action no="2" player="Divenire2741" type="15" discard="1" dealt="1" sum="5"/>
<action no="3" player="theMaltese" type="15" discard="1" dealt="1" sum="5"/>
<action no="4" player="Rakki" type="1" sum="15"/>
<action no="5" player="Divenire2741" type="2" discard="1" dealt="1" sum="30"/>
</round>
<round no="1"><cards type="Pocket" player="theMaltese">X X</cards>
<cards type="Pocket" player="Divenire2741">X X</cards>
<cards type="Pocket" player="Rakki">S3 D4</cards>
<action no="6" player="theMaltese" type="3" discard="1" dealt="1" sum="30"/>
<action no="7" player="Rakki" type="3" sum="15"/>
<action no="8" player="Divenire2741" type="4" discard="1" dealt="1" sum="0"/>
</round>
<round no="2"><cards type="Flop">S8 H8 S6</cards>
<action no="9" player="Rakki" type="4" sum="0"/>
<action no="10" player="Divenire2741" type="4" discard="1" dealt="1" sum="0"/>
<action no="11" player="theMaltese" type="5" discard="1" dealt="1" sum="30"/>
<action no="12" player="Rakki" type="0" sum="0"/>
<action no="13" player="Divenire2741" type="0" discard="1" dealt="1" sum="0"/>
</round>
</game>
<game gamecode="6433517076"><general><startdate>2025-07-20 16:11:49</startdate>
<round>1</round>
<failsafecounter/>
<players><player seat="10" name="theMaltese" chips="555" dealer="0" win="0" bet="95" muck="1" rebuy="0" addon="0" merge="0" rebuychips="0" reg_code="5048620648"/>
<player seat="3" name="Rakki" chips="520" dealer="1" win="0" bet="5" muck="1" rebuy="0" addon="0" merge="0" rebuychips="0" reg_code="5048620241"/>
<player seat="6" name="Divenire2741" chips="425" dealer="0" win="195" bet="425" muck="1" rebuy="0" addon="0" merge="0" rebuychips="0" reg_code="5048620533"/>
</players>
</general>
<round no="0"><action no="1" player="Divenire2741" type="15" discard="1" dealt="1" sum="5"/>
<action no="2" player="theMaltese" type="15" discard="1" dealt="1" sum="5"/>
<action no="3" player="Rakki" type="15" sum="5"/>
<action no="4" player="Divenire2741" type="1" discard="1" dealt="1" sum="15"/>
<action no="5" player="theMaltese" type="2" discard="1" dealt="1" sum="30"/>
</round>
<round no="1"><cards type="Pocket" player="theMaltese">X X</cards>
<cards type="Pocket" player="Rakki">D5 C7</cards>
<cards type="Pocket" player="Divenire2741">X X</cards>
<action no="6" player="Rakki" type="0" sum="0"/>
<action no="7" player="Divenire2741" type="3" discard="1" dealt="1" sum="15"/>
<action no="8" player="theMaltese" type="4" discard="1" dealt="1" sum="0"/>
</round>
<round no="2"><cards type="Flop">SK S4 H5</cards>
<action no="9" player="Divenire2741" type="5" discard="1" dealt="1" sum="30"/>
<action no="10" player="theMaltese" type="23" discard="1" dealt="1" sum="60"/>
<action no="11" player="Divenire2741" type="23" discard="1" dealt="1" sum="390"/>
<action no="12" player="theMaltese" type="0" discard="1" dealt="1" sum="0"/>
</round>
</game>
<game gamecode="6433517103"><general><startdate>2025-07-20 16:12:10</startdate>
<round>1</round>
<failsafecounter/>
<players><player seat="3" name="Rakki" chips="515" dealer="0" win="0" bet="35" muck="1" rebuy="0" addon="0" merge="0" rebuychips="0" reg_code="5048620241"/>
<player seat="6" name="Divenire2741" chips="525" dealer="1" win="0" bet="5" muck="1" rebuy="0" addon="0" merge="0" rebuychips="0" reg_code="5048620533"/>
<player seat="10" name="theMaltese" chips="460" dealer="0" win="75" bet="65" muck="1" rebuy="0" addon="0" merge="0" rebuychips="0" reg_code="5048620648"/>
</players>
</general>
<round no="0"><action no="1" player="theMaltese" type="15" discard="1" dealt="1" sum="5"/>
<action no="2" player="Rakki" type="15" sum="5"/>
<action no="3" player="Divenire2741" type="15" discard="1" dealt="1" sum="5"/>
<action no="4" player="theMaltese" type="1" discard="1" dealt="1" sum="15"/>
<action no="5" player="Rakki" type="2" sum="30"/>
</round>
<round no="1"><cards type="Pocket" player="Rakki">CJ C5</cards>
<cards type="Pocket" player="Divenire2741">X X</cards>
<cards type="Pocket" player="theMaltese">X X</cards>
<action no="6" player="Divenire2741" type="0" discard="1" dealt="1" sum="0"/>
<action no="7" player="theMaltese" type="3" discard="1" dealt="1" sum="15"/>
<action no="8" player="Rakki" type="4" sum="0"/>
</round>
<round no="2"><cards type="Flop">CA D3 DQ</cards>
<action no="9" player="theMaltese" type="4" discard="1" dealt="1" sum="0"/>
<action no="10" player="Rakki" type="4" sum="0"/>
</round>
<round no="3"><cards type="Turn">S6</cards>
<action no="11" player="theMaltese" type="4" discard="1" dealt="1" sum="0"/>
<action no="12" player="Rakki" type="4" sum="0"/>
</round>
<round no="4"><cards type="River">S2</cards>
<action no="13" player="theMaltese" type="5" discard="1" dealt="1" sum="30"/>
<action no="14" player="Rakki" type="0" sum="0"/>
</round>
</game>
<game gamecode="6433517136"><general><startdate>2025-07-20 16:12:30</startdate>
<round>1</round>
<failsafecounter/>
<players><player seat="6" name="Divenire2741" chips="520" dealer="0" win="1,045" bet="520" muck="0" rebuy="0" addon="0" merge="0" rebuychips="0" reg_code="5048620533"/>
<player seat="10" name="theMaltese" chips="500" dealer="1" win="0" bet="500" muck="0" rebuy="0" addon="0" merge="0" rebuychips="0" reg_code="5048620648"/>
<player seat="3" name="Rakki" chips="480" dealer="0" win="0" bet="45" muck="1" rebuy="0" addon="0" merge="0" rebuychips="0" reg_code="5048620241"/>
</players>
</general>
<round no="0"><action no="1" player="Rakki" type="15" sum="5"/>
<action no="2" player="Divenire2741" type="15" discard="1" dealt="1" sum="5"/>
<action no="3" player="theMaltese" type="15" discard="1" dealt="1" sum="5"/>
<action no="4" player="Rakki" type="1" sum="20"/>
<action no="5" player="Divenire2741" type="2" discard="1" dealt="1" sum="40"/>
</round>
<round no="1"><cards type="Pocket" player="Divenire2741">H8 D8</cards>
<cards type="Pocket" player="Rakki">D6 DK</cards>
<cards type="Pocket" player="theMaltese">DA H2</cards>
<action no="6" player="theMaltese" type="3" discard="1" dealt="1" sum="40"/>
<action no="7" player="Rakki" type="3" sum="20"/>
<action no="8" player="Divenire2741" type="23" discard="1" dealt="1" sum="160"/>
<action no="9" player="theMaltese" type="3" discard="1" dealt="1" sum="120"/>
<action no="10" player="Rakki" type="0" sum="0"/>
</round>
<round no="2"><cards type="Flop">CQ S2 C7</cards>
<action no="11" player="Divenire2741" type="5" discard="1" dealt="1" sum="355"/>
<action no="12" player="theMaltese" type="7" discard="1" dealt="1" sum="335"/>
</round>
<round no="3"><cards type="Turn">SJ</cards>
</round>
<round no="4"><cards type="River">S9</cards>
</round>
</game>
<game gamecode="6433526151"><general><startdate>2025-07-20 16:13:00</startdate>
<round>1</round>
<failsafecounter/>
<players><player seat="6" name="Divenire2741" chips="1,065" dealer="0" win="170" bet="170" muck="1" rebuy="0" addon="0" merge="0" rebuychips="0" reg_code="5048620533"/>
<player seat="3" name="Rakki" chips="435" dealer="1" win="0" bet="85" muck="1" rebuy="0" addon="0" merge="0" rebuychips="0" reg_code="5048620241"/>
</players>
</general>
<round no="0"><action no="1" player="Rakki" type="15" sum="5"/>
<action no="2" player="Divenire2741" type="15" discard="1" dealt="1" sum="5"/>
<action no="3" player="Rakki" type="1" sum="20"/>
<action no="4" player="Divenire2741" type="2" discard="1" dealt="1" sum="40"/>
</round>
<round no="1"><cards type="Pocket" player="Rakki">D9 H6</cards>
<cards type="Pocket" player="Divenire2741">X X</cards>
<action no="5" player="Rakki" type="3" sum="20"/>
<action no="6" player="Divenire2741" type="4" discard="1" dealt="1" sum="0"/>
</round>
<round no="2"><cards type="Flop">SJ H9 C8</cards>
<action no="7" player="Divenire2741" type="5" discard="1" dealt="1" sum="40"/>
<action no="8" player="Rakki" type="3" sum="40"/>
</round>
<round no="3"><cards type="Turn">DQ</cards>
<action no="9" player="Divenire2741" type="5" discard="1" dealt="1" sum="85"/>
<action no="10" player="Rakki" type="0" sum="0"/>
</round>
</game>
<game gamecode="6433526173"><general><startdate>2025-07-20 16:13:14</startdate>
<round>1</round>
<failsafecounter/>
<players><player seat="3" name="Rakki" chips="350" dealer="0" win="90" bet="350" muck="1" rebuy="0" addon="0" merge="0" rebuychips="0" reg_code="5048620241"/>
<player seat="6" name="Divenire2741" chips="1,150" dealer="1" win="0" bet="45" muck="1" rebuy="0" addon="0" merge="0" rebuychips="0" reg_code="5048620533"/>
</players>
</general>
<round no="0"><action no="1" player="Divenire2741" type="15" discard="1" dealt="1" sum="5"/>
<action no="2" player="Rakki" type="15" sum="5"/>
<action no="3" player="Divenire2741" type="1" discard="1" dealt="1" sum="20"/>
<action no="4" player="Rakki" type="2" sum="40"/>
</round>
<round no="1"><cards type="Pocket" player="Rakki">D3 SA</cards>
<cards type="Pocket" player="Divenire2741">X X</cards>
<action no="5" player="Divenire2741" type="3" discard="1" dealt="1" sum="20"/>
<action no="6" player="Rakki" type="23" sum="345"/>
<action no="7" player="Divenire2741" type="0" discard="1" dealt="1" sum="0"/>
</round>
</game>
<game gamecode="6433526182"><general><startdate>2025-07-20 16:13:23</startdate>
<round>1</round>
<failsafecounter/>
<players><player seat="6" name="Divenire2741" chips="1,105" dealer="0" win="90" bet="1,105" muck="1" rebuy="0" addon="0" merge="0" rebuychips="0" reg_code="5048620533"/>
<player seat="3" name="Rakki" chips="395" dealer="1" win="0" bet="45" muck="1" rebuy="0" addon="0" merge="0" rebuychips="0" reg_code="5048620241"/>
</players>
</general>
<round no="0"><action no="1" player="Rakki" type="15" sum="5"/>
<action no="2" player="Divenire2741" type="15" discard="1" dealt="1" sum="5"/>
<action no="3" player="Rakki" type="1" sum="20"/>
<action no="4" player="Divenire2741" type="2" discard="1" dealt="1" sum="40"/>
</round>
<round no="1"><cards type="Pocket" player="Divenire2741">X X</cards>
<cards type="Pocket" player="Rakki">S2 S9</cards>
<action no="5" player="Rakki" type="3" sum="20"/>
<action no="6" player="Divenire2741" type="23" discard="1" dealt="1" sum="1,100"/>
<action no="7" player="Rakki" type="0" sum="0"/>
</round>
</game>
<game gamecode="6433526200"><general><startdate>2025-07-20 16:13:33</startdate>
<round>1</round>
<failsafecounter/>
<players><player seat="3" name="Rakki" chips="350" dealer="0" win="50" bet="45" muck="1" rebuy="0" addon="0" merge="0" rebuychips="0" reg_code="5048620241"/>
<player seat="6" name="Divenire2741" chips="1,150" dealer="1" win="0" bet="25" muck="1" rebuy="0" addon="0" merge="0" rebuychips="0" reg_code="5048620533"/>
</players>
</general>
<round no="0"><action no="1" player="Divenire2741" type="15" discard="1" dealt="1" sum="5"/>
<action no="2" player="Rakki" type="15" sum="5"/>
<action no="3" player="Divenire2741" type="1" discard="1" dealt="1" sum="20"/>
<action no="4" player="Rakki" type="2" sum="40"/>
</round>
<round no="1"><cards type="Pocket" player="Rakki">D8 DQ</cards>
<cards type="Pocket" player="Divenire2741">X X</cards>
<action no="5" player="Divenire2741" type="0" discard="1" dealt="1" sum="0"/>
</round>
</game>
<game gamecode="6433526209"><general><startdate>2025-07-20 16:13:39</startdate>
<round>1</round>
<failsafecounter/>
<players><player seat="6" name="Divenire2741" chips="1,125" dealer="0" win="750" bet="375" muck="0" rebuy="0" addon="0" merge="0" rebuychips="0" reg_code="5048620533"/>
<player seat="3" name="Rakki" chips="375" dealer="1" win="0" bet="375" muck="0" rebuy="0" addon="0" merge="0" rebuychips="0" reg_code="5048620241"/>
</players>
</general>
<round no="0"><action no="1" player="Rakki" type="15" sum="5"/>
<action no="2" player="Divenire2741" type="15" discard="1" dealt="1" sum="5"/>
<action no="3" player="Rakki" type="1" sum="20"/>
<action no="4" player="Divenire2741" type="2" discard="1" dealt="1" sum="40"/>
</round>
<round no="1"><cards type="Pocket" player="Divenire2741">SK S10</cards>
<cards type="Pocket" player="Rakki">H9 CA</cards>
<action no="5" player="Rakki" type="23" sum="370"/>
<action no="6" player="Divenire2741" type="3" discard="1" dealt="1" sum="330"/>
</round>
<round no="2"><cards type="Flop">CQ DA H8</cards>
</round>
<round no="3"><cards type="Turn">CJ</cards>
</round>
<round no="4"><cards type="River">S9</cards>
</round>
</game>
</session>
