<?xml version="1.0" encoding="UTF-8"?>
<session sessioncode="5048632719">
<general>
<client_version>25.1.1.16</client_version>
<mode>real</mode>
<gametype>Holdem NL</gametype>
<tablename>Twister €100 SNG, 814313799</tablename>
<tournamentcode>814313798</tournamentcode>
<tournamentname>Twister €100 SNG</tournamentname>
<buyin>€0 + €7 + €93</buyin>
<totalbuyin>€100</totalbuyin>
<rewarddrawn>€300</rewarddrawn>
<tournamentcurrency>EUR</tournamentcurrency>
<currency>EUR</currency>
<nickname>Rakki</nickname>
<gamecount>7</gamecount>
<startdate>2025-07-20 17:06:36</startdate>
<place>1</place>
<win>€300</win>
<tablesize>3</tablesize>
</general>
<game gamecode="6433562866"><general><startdate>2025-07-20 17:06:51</startdate>
<round>1</round>
<failsafecounter/>
<players><player seat="6" name="Rakki" chips="500" dealer="0" win="1,010" bet="500" muck="0" rebuy="0" addon="0" merge="0" rebuychips="0" reg_code="5048632719"/>
<player seat="10" name="L1mltless" chips="500" dealer="1" win="0" bet="500" muck="0" rebuy="0" addon="0" merge="0" rebuychips="0" reg_code="5048633207"/>
<player seat="3" name="Conejo12" chips="500" dealer="0" win="0" bet="10" muck="1" rebuy="0" addon="0" merge="0" rebuychips="0" reg_code="5048632669"/>
</players>
</general>
<round no="0"><action no="1" player="Conejo12" type="1" discard="1" dealt="1" sum="10"/>
<action no="2" player="Rakki" type="2" sum="20"/>
</round>
<round no="1"><cards type="Pocket" player="Conejo12">X X</cards>
<cards type="Pocket" player="Rakki">D6 S6</cards>
<cards type="Pocket" player="L1mltless">H5 S5</cards>
<action no="3" player="L1mltless" type="23" discard="1" dealt="1" sum="40"/>
<action no="4" player="Conejo12" type="0" discard="1" dealt="1" sum="0"/>
<action no="5" player="Rakki" type="23" sum="500"/>
<action no="6" player="L1mltless" type="7" discard="1" dealt="1" sum="460"/>
</round>
<round no="2"><cards type="Flop">DA H4 C6</cards>
</round>
<round no="3"><cards type="Turn">S4</cards>
</round>
<round no="4"><cards type="River">S7</cards>
</round>
</game>
<game gamecode="6433562901"><general><startdate>2025-07-20 17:07:19</startdate>
<round>1</round>
<failsafecounter/>
<players><player seat="6" name="Rakki" chips="1,010" dealer="0" win="40" bet="60" muck="1" rebuy="0" addon="0" merge="0" rebuychips="0" reg_code="5048632719"/>
<player seat="3" name="Conejo12" chips="490" dealer="1" win="0" bet="20" muck="1" rebuy="0" addon="0" merge="0" rebuychips="0" reg_code="5048632669"/>
</players>
</general>
<round no="0"><action no="1" player="Conejo12" type="1" discard="1" dealt="1" sum="10"/>
<action no="2" player="Rakki" type="2" sum="20"/>
</round>
<round no="1"><cards type="Pocket" player="Rakki">CK C10</cards>
<cards type="Pocket" player="Conejo12">X X</cards>
<action no="3" player="Conejo12" type="3" discard="1" dealt="1" sum="10"/>
<action no="4" player="Rakki" type="23" sum="60"/>
<action no="5" player="Conejo12" type="0" discard="1" dealt="1" sum="0"/>
</round>
</game>
<game gamecode="6433562915"><general><startdate>2025-07-20 17:07:30</startdate>
<round>1</round>
<failsafecounter/>
<players><player seat="3" name="Conejo12" chips="470" dealer="0" win="40" bet="80" muck="1" rebuy="0" addon="0" merge="0" rebuychips="0" reg_code="5048632669"/>
<player seat="6" name="Rakki" chips="1,030" dealer="1" win="0" bet="20" muck="1" rebuy="0" addon="0" merge="0" rebuychips="0" reg_code="5048632719"/>
</players>
</general>
<round no="0"><action no="1" player="Rakki" type="1" sum="10"/>
<action no="2" player="Conejo12" type="2" discard="1" dealt="1" sum="20"/>
</round>
<round no="1"><cards type="Pocket" player="Conejo12">X X</cards>
<cards type="Pocket" player="Rakki">S5 CJ</cards>
<action no="3" player="Rakki" type="3" sum="10"/>
<action no="4" player="Conejo12" type="23" discard="1" dealt="1" sum="80"/>
<action no="5" player="Rakki" type="0" sum="0"/>
</round>
</game>
<game gamecode="6433562930"><general><startdate>2025-07-20 17:07:41</startdate>
<round>1</round>
<failsafecounter/>
<players><player seat="6" name="Rakki" chips="1,010" dealer="0" win="0" bet="20" muck="1" rebuy="0" addon="0" merge="0" rebuychips="0" reg_code="5048632719"/>
<player seat="3" name="Conejo12" chips="490" dealer="1" win="40" bet="40" muck="1" rebuy="0" addon="0" merge="0" rebuychips="0" reg_code="5048632669"/>
</players>
</general>
<round no="0"><action no="1" player="Conejo12" type="1" discard="1" dealt="1" sum="10"/>
<action no="2" player="Rakki" type="2" sum="20"/>
</round>
<round no="1"><cards type="Pocket" player="Rakki">H10 D3</cards>
<cards type="Pocket" player="Conejo12">X X</cards>
<action no="3" player="Conejo12" type="23" discard="1" dealt="1" sum="40"/>
<action no="4" player="Rakki" type="0" sum="0"/>
</round>
</game>
<game gamecode="6433562944"><general><startdate>2025-07-20 17:07:51</startdate>
<round>1</round>
<failsafecounter/>
<players><player seat="3" name="Conejo12" chips="510" dealer="0" win="0" bet="40" muck="1" rebuy="0" addon="0" merge="0" rebuychips="0" reg_code="5048632669"/>
<player seat="6" name="Rakki" chips="990" dealer="1" win="80" bet="140" muck="1" rebuy="0" addon="0" merge="0" rebuychips="0" reg_code="5048632719"/>
</players>
</general>
<round no="0"><action no="1" player="Rakki" type="1" sum="10"/>
<action no="2" player="Conejo12" type="2" discard="1" dealt="1" sum="20"/>
</round>
<round no="1"><cards type="Pocket" player="Rakki">S10 CA</cards>
<cards type="Pocket" player="Conejo12">X X</cards>
<action no="3" player="Rakki" type="3" sum="10"/>
<action no="4" player="Conejo12" type="4" discard="1" dealt="1" sum="0"/>
</round>
<round no="2"><cards type="Flop">H5 H9 D7</cards>
<action no="5" player="Conejo12" type="4" discard="1" dealt="1" sum="0"/>
<action no="6" player="Rakki" type="4" sum="0"/>
</round>
<round no="3"><cards type="Turn">S9</cards>
<action no="7" player="Conejo12" type="5" discard="1" dealt="1" sum="20"/>
<action no="8" player="Rakki" type="3" sum="20"/>
</round>
<round no="4"><cards type="River">D6</cards>
<action no="9" player="Conejo12" type="4" discard="1" dealt="1" sum="0"/>
<action no="10" player="Rakki" type="5" sum="100"/>
<action no="11" player="Conejo12" type="0" discard="1" dealt="1" sum="0"/>
</round>
</game>
<game gamecode="6433574436"><general><startdate>2025-07-20 17:08:25</startdate>
<round>1</round>
<failsafecounter/>
<players><player seat="6" name="Rakki" chips="1,030" dealer="0" win="0" bet="20" muck="1" rebuy="0" addon="0" merge="0" rebuychips="0" reg_code="5048632719"/>
<player seat="3" name="Conejo12" chips="470" dealer="1" win="40" bet="40" muck="1" rebuy="0" addon="0" merge="0" rebuychips="0" reg_code="5048632669"/>
</players>
</general>
<round no="0"><action no="1" player="Conejo12" type="1" discard="1" dealt="1" sum="10"/>
<action no="2" player="Rakki" type="2" sum="20"/>
</round>
<round no="1"><cards type="Pocket" player="Rakki">H5 C3</cards>
<cards type="Pocket" player="Conejo12">X X</cards>
<action no="3" player="Conejo12" type="23" discard="1" dealt="1" sum="40"/>
<action no="4" player="Rakki" type="0" sum="0"/>
</round>
</game>
<game gamecode="6433574456"><general><startdate>2025-07-20 17:08:38</startdate>
<round>1</round>
<failsafecounter/>
<players><player seat="3" name="Conejo12" chips="490" dealer="0" win="0" bet="490" muck="0" rebuy="0" addon="0" merge="0" rebuychips="0" reg_code="5048632669"/>
<player seat="6" name="Rakki" chips="1,010" dealer="1" win="980" bet="1,010" muck="0" rebuy="0" addon="0" merge="0" rebuychips="0" reg_code="5048632719"/>
</players>
</general>
<round no="0"><action no="1" player="Rakki" type="15" sum="5"/>
<action no="2" player="Conejo12" type="15" discard="1" dealt="1" sum="5"/>
<action no="3" player="Rakki" type="1" sum="15"/>
<action no="4" player="Conejo12" type="2" discard="1" dealt="1" sum="30"/>
</round>
<round no="1"><cards type="Pocket" player="Conejo12">HJ C10</cards>
<cards type="Pocket" player="Rakki">D6 DA</cards>
<action no="5" player="Rakki" type="3" sum="15"/>
<action no="6" player="Conejo12" type="4" discard="1" dealt="1" sum="0"/>
</round>
<round no="2"><cards type="Flop">CA S9 C8</cards>
<action no="7" player="Conejo12" type="4" discard="1" dealt="1" sum="0"/>
<action no="8" player="Rakki" type="5" sum="30"/>
<action no="9" player="Conejo12" type="23" discard="1" dealt="1" sum="160"/>
<action no="10" player="Rakki" type="23" sum="975"/>
<action no="11" player="Conejo12" type="7" discard="1" dealt="1" sum="295"/>
</round>
<round no="3"><cards type="Turn">H9</cards>
</round>
<round no="4"><cards type="River">S8</cards>
</round>
</game>
</session>
