<?xml version="1.0" encoding="UTF-8"?>
<session sessioncode="5048618287">
<general>
<client_version>25.1.1.16</client_version>
<mode>real</mode>
<gametype>Holdem NL</gametype>
<tablename>Twister €100 SNG, 814307942</tablename>
<tournamentcode>814307941</tournamentcode>
<tournamentname>Twister €100 SNG</tournamentname>
<buyin>€0 + €7 + €93</buyin>
<totalbuyin>€100</totalbuyin>
<rewarddrawn>€200</rewarddrawn>
<tournamentcurrency>EUR</tournamentcurrency>
<currency>EUR</currency>
<nickname>Rakki</nickname>
<gamecount>6</gamecount>
<startdate>2025-07-20 16:02:15</startdate>
<place>1</place>
<win>€200</win>
<tablesize>3</tablesize>
</general>
<game gamecode="6433516277"><general><startdate>2025-07-20 16:02:30</startdate>
<round>1</round>
<failsafecounter/>
<players><player seat="10" name="Divenire2741" chips="500" dealer="0" win="0" bet="20" muck="1" rebuy="0" addon="0" merge="0" rebuychips="0" reg_code="5048619171"/>
<player seat="3" name="Rakki" chips="500" dealer="1" win="1,020" bet="500" muck="0" rebuy="0" addon="0" merge="0" rebuychips="0" reg_code="5048618287"/>
<player seat="6" name="Ehab84" chips="500" dealer="0" win="0" bet="500" muck="1" rebuy="0" addon="0" merge="0" rebuychips="0" reg_code="5048619161"/>
</players>
</general>
<round no="0"><action no="1" player="Ehab84" type="1" discard="1" dealt="1" sum="10"/>
<action no="2" player="Divenire2741" type="2" discard="1" dealt="1" sum="20"/>
</round>
<round no="1"><cards type="Pocket" player="Rakki">S10 H10</cards>
<cards type="Pocket" player="Divenire2741">X X</cards>
<cards type="Pocket" player="Ehab84">HA C6</cards>
<action no="3" player="Rakki" type="23" sum="40"/>
<action no="4" player="Ehab84" type="23" discard="1" dealt="1" sum="120"/>
<action no="5" player="Divenire2741" type="0" discard="1" dealt="1" sum="0"/>
<action no="6" player="Rakki" type="23" sum="500"/>
<action no="7" player="Ehab84" type="7" discard="1" dealt="1" sum="380"/>
</round>
<round no="2"><cards type="Flop">D8 H8 SQ</cards>
</round>
<round no="3"><cards type="Turn">C7</cards>
</round>
<round no="4"><cards type="River">CJ</cards>
</round>
</game>
<game gamecode="6433516311"><general><startdate>2025-07-20 16:02:53</startdate>
<round>1</round>
<failsafecounter/>
<players><player seat="3" name="Rakki" chips="1,020" dealer="0" win="40" bet="60" muck="1" rebuy="0" addon="0" merge="0" rebuychips="0" reg_code="5048618287"/>
<player seat="10" name="Divenire2741" chips="480" dealer="1" win="0" bet="20" muck="1" rebuy="0" addon="0" merge="0" rebuychips="0" reg_code="5048619171"/>
</players>
</general>
<round no="0"><action no="1" player="Divenire2741" type="1" discard="1" dealt="1" sum="10"/>
<action no="2" player="Rakki" type="2" sum="20"/>
</round>
<round no="1"><cards type="Pocket" player="Rakki">C8 S6</cards>
<cards type="Pocket" player="Divenire2741">X X</cards>
<action no="3" player="Divenire2741" type="3" discard="1" dealt="1" sum="10"/>
<action no="4" player="Rakki" type="4" sum="0"/>
</round>
<round no="2"><cards type="Flop">S10 C9 HJ</cards>
<action no="5" player="Rakki" type="4" sum="0"/>
<action no="6" player="Divenire2741" type="4" discard="1" dealt="1" sum="0"/>
</round>
<round no="3"><cards type="Turn">C3</cards>
<action no="7" player="Rakki" type="4" sum="0"/>
<action no="8" player="Divenire2741" type="4" discard="1" dealt="1" sum="0"/>
</round>
<round no="4"><cards type="River">SK</cards>
<action no="9" player="Rakki" type="5" sum="40"/>
<action no="10" player="Divenire2741" type="0" discard="1" dealt="1" sum="0"/>
</round>
</game>
<game gamecode="6433516371"><general><startdate>2025-07-20 16:03:32</startdate>
<round>1</round>
<failsafecounter/>
<players><player seat="10" name="Divenire2741" chips="460" dealer="0" win="0" bet="20" muck="1" rebuy="0" addon="0" merge="0" rebuychips="0" reg_code="5048619171"/>
<player seat="3" name="Rakki" chips="1,040" dealer="1" win="40" bet="20" muck="0" rebuy="0" addon="0" merge="0" rebuychips="0" reg_code="5048618287"/>
</players>
</general>
<round no="0"><action no="1" player="Rakki" type="1" sum="10"/>
<action no="2" player="Divenire2741" type="2" discard="1" dealt="1" sum="20"/>
</round>
<round no="1"><cards type="Pocket" player="Rakki">SK D2</cards>
<cards type="Pocket" player="Divenire2741">S2 D10</cards>
<action no="3" player="Rakki" type="3" sum="10"/>
<action no="4" player="Divenire2741" type="4" discard="1" dealt="1" sum="0"/>
</round>
<round no="2"><cards type="Flop">S3 H5 DQ</cards>
<action no="5" player="Divenire2741" type="4" discard="1" dealt="1" sum="0"/>
<action no="6" player="Rakki" type="4" sum="0"/>
</round>
<round no="3"><cards type="Turn">C5</cards>
<action no="7" player="Divenire2741" type="4" discard="1" dealt="1" sum="0"/>
<action no="8" player="Rakki" type="4" sum="0"/>
</round>
<round no="4"><cards type="River">H9</cards>
<action no="9" player="Divenire2741" type="4" discard="1" dealt="1" sum="0"/>
<action no="10" player="Rakki" type="4" sum="0"/>
</round>
</game>
<game gamecode="6433516395"><general><startdate>2025-07-20 16:03:47</startdate>
<round>1</round>
<failsafecounter/>
<players><player seat="3" name="Rakki" chips="1,060" dealer="0" win="0" bet="60" muck="0" rebuy="0" addon="0" merge="0" rebuychips="0" reg_code="5048618287"/>
<player seat="10" name="Divenire2741" chips="440" dealer="1" win="120" bet="60" muck="0" rebuy="0" addon="0" merge="0" rebuychips="0" reg_code="5048619171"/>
</players>
</general>
<round no="0"><action no="1" player="Divenire2741" type="1" discard="1" dealt="1" sum="10"/>
<action no="2" player="Rakki" type="2" sum="20"/>
</round>
<round no="1"><cards type="Pocket" player="Divenire2741">DK D3</cards>
<cards type="Pocket" player="Rakki">DQ H2</cards>
<action no="3" player="Divenire2741" type="3" discard="1" dealt="1" sum="10"/>
<action no="4" player="Rakki" type="4" sum="0"/>
</round>
<round no="2"><cards type="Flop">C8 H9 SJ</cards>
<action no="5" player="Rakki" type="4" sum="0"/>
<action no="6" player="Divenire2741" type="4" discard="1" dealt="1" sum="0"/>
</round>
<round no="3"><cards type="Turn">C7</cards>
<action no="7" player="Rakki" type="4" sum="0"/>
<action no="8" player="Divenire2741" type="4" discard="1" dealt="1" sum="0"/>
</round>
<round no="4"><cards type="River">CK</cards>
<action no="9" player="Rakki" type="5" sum="40"/>
<action no="10" player="Divenire2741" type="3" discard="1" dealt="1" sum="40"/>
</round>
</game>
<game gamecode="6433516413"><general><startdate>2025-07-20 16:04:00</startdate>
<round>1</round>
<failsafecounter/>
<players><player seat="10" name="Divenire2741" chips="500" dealer="0" win="0" bet="40" muck="1" rebuy="0" addon="0" merge="0" rebuychips="0" reg_code="5048619171"/>
<player seat="3" name="Rakki" chips="1,000" dealer="1" win="80" bet="60" muck="1" rebuy="0" addon="0" merge="0" rebuychips="0" reg_code="5048618287"/>
</players>
</general>
<round no="0"><action no="1" player="Rakki" type="1" sum="10"/>
<action no="2" player="Divenire2741" type="2" discard="1" dealt="1" sum="20"/>
</round>
<round no="1"><cards type="Pocket" player="Divenire2741">X X</cards>
<cards type="Pocket" player="Rakki">CA D6</cards>
<action no="3" player="Rakki" type="23" sum="40"/>
<action no="4" player="Divenire2741" type="3" discard="1" dealt="1" sum="20"/>
</round>
<round no="2"><cards type="Flop">DA H6 CJ</cards>
<action no="5" player="Divenire2741" type="4" discard="1" dealt="1" sum="0"/>
<action no="6" player="Rakki" type="5" sum="20"/>
<action no="7" player="Divenire2741" type="0" discard="1" dealt="1" sum="0"/>
</round>
</game>
<game gamecode="6433516425"><general><startdate>2025-07-20 16:04:09</startdate>
<round>1</round>
<failsafecounter/>
<players><player seat="3" name="Rakki" chips="1,040" dealer="0" win="920" bet="460" muck="0" rebuy="0" addon="0" merge="0" rebuychips="0" reg_code="5048618287"/>
<player seat="10" name="Divenire2741" chips="460" dealer="1" win="0" bet="460" muck="0" rebuy="0" addon="0" merge="0" rebuychips="0" reg_code="5048619171"/>
</players>
</general>
<round no="0"><action no="1" player="Divenire2741" type="15" discard="1" dealt="1" sum="5"/>
<action no="2" player="Rakki" type="15" sum="5"/>
<action no="3" player="Divenire2741" type="1" discard="1" dealt="1" sum="15"/>
<action no="4" player="Rakki" type="2" sum="30"/>
</round>
<round no="1"><cards type="Pocket" player="Rakki">HA SJ</cards>
<cards type="Pocket" player="Divenire2741">DQ SK</cards>
<action no="5" player="Divenire2741" type="3" discard="1" dealt="1" sum="15"/>
<action no="6" player="Rakki" type="23" sum="150"/>
<action no="7" player="Divenire2741" type="3" discard="1" dealt="1" sum="120"/>
</round>
<round no="2"><cards type="Flop">C9 S5 CA</cards>
<action no="8" player="Rakki" type="5" sum="70"/>
<action no="9" player="Divenire2741" type="23" discard="1" dealt="1" sum="305"/>
<action no="10" player="Rakki" type="3" sum="235"/>
</round>
<round no="3"><cards type="Turn">S3</cards>
</round>
<round no="4"><cards type="River">S7</cards>
</round>
</game>
</session>
