<?xml version="1.0" encoding="UTF-8"?>
<session sessioncode="5048634235">
<general>
<client_version>25.1.1.16</client_version>
<mode>real</mode>
<gametype>Holdem NL</gametype>
<tablename>Twister €100 SNG, 814314526</tablename>
<tournamentcode>814314525</tournamentcode>
<tournamentname>Twister €100 SNG</tournamentname>
<buyin>€0 + €7 + €93</buyin>
<totalbuyin>€100</totalbuyin>
<rewarddrawn>€300</rewarddrawn>
<tournamentcurrency>EUR</tournamentcurrency>
<currency>EUR</currency>
<nickname>Rakki</nickname>
<gamecount>23</gamecount>
<startdate>2025-07-20 17:11:35</startdate>
<place>3</place>
<win>€0</win>
<tablesize>3</tablesize>
</general>
<game gamecode="6433574739"><general><startdate>2025-07-20 17:11:50</startdate>
<round>1</round>
<failsafecounter/>
<players><player seat="6" name="Rakki" chips="500" dealer="0" win="0" bet="20" muck="1" rebuy="0" addon="0" merge="0" rebuychips="0" reg_code="5048634235"/>
<player seat="10" name="L1mltless" chips="500" dealer="1" win="50" bet="40" muck="1" rebuy="0" addon="0" merge="0" rebuychips="0" reg_code="5048634325"/>
<player seat="3" name="Conejo12" chips="500" dealer="0" win="0" bet="10" muck="1" rebuy="0" addon="0" merge="0" rebuychips="0" reg_code="5048634182"/>
</players>
</general>
<round no="0"><action no="1" player="Conejo12" type="1" discard="1" dealt="1" sum="10"/>
<action no="2" player="Rakki" type="2" sum="20"/>
</round>
<round no="1"><cards type="Pocket" player="Conejo12">X X</cards>
<cards type="Pocket" player="L1mltless">X X</cards>
<cards type="Pocket" player="Rakki">H5 D3</cards>
<action no="3" player="L1mltless" type="23" discard="1" dealt="1" sum="40"/>
<action no="4" player="Conejo12" type="0" discard="1" dealt="1" sum="0"/>
<action no="5" player="Rakki" type="0" sum="0"/>
</round>
</game>
<game gamecode="6433574751"><general><startdate>2025-07-20 17:11:59</startdate>
<round>1</round>
<failsafecounter/>
<players><player seat="10" name="L1mltless" chips="530" dealer="0" win="180" bet="185" muck="1" rebuy="0" addon="0" merge="0" rebuychips="0" reg_code="5048634325"/>
<player seat="3" name="Conejo12" chips="490" dealer="1" win="0" bet="85" muck="1" rebuy="0" addon="0" merge="0" rebuychips="0" reg_code="5048634182"/>
<player seat="6" name="Rakki" chips="480" dealer="0" win="0" bet="10" muck="1" rebuy="0" addon="0" merge="0" rebuychips="0" reg_code="5048634235"/>
</players>
</general>
<round no="0"><action no="1" player="Rakki" type="1" sum="10"/>
<action no="2" player="L1mltless" type="2" discard="1" dealt="1" sum="20"/>
</round>
<round no="1"><cards type="Pocket" player="Conejo12">X X</cards>
<cards type="Pocket" player="Rakki">HK D4</cards>
<cards type="Pocket" player="L1mltless">X X</cards>
<action no="3" player="Conejo12" type="23" discard="1" dealt="1" sum="40"/>
<action no="4" player="Rakki" type="0" sum="0"/>
<action no="5" player="L1mltless" type="3" discard="1" dealt="1" sum="20"/>
</round>
<round no="2"><cards type="Flop">HJ CK H5</cards>
<action no="6" player="L1mltless" type="4" discard="1" dealt="1" sum="0"/>
<action no="7" player="Conejo12" type="5" discard="1" dealt="1" sum="45"/>
<action no="8" player="L1mltless" type="3" discard="1" dealt="1" sum="45"/>
</round>
<round no="3"><cards type="Turn">H9</cards>
<action no="9" player="L1mltless" type="4" discard="1" dealt="1" sum="0"/>
<action no="10" player="Conejo12" type="4" discard="1" dealt="1" sum="0"/>
</round>
<round no="4"><cards type="River">C2</cards>
<action no="11" player="L1mltless" type="5" discard="1" dealt="1" sum="100"/>
<action no="12" player="Conejo12" type="0" discard="1" dealt="1" sum="0"/>
</round>
</game>
<game gamecode="6433574794"><general><startdate>2025-07-20 17:12:31</startdate>
<round>1</round>
<failsafecounter/>
<players><player seat="3" name="Conejo12" chips="405" dealer="0" win="0" bet="20" muck="1" rebuy="0" addon="0" merge="0" rebuychips="0" reg_code="5048634182"/>
<player seat="6" name="Rakki" chips="470" dealer="1" win="100" bet="70" muck="1" rebuy="0" addon="0" merge="0" rebuychips="0" reg_code="5048634235"/>
<player seat="10" name="L1mltless" chips="625" dealer="0" win="0" bet="40" muck="1" rebuy="0" addon="0" merge="0" rebuychips="0" reg_code="5048634325"/>
</players>
</general>
<round no="0"><action no="1" player="L1mltless" type="1" discard="1" dealt="1" sum="10"/>
<action no="2" player="Conejo12" type="2" discard="1" dealt="1" sum="20"/>
</round>
<round no="1"><cards type="Pocket" player="Rakki">S8 SA</cards>
<cards type="Pocket" player="L1mltless">X X</cards>
<cards type="Pocket" player="Conejo12">X X</cards>
<action no="3" player="Rakki" type="23" sum="40"/>
<action no="4" player="L1mltless" type="3" discard="1" dealt="1" sum="30"/>
<action no="5" player="Conejo12" type="0" discard="1" dealt="1" sum="0"/>
</round>
<round no="2"><cards type="Flop">C10 SJ S7</cards>
<action no="6" player="L1mltless" type="4" discard="1" dealt="1" sum="0"/>
<action no="7" player="Rakki" type="5" sum="30"/>
<action no="8" player="L1mltless" type="0" discard="1" dealt="1" sum="0"/>
</round>
</game>
<game gamecode="6433574835"><general><startdate>2025-07-20 17:13:00</startdate>
<round>1</round>
<failsafecounter/>
<players><player seat="6" name="Rakki" chips="530" dealer="0" win="0" bet="20" muck="1" rebuy="0" addon="0" merge="0" rebuychips="0" reg_code="5048634235"/>
<player seat="10" name="L1mltless" chips="585" dealer="1" win="0" bet="0" muck="1" rebuy="0" addon="0" merge="0" rebuychips="0" reg_code="5048634325"/>
<player seat="3" name="Conejo12" chips="385" dealer="0" win="40" bet="60" muck="1" rebuy="0" addon="0" merge="0" rebuychips="0" reg_code="5048634182"/>
</players>
</general>
<round no="0"><action no="1" player="Conejo12" type="1" discard="1" dealt="1" sum="10"/>
<action no="2" player="Rakki" type="2" sum="20"/>
</round>
<round no="1"><cards type="Pocket" player="Rakki">HQ S6</cards>
<cards type="Pocket" player="Conejo12">X X</cards>
<cards type="Pocket" player="L1mltless">X X</cards>
<action no="3" player="L1mltless" type="0" discard="1" dealt="1" sum="0"/>
<action no="4" player="Conejo12" type="3" discard="1" dealt="1" sum="10"/>
<action no="5" player="Rakki" type="4" sum="0"/>
</round>
<round no="2"><cards type="Flop">D7 H9 H3</cards>
<action no="6" player="Conejo12" type="5" discard="1" dealt="1" sum="40"/>
<action no="7" player="Rakki" type="0" sum="0"/>
</round>
</game>
<game gamecode="6433574865"><general><startdate>2025-07-20 17:13:20</startdate>
<round>1</round>
<failsafecounter/>
<players><player seat="10" name="L1mltless" chips="585" dealer="0" win="180" bet="85" muck="0" rebuy="0" addon="0" merge="0" rebuychips="0" reg_code="5048634325"/>
<player seat="3" name="Conejo12" chips="405" dealer="1" win="0" bet="85" muck="1" rebuy="0" addon="0" merge="0" rebuychips="0" reg_code="5048634182"/>
<player seat="6" name="Rakki" chips="510" dealer="0" win="0" bet="10" muck="1" rebuy="0" addon="0" merge="0" rebuychips="0" reg_code="5048634235"/>
</players>
</general>
<round no="0"><action no="1" player="Rakki" type="1" sum="10"/>
<action no="2" player="L1mltless" type="2" discard="1" dealt="1" sum="20"/>
</round>
<round no="1"><cards type="Pocket" player="Conejo12">C8 H10</cards>
<cards type="Pocket" player="Rakki">H3 C4</cards>
<cards type="Pocket" player="L1mltless">D8 HK</cards>
<action no="3" player="Conejo12" type="23" discard="1" dealt="1" sum="40"/>
<action no="4" player="Rakki" type="0" sum="0"/>
<action no="5" player="L1mltless" type="3" discard="1" dealt="1" sum="20"/>
</round>
<round no="2"><cards type="Flop">C3 S3 S9</cards>
<action no="6" player="L1mltless" type="4" discard="1" dealt="1" sum="0"/>
<action no="7" player="Conejo12" type="4" discard="1" dealt="1" sum="0"/>
</round>
<round no="3"><cards type="Turn">H2</cards>
<action no="8" player="L1mltless" type="4" discard="1" dealt="1" sum="0"/>
<action no="9" player="Conejo12" type="5" discard="1" dealt="1" sum="45"/>
<action no="10" player="L1mltless" type="3" discard="1" dealt="1" sum="45"/>
</round>
<round no="4"><cards type="River">SK</cards>
<action no="11" player="L1mltless" type="4" discard="1" dealt="1" sum="0"/>
<action no="12" player="Conejo12" type="4" discard="1" dealt="1" sum="0"/>
</round>
</game>
<game gamecode="6433574938"><general><startdate>2025-07-20 17:14:06</startdate>
<round>1</round>
<failsafecounter/>
<players><player seat="3" name="Conejo12" chips="320" dealer="0" win="150" bet="320" muck="1" rebuy="0" addon="0" merge="0" rebuychips="0" reg_code="5048634182"/>
<player seat="6" name="Rakki" chips="500" dealer="1" win="0" bet="65" muck="1" rebuy="0" addon="0" merge="0" rebuychips="0" reg_code="5048634235"/>
<player seat="10" name="L1mltless" chips="680" dealer="0" win="0" bet="20" muck="1" rebuy="0" addon="0" merge="0" rebuychips="0" reg_code="5048634325"/>
</players>
</general>
<round no="0"><action no="1" player="L1mltless" type="15" discard="1" dealt="1" sum="5"/>
<action no="2" player="Conejo12" type="15" discard="1" dealt="1" sum="5"/>
<action no="3" player="Rakki" type="15" sum="5"/>
<action no="4" player="L1mltless" type="1" discard="1" dealt="1" sum="15"/>
<action no="5" player="Conejo12" type="2" discard="1" dealt="1" sum="30"/>
</round>
<round no="1"><cards type="Pocket" player="Conejo12">X X</cards>
<cards type="Pocket" player="L1mltless">X X</cards>
<cards type="Pocket" player="Rakki">CQ D10</cards>
<action no="6" player="Rakki" type="23" sum="60"/>
<action no="7" player="L1mltless" type="0" discard="1" dealt="1" sum="0"/>
<action no="8" player="Conejo12" type="23" discard="1" dealt="1" sum="315"/>
<action no="9" player="Rakki" type="0" sum="0"/>
</round>
</game>
<game gamecode="6433574965"><general><startdate>2025-07-20 17:14:24</startdate>
<round>1</round>
<failsafecounter/>
<players><player seat="6" name="Rakki" chips="435" dealer="0" win="0" bet="35" muck="1" rebuy="0" addon="0" merge="0" rebuychips="0" reg_code="5048634235"/>
<player seat="10" name="L1mltless" chips="660" dealer="1" win="90" bet="660" muck="1" rebuy="0" addon="0" merge="0" rebuychips="0" reg_code="5048634325"/>
<player seat="3" name="Conejo12" chips="405" dealer="0" win="0" bet="20" muck="1" rebuy="0" addon="0" merge="0" rebuychips="0" reg_code="5048634182"/>
</players>
</general>
<round no="0"><action no="1" player="Conejo12" type="15" discard="1" dealt="1" sum="5"/>
<action no="2" player="Rakki" type="15" sum="5"/>
<action no="3" player="L1mltless" type="15" discard="1" dealt="1" sum="5"/>
<action no="4" player="Conejo12" type="1" discard="1" dealt="1" sum="15"/>
<action no="5" player="Rakki" type="2" sum="30"/>
</round>
<round no="1"><cards type="Pocket" player="Rakki">D5 C2</cards>
<cards type="Pocket" player="L1mltless">X X</cards>
<cards type="Pocket" player="Conejo12">X X</cards>
<action no="6" player="L1mltless" type="23" discard="1" dealt="1" sum="655"/>
<action no="7" player="Conejo12" type="0" discard="1" dealt="1" sum="0"/>
<action no="8" player="Rakki" type="0" sum="0"/>
</round>
</game>
<game gamecode="6433574984"><general><startdate>2025-07-20 17:14:34</startdate>
<round>1</round>
<failsafecounter/>
<players><player seat="10" name="L1mltless" chips="715" dealer="0" win="75" bet="715" muck="1" rebuy="0" addon="0" merge="0" rebuychips="0" reg_code="5048634325"/>
<player seat="3" name="Conejo12" chips="385" dealer="1" win="0" bet="5" muck="1" rebuy="0" addon="0" merge="0" rebuychips="0" reg_code="5048634182"/>
<player seat="6" name="Rakki" chips="400" dealer="0" win="0" bet="35" muck="1" rebuy="0" addon="0" merge="0" rebuychips="0" reg_code="5048634235"/>
</players>
</general>
<round no="0"><action no="1" player="Rakki" type="15" sum="5"/>
<action no="2" player="L1mltless" type="15" discard="1" dealt="1" sum="5"/>
<action no="3" player="Conejo12" type="15" discard="1" dealt="1" sum="5"/>
<action no="4" player="Rakki" type="1" sum="15"/>
<action no="5" player="L1mltless" type="2" discard="1" dealt="1" sum="30"/>
</round>
<round no="1"><cards type="Pocket" player="L1mltless">X X</cards>
<cards type="Pocket" player="Conejo12">X X</cards>
<cards type="Pocket" player="Rakki">C3 C9</cards>
<action no="6" player="Conejo12" type="0" discard="1" dealt="1" sum="0"/>
<action no="7" player="Rakki" type="3" sum="15"/>
<action no="8" player="L1mltless" type="23" discard="1" dealt="1" sum="710"/>
<action no="9" player="Rakki" type="0" sum="0"/>
</round>
</game>
<game gamecode="6433575007"><general><startdate>2025-07-20 17:14:46</startdate>
<round>1</round>
<failsafecounter/>
<players><player seat="3" name="Conejo12" chips="380" dealer="0" win="45" bet="35" muck="1" rebuy="0" addon="0" merge="0" rebuychips="0" reg_code="5048634182"/>
<player seat="6" name="Rakki" chips="365" dealer="1" win="0" bet="5" muck="1" rebuy="0" addon="0" merge="0" rebuychips="0" reg_code="5048634235"/>
<player seat="10" name="L1mltless" chips="755" dealer="0" win="0" bet="20" muck="1" rebuy="0" addon="0" merge="0" rebuychips="0" reg_code="5048634325"/>
</players>
</general>
<round no="0"><action no="1" player="L1mltless" type="15" discard="1" dealt="1" sum="5"/>
<action no="2" player="Conejo12" type="15" discard="1" dealt="1" sum="5"/>
<action no="3" player="Rakki" type="15" sum="5"/>
<action no="4" player="L1mltless" type="1" discard="1" dealt="1" sum="15"/>
<action no="5" player="Conejo12" type="2" discard="1" dealt="1" sum="30"/>
</round>
<round no="1"><cards type="Pocket" player="Conejo12">X X</cards>
<cards type="Pocket" player="L1mltless">X X</cards>
<cards type="Pocket" player="Rakki">C3 SQ</cards>
<action no="6" player="Rakki" type="0" sum="0"/>
<action no="7" player="L1mltless" type="0" discard="1" dealt="1" sum="0"/>
</round>
</game>
<game gamecode="6433575015"><general><startdate>2025-07-20 17:14:53</startdate>
<round>1</round>
<failsafecounter/>
<players><player seat="6" name="Rakki" chips="360" dealer="0" win="740" bet="360" muck="0" rebuy="0" addon="0" merge="0" rebuychips="0" reg_code="5048634235"/>
<player seat="10" name="L1mltless" chips="735" dealer="1" win="0" bet="360" muck="1" rebuy="0" addon="0" merge="0" rebuychips="0" reg_code="5048634325"/>
<player seat="3" name="Conejo12" chips="405" dealer="0" win="0" bet="20" muck="1" rebuy="0" addon="0" merge="0" rebuychips="0" reg_code="5048634182"/>
</players>
</general>
<round no="0"><action no="1" player="Conejo12" type="15" discard="1" dealt="1" sum="5"/>
<action no="2" player="Rakki" type="15" sum="5"/>
<action no="3" player="L1mltless" type="15" discard="1" dealt="1" sum="5"/>
<action no="4" player="Conejo12" type="1" discard="1" dealt="1" sum="15"/>
<action no="5" player="Rakki" type="2" sum="30"/>
</round>
<round no="1"><cards type="Pocket" player="Conejo12">X X</cards>
<cards type="Pocket" player="Rakki">S9 D9</cards>
<cards type="Pocket" player="L1mltless">CK C6</cards>
<action no="6" player="L1mltless" type="23" discard="1" dealt="1" sum="60"/>
<action no="7" player="Conejo12" type="0" discard="1" dealt="1" sum="0"/>
<action no="8" player="Rakki" type="23" sum="355"/>
<action no="9" player="L1mltless" type="3" discard="1" dealt="1" sum="295"/>
</round>
<round no="2"><cards type="Flop">H7 S4 C7</cards>
</round>
<round no="3"><cards type="Turn">D4</cards>
</round>
<round no="4"><cards type="River">D5</cards>
</round>
</game>
<game gamecode="6433575051"><general><startdate>2025-07-20 17:15:20</startdate>
<round>1</round>
<failsafecounter/>
<players><player seat="10" name="L1mltless" chips="375" dealer="0" win="0" bet="45" muck="1" rebuy="0" addon="0" merge="0" rebuychips="0" reg_code="5048634325"/>
<player seat="3" name="Conejo12" chips="385" dealer="1" win="115" bet="385" muck="1" rebuy="0" addon="0" merge="0" rebuychips="0" reg_code="5048634182"/>
<player seat="6" name="Rakki" chips="740" dealer="0" win="0" bet="25" muck="1" rebuy="0" addon="0" merge="0" rebuychips="0" reg_code="5048634235"/>
</players>
</general>
<round no="0"><action no="1" player="Rakki" type="15" sum="5"/>
<action no="2" player="L1mltless" type="15" discard="1" dealt="1" sum="5"/>
<action no="3" player="Conejo12" type="15" discard="1" dealt="1" sum="5"/>
<action no="4" player="Rakki" type="1" sum="20"/>
<action no="5" player="L1mltless" type="2" discard="1" dealt="1" sum="40"/>
</round>
<round no="1"><cards type="Pocket" player="Conejo12">X X</cards>
<cards type="Pocket" player="Rakki">C7 H8</cards>
<cards type="Pocket" player="L1mltless">X X</cards>
<action no="6" player="Conejo12" type="23" discard="1" dealt="1" sum="380"/>
<action no="7" player="Rakki" type="0" sum="0"/>
<action no="8" player="L1mltless" type="0" discard="1" dealt="1" sum="0"/>
</round>
</game>
<game gamecode="6433575068"><general><startdate>2025-07-20 17:15:32</startdate>
<round>1</round>
<failsafecounter/>
<players><player seat="3" name="Conejo12" chips="455" dealer="0" win="0" bet="45" muck="1" rebuy="0" addon="0" merge="0" rebuychips="0" reg_code="5048634182"/>
<player seat="6" name="Rakki" chips="715" dealer="1" win="0" bet="5" muck="1" rebuy="0" addon="0" merge="0" rebuychips="0" reg_code="5048634235"/>
<player seat="10" name="L1mltless" chips="330" dealer="0" win="95" bet="330" muck="1" rebuy="0" addon="0" merge="0" rebuychips="0" reg_code="5048634325"/>
</players>
</general>
<round no="0"><action no="1" player="L1mltless" type="15" discard="1" dealt="1" sum="5"/>
<action no="2" player="Conejo12" type="15" discard="1" dealt="1" sum="5"/>
<action no="3" player="Rakki" type="15" sum="5"/>
<action no="4" player="L1mltless" type="1" discard="1" dealt="1" sum="20"/>
<action no="5" player="Conejo12" type="2" discard="1" dealt="1" sum="40"/>
</round>
<round no="1"><cards type="Pocket" player="Conejo12">X X</cards>
<cards type="Pocket" player="L1mltless">X X</cards>
<cards type="Pocket" player="Rakki">D4 C9</cards>
<action no="6" player="Rakki" type="0" sum="0"/>
<action no="7" player="L1mltless" type="23" discard="1" dealt="1" sum="325"/>
<action no="8" player="Conejo12" type="0" discard="1" dealt="1" sum="0"/>
</round>
</game>
<game gamecode="6433575081"><general><startdate>2025-07-20 17:15:41</startdate>
<round>1</round>
<failsafecounter/>
<players><player seat="6" name="Rakki" chips="710" dealer="0" win="55" bet="45" muck="1" rebuy="0" addon="0" merge="0" rebuychips="0" reg_code="5048634235"/>
<player seat="10" name="L1mltless" chips="380" dealer="1" win="0" bet="5" muck="1" rebuy="0" addon="0" merge="0" rebuychips="0" reg_code="5048634325"/>
<player seat="3" name="Conejo12" chips="410" dealer="0" win="0" bet="25" muck="1" rebuy="0" addon="0" merge="0" rebuychips="0" reg_code="5048634182"/>
</players>
</general>
<round no="0"><action no="1" player="Conejo12" type="15" discard="1" dealt="1" sum="5"/>
<action no="2" player="Rakki" type="15" sum="5"/>
<action no="3" player="L1mltless" type="15" discard="1" dealt="1" sum="5"/>
<action no="4" player="Conejo12" type="1" discard="1" dealt="1" sum="20"/>
<action no="5" player="Rakki" type="2" sum="40"/>
</round>
<round no="1"><cards type="Pocket" player="Rakki">D7 DA</cards>
<cards type="Pocket" player="Conejo12">X X</cards>
<cards type="Pocket" player="L1mltless">X X</cards>
<action no="6" player="L1mltless" type="0" discard="1" dealt="1" sum="0"/>
<action no="7" player="Conejo12" type="0" discard="1" dealt="1" sum="0"/>
</round>
</game>
<game gamecode="6433575099"><general><startdate>2025-07-20 17:15:52</startdate>
<round>1</round>
<failsafecounter/>
<players><player seat="10" name="L1mltless" chips="375" dealer="0" win="755" bet="375" muck="0" rebuy="0" addon="0" merge="0" rebuychips="0" reg_code="5048634325"/>
<player seat="3" name="Conejo12" chips="385" dealer="1" win="0" bet="5" muck="1" rebuy="0" addon="0" merge="0" rebuychips="0" reg_code="5048634182"/>
<player seat="6" name="Rakki" chips="740" dealer="0" win="0" bet="740" muck="1" rebuy="0" addon="0" merge="0" rebuychips="0" reg_code="5048634235"/>
</players>
</general>
<round no="0"><action no="1" player="Rakki" type="15" sum="5"/>
<action no="2" player="L1mltless" type="15" discard="1" dealt="1" sum="5"/>
<action no="3" player="Conejo12" type="15" discard="1" dealt="1" sum="5"/>
<action no="4" player="Rakki" type="1" sum="20"/>
<action no="5" player="L1mltless" type="2" discard="1" dealt="1" sum="40"/>
</round>
<round no="1"><cards type="Pocket" player="L1mltless">SK C9</cards>
<cards type="Pocket" player="Conejo12">X X</cards>
<cards type="Pocket" player="Rakki">H10 SA</cards>
<action no="6" player="Conejo12" type="0" discard="1" dealt="1" sum="0"/>
<action no="7" player="Rakki" type="23" sum="735"/>
<action no="8" player="L1mltless" type="7" discard="1" dealt="1" sum="330"/>
</round>
<round no="2"><cards type="Flop">H6 D3 C4</cards>
</round>
<round no="3"><cards type="Turn">HK</cards>
</round>
<round no="4"><cards type="River">DJ</cards>
</round>
</game>
<game gamecode="6433575126"><general><startdate>2025-07-20 17:16:10</startdate>
<round>1</round>
<failsafecounter/>
<players><player seat="3" name="Conejo12" chips="380" dealer="0" win="0" bet="45" muck="1" rebuy="0" addon="0" merge="0" rebuychips="0" reg_code="5048634182"/>
<player seat="6" name="Rakki" chips="365" dealer="1" win="0" bet="5" muck="1" rebuy="0" addon="0" merge="0" rebuychips="0" reg_code="5048634235"/>
<player seat="10" name="L1mltless" chips="755" dealer="0" win="95" bet="85" muck="1" rebuy="0" addon="0" merge="0" rebuychips="0" reg_code="5048634325"/>
</players>
</general>
<round no="0"><action no="1" player="L1mltless" type="15" discard="1" dealt="1" sum="5"/>
<action no="2" player="Conejo12" type="15" discard="1" dealt="1" sum="5"/>
<action no="3" player="Rakki" type="15" sum="5"/>
<action no="4" player="L1mltless" type="1" discard="1" dealt="1" sum="20"/>
<action no="5" player="Conejo12" type="2" discard="1" dealt="1" sum="40"/>
</round>
<round no="1"><cards type="Pocket" player="Rakki">CK S5</cards>
<cards type="Pocket" player="Conejo12">X X</cards>
<cards type="Pocket" player="L1mltless">X X</cards>
<action no="6" player="Rakki" type="0" sum="0"/>
<action no="7" player="L1mltless" type="3" discard="1" dealt="1" sum="20"/>
<action no="8" player="Conejo12" type="4" discard="1" dealt="1" sum="0"/>
</round>
<round no="2"><cards type="Flop">H5 C8 DJ</cards>
<action no="9" player="L1mltless" type="5" discard="1" dealt="1" sum="40"/>
<action no="10" player="Conejo12" type="0" discard="1" dealt="1" sum="0"/>
</round>
</game>
<game gamecode="6433575148"><general><startdate>2025-07-20 17:16:29</startdate>
<round>1</round>
<failsafecounter/>
<players><player seat="6" name="Rakki" chips="360" dealer="0" win="0" bet="45" muck="1" rebuy="0" addon="0" merge="0" rebuychips="0" reg_code="5048634235"/>
<player seat="10" name="L1mltless" chips="805" dealer="1" win="115" bet="805" muck="1" rebuy="0" addon="0" merge="0" rebuychips="0" reg_code="5048634325"/>
<player seat="3" name="Conejo12" chips="335" dealer="0" win="0" bet="25" muck="1" rebuy="0" addon="0" merge="0" rebuychips="0" reg_code="5048634182"/>
</players>
</general>
<round no="0"><action no="1" player="Conejo12" type="15" discard="1" dealt="1" sum="5"/>
<action no="2" player="Rakki" type="15" sum="5"/>
<action no="3" player="L1mltless" type="15" discard="1" dealt="1" sum="5"/>
<action no="4" player="Conejo12" type="1" discard="1" dealt="1" sum="20"/>
<action no="5" player="Rakki" type="2" sum="40"/>
</round>
<round no="1"><cards type="Pocket" player="Rakki">H7 CJ</cards>
<cards type="Pocket" player="Conejo12">X X</cards>
<cards type="Pocket" player="L1mltless">X X</cards>
<action no="6" player="L1mltless" type="23" discard="1" dealt="1" sum="800"/>
<action no="7" player="Conejo12" type="0" discard="1" dealt="1" sum="0"/>
<action no="8" player="Rakki" type="0" sum="0"/>
</round>
</game>
<game gamecode="6433575161"><general><startdate>2025-07-20 17:16:39</startdate>
<round>1</round>
<failsafecounter/>
<players><player seat="10" name="L1mltless" chips="875" dealer="0" win="0" bet="45" muck="1" rebuy="0" addon="0" merge="0" rebuychips="0" reg_code="5048634325"/>
<player seat="3" name="Conejo12" chips="310" dealer="1" win="115" bet="310" muck="1" rebuy="0" addon="0" merge="0" rebuychips="0" reg_code="5048634182"/>
<player seat="6" name="Rakki" chips="315" dealer="0" win="0" bet="25" muck="1" rebuy="0" addon="0" merge="0" rebuychips="0" reg_code="5048634235"/>
</players>
</general>
<round no="0"><action no="1" player="Rakki" type="15" sum="5"/>
<action no="2" player="L1mltless" type="15" discard="1" dealt="1" sum="5"/>
<action no="3" player="Conejo12" type="15" discard="1" dealt="1" sum="5"/>
<action no="4" player="Rakki" type="1" sum="20"/>
<action no="5" player="L1mltless" type="2" discard="1" dealt="1" sum="40"/>
</round>
<round no="1"><cards type="Pocket" player="Rakki">H9 D3</cards>
<cards type="Pocket" player="Conejo12">X X</cards>
<cards type="Pocket" player="L1mltless">X X</cards>
<action no="6" player="Conejo12" type="23" discard="1" dealt="1" sum="305"/>
<action no="7" player="Rakki" type="0" sum="0"/>
<action no="8" player="L1mltless" type="0" discard="1" dealt="1" sum="0"/>
</round>
</game>
<game gamecode="6433575175"><general><startdate>2025-07-20 17:16:48</startdate>
<round>1</round>
<failsafecounter/>
<players><player seat="3" name="Conejo12" chips="380" dealer="0" win="765" bet="380" muck="0" rebuy="0" addon="0" merge="0" rebuychips="0" reg_code="5048634182"/>
<player seat="6" name="Rakki" chips="290" dealer="1" win="0" bet="5" muck="1" rebuy="0" addon="0" merge="0" rebuychips="0" reg_code="5048634235"/>
<player seat="10" name="L1mltless" chips="830" dealer="0" win="0" bet="830" muck="1" rebuy="0" addon="0" merge="0" rebuychips="0" reg_code="5048634325"/>
</players>
</general>
<round no="0"><action no="1" player="L1mltless" type="15" discard="1" dealt="1" sum="5"/>
<action no="2" player="Conejo12" type="15" discard="1" dealt="1" sum="5"/>
<action no="3" player="Rakki" type="15" sum="5"/>
<action no="4" player="L1mltless" type="1" discard="1" dealt="1" sum="30"/>
<action no="5" player="Conejo12" type="2" discard="1" dealt="1" sum="60"/>
</round>
<round no="1"><cards type="Pocket" player="Conejo12">DK HJ</cards>
<cards type="Pocket" player="L1mltless">CJ S8</cards>
<cards type="Pocket" player="Rakki">HQ S3</cards>
<action no="6" player="Rakki" type="0" sum="0"/>
<action no="7" player="L1mltless" type="23" discard="1" dealt="1" sum="825"/>
<action no="8" player="Conejo12" type="7" discard="1" dealt="1" sum="315"/>
</round>
<round no="2"><cards type="Flop">SA DJ H4</cards>
</round>
<round no="3"><cards type="Turn">CK</cards>
</round>
<round no="4"><cards type="River">D5</cards>
</round>
</game>
<game gamecode="6433575211"><general><startdate>2025-07-20 17:17:09</startdate>
<round>1</round>
<failsafecounter/>
<players><player seat="6" name="Rakki" chips="285" dealer="0" win="0" bet="65" muck="1" rebuy="0" addon="0" merge="0" rebuychips="0" reg_code="5048634235"/>
<player seat="10" name="L1mltless" chips="450" dealer="1" win="165" bet="450" muck="1" rebuy="0" addon="0" merge="0" rebuychips="0" reg_code="5048634325"/>
<player seat="3" name="Conejo12" chips="765" dealer="0" win="0" bet="35" muck="1" rebuy="0" addon="0" merge="0" rebuychips="0" reg_code="5048634182"/>
</players>
</general>
<round no="0"><action no="1" player="Conejo12" type="15" discard="1" dealt="1" sum="5"/>
<action no="2" player="Rakki" type="15" sum="5"/>
<action no="3" player="L1mltless" type="15" discard="1" dealt="1" sum="5"/>
<action no="4" player="Conejo12" type="1" discard="1" dealt="1" sum="30"/>
<action no="5" player="Rakki" type="2" sum="60"/>
</round>
<round no="1"><cards type="Pocket" player="Conejo12">X X</cards>
<cards type="Pocket" player="Rakki">C7 H9</cards>
<cards type="Pocket" player="L1mltless">X X</cards>
<action no="6" player="L1mltless" type="23" discard="1" dealt="1" sum="445"/>
<action no="7" player="Conejo12" type="0" discard="1" dealt="1" sum="0"/>
<action no="8" player="Rakki" type="0" sum="0"/>
</round>
</game>
<game gamecode="6433575219"><general><startdate>2025-07-20 17:17:17</startdate>
<round>1</round>
<failsafecounter/>
<players><player seat="10" name="L1mltless" chips="550" dealer="0" win="0" bet="220" muck="1" rebuy="0" addon="0" merge="0" rebuychips="0" reg_code="5048634325"/>
<player seat="3" name="Conejo12" chips="730" dealer="1" win="0" bet="5" muck="1" rebuy="0" addon="0" merge="0" rebuychips="0" reg_code="5048634182"/>
<player seat="6" name="Rakki" chips="220" dealer="0" win="445" bet="220" muck="0" rebuy="0" addon="0" merge="0" rebuychips="0" reg_code="5048634235"/>
</players>
</general>
<round no="0"><action no="1" player="Rakki" type="15" sum="5"/>
<action no="2" player="L1mltless" type="15" discard="1" dealt="1" sum="5"/>
<action no="3" player="Conejo12" type="15" discard="1" dealt="1" sum="5"/>
<action no="4" player="Rakki" type="1" sum="30"/>
<action no="5" player="L1mltless" type="2" discard="1" dealt="1" sum="60"/>
</round>
<round no="1"><cards type="Pocket" player="Rakki">D9 DA</cards>
<cards type="Pocket" player="L1mltless">D2 SK</cards>
<cards type="Pocket" player="Conejo12">X X</cards>
<action no="6" player="Conejo12" type="0" discard="1" dealt="1" sum="0"/>
<action no="7" player="Rakki" type="23" sum="215"/>
<action no="8" player="L1mltless" type="3" discard="1" dealt="1" sum="155"/>
</round>
<round no="2"><cards type="Flop">SA H9 C10</cards>
</round>
<round no="3"><cards type="Turn">C5</cards>
</round>
<round no="4"><cards type="River">CA</cards>
</round>
</game>
<game gamecode="6433575248"><general><startdate>2025-07-20 17:17:33</startdate>
<round>1</round>
<failsafecounter/>
<players><player seat="3" name="Conejo12" chips="725" dealer="0" win="75" bet="65" muck="1" rebuy="0" addon="0" merge="0" rebuychips="0" reg_code="5048634182"/>
<player seat="6" name="Rakki" chips="445" dealer="1" win="0" bet="5" muck="1" rebuy="0" addon="0" merge="0" rebuychips="0" reg_code="5048634235"/>
<player seat="10" name="L1mltless" chips="330" dealer="0" win="0" bet="35" muck="1" rebuy="0" addon="0" merge="0" rebuychips="0" reg_code="5048634325"/>
</players>
</general>
<round no="0"><action no="1" player="L1mltless" type="15" discard="1" dealt="1" sum="5"/>
<action no="2" player="Conejo12" type="15" discard="1" dealt="1" sum="5"/>
<action no="3" player="Rakki" type="15" sum="5"/>
<action no="4" player="L1mltless" type="1" discard="1" dealt="1" sum="30"/>
<action no="5" player="Conejo12" type="2" discard="1" dealt="1" sum="60"/>
</round>
<round no="1"><cards type="Pocket" player="L1mltless">X X</cards>
<cards type="Pocket" player="Conejo12">X X</cards>
<cards type="Pocket" player="Rakki">C3 D8</cards>
<action no="6" player="Rakki" type="0" sum="0"/>
<action no="7" player="L1mltless" type="0" discard="1" dealt="1" sum="0"/>
</round>
</game>
<game gamecode="6433575267"><general><startdate>2025-07-20 17:17:44</startdate>
<round>1</round>
<failsafecounter/>
<players><player seat="6" name="Rakki" chips="440" dealer="0" win="0" bet="65" muck="1" rebuy="0" addon="0" merge="0" rebuychips="0" reg_code="5048634235"/>
<player seat="10" name="L1mltless" chips="295" dealer="1" win="0" bet="5" muck="1" rebuy="0" addon="0" merge="0" rebuychips="0" reg_code="5048634325"/>
<player seat="3" name="Conejo12" chips="765" dealer="0" win="135" bet="200" muck="1" rebuy="0" addon="0" merge="0" rebuychips="0" reg_code="5048634182"/>
</players>
</general>
<round no="0"><action no="1" player="Conejo12" type="15" discard="1" dealt="1" sum="5"/>
<action no="2" player="Rakki" type="15" sum="5"/>
<action no="3" player="L1mltless" type="15" discard="1" dealt="1" sum="5"/>
<action no="4" player="Conejo12" type="1" discard="1" dealt="1" sum="30"/>
<action no="5" player="Rakki" type="2" sum="60"/>
</round>
<round no="1"><cards type="Pocket" player="Rakki">H7 S9</cards>
<cards type="Pocket" player="L1mltless">X X</cards>
<cards type="Pocket" player="Conejo12">X X</cards>
<action no="6" player="L1mltless" type="0" discard="1" dealt="1" sum="0"/>
<action no="7" player="Conejo12" type="3" discard="1" dealt="1" sum="30"/>
<action no="8" player="Rakki" type="4" sum="0"/>
</round>
<round no="2"><cards type="Flop">C5 H5 CQ</cards>
<action no="9" player="Conejo12" type="5" discard="1" dealt="1" sum="135"/>
<action no="10" player="Rakki" type="0" sum="0"/>
</round>
</game>
<game gamecode="6433575292"><general><startdate>2025-07-20 17:17:59</startdate>
<round>1</round>
<failsafecounter/>
<players><player seat="10" name="L1mltless" chips="290" dealer="0" win="0" bet="65" muck="1" rebuy="0" addon="0" merge="0" rebuychips="0" reg_code="5048634325"/>
<player seat="3" name="Conejo12" chips="835" dealer="1" win="815" bet="835" muck="0" rebuy="0" addon="0" merge="0" rebuychips="0" reg_code="5048634182"/>
<player seat="6" name="Rakki" chips="375" dealer="0" win="0" bet="375" muck="1" rebuy="0" addon="0" merge="0" rebuychips="0" reg_code="5048634235"/>
</players>
</general>
<round no="0"><action no="1" player="Rakki" type="15" sum="5"/>
<action no="2" player="L1mltless" type="15" discard="1" dealt="1" sum="5"/>
<action no="3" player="Conejo12" type="15" discard="1" dealt="1" sum="5"/>
<action no="4" player="Rakki" type="1" sum="30"/>
<action no="5" player="L1mltless" type="2" discard="1" dealt="1" sum="60"/>
</round>
<round no="1"><cards type="Pocket" player="L1mltless">X X</cards>
<cards type="Pocket" player="Rakki">D5 CA</cards>
<cards type="Pocket" player="Conejo12">D6 C6</cards>
<action no="6" player="Conejo12" type="23" discard="1" dealt="1" sum="830"/>
<action no="7" player="Rakki" type="7" sum="340"/>
<action no="8" player="L1mltless" type="0" discard="1" dealt="1" sum="0"/>
</round>
<round no="2"><cards type="Flop">S8 S7 H8</cards>
</round>
<round no="3"><cards type="Turn">C10</cards>
</round>
<round no="4"><cards type="River">D4</cards>
</round>
</game>
</session>
