<?xml version="1.0" encoding="UTF-8"?>
<session sessioncode="5048619729">
<general>
<client_version>25.1.1.16</client_version>
<mode>real</mode>
<gametype>Holdem NL</gametype>
<tablename>Twister €100 SNG, 814308859</tablename>
<tournamentcode>814308858</tournamentcode>
<tournamentname>Twister €100 SNG</tournamentname>
<buyin>€0 + €7 + €93</buyin>
<totalbuyin>€100</totalbuyin>
<rewarddrawn>€200</rewarddrawn>
<tournamentcurrency>EUR</tournamentcurrency>
<currency>EUR</currency>
<nickname>Rakki</nickname>
<gamecount>35</gamecount>
<startdate>2025-07-20 16:07:58</startdate>
<place>2</place>
<win>€0</win>
<tablesize>3</tablesize>
</general>
<game gamecode="6433516754"><general><startdate>2025-07-20 16:08:13</startdate>
<round>1</round>
<failsafecounter/>
<players><player seat="6" name="Rakki" chips="500" dealer="0" win="0" bet="20" muck="1" rebuy="0" addon="0" merge="0" rebuychips="0" reg_code="5048619729"/>
<player seat="10" name="Conejo12" chips="500" dealer="1" win="50" bet="60" muck="1" rebuy="0" addon="0" merge="0" rebuychips="0" reg_code="5048620443"/>
<player seat="3" name="Divenire2741" chips="500" dealer="0" win="0" bet="10" muck="1" rebuy="0" addon="0" merge="0" rebuychips="0" reg_code="5048619690"/>
</players>
</general>
<round no="0"><action no="1" player="Divenire2741" type="1" discard="1" dealt="1" sum="10"/>
<action no="2" player="Rakki" type="2" sum="20"/>
</round>
<round no="1"><cards type="Pocket" player="Conejo12">X X</cards>
<cards type="Pocket" player="Divenire2741">X X</cards>
<cards type="Pocket" player="Rakki">C3 D2</cards>
<action no="3" player="Conejo12" type="23" discard="1" dealt="1" sum="60"/>
<action no="4" player="Divenire2741" type="0" discard="1" dealt="1" sum="0"/>
<action no="5" player="Rakki" type="0" sum="0"/>
</round>
</game>
<game gamecode="6433516769"><general><startdate>2025-07-20 16:08:22</startdate>
<round>1</round>
<failsafecounter/>
<players><player seat="10" name="Conejo12" chips="530" dealer="0" win="0" bet="120" muck="1" rebuy="0" addon="0" merge="0" rebuychips="0" reg_code="5048620443"/>
<player seat="3" name="Divenire2741" chips="490" dealer="1" win="0" bet="0" muck="1" rebuy="0" addon="0" merge="0" rebuychips="0" reg_code="5048619690"/>
<player seat="6" name="Rakki" chips="480" dealer="0" win="240" bet="200" muck="1" rebuy="0" addon="0" merge="0" rebuychips="0" reg_code="5048619729"/>
</players>
</general>
<round no="0"><action no="1" player="Rakki" type="1" sum="10"/>
<action no="2" player="Conejo12" type="2" discard="1" dealt="1" sum="20"/>
</round>
<round no="1"><cards type="Pocket" player="Divenire2741">X X</cards>
<cards type="Pocket" player="Rakki">D6 DQ</cards>
<cards type="Pocket" player="Conejo12">X X</cards>
<action no="3" player="Divenire2741" type="0" discard="1" dealt="1" sum="0"/>
<action no="4" player="Rakki" type="3" sum="10"/>
<action no="5" player="Conejo12" type="23" discard="1" dealt="1" sum="60"/>
<action no="6" player="Rakki" type="3" sum="40"/>
</round>
<round no="2"><cards type="Flop">C3 C6 H8</cards>
<action no="7" player="Rakki" type="4" sum="0"/>
<action no="8" player="Conejo12" type="5" discard="1" dealt="1" sum="60"/>
<action no="9" player="Rakki" type="3" sum="60"/>
</round>
<round no="3"><cards type="Turn">D2</cards>
<action no="10" player="Rakki" type="4" sum="0"/>
<action no="11" player="Conejo12" type="4" discard="1" dealt="1" sum="0"/>
</round>
<round no="4"><cards type="River">D3</cards>
<action no="12" player="Rakki" type="5" sum="80"/>
<action no="13" player="Conejo12" type="0" discard="1" dealt="1" sum="0"/>
</round>
</game>
<game gamecode="6433516834"><general><startdate>2025-07-20 16:09:04</startdate>
<round>1</round>
<failsafecounter/>
<players><player seat="3" name="Divenire2741" chips="490" dealer="0" win="0" bet="20" muck="1" rebuy="0" addon="0" merge="0" rebuychips="0" reg_code="5048619690"/>
<player seat="6" name="Rakki" chips="600" dealer="1" win="0" bet="40" muck="1" rebuy="0" addon="0" merge="0" rebuychips="0" reg_code="5048619729"/>
<player seat="10" name="Conejo12" chips="410" dealer="0" win="100" bet="120" muck="1" rebuy="0" addon="0" merge="0" rebuychips="0" reg_code="5048620443"/>
</players>
</general>
<round no="0"><action no="1" player="Conejo12" type="1" discard="1" dealt="1" sum="10"/>
<action no="2" player="Divenire2741" type="2" discard="1" dealt="1" sum="20"/>
</round>
<round no="1"><cards type="Pocket" player="Rakki">DA H4</cards>
<cards type="Pocket" player="Conejo12">X X</cards>
<cards type="Pocket" player="Divenire2741">X X</cards>
<action no="3" player="Rakki" type="23" sum="40"/>
<action no="4" player="Conejo12" type="23" discard="1" dealt="1" sum="120"/>
<action no="5" player="Divenire2741" type="0" discard="1" dealt="1" sum="0"/>
<action no="6" player="Rakki" type="0" sum="0"/>
</round>
</game>
<game gamecode="6433516864"><general><startdate>2025-07-20 16:09:19</startdate>
<round>1</round>
<failsafecounter/>
<players><player seat="6" name="Rakki" chips="560" dealer="0" win="0" bet="20" muck="1" rebuy="0" addon="0" merge="0" rebuychips="0" reg_code="5048619729"/>
<player seat="10" name="Conejo12" chips="470" dealer="1" win="50" bet="40" muck="1" rebuy="0" addon="0" merge="0" rebuychips="0" reg_code="5048620443"/>
<player seat="3" name="Divenire2741" chips="470" dealer="0" win="0" bet="10" muck="1" rebuy="0" addon="0" merge="0" rebuychips="0" reg_code="5048619690"/>
</players>
</general>
<round no="0"><action no="1" player="Divenire2741" type="1" discard="1" dealt="1" sum="10"/>
<action no="2" player="Rakki" type="2" sum="20"/>
</round>
<round no="1"><cards type="Pocket" player="Conejo12">X X</cards>
<cards type="Pocket" player="Divenire2741">X X</cards>
<cards type="Pocket" player="Rakki">S6 H2</cards>
<action no="3" player="Conejo12" type="23" discard="1" dealt="1" sum="40"/>
<action no="4" player="Divenire2741" type="0" discard="1" dealt="1" sum="0"/>
<action no="5" player="Rakki" type="0" sum="0"/>
</round>
</game>
<game gamecode="6433516876"><general><startdate>2025-07-20 16:09:26</startdate>
<round>1</round>
<failsafecounter/>
<players><player seat="10" name="Conejo12" chips="500" dealer="0" win="180" bet="90" muck="0" rebuy="0" addon="0" merge="0" rebuychips="0" reg_code="5048620443"/>
<player seat="3" name="Divenire2741" chips="460" dealer="1" win="0" bet="0" muck="1" rebuy="0" addon="0" merge="0" rebuychips="0" reg_code="5048619690"/>
<player seat="6" name="Rakki" chips="540" dealer="0" win="0" bet="90" muck="1" rebuy="0" addon="0" merge="0" rebuychips="0" reg_code="5048619729"/>
</players>
</general>
<round no="0"><action no="1" player="Rakki" type="1" sum="10"/>
<action no="2" player="Conejo12" type="2" discard="1" dealt="1" sum="20"/>
</round>
<round no="1"><cards type="Pocket" player="Rakki">HK HQ</cards>
<cards type="Pocket" player="Conejo12">C7 DJ</cards>
<cards type="Pocket" player="Divenire2741">X X</cards>
<action no="3" player="Divenire2741" type="0" discard="1" dealt="1" sum="0"/>
<action no="4" player="Rakki" type="23" sum="50"/>
<action no="5" player="Conejo12" type="3" discard="1" dealt="1" sum="30"/>
</round>
<round no="2"><cards type="Flop">D10 D9 S9</cards>
<action no="6" player="Rakki" type="4" sum="0"/>
<action no="7" player="Conejo12" type="5" discard="1" dealt="1" sum="40"/>
<action no="8" player="Rakki" type="3" sum="40"/>
</round>
<round no="3"><cards type="Turn">C2</cards>
<action no="9" player="Rakki" type="4" sum="0"/>
<action no="10" player="Conejo12" type="4" discard="1" dealt="1" sum="0"/>
</round>
<round no="4"><cards type="River">H7</cards>
<action no="11" player="Rakki" type="4" sum="0"/>
<action no="12" player="Conejo12" type="4" discard="1" dealt="1" sum="0"/>
</round>
</game>
<game gamecode="6433516943"><general><startdate>2025-07-20 16:10:12</startdate>
<round>1</round>
<failsafecounter/>
<players><player seat="3" name="Divenire2741" chips="460" dealer="0" win="0" bet="65" muck="1" rebuy="0" addon="0" merge="0" rebuychips="0" reg_code="5048619690"/>
<player seat="6" name="Rakki" chips="450" dealer="1" win="0" bet="5" muck="1" rebuy="0" addon="0" merge="0" rebuychips="0" reg_code="5048619729"/>
<player seat="10" name="Conejo12" chips="590" dealer="0" win="135" bet="65" muck="0" rebuy="0" addon="0" merge="0" rebuychips="0" reg_code="5048620443"/>
</players>
</general>
<round no="0"><action no="1" player="Conejo12" type="15" discard="1" dealt="1" sum="5"/>
<action no="2" player="Divenire2741" type="15" discard="1" dealt="1" sum="5"/>
<action no="3" player="Rakki" type="15" sum="5"/>
<action no="4" player="Conejo12" type="1" discard="1" dealt="1" sum="15"/>
<action no="5" player="Divenire2741" type="2" discard="1" dealt="1" sum="30"/>
</round>
<round no="1"><cards type="Pocket" player="Divenire2741">C7 D6</cards>
<cards type="Pocket" player="Rakki">H7 C10</cards>
<cards type="Pocket" player="Conejo12">C9 HA</cards>
<action no="6" player="Rakki" type="0" sum="0"/>
<action no="7" player="Conejo12" type="23" discard="1" dealt="1" sum="60"/>
<action no="8" player="Divenire2741" type="3" discard="1" dealt="1" sum="30"/>
</round>
<round no="2"><cards type="Flop">HQ H4 D4</cards>
<action no="9" player="Conejo12" type="4" discard="1" dealt="1" sum="0"/>
<action no="10" player="Divenire2741" type="4" discard="1" dealt="1" sum="0"/>
</round>
<round no="3"><cards type="Turn">S8</cards>
<action no="11" player="Conejo12" type="4" discard="1" dealt="1" sum="0"/>
<action no="12" player="Divenire2741" type="4" discard="1" dealt="1" sum="0"/>
</round>
<round no="4"><cards type="River">SA</cards>
<action no="13" player="Conejo12" type="4" discard="1" dealt="1" sum="0"/>
<action no="14" player="Divenire2741" type="4" discard="1" dealt="1" sum="0"/>
</round>
</game>
<game gamecode="6433516983"><general><startdate>2025-07-20 16:10:42</startdate>
<round>1</round>
<failsafecounter/>
<players><player seat="6" name="Rakki" chips="445" dealer="0" win="150" bet="445" muck="1" rebuy="0" addon="0" merge="0" rebuychips="0" reg_code="5048619729"/>
<player seat="10" name="Conejo12" chips="660" dealer="1" win="0" bet="65" muck="1" rebuy="0" addon="0" merge="0" rebuychips="0" reg_code="5048620443"/>
<player seat="3" name="Divenire2741" chips="395" dealer="0" win="0" bet="20" muck="1" rebuy="0" addon="0" merge="0" rebuychips="0" reg_code="5048619690"/>
</players>
</general>
<round no="0"><action no="1" player="Divenire2741" type="15" discard="1" dealt="1" sum="5"/>
<action no="2" player="Rakki" type="15" sum="5"/>
<action no="3" player="Conejo12" type="15" discard="1" dealt="1" sum="5"/>
<action no="4" player="Divenire2741" type="1" discard="1" dealt="1" sum="15"/>
<action no="5" player="Rakki" type="2" sum="30"/>
</round>
<round no="1"><cards type="Pocket" player="Conejo12">X X</cards>
<cards type="Pocket" player="Rakki">SA H6</cards>
<cards type="Pocket" player="Divenire2741">X X</cards>
<action no="6" player="Conejo12" type="23" discard="1" dealt="1" sum="60"/>
<action no="7" player="Divenire2741" type="0" discard="1" dealt="1" sum="0"/>
<action no="8" player="Rakki" type="23" sum="440"/>
<action no="9" player="Conejo12" type="0" discard="1" dealt="1" sum="0"/>
</round>
</game>
<game gamecode="6433516999"><general><startdate>2025-07-20 16:10:55</startdate>
<round>1</round>
<failsafecounter/>
<players><player seat="10" name="Conejo12" chips="595" dealer="0" win="75" bet="65" muck="1" rebuy="0" addon="0" merge="0" rebuychips="0" reg_code="5048620443"/>
<player seat="3" name="Divenire2741" chips="375" dealer="1" win="0" bet="5" muck="1" rebuy="0" addon="0" merge="0" rebuychips="0" reg_code="5048619690"/>
<player seat="6" name="Rakki" chips="530" dealer="0" win="0" bet="35" muck="1" rebuy="0" addon="0" merge="0" rebuychips="0" reg_code="5048619729"/>
</players>
</general>
<round no="0"><action no="1" player="Rakki" type="15" sum="5"/>
<action no="2" player="Conejo12" type="15" discard="1" dealt="1" sum="5"/>
<action no="3" player="Divenire2741" type="15" discard="1" dealt="1" sum="5"/>
<action no="4" player="Rakki" type="1" sum="15"/>
<action no="5" player="Conejo12" type="2" discard="1" dealt="1" sum="30"/>
</round>
<round no="1"><cards type="Pocket" player="Conejo12">X X</cards>
<cards type="Pocket" player="Divenire2741">X X</cards>
<cards type="Pocket" player="Rakki">HJ H3</cards>
<action no="6" player="Divenire2741" type="0" discard="1" dealt="1" sum="0"/>
<action no="7" player="Rakki" type="3" sum="15"/>
<action no="8" player="Conejo12" type="4" discard="1" dealt="1" sum="0"/>
</round>
<round no="2"><cards type="Flop">D8 H9 S6</cards>
<action no="9" player="Rakki" type="4" sum="0"/>
<action no="10" player="Conejo12" type="5" discard="1" dealt="1" sum="30"/>
<action no="11" player="Rakki" type="0" sum="0"/>
</round>
</game>
<game gamecode="6433517030"><general><startdate>2025-07-20 16:11:19</startdate>
<round>1</round>
<failsafecounter/>
<players><player seat="3" name="Divenire2741" chips="370" dealer="0" win="0" bet="35" muck="1" rebuy="0" addon="0" merge="0" rebuychips="0" reg_code="5048619690"/>
<player seat="6" name="Rakki" chips="495" dealer="1" win="90" bet="65" muck="1" rebuy="0" addon="0" merge="0" rebuychips="0" reg_code="5048619729"/>
<player seat="10" name="Conejo12" chips="635" dealer="0" win="0" bet="20" muck="1" rebuy="0" addon="0" merge="0" rebuychips="0" reg_code="5048620443"/>
</players>
</general>
<round no="0"><action no="1" player="Conejo12" type="15" discard="1" dealt="1" sum="5"/>
<action no="2" player="Divenire2741" type="15" discard="1" dealt="1" sum="5"/>
<action no="3" player="Rakki" type="15" sum="5"/>
<action no="4" player="Conejo12" type="1" discard="1" dealt="1" sum="15"/>
<action no="5" player="Divenire2741" type="2" discard="1" dealt="1" sum="30"/>
</round>
<round no="1"><cards type="Pocket" player="Rakki">HA CA</cards>
<cards type="Pocket" player="Conejo12">X X</cards>
<cards type="Pocket" player="Divenire2741">X X</cards>
<action no="6" player="Rakki" type="23" sum="60"/>
<action no="7" player="Conejo12" type="0" discard="1" dealt="1" sum="0"/>
<action no="8" player="Divenire2741" type="0" discard="1" dealt="1" sum="0"/>
</round>
</game>
<game gamecode="6433517046"><general><startdate>2025-07-20 16:11:28</startdate>
<round>1</round>
<failsafecounter/>
<players><player seat="6" name="Rakki" chips="550" dealer="0" win="150" bet="170" muck="1" rebuy="0" addon="0" merge="0" rebuychips="0" reg_code="5048619729"/>
<player seat="10" name="Conejo12" chips="615" dealer="1" win="0" bet="65" muck="1" rebuy="0" addon="0" merge="0" rebuychips="0" reg_code="5048620443"/>
<player seat="3" name="Divenire2741" chips="335" dealer="0" win="0" bet="20" muck="1" rebuy="0" addon="0" merge="0" rebuychips="0" reg_code="5048619690"/>
</players>
</general>
<round no="0"><action no="1" player="Divenire2741" type="15" discard="1" dealt="1" sum="5"/>
<action no="2" player="Rakki" type="15" sum="5"/>
<action no="3" player="Conejo12" type="15" discard="1" dealt="1" sum="5"/>
<action no="4" player="Divenire2741" type="1" discard="1" dealt="1" sum="15"/>
<action no="5" player="Rakki" type="2" sum="30"/>
</round>
<round no="1"><cards type="Pocket" player="Rakki">D6 D9</cards>
<cards type="Pocket" player="Conejo12">X X</cards>
<cards type="Pocket" player="Divenire2741">X X</cards>
<action no="6" player="Conejo12" type="23" discard="1" dealt="1" sum="60"/>
<action no="7" player="Divenire2741" type="0" discard="1" dealt="1" sum="0"/>
<action no="8" player="Rakki" type="3" sum="30"/>
</round>
<round no="2"><cards type="Flop">S10 D8 D5</cards>
<action no="9" player="Rakki" type="4" sum="0"/>
<action no="10" player="Conejo12" type="4" discard="1" dealt="1" sum="0"/>
</round>
<round no="3"><cards type="Turn">C8</cards>
<action no="11" player="Rakki" type="5" sum="105"/>
<action no="12" player="Conejo12" type="0" discard="1" dealt="1" sum="0"/>
</round>
</game>
<game gamecode="6433517111"><general><startdate>2025-07-20 16:12:13</startdate>
<round>1</round>
<failsafecounter/>
<players><player seat="10" name="Conejo12" chips="550" dealer="0" win="95" bet="125" muck="1" rebuy="0" addon="0" merge="0" rebuychips="0" reg_code="5048620443"/>
<player seat="3" name="Divenire2741" chips="315" dealer="1" win="0" bet="5" muck="1" rebuy="0" addon="0" merge="0" rebuychips="0" reg_code="5048619690"/>
<player seat="6" name="Rakki" chips="635" dealer="0" win="0" bet="45" muck="1" rebuy="0" addon="0" merge="0" rebuychips="0" reg_code="5048619729"/>
</players>
</general>
<round no="0"><action no="1" player="Rakki" type="15" sum="5"/>
<action no="2" player="Conejo12" type="15" discard="1" dealt="1" sum="5"/>
<action no="3" player="Divenire2741" type="15" discard="1" dealt="1" sum="5"/>
<action no="4" player="Rakki" type="1" sum="20"/>
<action no="5" player="Conejo12" type="2" discard="1" dealt="1" sum="40"/>
</round>
<round no="1"><cards type="Pocket" player="Conejo12">X X</cards>
<cards type="Pocket" player="Divenire2741">X X</cards>
<cards type="Pocket" player="Rakki">S7 D4</cards>
<action no="6" player="Divenire2741" type="0" discard="1" dealt="1" sum="0"/>
<action no="7" player="Rakki" type="3" sum="20"/>
<action no="8" player="Conejo12" type="23" discard="1" dealt="1" sum="120"/>
<action no="9" player="Rakki" type="0" sum="0"/>
</round>
</game>
<game gamecode="6433517125"><general><startdate>2025-07-20 16:12:23</startdate>
<round>1</round>
<failsafecounter/>
<players><player seat="3" name="Divenire2741" chips="310" dealer="0" win="0" bet="45" muck="1" rebuy="0" addon="0" merge="0" rebuychips="0" reg_code="5048619690"/>
<player seat="6" name="Rakki" chips="590" dealer="1" win="115" bet="590" muck="1" rebuy="0" addon="0" merge="0" rebuychips="0" reg_code="5048619729"/>
<player seat="10" name="Conejo12" chips="600" dealer="0" win="0" bet="25" muck="1" rebuy="0" addon="0" merge="0" rebuychips="0" reg_code="5048620443"/>
</players>
</general>
<round no="0"><action no="1" player="Conejo12" type="15" discard="1" dealt="1" sum="5"/>
<action no="2" player="Divenire2741" type="15" discard="1" dealt="1" sum="5"/>
<action no="3" player="Rakki" type="15" sum="5"/>
<action no="4" player="Conejo12" type="1" discard="1" dealt="1" sum="20"/>
<action no="5" player="Divenire2741" type="2" discard="1" dealt="1" sum="40"/>
</round>
<round no="1"><cards type="Pocket" player="Rakki">C10 HA</cards>
<cards type="Pocket" player="Divenire2741">X X</cards>
<cards type="Pocket" player="Conejo12">X X</cards>
<action no="6" player="Rakki" type="23" sum="585"/>
<action no="7" player="Conejo12" type="0" discard="1" dealt="1" sum="0"/>
<action no="8" player="Divenire2741" type="0" discard="1" dealt="1" sum="0"/>
</round>
</game>
<game gamecode="6433526106"><general><startdate>2025-07-20 16:12:30</startdate>
<round>1</round>
<failsafecounter/>
<players><player seat="6" name="Rakki" chips="660" dealer="0" win="515" bet="245" muck="0" rebuy="0" addon="0" merge="0" rebuychips="0" reg_code="5048619729"/>
<player seat="10" name="Conejo12" chips="575" dealer="1" win="0" bet="245" muck="1" rebuy="0" addon="0" merge="0" rebuychips="0" reg_code="5048620443"/>
<player seat="3" name="Divenire2741" chips="265" dealer="0" win="0" bet="25" muck="1" rebuy="0" addon="0" merge="0" rebuychips="0" reg_code="5048619690"/>
</players>
</general>
<round no="0"><action no="1" player="Divenire2741" type="15" discard="1" dealt="1" sum="5"/>
<action no="2" player="Rakki" type="15" sum="5"/>
<action no="3" player="Conejo12" type="15" discard="1" dealt="1" sum="5"/>
<action no="4" player="Divenire2741" type="1" discard="1" dealt="1" sum="20"/>
<action no="5" player="Rakki" type="2" sum="40"/>
</round>
<round no="1"><cards type="Pocket" player="Divenire2741">X X</cards>
<cards type="Pocket" player="Conejo12">DA S10</cards>
<cards type="Pocket" player="Rakki">S8 S4</cards>
<action no="6" player="Conejo12" type="23" discard="1" dealt="1" sum="80"/>
<action no="7" player="Divenire2741" type="0" discard="1" dealt="1" sum="0"/>
<action no="8" player="Rakki" type="3" sum="40"/>
</round>
<round no="2"><cards type="Flop">H8 H2 SQ</cards>
<action no="9" player="Rakki" type="4" sum="0"/>
<action no="10" player="Conejo12" type="4" discard="1" dealt="1" sum="0"/>
</round>
<round no="3"><cards type="Turn">H7</cards>
<action no="11" player="Rakki" type="5" sum="80"/>
<action no="12" player="Conejo12" type="3" discard="1" dealt="1" sum="80"/>
</round>
<round no="4"><cards type="River">D7</cards>
<action no="13" player="Rakki" type="5" sum="80"/>
<action no="14" player="Conejo12" type="3" discard="1" dealt="1" sum="80"/>
</round>
</game>
<game gamecode="6433526153"><general><startdate>2025-07-20 16:13:01</startdate>
<round>1</round>
<failsafecounter/>
<players><player seat="10" name="Conejo12" chips="330" dealer="0" win="0" bet="45" muck="1" rebuy="0" addon="0" merge="0" rebuychips="0" reg_code="5048620443"/>
<player seat="3" name="Divenire2741" chips="240" dealer="1" win="0" bet="5" muck="1" rebuy="0" addon="0" merge="0" rebuychips="0" reg_code="5048619690"/>
<player seat="6" name="Rakki" chips="930" dealer="0" win="95" bet="930" muck="1" rebuy="0" addon="0" merge="0" rebuychips="0" reg_code="5048619729"/>
</players>
</general>
<round no="0"><action no="1" player="Rakki" type="15" sum="5"/>
<action no="2" player="Conejo12" type="15" discard="1" dealt="1" sum="5"/>
<action no="3" player="Divenire2741" type="15" discard="1" dealt="1" sum="5"/>
<action no="4" player="Rakki" type="1" sum="20"/>
<action no="5" player="Conejo12" type="2" discard="1" dealt="1" sum="40"/>
</round>
<round no="1"><cards type="Pocket" player="Rakki">D9 DA</cards>
<cards type="Pocket" player="Divenire2741">X X</cards>
<cards type="Pocket" player="Conejo12">X X</cards>
<action no="6" player="Divenire2741" type="0" discard="1" dealt="1" sum="0"/>
<action no="7" player="Rakki" type="23" sum="925"/>
<action no="8" player="Conejo12" type="0" discard="1" dealt="1" sum="0"/>
</round>
</game>
<game gamecode="6433526172"><general><startdate>2025-07-20 16:13:14</startdate>
<round>1</round>
<failsafecounter/>
<players><player seat="3" name="Divenire2741" chips="235" dealer="0" win="0" bet="235" muck="0" rebuy="0" addon="0" merge="0" rebuychips="0" reg_code="5048619690"/>
<player seat="6" name="Rakki" chips="980" dealer="1" win="535" bet="980" muck="0" rebuy="0" addon="0" merge="0" rebuychips="0" reg_code="5048619729"/>
<player seat="10" name="Conejo12" chips="285" dealer="0" win="0" bet="65" muck="1" rebuy="0" addon="0" merge="0" rebuychips="0" reg_code="5048620443"/>
</players>
</general>
<round no="0"><action no="1" player="Conejo12" type="15" discard="1" dealt="1" sum="5"/>
<action no="2" player="Divenire2741" type="15" discard="1" dealt="1" sum="5"/>
<action no="3" player="Rakki" type="15" sum="5"/>
<action no="4" player="Conejo12" type="1" discard="1" dealt="1" sum="30"/>
<action no="5" player="Divenire2741" type="2" discard="1" dealt="1" sum="60"/>
</round>
<round no="1"><cards type="Pocket" player="Conejo12">X X</cards>
<cards type="Pocket" player="Divenire2741">DQ CA</cards>
<cards type="Pocket" player="Rakki">HK DK</cards>
<action no="6" player="Rakki" type="3" sum="60"/>
<action no="7" player="Conejo12" type="3" discard="1" dealt="1" sum="30"/>
<action no="8" player="Divenire2741" type="23" discard="1" dealt="1" sum="230"/>
<action no="9" player="Rakki" type="23" sum="975"/>
<action no="10" player="Conejo12" type="0" discard="1" dealt="1" sum="0"/>
</round>
<round no="2"><cards type="Flop">H10 C7 C6</cards>
</round>
<round no="3"><cards type="Turn">C8</cards>
</round>
<round no="4"><cards type="River">H6</cards>
</round>
</game>
<game gamecode="6433526204"><general><startdate>2025-07-20 16:13:37</startdate>
<round>1</round>
<failsafecounter/>
<players><player seat="6" name="Rakki" chips="1,280" dealer="0" win="0" bet="220" muck="1" rebuy="0" addon="0" merge="0" rebuychips="0" reg_code="5048619729"/>
<player seat="10" name="Conejo12" chips="220" dealer="1" win="440" bet="220" muck="0" rebuy="0" addon="0" merge="0" rebuychips="0" reg_code="5048620443"/>
</players>
</general>
<round no="0"><action no="1" player="Conejo12" type="15" discard="1" dealt="1" sum="5"/>
<action no="2" player="Rakki" type="15" sum="5"/>
<action no="3" player="Conejo12" type="1" discard="1" dealt="1" sum="30"/>
<action no="4" player="Rakki" type="2" sum="60"/>
</round>
<round no="1"><cards type="Pocket" player="Rakki">S9 D6</cards>
<cards type="Pocket" player="Conejo12">H6 S6</cards>
<action no="5" player="Conejo12" type="23" discard="1" dealt="1" sum="215"/>
<action no="6" player="Rakki" type="3" sum="155"/>
</round>
<round no="2"><cards type="Flop">HJ CJ S8</cards>
</round>
<round no="3"><cards type="Turn">SJ</cards>
</round>
<round no="4"><cards type="River">D3</cards>
</round>
</game>
<game gamecode="6433526236"><general><startdate>2025-07-20 16:13:57</startdate>
<round>1</round>
<failsafecounter/>
<players><player seat="10" name="Conejo12" chips="440" dealer="0" win="130" bet="440" muck="1" rebuy="0" addon="0" merge="0" rebuychips="0" reg_code="5048620443"/>
<player seat="6" name="Rakki" chips="1,060" dealer="1" win="0" bet="65" muck="1" rebuy="0" addon="0" merge="0" rebuychips="0" reg_code="5048619729"/>
</players>
</general>
<round no="0"><action no="1" player="Rakki" type="15" sum="5"/>
<action no="2" player="Conejo12" type="15" discard="1" dealt="1" sum="5"/>
<action no="3" player="Rakki" type="1" sum="30"/>
<action no="4" player="Conejo12" type="2" discard="1" dealt="1" sum="60"/>
</round>
<round no="1"><cards type="Pocket" player="Rakki">H6 D7</cards>
<cards type="Pocket" player="Conejo12">X X</cards>
<action no="5" player="Rakki" type="3" sum="30"/>
<action no="6" player="Conejo12" type="23" discard="1" dealt="1" sum="435"/>
<action no="7" player="Rakki" type="0" sum="0"/>
</round>
</game>
<game gamecode="6433526271"><general><startdate>2025-07-20 16:14:14</startdate>
<round>1</round>
<failsafecounter/>
<players><player seat="6" name="Rakki" chips="995" dealer="0" win="0" bet="375" muck="1" rebuy="0" addon="0" merge="0" rebuychips="0" reg_code="5048619729"/>
<player seat="10" name="Conejo12" chips="505" dealer="1" win="750" bet="375" muck="0" rebuy="0" addon="0" merge="0" rebuychips="0" reg_code="5048620443"/>
</players>
</general>
<round no="0"><action no="1" player="Conejo12" type="15" discard="1" dealt="1" sum="5"/>
<action no="2" player="Rakki" type="15" sum="5"/>
<action no="3" player="Conejo12" type="1" discard="1" dealt="1" sum="30"/>
<action no="4" player="Rakki" type="2" sum="60"/>
</round>
<round no="1"><cards type="Pocket" player="Rakki">S9 H3</cards>
<cards type="Pocket" player="Conejo12">HK S5</cards>
<action no="5" player="Conejo12" type="3" discard="1" dealt="1" sum="30"/>
<action no="6" player="Rakki" type="4" sum="0"/>
</round>
<round no="2"><cards type="Flop">D5 H8 H9</cards>
<action no="7" player="Rakki" type="4" sum="0"/>
<action no="8" player="Conejo12" type="4" discard="1" dealt="1" sum="0"/>
</round>
<round no="3"><cards type="Turn">CK</cards>
<action no="9" player="Rakki" type="4" sum="0"/>
<action no="10" player="Conejo12" type="5" discard="1" dealt="1" sum="60"/>
<action no="11" player="Rakki" type="3" sum="60"/>
</round>
<round no="4"><cards type="River">C5</cards>
<action no="12" player="Rakki" type="4" sum="0"/>
<action no="13" player="Conejo12" type="5" discard="1" dealt="1" sum="250"/>
<action no="14" player="Rakki" type="3" sum="250"/>
</round>
</game>
<game gamecode="6433526320"><general><startdate>2025-07-20 16:14:46</startdate>
<round>1</round>
<failsafecounter/>
<players><player seat="10" name="Conejo12" chips="880" dealer="0" win="130" bet="65" muck="0" rebuy="0" addon="0" merge="0" rebuychips="0" reg_code="5048620443"/>
<player seat="6" name="Rakki" chips="620" dealer="1" win="0" bet="65" muck="1" rebuy="0" addon="0" merge="0" rebuychips="0" reg_code="5048619729"/>
</players>
</general>
<round no="0"><action no="1" player="Rakki" type="15" sum="5"/>
<action no="2" player="Conejo12" type="15" discard="1" dealt="1" sum="5"/>
<action no="3" player="Rakki" type="1" sum="30"/>
<action no="4" player="Conejo12" type="2" discard="1" dealt="1" sum="60"/>
</round>
<round no="1"><cards type="Pocket" player="Rakki">S3 C8</cards>
<cards type="Pocket" player="Conejo12">S8 D6</cards>
<action no="5" player="Rakki" type="3" sum="30"/>
<action no="6" player="Conejo12" type="4" discard="1" dealt="1" sum="0"/>
</round>
<round no="2"><cards type="Flop">H3 H9 C6</cards>
<action no="7" player="Conejo12" type="4" discard="1" dealt="1" sum="0"/>
<action no="8" player="Rakki" type="4" sum="0"/>
</round>
<round no="3"><cards type="Turn">S10</cards>
<action no="9" player="Conejo12" type="4" discard="1" dealt="1" sum="0"/>
<action no="10" player="Rakki" type="4" sum="0"/>
</round>
<round no="4"><cards type="River">H2</cards>
<action no="11" player="Conejo12" type="4" discard="1" dealt="1" sum="0"/>
<action no="12" player="Rakki" type="4" sum="0"/>
</round>
</game>
<game gamecode="6433526353"><general><startdate>2025-07-20 16:15:08</startdate>
<round>1</round>
<failsafecounter/>
<players><player seat="6" name="Rakki" chips="555" dealer="0" win="96" bet="88" muck="1" rebuy="0" addon="0" merge="0" rebuychips="0" reg_code="5048619729"/>
<player seat="10" name="Conejo12" chips="945" dealer="1" win="0" bet="48" muck="1" rebuy="0" addon="0" merge="0" rebuychips="0" reg_code="5048620443"/>
</players>
</general>
<round no="0"><action no="1" player="Conejo12" type="15" discard="1" dealt="1" sum="8"/>
<action no="2" player="Rakki" type="15" sum="8"/>
<action no="3" player="Conejo12" type="1" discard="1" dealt="1" sum="40"/>
<action no="4" player="Rakki" type="2" sum="80"/>
</round>
<round no="1"><cards type="Pocket" player="Rakki">S8 D10</cards>
<cards type="Pocket" player="Conejo12">X X</cards>
<action no="5" player="Conejo12" type="0" discard="1" dealt="1" sum="0"/>
</round>
</game>
<game gamecode="6433526361"><general><startdate>2025-07-20 16:15:14</startdate>
<round>1</round>
<failsafecounter/>
<players><player seat="10" name="Conejo12" chips="897" dealer="0" win="176" bet="897" muck="1" rebuy="0" addon="0" merge="0" rebuychips="0" reg_code="5048620443"/>
<player seat="6" name="Rakki" chips="603" dealer="1" win="0" bet="88" muck="1" rebuy="0" addon="0" merge="0" rebuychips="0" reg_code="5048619729"/>
</players>
</general>
<round no="0"><action no="1" player="Rakki" type="15" sum="8"/>
<action no="2" player="Conejo12" type="15" discard="1" dealt="1" sum="8"/>
<action no="3" player="Rakki" type="1" sum="40"/>
<action no="4" player="Conejo12" type="2" discard="1" dealt="1" sum="80"/>
</round>
<round no="1"><cards type="Pocket" player="Conejo12">X X</cards>
<cards type="Pocket" player="Rakki">C9 H4</cards>
<action no="5" player="Rakki" type="3" sum="40"/>
<action no="6" player="Conejo12" type="23" discard="1" dealt="1" sum="889"/>
<action no="7" player="Rakki" type="0" sum="0"/>
</round>
</game>
<game gamecode="6433526377"><general><startdate>2025-07-20 16:15:27</startdate>
<round>1</round>
<failsafecounter/>
<players><player seat="6" name="Rakki" chips="515" dealer="0" win="176" bet="515" muck="1" rebuy="0" addon="0" merge="0" rebuychips="0" reg_code="5048619729"/>
<player seat="10" name="Conejo12" chips="985" dealer="1" win="0" bet="88" muck="1" rebuy="0" addon="0" merge="0" rebuychips="0" reg_code="5048620443"/>
</players>
</general>
<round no="0"><action no="1" player="Conejo12" type="15" discard="1" dealt="1" sum="8"/>
<action no="2" player="Rakki" type="15" sum="8"/>
<action no="3" player="Conejo12" type="1" discard="1" dealt="1" sum="40"/>
<action no="4" player="Rakki" type="2" sum="80"/>
</round>
<round no="1"><cards type="Pocket" player="Rakki">CA H4</cards>
<cards type="Pocket" player="Conejo12">X X</cards>
<action no="5" player="Conejo12" type="3" discard="1" dealt="1" sum="40"/>
<action no="6" player="Rakki" type="23" sum="507"/>
<action no="7" player="Conejo12" type="0" discard="1" dealt="1" sum="0"/>
</round>
</game>
<game gamecode="6433526388"><general><startdate>2025-07-20 16:15:35</startdate>
<round>1</round>
<failsafecounter/>
<players><player seat="10" name="Conejo12" chips="897" dealer="0" win="96" bet="88" muck="1" rebuy="0" addon="0" merge="0" rebuychips="0" reg_code="5048620443"/>
<player seat="6" name="Rakki" chips="603" dealer="1" win="0" bet="48" muck="1" rebuy="0" addon="0" merge="0" rebuychips="0" reg_code="5048619729"/>
</players>
</general>
<round no="0"><action no="1" player="Rakki" type="15" sum="8"/>
<action no="2" player="Conejo12" type="15" discard="1" dealt="1" sum="8"/>
<action no="3" player="Rakki" type="1" sum="40"/>
<action no="4" player="Conejo12" type="2" discard="1" dealt="1" sum="80"/>
</round>
<round no="1"><cards type="Pocket" player="Rakki">D3 S5</cards>
<cards type="Pocket" player="Conejo12">X X</cards>
<action no="5" player="Rakki" type="0" sum="0"/>
</round>
</game>
<game gamecode="6433526396"><general><startdate>2025-07-20 16:15:40</startdate>
<round>1</round>
<failsafecounter/>
<players><player seat="6" name="Rakki" chips="555" dealer="0" win="96" bet="88" muck="1" rebuy="0" addon="0" merge="0" rebuychips="0" reg_code="5048619729"/>
<player seat="10" name="Conejo12" chips="945" dealer="1" win="0" bet="48" muck="1" rebuy="0" addon="0" merge="0" rebuychips="0" reg_code="5048620443"/>
</players>
</general>
<round no="0"><action no="1" player="Conejo12" type="15" discard="1" dealt="1" sum="8"/>
<action no="2" player="Rakki" type="15" sum="8"/>
<action no="3" player="Conejo12" type="1" discard="1" dealt="1" sum="40"/>
<action no="4" player="Rakki" type="2" sum="80"/>
</round>
<round no="1"><cards type="Pocket" player="Rakki">SA C4</cards>
<cards type="Pocket" player="Conejo12">X X</cards>
<action no="5" player="Conejo12" type="0" discard="1" dealt="1" sum="0"/>
</round>
</game>
<game gamecode="6433526409"><general><startdate>2025-07-20 16:15:46</startdate>
<round>1</round>
<failsafecounter/>
<players><player seat="10" name="Conejo12" chips="897" dealer="0" win="176" bet="168" muck="1" rebuy="0" addon="0" merge="0" rebuychips="0" reg_code="5048620443"/>
<player seat="6" name="Rakki" chips="603" dealer="1" win="0" bet="88" muck="1" rebuy="0" addon="0" merge="0" rebuychips="0" reg_code="5048619729"/>
</players>
</general>
<round no="0"><action no="1" player="Rakki" type="15" sum="8"/>
<action no="2" player="Conejo12" type="15" discard="1" dealt="1" sum="8"/>
<action no="3" player="Rakki" type="1" sum="40"/>
<action no="4" player="Conejo12" type="2" discard="1" dealt="1" sum="80"/>
</round>
<round no="1"><cards type="Pocket" player="Conejo12">X X</cards>
<cards type="Pocket" player="Rakki">H8 H3</cards>
<action no="5" player="Rakki" type="3" sum="40"/>
<action no="6" player="Conejo12" type="4" discard="1" dealt="1" sum="0"/>
</round>
<round no="2"><cards type="Flop">D9 H10 SA</cards>
<action no="7" player="Conejo12" type="5" discard="1" dealt="1" sum="80"/>
<action no="8" player="Rakki" type="0" sum="0"/>
</round>
</game>
<game gamecode="6433526430"><general><startdate>2025-07-20 16:15:59</startdate>
<round>1</round>
<failsafecounter/>
<players><player seat="6" name="Rakki" chips="515" dealer="0" win="96" bet="88" muck="1" rebuy="0" addon="0" merge="0" rebuychips="0" reg_code="5048619729"/>
<player seat="10" name="Conejo12" chips="985" dealer="1" win="0" bet="48" muck="1" rebuy="0" addon="0" merge="0" rebuychips="0" reg_code="5048620443"/>
</players>
</general>
<round no="0"><action no="1" player="Conejo12" type="15" discard="1" dealt="1" sum="8"/>
<action no="2" player="Rakki" type="15" sum="8"/>
<action no="3" player="Conejo12" type="1" discard="1" dealt="1" sum="40"/>
<action no="4" player="Rakki" type="2" sum="80"/>
</round>
<round no="1"><cards type="Pocket" player="Conejo12">X X</cards>
<cards type="Pocket" player="Rakki">C6 C3</cards>
<action no="5" player="Conejo12" type="0" discard="1" dealt="1" sum="0"/>
</round>
</game>
<game gamecode="6433526442"><general><startdate>2025-07-20 16:16:05</startdate>
<round>1</round>
<failsafecounter/>
<players><player seat="10" name="Conejo12" chips="937" dealer="0" win="0" bet="88" muck="1" rebuy="0" addon="0" merge="0" rebuychips="0" reg_code="5048620443"/>
<player seat="6" name="Rakki" chips="563" dealer="1" win="176" bet="563" muck="1" rebuy="0" addon="0" merge="0" rebuychips="0" reg_code="5048619729"/>
</players>
</general>
<round no="0"><action no="1" player="Rakki" type="15" sum="8"/>
<action no="2" player="Conejo12" type="15" discard="1" dealt="1" sum="8"/>
<action no="3" player="Rakki" type="1" sum="40"/>
<action no="4" player="Conejo12" type="2" discard="1" dealt="1" sum="80"/>
</round>
<round no="1"><cards type="Pocket" player="Conejo12">X X</cards>
<cards type="Pocket" player="Rakki">CA H9</cards>
<action no="5" player="Rakki" type="23" sum="555"/>
<action no="6" player="Conejo12" type="0" discard="1" dealt="1" sum="0"/>
</round>
</game>
<game gamecode="6433526454"><general><startdate>2025-07-20 16:16:15</startdate>
<round>1</round>
<failsafecounter/>
<players><player seat="6" name="Rakki" chips="651" dealer="0" win="0" bet="88" muck="1" rebuy="0" addon="0" merge="0" rebuychips="0" reg_code="5048619729"/>
<player seat="10" name="Conejo12" chips="849" dealer="1" win="176" bet="849" muck="1" rebuy="0" addon="0" merge="0" rebuychips="0" reg_code="5048620443"/>
</players>
</general>
<round no="0"><action no="1" player="Conejo12" type="15" discard="1" dealt="1" sum="8"/>
<action no="2" player="Rakki" type="15" sum="8"/>
<action no="3" player="Conejo12" type="1" discard="1" dealt="1" sum="40"/>
<action no="4" player="Rakki" type="2" sum="80"/>
</round>
<round no="1"><cards type="Pocket" player="Rakki">C4 S2</cards>
<cards type="Pocket" player="Conejo12">X X</cards>
<action no="5" player="Conejo12" type="23" discard="1" dealt="1" sum="841"/>
<action no="6" player="Rakki" type="0" sum="0"/>
</round>
</game>
<game gamecode="6433526470"><general><startdate>2025-07-20 16:16:23</startdate>
<round>1</round>
<failsafecounter/>
<players><player seat="10" name="Conejo12" chips="937" dealer="0" win="176" bet="168" muck="1" rebuy="0" addon="0" merge="0" rebuychips="0" reg_code="5048620443"/>
<player seat="6" name="Rakki" chips="563" dealer="1" win="0" bet="88" muck="1" rebuy="0" addon="0" merge="0" rebuychips="0" reg_code="5048619729"/>
</players>
</general>
<round no="0"><action no="1" player="Rakki" type="15" sum="8"/>
<action no="2" player="Conejo12" type="15" discard="1" dealt="1" sum="8"/>
<action no="3" player="Rakki" type="1" sum="40"/>
<action no="4" player="Conejo12" type="2" discard="1" dealt="1" sum="80"/>
</round>
<round no="1"><cards type="Pocket" player="Conejo12">X X</cards>
<cards type="Pocket" player="Rakki">C2 SJ</cards>
<action no="5" player="Rakki" type="3" sum="40"/>
<action no="6" player="Conejo12" type="23" discard="1" dealt="1" sum="160"/>
<action no="7" player="Rakki" type="0" sum="0"/>
</round>
</game>
<game gamecode="6433526484"><general><startdate>2025-07-20 16:16:32</startdate>
<round>1</round>
<failsafecounter/>
<players><player seat="6" name="Rakki" chips="475" dealer="0" win="950" bet="475" muck="0" rebuy="0" addon="0" merge="0" rebuychips="0" reg_code="5048619729"/>
<player seat="10" name="Conejo12" chips="1,025" dealer="1" win="0" bet="1,025" muck="1" rebuy="0" addon="0" merge="0" rebuychips="0" reg_code="5048620443"/>
</players>
</general>
<round no="0"><action no="1" player="Conejo12" type="15" discard="1" dealt="1" sum="10"/>
<action no="2" player="Rakki" type="15" sum="10"/>
<action no="3" player="Conejo12" type="1" discard="1" dealt="1" sum="50"/>
<action no="4" player="Rakki" type="2" sum="100"/>
</round>
<round no="1"><cards type="Pocket" player="Rakki">HA S4</cards>
<cards type="Pocket" player="Conejo12">HK C9</cards>
<action no="5" player="Conejo12" type="23" discard="1" dealt="1" sum="1,015"/>
<action no="6" player="Rakki" type="7" sum="365"/>
</round>
<round no="2"><cards type="Flop">D3 S2 H10</cards>
</round>
<round no="3"><cards type="Turn">H6</cards>
</round>
<round no="4"><cards type="River">H2</cards>
</round>
</game>
<game gamecode="6433526503"><general><startdate>2025-07-20 16:16:48</startdate>
<round>1</round>
<failsafecounter/>
<players><player seat="10" name="Conejo12" chips="550" dealer="0" win="1,100" bet="550" muck="0" rebuy="0" addon="0" merge="0" rebuychips="0" reg_code="5048620443"/>
<player seat="6" name="Rakki" chips="950" dealer="1" win="0" bet="950" muck="1" rebuy="0" addon="0" merge="0" rebuychips="0" reg_code="5048619729"/>
</players>
</general>
<round no="0"><action no="1" player="Rakki" type="15" sum="10"/>
<action no="2" player="Conejo12" type="15" discard="1" dealt="1" sum="10"/>
<action no="3" player="Rakki" type="1" sum="50"/>
<action no="4" player="Conejo12" type="2" discard="1" dealt="1" sum="100"/>
</round>
<round no="1"><cards type="Pocket" player="Conejo12">HK HJ</cards>
<cards type="Pocket" player="Rakki">S9 C8</cards>
<action no="5" player="Rakki" type="23" sum="940"/>
<action no="6" player="Conejo12" type="7" discard="1" dealt="1" sum="440"/>
</round>
<round no="2"><cards type="Flop">S5 D3 SK</cards>
</round>
<round no="3"><cards type="Turn">D6</cards>
</round>
<round no="4"><cards type="River">D8</cards>
</round>
</game>
<game gamecode="6433526528"><general><startdate>2025-07-20 16:17:03</startdate>
<round>1</round>
<failsafecounter/>
<players><player seat="6" name="Rakki" chips="400" dealer="0" win="0" bet="110" muck="1" rebuy="0" addon="0" merge="0" rebuychips="0" reg_code="5048619729"/>
<player seat="10" name="Conejo12" chips="1,100" dealer="1" win="220" bet="410" muck="1" rebuy="0" addon="0" merge="0" rebuychips="0" reg_code="5048620443"/>
</players>
</general>
<round no="0"><action no="1" player="Conejo12" type="15" discard="1" dealt="1" sum="10"/>
<action no="2" player="Rakki" type="15" sum="10"/>
<action no="3" player="Conejo12" type="1" discard="1" dealt="1" sum="50"/>
<action no="4" player="Rakki" type="2" sum="100"/>
</round>
<round no="1"><cards type="Pocket" player="Conejo12">X X</cards>
<cards type="Pocket" player="Rakki">H8 D3</cards>
<action no="5" player="Conejo12" type="3" discard="1" dealt="1" sum="50"/>
<action no="6" player="Rakki" type="4" sum="0"/>
</round>
<round no="2"><cards type="Flop">HQ C4 C10</cards>
<action no="7" player="Rakki" type="4" sum="0"/>
<action no="8" player="Conejo12" type="4" discard="1" dealt="1" sum="0"/>
</round>
<round no="3"><cards type="Turn">H5</cards>
<action no="9" player="Rakki" type="4" sum="0"/>
<action no="10" player="Conejo12" type="5" discard="1" dealt="1" sum="300"/>
<action no="11" player="Rakki" type="0" sum="0"/>
</round>
</game>
<game gamecode="6433526572"><general><startdate>2025-07-20 16:17:34</startdate>
<round>1</round>
<failsafecounter/>
<players><player seat="10" name="Conejo12" chips="1,210" dealer="0" win="0" bet="110" muck="1" rebuy="0" addon="0" merge="0" rebuychips="0" reg_code="5048620443"/>
<player seat="6" name="Rakki" chips="290" dealer="1" win="220" bet="290" muck="1" rebuy="0" addon="0" merge="0" rebuychips="0" reg_code="5048619729"/>
</players>
</general>
<round no="0"><action no="1" player="Rakki" type="15" sum="10"/>
<action no="2" player="Conejo12" type="15" discard="1" dealt="1" sum="10"/>
<action no="3" player="Rakki" type="1" sum="50"/>
<action no="4" player="Conejo12" type="2" discard="1" dealt="1" sum="100"/>
</round>
<round no="1"><cards type="Pocket" player="Rakki">SQ S4</cards>
<cards type="Pocket" player="Conejo12">X X</cards>
<action no="5" player="Rakki" type="23" sum="280"/>
<action no="6" player="Conejo12" type="0" discard="1" dealt="1" sum="0"/>
</round>
</game>
<game gamecode="6433526581"><general><startdate>2025-07-20 16:17:41</startdate>
<round>1</round>
<failsafecounter/>
<players><player seat="6" name="Rakki" chips="400" dealer="0" win="120" bet="110" muck="1" rebuy="0" addon="0" merge="0" rebuychips="0" reg_code="5048619729"/>
<player seat="10" name="Conejo12" chips="1,100" dealer="1" win="0" bet="60" muck="1" rebuy="0" addon="0" merge="0" rebuychips="0" reg_code="5048620443"/>
</players>
</general>
<round no="0"><action no="1" player="Conejo12" type="15" discard="1" dealt="1" sum="10"/>
<action no="2" player="Rakki" type="15" sum="10"/>
<action no="3" player="Conejo12" type="1" discard="1" dealt="1" sum="50"/>
<action no="4" player="Rakki" type="2" sum="100"/>
</round>
<round no="1"><cards type="Pocket" player="Conejo12">X X</cards>
<cards type="Pocket" player="Rakki">CK C2</cards>
<action no="5" player="Conejo12" type="0" discard="1" dealt="1" sum="0"/>
</round>
</game>
<game gamecode="6433526595"><general><startdate>2025-07-20 16:17:47</startdate>
<round>1</round>
<failsafecounter/>
<players><player seat="10" name="Conejo12" chips="1,040" dealer="0" win="920" bet="460" muck="0" rebuy="0" addon="0" merge="0" rebuychips="0" reg_code="5048620443"/>
<player seat="6" name="Rakki" chips="460" dealer="1" win="0" bet="460" muck="0" rebuy="0" addon="0" merge="0" rebuychips="0" reg_code="5048619729"/>
</players>
</general>
<round no="0"><action no="1" player="Rakki" type="15" sum="10"/>
<action no="2" player="Conejo12" type="15" discard="1" dealt="1" sum="10"/>
<action no="3" player="Rakki" type="1" sum="50"/>
<action no="4" player="Conejo12" type="2" discard="1" dealt="1" sum="100"/>
</round>
<round no="1"><cards type="Pocket" player="Conejo12">HA CA</cards>
<cards type="Pocket" player="Rakki">D7 DJ</cards>
<action no="5" player="Rakki" type="23" sum="450"/>
<action no="6" player="Conejo12" type="3" discard="1" dealt="1" sum="350"/>
</round>
<round no="2"><cards type="Flop">C5 H4 S2</cards>
</round>
<round no="3"><cards type="Turn">D6</cards>
</round>
<round no="4"><cards type="River">D9</cards>
</round>
</game>
</session>
