<?xml version="1.0" encoding="UTF-8"?>
<session sessioncode="5048631324">
<general>
<client_version>25.1.1.16</client_version>
<mode>real</mode>
<gametype>Holdem NL</gametype>
<tablename>Twister €100 SNG, 814312986</tablename>
<tournamentcode>814312985</tournamentcode>
<tournamentname>Twister €100 SNG</tournamentname>
<buyin>€0 + €7 + €93</buyin>
<totalbuyin>€100</totalbuyin>
<rewarddrawn>€300</rewarddrawn>
<tournamentcurrency>EUR</tournamentcurrency>
<currency>EUR</currency>
<nickname>Rakki</nickname>
<gamecount>5</gamecount>
<startdate>2025-07-20 17:01:17</startdate>
<place>3</place>
<win>€0</win>
<tablesize>3</tablesize>
</general>
<game gamecode="6433562384"><general><startdate>2025-07-20 17:01:32</startdate>
<round>1</round>
<failsafecounter/>
<players><player seat="3" name="Rakki" chips="500" dealer="0" win="0" bet="60" muck="1" rebuy="0" addon="0" merge="0" rebuychips="0" reg_code="5048631324"/>
<player seat="6" name="L1mltless" chips="500" dealer="1" win="260" bet="200" muck="1" rebuy="0" addon="0" merge="0" rebuychips="0" reg_code="5048631905"/>
<player seat="10" name="theMaltese" chips="500" dealer="0" win="0" bet="100" muck="1" rebuy="0" addon="0" merge="0" rebuychips="0" reg_code="5048632102"/>
</players>
</general>
<round no="0"><action no="1" player="theMaltese" type="1" discard="1" dealt="1" sum="10"/>
<action no="2" player="Rakki" type="2" sum="20"/>
</round>
<round no="1"><cards type="Pocket" player="Rakki">SA C7</cards>
<cards type="Pocket" player="theMaltese">X X</cards>
<cards type="Pocket" player="L1mltless">X X</cards>
<action no="3" player="L1mltless" type="23" discard="1" dealt="1" sum="40"/>
<action no="4" player="theMaltese" type="3" discard="1" dealt="1" sum="30"/>
<action no="5" player="Rakki" type="3" sum="20"/>
</round>
<round no="2"><cards type="Flop">S3 H9 H8</cards>
<action no="6" player="theMaltese" type="5" discard="1" dealt="1" sum="20"/>
<action no="7" player="Rakki" type="3" sum="20"/>
<action no="8" player="L1mltless" type="3" discard="1" dealt="1" sum="20"/>
</round>
<round no="3"><cards type="Turn">SJ</cards>
<action no="9" player="theMaltese" type="5" discard="1" dealt="1" sum="40"/>
<action no="10" player="Rakki" type="0" sum="0"/>
<action no="11" player="L1mltless" type="3" discard="1" dealt="1" sum="40"/>
</round>
<round no="4"><cards type="River">DA</cards>
<action no="12" player="theMaltese" type="4" discard="1" dealt="1" sum="0"/>
<action no="13" player="L1mltless" type="5" discard="1" dealt="1" sum="100"/>
<action no="14" player="theMaltese" type="0" discard="1" dealt="1" sum="0"/>
</round>
</game>
<game gamecode="6433562470"><general><startdate>2025-07-20 17:02:31</startdate>
<round>1</round>
<failsafecounter/>
<players><player seat="6" name="L1mltless" chips="660" dealer="0" win="0" bet="20" muck="1" rebuy="0" addon="0" merge="0" rebuychips="0" reg_code="5048631905"/>
<player seat="10" name="theMaltese" chips="400" dealer="1" win="180" bet="260" muck="1" rebuy="0" addon="0" merge="0" rebuychips="0" reg_code="5048632102"/>
<player seat="3" name="Rakki" chips="440" dealer="0" win="0" bet="80" muck="1" rebuy="0" addon="0" merge="0" rebuychips="0" reg_code="5048631324"/>
</players>
</general>
<round no="0"><action no="1" player="Rakki" type="1" sum="10"/>
<action no="2" player="L1mltless" type="2" discard="1" dealt="1" sum="20"/>
</round>
<round no="1"><cards type="Pocket" player="Rakki">D8 SJ</cards>
<cards type="Pocket" player="theMaltese">X X</cards>
<cards type="Pocket" player="L1mltless">X X</cards>
<action no="3" player="theMaltese" type="3" discard="1" dealt="1" sum="20"/>
<action no="4" player="Rakki" type="3" sum="10"/>
<action no="5" player="L1mltless" type="4" discard="1" dealt="1" sum="0"/>
</round>
<round no="2"><cards type="Flop">S10 SQ HA</cards>
<action no="6" player="Rakki" type="4" sum="0"/>
<action no="7" player="L1mltless" type="4" discard="1" dealt="1" sum="0"/>
<action no="8" player="theMaltese" type="5" discard="1" dealt="1" sum="60"/>
<action no="9" player="Rakki" type="3" sum="60"/>
<action no="10" player="L1mltless" type="0" discard="1" dealt="1" sum="0"/>
</round>
<round no="3"><cards type="Turn">C10</cards>
<action no="11" player="Rakki" type="4" sum="0"/>
<action no="12" player="theMaltese" type="5" discard="1" dealt="1" sum="180"/>
<action no="13" player="Rakki" type="0" sum="0"/>
</round>
</game>
<game gamecode="6433562527"><general><startdate>2025-07-20 17:03:10</startdate>
<round>1</round>
<failsafecounter/>
<players><player seat="10" name="theMaltese" chips="500" dealer="0" win="0" bet="35" muck="1" rebuy="0" addon="0" merge="0" rebuychips="0" reg_code="5048632102"/>
<player seat="3" name="Rakki" chips="360" dealer="1" win="90" bet="360" muck="1" rebuy="0" addon="0" merge="0" rebuychips="0" reg_code="5048631324"/>
<player seat="6" name="L1mltless" chips="640" dealer="0" win="0" bet="20" muck="1" rebuy="0" addon="0" merge="0" rebuychips="0" reg_code="5048631905"/>
</players>
</general>
<round no="0"><action no="1" player="L1mltless" type="15" discard="1" dealt="1" sum="5"/>
<action no="2" player="theMaltese" type="15" discard="1" dealt="1" sum="5"/>
<action no="3" player="Rakki" type="15" sum="5"/>
<action no="4" player="L1mltless" type="1" discard="1" dealt="1" sum="15"/>
<action no="5" player="theMaltese" type="2" discard="1" dealt="1" sum="30"/>
</round>
<round no="1"><cards type="Pocket" player="L1mltless">X X</cards>
<cards type="Pocket" player="theMaltese">X X</cards>
<cards type="Pocket" player="Rakki">CQ CA</cards>
<action no="6" player="Rakki" type="23" sum="355"/>
<action no="7" player="L1mltless" type="0" discard="1" dealt="1" sum="0"/>
<action no="8" player="theMaltese" type="0" discard="1" dealt="1" sum="0"/>
</round>
</game>
<game gamecode="6433562547"><general><startdate>2025-07-20 17:03:23</startdate>
<round>1</round>
<failsafecounter/>
<players><player seat="3" name="Rakki" chips="415" dealer="0" win="0" bet="35" muck="1" rebuy="0" addon="0" merge="0" rebuychips="0" reg_code="5048631324"/>
<player seat="6" name="L1mltless" chips="620" dealer="1" win="0" bet="5" muck="1" rebuy="0" addon="0" merge="0" rebuychips="0" reg_code="5048631905"/>
<player seat="10" name="theMaltese" chips="465" dealer="0" win="75" bet="65" muck="1" rebuy="0" addon="0" merge="0" rebuychips="0" reg_code="5048632102"/>
</players>
</general>
<round no="0"><action no="1" player="theMaltese" type="15" discard="1" dealt="1" sum="5"/>
<action no="2" player="Rakki" type="15" sum="5"/>
<action no="3" player="L1mltless" type="15" discard="1" dealt="1" sum="5"/>
<action no="4" player="theMaltese" type="1" discard="1" dealt="1" sum="15"/>
<action no="5" player="Rakki" type="2" sum="30"/>
</round>
<round no="1"><cards type="Pocket" player="theMaltese">X X</cards>
<cards type="Pocket" player="Rakki">DQ D4</cards>
<cards type="Pocket" player="L1mltless">X X</cards>
<action no="6" player="L1mltless" type="0" discard="1" dealt="1" sum="0"/>
<action no="7" player="theMaltese" type="3" discard="1" dealt="1" sum="15"/>
<action no="8" player="Rakki" type="4" sum="0"/>
</round>
<round no="2"><cards type="Flop">C8 C2 H9</cards>
<action no="9" player="theMaltese" type="5" discard="1" dealt="1" sum="30"/>
<action no="10" player="Rakki" type="0" sum="0"/>
</round>
</game>
<game gamecode="6433562573"><general><startdate>2025-07-20 17:03:38</startdate>
<round>1</round>
<failsafecounter/>
<players><player seat="6" name="L1mltless" chips="615" dealer="0" win="0" bet="35" muck="1" rebuy="0" addon="0" merge="0" rebuychips="0" reg_code="5048631905"/>
<player seat="10" name="theMaltese" chips="505" dealer="1" win="795" bet="380" muck="0" rebuy="0" addon="0" merge="0" rebuychips="0" reg_code="5048632102"/>
<player seat="3" name="Rakki" chips="380" dealer="0" win="0" bet="380" muck="0" rebuy="0" addon="0" merge="0" rebuychips="0" reg_code="5048631324"/>
</players>
</general>
<round no="0"><action no="1" player="Rakki" type="15" sum="5"/>
<action no="2" player="L1mltless" type="15" discard="1" dealt="1" sum="5"/>
<action no="3" player="theMaltese" type="15" discard="1" dealt="1" sum="5"/>
<action no="4" player="Rakki" type="1" sum="15"/>
<action no="5" player="L1mltless" type="2" discard="1" dealt="1" sum="30"/>
</round>
<round no="1"><cards type="Pocket" player="Rakki">CA DJ</cards>
<cards type="Pocket" player="L1mltless">X X</cards>
<cards type="Pocket" player="theMaltese">DQ SA</cards>
<action no="6" player="theMaltese" type="3" discard="1" dealt="1" sum="30"/>
<action no="7" player="Rakki" type="23" sum="375"/>
<action no="8" player="L1mltless" type="0" discard="1" dealt="1" sum="0"/>
<action no="9" player="theMaltese" type="3" discard="1" dealt="1" sum="345"/>
</round>
<round no="2"><cards type="Flop">CK C7 S3</cards>
</round>
<round no="3"><cards type="Turn">S6</cards>
</round>
<round no="4"><cards type="River">DK</cards>
</round>
</game>
</session>
