<?xml version="1.0" encoding="UTF-8"?>
<session sessioncode="5048618299">
<general>
<client_version>25.1.1.16</client_version>
<mode>real</mode>
<gametype>Holdem NL</gametype>
<tablename>Twister €100 SNG, 814308403</tablename>
<tournamentcode>814308402</tournamentcode>
<tournamentname>Twister €100 SNG</tournamentname>
<buyin>€0 + €7 + €93</buyin>
<totalbuyin>€100</totalbuyin>
<rewarddrawn>€200</rewarddrawn>
<tournamentcurrency>EUR</tournamentcurrency>
<currency>EUR</currency>
<nickname>Rakki</nickname>
<gamecount>15</gamecount>
<startdate>2025-07-20 16:03:51</startdate>
<place>1</place>
<win>€200</win>
<tablesize>3</tablesize>
</general>
<game gamecode="6433516421"><general><startdate>2025-07-20 16:04:06</startdate>
<round>1</round>
<failsafecounter/>
<players><player seat="10" name="Conejo12" chips="500" dealer="0" win="0" bet="20" muck="1" rebuy="0" addon="0" merge="0" rebuychips="0" reg_code="5048619552"/>
<player seat="3" name="Rakki" chips="500" dealer="1" win="0" bet="0" muck="1" rebuy="0" addon="0" merge="0" rebuychips="0" reg_code="5048618299"/>
<player seat="6" name="theMaltese" chips="500" dealer="0" win="40" bet="40" muck="1" rebuy="0" addon="0" merge="0" rebuychips="0" reg_code="5048619483"/>
</players>
</general>
<round no="0"><action no="1" player="theMaltese" type="1" discard="1" dealt="1" sum="10"/>
<action no="2" player="Conejo12" type="2" discard="1" dealt="1" sum="20"/>
</round>
<round no="1"><cards type="Pocket" player="theMaltese">X X</cards>
<cards type="Pocket" player="Rakki">S8 H7</cards>
<cards type="Pocket" player="Conejo12">X X</cards>
<action no="3" player="Rakki" type="0" sum="0"/>
<action no="4" player="theMaltese" type="23" discard="1" dealt="1" sum="40"/>
<action no="5" player="Conejo12" type="0" discard="1" dealt="1" sum="0"/>
</round>
</game>
<game gamecode="6433516442"><general><startdate>2025-07-20 16:04:19</startdate>
<round>1</round>
<failsafecounter/>
<players><player seat="3" name="Rakki" chips="500" dealer="0" win="20" bet="20" muck="1" rebuy="0" addon="0" merge="0" rebuychips="0" reg_code="5048618299"/>
<player seat="6" name="theMaltese" chips="520" dealer="1" win="0" bet="0" muck="1" rebuy="0" addon="0" merge="0" rebuychips="0" reg_code="5048619483"/>
<player seat="10" name="Conejo12" chips="480" dealer="0" win="0" bet="10" muck="1" rebuy="0" addon="0" merge="0" rebuychips="0" reg_code="5048619552"/>
</players>
</general>
<round no="0"><action no="1" player="Conejo12" type="1" discard="1" dealt="1" sum="10"/>
<action no="2" player="Rakki" type="2" sum="20"/>
</round>
<round no="1"><cards type="Pocket" player="Conejo12">X X</cards>
<cards type="Pocket" player="theMaltese">X X</cards>
<cards type="Pocket" player="Rakki">HK S9</cards>
<action no="3" player="theMaltese" type="0" discard="1" dealt="1" sum="0"/>
<action no="4" player="Conejo12" type="0" discard="1" dealt="1" sum="0"/>
</round>
</game>
<game gamecode="6433516453"><general><startdate>2025-07-20 16:04:26</startdate>
<round>1</round>
<failsafecounter/>
<players><player seat="6" name="theMaltese" chips="520" dealer="0" win="170" bet="80" muck="0" rebuy="0" addon="0" merge="0" rebuychips="0" reg_code="5048619483"/>
<player seat="10" name="Conejo12" chips="470" dealer="1" win="0" bet="80" muck="1" rebuy="0" addon="0" merge="0" rebuychips="0" reg_code="5048619552"/>
<player seat="3" name="Rakki" chips="510" dealer="0" win="0" bet="10" muck="1" rebuy="0" addon="0" merge="0" rebuychips="0" reg_code="5048618299"/>
</players>
</general>
<round no="0"><action no="1" player="Rakki" type="1" sum="10"/>
<action no="2" player="theMaltese" type="2" discard="1" dealt="1" sum="20"/>
</round>
<round no="1"><cards type="Pocket" player="Rakki">DJ H5</cards>
<cards type="Pocket" player="theMaltese">H3 D6</cards>
<cards type="Pocket" player="Conejo12">CJ CA</cards>
<action no="3" player="Conejo12" type="23" discard="1" dealt="1" sum="40"/>
<action no="4" player="Rakki" type="0" sum="0"/>
<action no="5" player="theMaltese" type="3" discard="1" dealt="1" sum="20"/>
</round>
<round no="2"><cards type="Flop">S3 S4 S2</cards>
<action no="6" player="theMaltese" type="5" discard="1" dealt="1" sum="20"/>
<action no="7" player="Conejo12" type="3" discard="1" dealt="1" sum="20"/>
</round>
<round no="3"><cards type="Turn">C4</cards>
<action no="8" player="theMaltese" type="4" discard="1" dealt="1" sum="0"/>
<action no="9" player="Conejo12" type="4" discard="1" dealt="1" sum="0"/>
</round>
<round no="4"><cards type="River">C7</cards>
<action no="10" player="theMaltese" type="5" discard="1" dealt="1" sum="20"/>
<action no="11" player="Conejo12" type="3" discard="1" dealt="1" sum="20"/>
</round>
</game>
<game gamecode="6433516501"><general><startdate>2025-07-20 16:04:59</startdate>
<round>1</round>
<failsafecounter/>
<players><player seat="10" name="Conejo12" chips="390" dealer="0" win="0" bet="40" muck="1" rebuy="0" addon="0" merge="0" rebuychips="0" reg_code="5048619552"/>
<player seat="3" name="Rakki" chips="500" dealer="1" win="90" bet="60" muck="1" rebuy="0" addon="0" merge="0" rebuychips="0" reg_code="5048618299"/>
<player seat="6" name="theMaltese" chips="610" dealer="0" win="0" bet="10" muck="1" rebuy="0" addon="0" merge="0" rebuychips="0" reg_code="5048619483"/>
</players>
</general>
<round no="0"><action no="1" player="theMaltese" type="1" discard="1" dealt="1" sum="10"/>
<action no="2" player="Conejo12" type="2" discard="1" dealt="1" sum="20"/>
</round>
<round no="1"><cards type="Pocket" player="theMaltese">X X</cards>
<cards type="Pocket" player="Rakki">DA H4</cards>
<cards type="Pocket" player="Conejo12">X X</cards>
<action no="3" player="Rakki" type="23" sum="40"/>
<action no="4" player="theMaltese" type="0" discard="1" dealt="1" sum="0"/>
<action no="5" player="Conejo12" type="3" discard="1" dealt="1" sum="20"/>
</round>
<round no="2"><cards type="Flop">S3 CA C2</cards>
<action no="6" player="Conejo12" type="4" discard="1" dealt="1" sum="0"/>
<action no="7" player="Rakki" type="5" sum="20"/>
<action no="8" player="Conejo12" type="0" discard="1" dealt="1" sum="0"/>
</round>
</game>
<game gamecode="6433516527"><general><startdate>2025-07-20 16:05:19</startdate>
<round>1</round>
<failsafecounter/>
<players><player seat="3" name="Rakki" chips="550" dealer="0" win="90" bet="550" muck="1" rebuy="0" addon="0" merge="0" rebuychips="0" reg_code="5048618299"/>
<player seat="6" name="theMaltese" chips="600" dealer="1" win="0" bet="40" muck="1" rebuy="0" addon="0" merge="0" rebuychips="0" reg_code="5048619483"/>
<player seat="10" name="Conejo12" chips="350" dealer="0" win="0" bet="10" muck="1" rebuy="0" addon="0" merge="0" rebuychips="0" reg_code="5048619552"/>
</players>
</general>
<round no="0"><action no="1" player="Conejo12" type="1" discard="1" dealt="1" sum="10"/>
<action no="2" player="Rakki" type="2" sum="20"/>
</round>
<round no="1"><cards type="Pocket" player="Rakki">S10 CA</cards>
<cards type="Pocket" player="Conejo12">X X</cards>
<cards type="Pocket" player="theMaltese">X X</cards>
<action no="3" player="theMaltese" type="23" discard="1" dealt="1" sum="40"/>
<action no="4" player="Conejo12" type="0" discard="1" dealt="1" sum="0"/>
<action no="5" player="Rakki" type="23" sum="550"/>
<action no="6" player="theMaltese" type="0" discard="1" dealt="1" sum="0"/>
</round>
</game>
<game gamecode="6433516540"><general><startdate>2025-07-20 16:05:30</startdate>
<round>1</round>
<failsafecounter/>
<players><player seat="6" name="theMaltese" chips="560" dealer="0" win="370" bet="180" muck="0" rebuy="0" addon="0" merge="0" rebuychips="0" reg_code="5048619483"/>
<player seat="10" name="Conejo12" chips="340" dealer="1" win="0" bet="180" muck="1" rebuy="0" addon="0" merge="0" rebuychips="0" reg_code="5048619552"/>
<player seat="3" name="Rakki" chips="600" dealer="0" win="0" bet="10" muck="1" rebuy="0" addon="0" merge="0" rebuychips="0" reg_code="5048618299"/>
</players>
</general>
<round no="0"><action no="1" player="Rakki" type="1" sum="10"/>
<action no="2" player="theMaltese" type="2" discard="1" dealt="1" sum="20"/>
</round>
<round no="1"><cards type="Pocket" player="Conejo12">C5 SK</cards>
<cards type="Pocket" player="Rakki">CJ D10</cards>
<cards type="Pocket" player="theMaltese">C9 DJ</cards>
<action no="3" player="Conejo12" type="23" discard="1" dealt="1" sum="40"/>
<action no="4" player="Rakki" type="0" sum="0"/>
<action no="5" player="theMaltese" type="3" discard="1" dealt="1" sum="20"/>
</round>
<round no="2"><cards type="Flop">CQ CK SQ</cards>
<action no="6" player="theMaltese" type="5" discard="1" dealt="1" sum="20"/>
<action no="7" player="Conejo12" type="3" discard="1" dealt="1" sum="20"/>
</round>
<round no="3"><cards type="Turn">C10</cards>
<action no="8" player="theMaltese" type="5" discard="1" dealt="1" sum="40"/>
<action no="9" player="Conejo12" type="3" discard="1" dealt="1" sum="40"/>
</round>
<round no="4"><cards type="River">H9</cards>
<action no="10" player="theMaltese" type="5" discard="1" dealt="1" sum="80"/>
<action no="11" player="Conejo12" type="3" discard="1" dealt="1" sum="80"/>
</round>
</game>
<game gamecode="6433516571"><general><startdate>2025-07-20 16:05:58</startdate>
<round>1</round>
<failsafecounter/>
<players><player seat="10" name="Conejo12" chips="160" dealer="0" win="325" bet="160" muck="0" rebuy="0" addon="0" merge="0" rebuychips="0" reg_code="5048619552"/>
<player seat="3" name="Rakki" chips="590" dealer="1" win="0" bet="5" muck="1" rebuy="0" addon="0" merge="0" rebuychips="0" reg_code="5048618299"/>
<player seat="6" name="theMaltese" chips="750" dealer="0" win="0" bet="160" muck="1" rebuy="0" addon="0" merge="0" rebuychips="0" reg_code="5048619483"/>
</players>
</general>
<round no="0"><action no="1" player="theMaltese" type="15" discard="1" dealt="1" sum="5"/>
<action no="2" player="Conejo12" type="15" discard="1" dealt="1" sum="5"/>
<action no="3" player="Rakki" type="15" sum="5"/>
<action no="4" player="theMaltese" type="1" discard="1" dealt="1" sum="15"/>
<action no="5" player="Conejo12" type="2" discard="1" dealt="1" sum="30"/>
</round>
<round no="1"><cards type="Pocket" player="Conejo12">DJ H6</cards>
<cards type="Pocket" player="Rakki">D4 S7</cards>
<cards type="Pocket" player="theMaltese">DQ D3</cards>
<action no="6" player="Rakki" type="0" sum="0"/>
<action no="7" player="theMaltese" type="3" discard="1" dealt="1" sum="15"/>
<action no="8" player="Conejo12" type="23" discard="1" dealt="1" sum="155"/>
<action no="9" player="theMaltese" type="3" discard="1" dealt="1" sum="125"/>
</round>
<round no="2"><cards type="Flop">C7 DK CJ</cards>
</round>
<round no="3"><cards type="Turn">H9</cards>
</round>
<round no="4"><cards type="River">C4</cards>
</round>
</game>
<game gamecode="6433516595"><general><startdate>2025-07-20 16:06:16</startdate>
<round>1</round>
<failsafecounter/>
<players><player seat="3" name="Rakki" chips="585" dealer="0" win="348" bet="164" muck="0" rebuy="0" addon="0" merge="0" rebuychips="0" reg_code="5048618299"/>
<player seat="6" name="theMaltese" chips="590" dealer="1" win="0" bet="164" muck="1" rebuy="0" addon="0" merge="0" rebuychips="0" reg_code="5048619483"/>
<player seat="10" name="Conejo12" chips="325" dealer="0" win="0" bet="20" muck="1" rebuy="0" addon="0" merge="0" rebuychips="0" reg_code="5048619552"/>
</players>
</general>
<round no="0"><action no="1" player="Conejo12" type="15" discard="1" dealt="1" sum="5"/>
<action no="2" player="Rakki" type="15" sum="5"/>
<action no="3" player="theMaltese" type="15" discard="1" dealt="1" sum="5"/>
<action no="4" player="Conejo12" type="1" discard="1" dealt="1" sum="15"/>
<action no="5" player="Rakki" type="2" sum="30"/>
</round>
<round no="1"><cards type="Pocket" player="Rakki">C10 D3</cards>
<cards type="Pocket" player="theMaltese">C5 HA</cards>
<cards type="Pocket" player="Conejo12">X X</cards>
<action no="6" player="theMaltese" type="3" discard="1" dealt="1" sum="30"/>
<action no="7" player="Conejo12" type="0" discard="1" dealt="1" sum="0"/>
<action no="8" player="Rakki" type="4" sum="0"/>
</round>
<round no="2"><cards type="Flop">S10 H9 S5</cards>
<action no="9" player="Rakki" type="4" sum="0"/>
<action no="10" player="theMaltese" type="5" discard="1" dealt="1" sum="30"/>
<action no="11" player="Rakki" type="3" sum="30"/>
</round>
<round no="3"><cards type="Turn">D2</cards>
<action no="12" player="Rakki" type="4" sum="0"/>
<action no="13" player="theMaltese" type="5" discard="1" dealt="1" sum="30"/>
<action no="14" player="Rakki" type="3" sum="30"/>
</round>
<round no="4"><cards type="River">D4</cards>
<action no="15" player="Rakki" type="5" sum="69"/>
<action no="16" player="theMaltese" type="3" discard="1" dealt="1" sum="69"/>
</round>
</game>
<game gamecode="6433516633"><general><startdate>2025-07-20 16:06:46</startdate>
<round>1</round>
<failsafecounter/>
<players><player seat="6" name="theMaltese" chips="426" dealer="0" win="195" bet="95" muck="0" rebuy="0" addon="0" merge="0" rebuychips="0" reg_code="5048619483"/>
<player seat="10" name="Conejo12" chips="305" dealer="1" win="0" bet="5" muck="1" rebuy="0" addon="0" merge="0" rebuychips="0" reg_code="5048619552"/>
<player seat="3" name="Rakki" chips="769" dealer="0" win="0" bet="95" muck="1" rebuy="0" addon="0" merge="0" rebuychips="0" reg_code="5048618299"/>
</players>
</general>
<round no="0"><action no="1" player="Rakki" type="15" sum="5"/>
<action no="2" player="theMaltese" type="15" discard="1" dealt="1" sum="5"/>
<action no="3" player="Conejo12" type="15" discard="1" dealt="1" sum="5"/>
<action no="4" player="Rakki" type="1" sum="15"/>
<action no="5" player="theMaltese" type="2" discard="1" dealt="1" sum="30"/>
</round>
<round no="1"><cards type="Pocket" player="theMaltese">CQ C4</cards>
<cards type="Pocket" player="Rakki">HQ C6</cards>
<cards type="Pocket" player="Conejo12">X X</cards>
<action no="6" player="Conejo12" type="0" discard="1" dealt="1" sum="0"/>
<action no="7" player="Rakki" type="3" sum="15"/>
<action no="8" player="theMaltese" type="4" discard="1" dealt="1" sum="0"/>
</round>
<round no="2"><cards type="Flop">C8 H4 C3</cards>
<action no="9" player="Rakki" type="4" sum="0"/>
<action no="10" player="theMaltese" type="5" discard="1" dealt="1" sum="30"/>
<action no="11" player="Rakki" type="3" sum="30"/>
</round>
<round no="3"><cards type="Turn">H7</cards>
<action no="12" player="Rakki" type="4" sum="0"/>
<action no="13" player="theMaltese" type="5" discard="1" dealt="1" sum="30"/>
<action no="14" player="Rakki" type="3" sum="30"/>
</round>
<round no="4"><cards type="River">DA</cards>
<action no="15" player="Rakki" type="4" sum="0"/>
<action no="16" player="theMaltese" type="4" discard="1" dealt="1" sum="0"/>
</round>
</game>
<game gamecode="6433516663"><general><startdate>2025-07-20 16:07:10</startdate>
<round>1</round>
<failsafecounter/>
<players><player seat="10" name="Conejo12" chips="300" dealer="0" win="0" bet="35" muck="1" rebuy="0" addon="0" merge="0" rebuychips="0" reg_code="5048619552"/>
<player seat="3" name="Rakki" chips="674" dealer="1" win="405" bet="674" muck="1" rebuy="0" addon="0" merge="0" rebuychips="0" reg_code="5048618299"/>
<player seat="6" name="theMaltese" chips="526" dealer="0" win="0" bet="185" muck="1" rebuy="0" addon="0" merge="0" rebuychips="0" reg_code="5048619483"/>
</players>
</general>
<round no="0"><action no="1" player="theMaltese" type="15" discard="1" dealt="1" sum="5"/>
<action no="2" player="Conejo12" type="15" discard="1" dealt="1" sum="5"/>
<action no="3" player="Rakki" type="15" sum="5"/>
<action no="4" player="theMaltese" type="1" discard="1" dealt="1" sum="15"/>
<action no="5" player="Conejo12" type="2" discard="1" dealt="1" sum="30"/>
</round>
<round no="1"><cards type="Pocket" player="theMaltese">X X</cards>
<cards type="Pocket" player="Conejo12">X X</cards>
<cards type="Pocket" player="Rakki">DK DA</cards>
<action no="6" player="Rakki" type="23" sum="60"/>
<action no="7" player="theMaltese" type="3" discard="1" dealt="1" sum="45"/>
<action no="8" player="Conejo12" type="0" discard="1" dealt="1" sum="0"/>
</round>
<round no="2"><cards type="Flop">H2 S9 HJ</cards>
<action no="9" player="theMaltese" type="5" discard="1" dealt="1" sum="30"/>
<action no="10" player="Rakki" type="3" sum="30"/>
</round>
<round no="3"><cards type="Turn">S4</cards>
<action no="11" player="theMaltese" type="5" discard="1" dealt="1" sum="30"/>
<action no="12" player="Rakki" type="3" sum="30"/>
</round>
<round no="4"><cards type="River">H5</cards>
<action no="13" player="theMaltese" type="5" discard="1" dealt="1" sum="60"/>
<action no="14" player="Rakki" type="23" sum="549"/>
<action no="15" player="theMaltese" type="0" discard="1" dealt="1" sum="0"/>
</round>
</game>
<game gamecode="6433516682"><general><startdate>2025-07-20 16:07:28</startdate>
<round>1</round>
<failsafecounter/>
<players><player seat="3" name="Rakki" chips="894" dealer="0" win="575" bet="894" muck="0" rebuy="0" addon="0" merge="0" rebuychips="0" reg_code="5048618299"/>
<player seat="6" name="theMaltese" chips="341" dealer="1" win="0" bet="45" muck="1" rebuy="0" addon="0" merge="0" rebuychips="0" reg_code="5048619483"/>
<player seat="10" name="Conejo12" chips="265" dealer="0" win="0" bet="265" muck="1" rebuy="0" addon="0" merge="0" rebuychips="0" reg_code="5048619552"/>
</players>
</general>
<round no="0"><action no="1" player="Conejo12" type="15" discard="1" dealt="1" sum="5"/>
<action no="2" player="Rakki" type="15" sum="5"/>
<action no="3" player="theMaltese" type="15" discard="1" dealt="1" sum="5"/>
<action no="4" player="Conejo12" type="1" discard="1" dealt="1" sum="20"/>
<action no="5" player="Rakki" type="2" sum="40"/>
</round>
<round no="1"><cards type="Pocket" player="theMaltese">X X</cards>
<cards type="Pocket" player="Conejo12">SJ S6</cards>
<cards type="Pocket" player="Rakki">S2 D2</cards>
<action no="6" player="theMaltese" type="3" discard="1" dealt="1" sum="40"/>
<action no="7" player="Conejo12" type="23" discard="1" dealt="1" sum="260"/>
<action no="8" player="Rakki" type="23" sum="889"/>
<action no="9" player="theMaltese" type="0" discard="1" dealt="1" sum="0"/>
</round>
<round no="2"><cards type="Flop">HK D3 S10</cards>
</round>
<round no="3"><cards type="Turn">D9</cards>
</round>
<round no="4"><cards type="River">S7</cards>
</round>
</game>
<game gamecode="6433516721"><general><startdate>2025-07-20 16:07:54</startdate>
<round>1</round>
<failsafecounter/>
<players><player seat="6" name="theMaltese" chips="296" dealer="0" win="0" bet="165" muck="1" rebuy="0" addon="0" merge="0" rebuychips="0" reg_code="5048619483"/>
<player seat="3" name="Rakki" chips="1,204" dealer="1" win="330" bet="165" muck="0" rebuy="0" addon="0" merge="0" rebuychips="0" reg_code="5048618299"/>
</players>
</general>
<round no="0"><action no="1" player="Rakki" type="15" sum="5"/>
<action no="2" player="theMaltese" type="15" discard="1" dealt="1" sum="5"/>
<action no="3" player="Rakki" type="1" sum="20"/>
<action no="4" player="theMaltese" type="2" discard="1" dealt="1" sum="40"/>
</round>
<round no="1"><cards type="Pocket" player="Rakki">D10 D4</cards>
<cards type="Pocket" player="theMaltese">H5 CQ</cards>
<action no="5" player="Rakki" type="3" sum="20"/>
<action no="6" player="theMaltese" type="23" discard="1" dealt="1" sum="80"/>
<action no="7" player="Rakki" type="3" sum="40"/>
</round>
<round no="2"><cards type="Flop">H7 DK DJ</cards>
<action no="8" player="theMaltese" type="5" discard="1" dealt="1" sum="40"/>
<action no="9" player="Rakki" type="3" sum="40"/>
</round>
<round no="3"><cards type="Turn">H6</cards>
<action no="10" player="theMaltese" type="5" discard="1" dealt="1" sum="40"/>
<action no="11" player="Rakki" type="3" sum="40"/>
</round>
<round no="4"><cards type="River">H10</cards>
<action no="12" player="theMaltese" type="4" discard="1" dealt="1" sum="0"/>
<action no="13" player="Rakki" type="4" sum="0"/>
</round>
</game>
<game gamecode="6433516745"><general><startdate>2025-07-20 16:08:08</startdate>
<round>1</round>
<failsafecounter/>
<players><player seat="3" name="Rakki" chips="1,369" dealer="0" win="0" bet="131" muck="1" rebuy="0" addon="0" merge="0" rebuychips="0" reg_code="5048618299"/>
<player seat="6" name="theMaltese" chips="131" dealer="1" win="262" bet="131" muck="0" rebuy="0" addon="0" merge="0" rebuychips="0" reg_code="5048619483"/>
</players>
</general>
<round no="0"><action no="1" player="theMaltese" type="15" discard="1" dealt="1" sum="5"/>
<action no="2" player="Rakki" type="15" sum="5"/>
<action no="3" player="theMaltese" type="1" discard="1" dealt="1" sum="20"/>
<action no="4" player="Rakki" type="2" sum="40"/>
</round>
<round no="1"><cards type="Pocket" player="Rakki">HK H7</cards>
<cards type="Pocket" player="theMaltese">H9 DK</cards>
<action no="5" player="theMaltese" type="23" discard="1" dealt="1" sum="126"/>
<action no="6" player="Rakki" type="3" sum="86"/>
</round>
<round no="2"><cards type="Flop">DJ DA HQ</cards>
</round>
<round no="3"><cards type="Turn">S3</cards>
</round>
<round no="4"><cards type="River">S5</cards>
</round>
</game>
<game gamecode="6433516778"><general><startdate>2025-07-20 16:08:26</startdate>
<round>1</round>
<failsafecounter/>
<players><player seat="6" name="theMaltese" chips="262" dealer="0" win="0" bet="45" muck="1" rebuy="0" addon="0" merge="0" rebuychips="0" reg_code="5048619483"/>
<player seat="3" name="Rakki" chips="1,238" dealer="1" win="90" bet="1,238" muck="1" rebuy="0" addon="0" merge="0" rebuychips="0" reg_code="5048618299"/>
</players>
</general>
<round no="0"><action no="1" player="Rakki" type="15" sum="5"/>
<action no="2" player="theMaltese" type="15" discard="1" dealt="1" sum="5"/>
<action no="3" player="Rakki" type="1" sum="20"/>
<action no="4" player="theMaltese" type="2" discard="1" dealt="1" sum="40"/>
</round>
<round no="1"><cards type="Pocket" player="theMaltese">X X</cards>
<cards type="Pocket" player="Rakki">CK SJ</cards>
<action no="5" player="Rakki" type="23" sum="1,233"/>
<action no="6" player="theMaltese" type="0" discard="1" dealt="1" sum="0"/>
</round>
</game>
<game gamecode="6433516796"><general><startdate>2025-07-20 16:08:36</startdate>
<round>1</round>
<failsafecounter/>
<players><player seat="3" name="Rakki" chips="1,283" dealer="0" win="434" bet="217" muck="0" rebuy="0" addon="0" merge="0" rebuychips="0" reg_code="5048618299"/>
<player seat="6" name="theMaltese" chips="217" dealer="1" win="0" bet="217" muck="0" rebuy="0" addon="0" merge="0" rebuychips="0" reg_code="5048619483"/>
</players>
</general>
<round no="0"><action no="1" player="theMaltese" type="15" discard="1" dealt="1" sum="5"/>
<action no="2" player="Rakki" type="15" sum="5"/>
<action no="3" player="theMaltese" type="1" discard="1" dealt="1" sum="20"/>
<action no="4" player="Rakki" type="2" sum="40"/>
</round>
<round no="1"><cards type="Pocket" player="theMaltese">C4 HJ</cards>
<cards type="Pocket" player="Rakki">H10 S10</cards>
<action no="5" player="theMaltese" type="23" discard="1" dealt="1" sum="212"/>
<action no="6" player="Rakki" type="3" sum="172"/>
</round>
<round no="2"><cards type="Flop">SQ D7 SK</cards>
</round>
<round no="3"><cards type="Turn">C3</cards>
</round>
<round no="4"><cards type="River">H7</cards>
</round>
</game>
</session>
