<?xml version="1.0" encoding="UTF-8"?>
<session sessioncode="5048624943">
<general>
<client_version>25.1.1.16</client_version>
<mode>real</mode>
<gametype>Holdem NL</gametype>
<tablename>Twister €100 SNG, 814310742</tablename>
<tournamentcode>814310740</tournamentcode>
<tournamentname>Twister €100 SNG</tournamentname>
<buyin>€0 + €7 + €93</buyin>
<totalbuyin>€100</totalbuyin>
<rewarddrawn>€300</rewarddrawn>
<tournamentcurrency>EUR</tournamentcurrency>
<currency>EUR</currency>
<nickname>Rakki</nickname>
<gamecount>6</gamecount>
<startdate>2025-07-20 16:31:27</startdate>
<place>2</place>
<win>€0</win>
<tablesize>3</tablesize>
</general>
<game gamecode="6433536809"><general><startdate>2025-07-20 16:31:43</startdate>
<round>1</round>
<failsafecounter/>
<players><player seat="3" name="Rakki" chips="500" dealer="0" win="80" bet="100" muck="1" rebuy="0" addon="0" merge="0" rebuychips="0" reg_code="5048624943"/>
<player seat="6" name="Divenire2741" chips="500" dealer="1" win="0" bet="0" muck="1" rebuy="0" addon="0" merge="0" rebuychips="0" reg_code="5048625786"/>
<player seat="10" name="theMaltese" chips="500" dealer="0" win="0" bet="40" muck="1" rebuy="0" addon="0" merge="0" rebuychips="0" reg_code="5048625794"/>
</players>
</general>
<round no="0"><action no="1" player="theMaltese" type="1" discard="1" dealt="1" sum="10"/>
<action no="2" player="Rakki" type="2" sum="20"/>
</round>
<round no="1"><cards type="Pocket" player="Divenire2741">X X</cards>
<cards type="Pocket" player="theMaltese">X X</cards>
<cards type="Pocket" player="Rakki">HJ DJ</cards>
<action no="3" player="Divenire2741" type="0" discard="1" dealt="1" sum="0"/>
<action no="4" player="theMaltese" type="23" discard="1" dealt="1" sum="40"/>
<action no="5" player="Rakki" type="23" sum="100"/>
<action no="6" player="theMaltese" type="0" discard="1" dealt="1" sum="0"/>
</round>
</game>
<game gamecode="6433536835"><general><startdate>2025-07-20 16:31:55</startdate>
<round>1</round>
<failsafecounter/>
<players><player seat="6" name="Divenire2741" chips="500" dealer="0" win="0" bet="500" muck="1" rebuy="0" addon="0" merge="0" rebuychips="0" reg_code="5048625786"/>
<player seat="10" name="theMaltese" chips="460" dealer="1" win="1,380" bet="460" muck="0" rebuy="0" addon="0" merge="0" rebuychips="0" reg_code="5048625794"/>
<player seat="3" name="Rakki" chips="540" dealer="0" win="80" bet="540" muck="0" rebuy="0" addon="0" merge="0" rebuychips="0" reg_code="5048624943"/>
</players>
</general>
<round no="0"><action no="1" player="Rakki" type="1" sum="10"/>
<action no="2" player="Divenire2741" type="2" discard="1" dealt="1" sum="20"/>
</round>
<round no="1"><cards type="Pocket" player="theMaltese">C5 CK</cards>
<cards type="Pocket" player="Rakki">C9 D9</cards>
<cards type="Pocket" player="Divenire2741">SQ HA</cards>
<action no="3" player="theMaltese" type="23" discard="1" dealt="1" sum="40"/>
<action no="4" player="Rakki" type="23" sum="540"/>
<action no="5" player="Divenire2741" type="7" discard="1" dealt="1" sum="480"/>
<action no="6" player="theMaltese" type="7" discard="1" dealt="1" sum="420"/>
</round>
<round no="2"><cards type="Flop">C3 S8 D6</cards>
</round>
<round no="3"><cards type="Turn">S3</cards>
</round>
<round no="4"><cards type="River">SK</cards>
</round>
</game>
<game gamecode="6433536867"><general><startdate>2025-07-20 16:32:13</startdate>
<round>1</round>
<failsafecounter/>
<players><player seat="10" name="theMaltese" chips="1,380" dealer="0" win="0" bet="120" muck="1" rebuy="0" addon="0" merge="0" rebuychips="0" reg_code="5048625794"/>
<player seat="3" name="Rakki" chips="120" dealer="1" win="240" bet="120" muck="0" rebuy="0" addon="0" merge="0" rebuychips="0" reg_code="5048624943"/>
</players>
</general>
<round no="0"><action no="1" player="Rakki" type="1" sum="10"/>
<action no="2" player="theMaltese" type="2" discard="1" dealt="1" sum="20"/>
</round>
<round no="1"><cards type="Pocket" player="theMaltese">D6 D2</cards>
<cards type="Pocket" player="Rakki">D9 S8</cards>
<action no="3" player="Rakki" type="23" sum="120"/>
<action no="4" player="theMaltese" type="3" discard="1" dealt="1" sum="100"/>
</round>
<round no="2"><cards type="Flop">DJ H5 D4</cards>
</round>
<round no="3"><cards type="Turn">SA</cards>
</round>
<round no="4"><cards type="River">S5</cards>
</round>
</game>
<game gamecode="6433542601"><general><startdate>2025-07-20 16:32:27</startdate>
<round>1</round>
<failsafecounter/>
<players><player seat="3" name="Rakki" chips="240" dealer="0" win="0" bet="60" muck="1" rebuy="0" addon="0" merge="0" rebuychips="0" reg_code="5048624943"/>
<player seat="10" name="theMaltese" chips="1,260" dealer="1" win="120" bet="180" muck="1" rebuy="0" addon="0" merge="0" rebuychips="0" reg_code="5048625794"/>
</players>
</general>
<round no="0"><action no="1" player="theMaltese" type="1" discard="1" dealt="1" sum="10"/>
<action no="2" player="Rakki" type="2" sum="20"/>
</round>
<round no="1"><cards type="Pocket" player="theMaltese">X X</cards>
<cards type="Pocket" player="Rakki">D6 S4</cards>
<action no="3" player="theMaltese" type="3" discard="1" dealt="1" sum="10"/>
<action no="4" player="Rakki" type="4" sum="0"/>
</round>
<round no="2"><cards type="Flop">H6 D8 HA</cards>
<action no="5" player="Rakki" type="4" sum="0"/>
<action no="6" player="theMaltese" type="5" discard="1" dealt="1" sum="20"/>
<action no="7" player="Rakki" type="3" sum="20"/>
</round>
<round no="3"><cards type="Turn">HJ</cards>
<action no="8" player="Rakki" type="4" sum="0"/>
<action no="9" player="theMaltese" type="5" discard="1" dealt="1" sum="20"/>
<action no="10" player="Rakki" type="3" sum="20"/>
</round>
<round no="4"><cards type="River">D2</cards>
<action no="11" player="Rakki" type="4" sum="0"/>
<action no="12" player="theMaltese" type="5" discard="1" dealt="1" sum="120"/>
<action no="13" player="Rakki" type="0" sum="0"/>
</round>
</game>
<game gamecode="6433542626"><general><startdate>2025-07-20 16:32:41</startdate>
<round>1</round>
<failsafecounter/>
<players><player seat="10" name="theMaltese" chips="1,320" dealer="0" win="20" bet="20" muck="1" rebuy="0" addon="0" merge="0" rebuychips="0" reg_code="5048625794"/>
<player seat="3" name="Rakki" chips="180" dealer="1" win="0" bet="10" muck="1" rebuy="0" addon="0" merge="0" rebuychips="0" reg_code="5048624943"/>
</players>
</general>
<round no="0"><action no="1" player="Rakki" type="1" sum="10"/>
<action no="2" player="theMaltese" type="2" discard="1" dealt="1" sum="20"/>
</round>
<round no="1"><cards type="Pocket" player="theMaltese">X X</cards>
<cards type="Pocket" player="Rakki">C3 S9</cards>
<action no="3" player="Rakki" type="0" sum="0"/>
</round>
</game>
<game gamecode="6433542640"><general><startdate>2025-07-20 16:32:47</startdate>
<round>1</round>
<failsafecounter/>
<players><player seat="3" name="Rakki" chips="170" dealer="0" win="0" bet="170" muck="0" rebuy="0" addon="0" merge="0" rebuychips="0" reg_code="5048624943"/>
<player seat="10" name="theMaltese" chips="1,330" dealer="1" win="340" bet="170" muck="0" rebuy="0" addon="0" merge="0" rebuychips="0" reg_code="5048625794"/>
</players>
</general>
<round no="0"><action no="1" player="theMaltese" type="1" discard="1" dealt="1" sum="10"/>
<action no="2" player="Rakki" type="2" sum="20"/>
</round>
<round no="1"><cards type="Pocket" player="theMaltese">CK C9</cards>
<cards type="Pocket" player="Rakki">D4 HK</cards>
<action no="3" player="theMaltese" type="3" discard="1" dealt="1" sum="10"/>
<action no="4" player="Rakki" type="23" sum="170"/>
<action no="5" player="theMaltese" type="3" discard="1" dealt="1" sum="150"/>
</round>
<round no="2"><cards type="Flop">HA S7 H5</cards>
</round>
<round no="3"><cards type="Turn">S3</cards>
</round>
<round no="4"><cards type="River">C8</cards>
</round>
</game>
</session>
