<?xml version="1.0" encoding="UTF-8"?>
<session sessioncode="5048629547">
<general>
<client_version>25.1.1.16</client_version>
<mode>real</mode>
<gametype>Holdem NL</gametype>
<tablename>Twister €100 SNG, 814312295</tablename>
<tournamentcode>814312294</tournamentcode>
<tournamentname>Twister €100 SNG</tournamentname>
<buyin>€0 + €7 + €93</buyin>
<totalbuyin>€100</totalbuyin>
<rewarddrawn>€300</rewarddrawn>
<tournamentcurrency>EUR</tournamentcurrency>
<currency>EUR</currency>
<nickname>Rakki</nickname>
<gamecount>15</gamecount>
<startdate>2025-07-20 16:51:38</startdate>
<place>1</place>
<win>€300</win>
<tablesize>3</tablesize>
</general>
<game gamecode="6433552931"><general><startdate>2025-07-20 16:51:54</startdate>
<round>1</round>
<failsafecounter/>
<players><player seat="10" name="Conejo12" chips="500" dealer="0" win="120" bet="500" muck="1" rebuy="0" addon="0" merge="0" rebuychips="0" reg_code="5048630266"/>
<player seat="3" name="Rakki" chips="500" dealer="1" win="0" bet="40" muck="1" rebuy="0" addon="0" merge="0" rebuychips="0" reg_code="5048629547"/>
<player seat="6" name="theMaltese" chips="500" dealer="0" win="0" bet="40" muck="1" rebuy="0" addon="0" merge="0" rebuychips="0" reg_code="5048630234"/>
</players>
</general>
<round no="0"><action no="1" player="theMaltese" type="1" discard="1" dealt="1" sum="10"/>
<action no="2" player="Conejo12" type="2" discard="1" dealt="1" sum="20"/>
</round>
<round no="1"><cards type="Pocket" player="Conejo12">X X</cards>
<cards type="Pocket" player="theMaltese">X X</cards>
<cards type="Pocket" player="Rakki">S6 S10</cards>
<action no="3" player="Rakki" type="23" sum="40"/>
<action no="4" player="theMaltese" type="3" discard="1" dealt="1" sum="30"/>
<action no="5" player="Conejo12" type="23" discard="1" dealt="1" sum="500"/>
<action no="6" player="Rakki" type="0" sum="0"/>
<action no="7" player="theMaltese" type="0" discard="1" dealt="1" sum="0"/>
</round>
</game>
<game gamecode="6433552961"><general><startdate>2025-07-20 16:52:12</startdate>
<round>1</round>
<failsafecounter/>
<players><player seat="3" name="Rakki" chips="460" dealer="0" win="20" bet="20" muck="1" rebuy="0" addon="0" merge="0" rebuychips="0" reg_code="5048629547"/>
<player seat="6" name="theMaltese" chips="460" dealer="1" win="0" bet="0" muck="1" rebuy="0" addon="0" merge="0" rebuychips="0" reg_code="5048630234"/>
<player seat="10" name="Conejo12" chips="580" dealer="0" win="0" bet="10" muck="1" rebuy="0" addon="0" merge="0" rebuychips="0" reg_code="5048630266"/>
</players>
</general>
<round no="0"><action no="1" player="Conejo12" type="1" discard="1" dealt="1" sum="10"/>
<action no="2" player="Rakki" type="2" sum="20"/>
</round>
<round no="1"><cards type="Pocket" player="Rakki">DK C3</cards>
<cards type="Pocket" player="theMaltese">X X</cards>
<cards type="Pocket" player="Conejo12">X X</cards>
<action no="3" player="theMaltese" type="0" discard="1" dealt="1" sum="0"/>
<action no="4" player="Conejo12" type="0" discard="1" dealt="1" sum="0"/>
</round>
</game>
<game gamecode="6433552975"><general><startdate>2025-07-20 16:52:23</startdate>
<round>1</round>
<failsafecounter/>
<players><player seat="6" name="theMaltese" chips="460" dealer="0" win="340" bet="165" muck="0" rebuy="0" addon="0" merge="0" rebuychips="0" reg_code="5048630234"/>
<player seat="10" name="Conejo12" chips="570" dealer="1" win="0" bet="165" muck="1" rebuy="0" addon="0" merge="0" rebuychips="0" reg_code="5048630266"/>
<player seat="3" name="Rakki" chips="470" dealer="0" win="0" bet="10" muck="1" rebuy="0" addon="0" merge="0" rebuychips="0" reg_code="5048629547"/>
</players>
</general>
<round no="0"><action no="1" player="Rakki" type="1" sum="10"/>
<action no="2" player="theMaltese" type="2" discard="1" dealt="1" sum="20"/>
</round>
<round no="1"><cards type="Pocket" player="theMaltese">HJ H4</cards>
<cards type="Pocket" player="Conejo12">D10 H10</cards>
<cards type="Pocket" player="Rakki">DQ S6</cards>
<action no="3" player="Conejo12" type="23" discard="1" dealt="1" sum="40"/>
<action no="4" player="Rakki" type="0" sum="0"/>
<action no="5" player="theMaltese" type="3" discard="1" dealt="1" sum="20"/>
</round>
<round no="2"><cards type="Flop">H3 S4 CJ</cards>
<action no="6" player="theMaltese" type="4" discard="1" dealt="1" sum="0"/>
<action no="7" player="Conejo12" type="4" discard="1" dealt="1" sum="0"/>
</round>
<round no="3"><cards type="Turn">S7</cards>
<action no="8" player="theMaltese" type="5" discard="1" dealt="1" sum="40"/>
<action no="9" player="Conejo12" type="3" discard="1" dealt="1" sum="40"/>
</round>
<round no="4"><cards type="River">C2</cards>
<action no="10" player="theMaltese" type="5" discard="1" dealt="1" sum="85"/>
<action no="11" player="Conejo12" type="3" discard="1" dealt="1" sum="85"/>
</round>
</game>
<game gamecode="6433553005"><general><startdate>2025-07-20 16:52:48</startdate>
<round>1</round>
<failsafecounter/>
<players><player seat="10" name="Conejo12" chips="405" dealer="0" win="0" bet="20" muck="1" rebuy="0" addon="0" merge="0" rebuychips="0" reg_code="5048630266"/>
<player seat="3" name="Rakki" chips="460" dealer="1" win="0" bet="80" muck="1" rebuy="0" addon="0" merge="0" rebuychips="0" reg_code="5048629547"/>
<player seat="6" name="theMaltese" chips="635" dealer="0" win="180" bet="635" muck="1" rebuy="0" addon="0" merge="0" rebuychips="0" reg_code="5048630234"/>
</players>
</general>
<round no="0"><action no="1" player="theMaltese" type="1" discard="1" dealt="1" sum="10"/>
<action no="2" player="Conejo12" type="2" discard="1" dealt="1" sum="20"/>
</round>
<round no="1"><cards type="Pocket" player="theMaltese">X X</cards>
<cards type="Pocket" player="Rakki">S9 DJ</cards>
<cards type="Pocket" player="Conejo12">X X</cards>
<action no="3" player="Rakki" type="23" sum="40"/>
<action no="4" player="theMaltese" type="23" discard="1" dealt="1" sum="80"/>
<action no="5" player="Conejo12" type="0" discard="1" dealt="1" sum="0"/>
<action no="6" player="Rakki" type="3" sum="40"/>
</round>
<round no="2"><cards type="Flop">C3 H2 C5</cards>
<action no="7" player="theMaltese" type="5" discard="1" dealt="1" sum="555"/>
<action no="8" player="Rakki" type="0" sum="0"/>
</round>
</game>
<game gamecode="6433553027"><general><startdate>2025-07-20 16:53:02</startdate>
<round>1</round>
<failsafecounter/>
<players><player seat="3" name="Rakki" chips="380" dealer="0" win="80" bet="380" muck="1" rebuy="0" addon="0" merge="0" rebuychips="0" reg_code="5048629547"/>
<player seat="6" name="theMaltese" chips="735" dealer="1" win="0" bet="0" muck="1" rebuy="0" addon="0" merge="0" rebuychips="0" reg_code="5048630234"/>
<player seat="10" name="Conejo12" chips="385" dealer="0" win="0" bet="40" muck="1" rebuy="0" addon="0" merge="0" rebuychips="0" reg_code="5048630266"/>
</players>
</general>
<round no="0"><action no="1" player="Conejo12" type="1" discard="1" dealt="1" sum="10"/>
<action no="2" player="Rakki" type="2" sum="20"/>
</round>
<round no="1"><cards type="Pocket" player="Rakki">D10 CA</cards>
<cards type="Pocket" player="theMaltese">X X</cards>
<cards type="Pocket" player="Conejo12">X X</cards>
<action no="3" player="theMaltese" type="0" discard="1" dealt="1" sum="0"/>
<action no="4" player="Conejo12" type="23" discard="1" dealt="1" sum="40"/>
<action no="5" player="Rakki" type="23" sum="380"/>
<action no="6" player="Conejo12" type="0" discard="1" dealt="1" sum="0"/>
</round>
</game>
<game gamecode="6433553055"><general><startdate>2025-07-20 16:53:19</startdate>
<round>1</round>
<failsafecounter/>
<players><player seat="6" name="theMaltese" chips="735" dealer="0" win="80" bet="80" muck="1" rebuy="0" addon="0" merge="0" rebuychips="0" reg_code="5048630234"/>
<player seat="10" name="Conejo12" chips="345" dealer="1" win="0" bet="0" muck="1" rebuy="0" addon="0" merge="0" rebuychips="0" reg_code="5048630266"/>
<player seat="3" name="Rakki" chips="420" dealer="0" win="0" bet="40" muck="1" rebuy="0" addon="0" merge="0" rebuychips="0" reg_code="5048629547"/>
</players>
</general>
<round no="0"><action no="1" player="Rakki" type="1" sum="10"/>
<action no="2" player="theMaltese" type="2" discard="1" dealt="1" sum="20"/>
</round>
<round no="1"><cards type="Pocket" player="Rakki">D7 C6</cards>
<cards type="Pocket" player="theMaltese">X X</cards>
<cards type="Pocket" player="Conejo12">X X</cards>
<action no="3" player="Conejo12" type="0" discard="1" dealt="1" sum="0"/>
<action no="4" player="Rakki" type="3" sum="10"/>
<action no="5" player="theMaltese" type="23" discard="1" dealt="1" sum="40"/>
<action no="6" player="Rakki" type="3" sum="20"/>
</round>
<round no="2"><cards type="Flop">C10 DK D3</cards>
<action no="7" player="Rakki" type="4" sum="0"/>
<action no="8" player="theMaltese" type="5" discard="1" dealt="1" sum="40"/>
<action no="9" player="Rakki" type="0" sum="0"/>
</round>
</game>
<game gamecode="6433553076"><general><startdate>2025-07-20 16:53:32</startdate>
<round>1</round>
<failsafecounter/>
<players><player seat="10" name="Conejo12" chips="345" dealer="0" win="75" bet="110" muck="1" rebuy="0" addon="0" merge="0" rebuychips="0" reg_code="5048630266"/>
<player seat="3" name="Rakki" chips="380" dealer="1" win="0" bet="5" muck="1" rebuy="0" addon="0" merge="0" rebuychips="0" reg_code="5048629547"/>
<player seat="6" name="theMaltese" chips="775" dealer="0" win="0" bet="35" muck="1" rebuy="0" addon="0" merge="0" rebuychips="0" reg_code="5048630234"/>
</players>
</general>
<round no="0"><action no="1" player="theMaltese" type="15" discard="1" dealt="1" sum="5"/>
<action no="2" player="Conejo12" type="15" discard="1" dealt="1" sum="5"/>
<action no="3" player="Rakki" type="15" sum="5"/>
<action no="4" player="theMaltese" type="1" discard="1" dealt="1" sum="15"/>
<action no="5" player="Conejo12" type="2" discard="1" dealt="1" sum="30"/>
</round>
<round no="1"><cards type="Pocket" player="Rakki">SQ C9</cards>
<cards type="Pocket" player="theMaltese">X X</cards>
<cards type="Pocket" player="Conejo12">X X</cards>
<action no="6" player="Rakki" type="0" sum="0"/>
<action no="7" player="theMaltese" type="3" discard="1" dealt="1" sum="15"/>
<action no="8" player="Conejo12" type="4" discard="1" dealt="1" sum="0"/>
</round>
<round no="2"><cards type="Flop">C6 S9 D4</cards>
<action no="9" player="theMaltese" type="4" discard="1" dealt="1" sum="0"/>
<action no="10" player="Conejo12" type="5" discard="1" dealt="1" sum="75"/>
<action no="11" player="theMaltese" type="0" discard="1" dealt="1" sum="0"/>
</round>
</game>
<game gamecode="6433553093"><general><startdate>2025-07-20 16:53:48</startdate>
<round>1</round>
<failsafecounter/>
<players><player seat="3" name="Rakki" chips="375" dealer="0" win="0" bet="35" muck="1" rebuy="0" addon="0" merge="0" rebuychips="0" reg_code="5048629547"/>
<player seat="6" name="theMaltese" chips="740" dealer="1" win="805" bet="740" muck="0" rebuy="0" addon="0" merge="0" rebuychips="0" reg_code="5048630234"/>
<player seat="10" name="Conejo12" chips="385" dealer="0" win="0" bet="385" muck="1" rebuy="0" addon="0" merge="0" rebuychips="0" reg_code="5048630266"/>
</players>
</general>
<round no="0"><action no="1" player="Conejo12" type="15" discard="1" dealt="1" sum="5"/>
<action no="2" player="Rakki" type="15" sum="5"/>
<action no="3" player="theMaltese" type="15" discard="1" dealt="1" sum="5"/>
<action no="4" player="Conejo12" type="1" discard="1" dealt="1" sum="15"/>
<action no="5" player="Rakki" type="2" sum="30"/>
</round>
<round no="1"><cards type="Pocket" player="theMaltese">DA CK</cards>
<cards type="Pocket" player="Conejo12">CQ SA</cards>
<cards type="Pocket" player="Rakki">D3 CA</cards>
<action no="6" player="theMaltese" type="3" discard="1" dealt="1" sum="30"/>
<action no="7" player="Conejo12" type="23" discard="1" dealt="1" sum="120"/>
<action no="8" player="Rakki" type="0" sum="0"/>
<action no="9" player="theMaltese" type="23" discard="1" dealt="1" sum="735"/>
<action no="10" player="Conejo12" type="7" discard="1" dealt="1" sum="260"/>
</round>
<round no="2"><cards type="Flop">H7 D9 CJ</cards>
</round>
<round no="3"><cards type="Turn">S4</cards>
</round>
<round no="4"><cards type="River">C9</cards>
</round>
</game>
<game gamecode="6433553122"><general><startdate>2025-07-20 16:54:09</startdate>
<round>1</round>
<failsafecounter/>
<players><player seat="6" name="theMaltese" chips="1,160" dealer="0" win="70" bet="1,160" muck="1" rebuy="0" addon="0" merge="0" rebuychips="0" reg_code="5048630234"/>
<player seat="3" name="Rakki" chips="340" dealer="1" win="0" bet="35" muck="1" rebuy="0" addon="0" merge="0" rebuychips="0" reg_code="5048629547"/>
</players>
</general>
<round no="0"><action no="1" player="Rakki" type="15" sum="5"/>
<action no="2" player="theMaltese" type="15" discard="1" dealt="1" sum="5"/>
<action no="3" player="Rakki" type="1" sum="15"/>
<action no="4" player="theMaltese" type="2" discard="1" dealt="1" sum="30"/>
</round>
<round no="1"><cards type="Pocket" player="theMaltese">X X</cards>
<cards type="Pocket" player="Rakki">HK S5</cards>
<action no="5" player="Rakki" type="3" sum="15"/>
<action no="6" player="theMaltese" type="23" discard="1" dealt="1" sum="1,155"/>
<action no="7" player="Rakki" type="0" sum="0"/>
</round>
</game>
<game gamecode="6433553132"><general><startdate>2025-07-20 16:54:17</startdate>
<round>1</round>
<failsafecounter/>
<players><player seat="3" name="Rakki" chips="305" dealer="0" win="0" bet="35" muck="1" rebuy="0" addon="0" merge="0" rebuychips="0" reg_code="5048629547"/>
<player seat="6" name="theMaltese" chips="1,195" dealer="1" win="70" bet="65" muck="1" rebuy="0" addon="0" merge="0" rebuychips="0" reg_code="5048630234"/>
</players>
</general>
<round no="0"><action no="1" player="theMaltese" type="15" discard="1" dealt="1" sum="5"/>
<action no="2" player="Rakki" type="15" sum="5"/>
<action no="3" player="theMaltese" type="1" discard="1" dealt="1" sum="15"/>
<action no="4" player="Rakki" type="2" sum="30"/>
</round>
<round no="1"><cards type="Pocket" player="theMaltese">X X</cards>
<cards type="Pocket" player="Rakki">CQ S5</cards>
<action no="5" player="theMaltese" type="3" discard="1" dealt="1" sum="15"/>
<action no="6" player="Rakki" type="4" sum="0"/>
</round>
<round no="2"><cards type="Flop">CK D7 D2</cards>
<action no="7" player="Rakki" type="4" sum="0"/>
<action no="8" player="theMaltese" type="5" discard="1" dealt="1" sum="30"/>
<action no="9" player="Rakki" type="0" sum="0"/>
</round>
</game>
<game gamecode="6433553140"><general><startdate>2025-07-20 16:54:26</startdate>
<round>1</round>
<failsafecounter/>
<players><player seat="6" name="theMaltese" chips="1,230" dealer="0" win="0" bet="155" muck="0" rebuy="0" addon="0" merge="0" rebuychips="0" reg_code="5048630234"/>
<player seat="3" name="Rakki" chips="270" dealer="1" win="310" bet="155" muck="0" rebuy="0" addon="0" merge="0" rebuychips="0" reg_code="5048629547"/>
</players>
</general>
<round no="0"><action no="1" player="Rakki" type="15" sum="5"/>
<action no="2" player="theMaltese" type="15" discard="1" dealt="1" sum="5"/>
<action no="3" player="Rakki" type="1" sum="15"/>
<action no="4" player="theMaltese" type="2" discard="1" dealt="1" sum="30"/>
</round>
<round no="1"><cards type="Pocket" player="Rakki">CJ CQ</cards>
<cards type="Pocket" player="theMaltese">H7 HJ</cards>
<action no="5" player="Rakki" type="3" sum="15"/>
<action no="6" player="theMaltese" type="4" discard="1" dealt="1" sum="0"/>
</round>
<round no="2"><cards type="Flop">SA D9 C3</cards>
<action no="7" player="theMaltese" type="4" discard="1" dealt="1" sum="0"/>
<action no="8" player="Rakki" type="4" sum="0"/>
</round>
<round no="3"><cards type="Turn">S6</cards>
<action no="9" player="theMaltese" type="5" discard="1" dealt="1" sum="30"/>
<action no="10" player="Rakki" type="3" sum="30"/>
</round>
<round no="4"><cards type="River">C9</cards>
<action no="11" player="theMaltese" type="5" discard="1" dealt="1" sum="90"/>
<action no="12" player="Rakki" type="3" sum="90"/>
</round>
</game>
<game gamecode="6433553158"><general><startdate>2025-07-20 16:54:39</startdate>
<round>1</round>
<failsafecounter/>
<players><player seat="3" name="Rakki" chips="425" dealer="0" win="190" bet="95" muck="0" rebuy="0" addon="0" merge="0" rebuychips="0" reg_code="5048629547"/>
<player seat="6" name="theMaltese" chips="1,075" dealer="1" win="0" bet="95" muck="1" rebuy="0" addon="0" merge="0" rebuychips="0" reg_code="5048630234"/>
</players>
</general>
<round no="0"><action no="1" player="theMaltese" type="15" discard="1" dealt="1" sum="5"/>
<action no="2" player="Rakki" type="15" sum="5"/>
<action no="3" player="theMaltese" type="1" discard="1" dealt="1" sum="15"/>
<action no="4" player="Rakki" type="2" sum="30"/>
</round>
<round no="1"><cards type="Pocket" player="Rakki">D7 H10</cards>
<cards type="Pocket" player="theMaltese">H2 C5</cards>
<action no="5" player="theMaltese" type="3" discard="1" dealt="1" sum="15"/>
<action no="6" player="Rakki" type="4" sum="0"/>
</round>
<round no="2"><cards type="Flop">C7 CQ D5</cards>
<action no="7" player="Rakki" type="4" sum="0"/>
<action no="8" player="theMaltese" type="5" discard="1" dealt="1" sum="30"/>
<action no="9" player="Rakki" type="3" sum="30"/>
</round>
<round no="3"><cards type="Turn">H8</cards>
<action no="10" player="Rakki" type="4" sum="0"/>
<action no="11" player="theMaltese" type="5" discard="1" dealt="1" sum="30"/>
<action no="12" player="Rakki" type="3" sum="30"/>
</round>
<round no="4"><cards type="River">D9</cards>
<action no="13" player="Rakki" type="4" sum="0"/>
<action no="14" player="theMaltese" type="4" discard="1" dealt="1" sum="0"/>
</round>
</game>
<game gamecode="6433553188"><general><startdate>2025-07-20 16:54:54</startdate>
<round>1</round>
<failsafecounter/>
<players><player seat="6" name="theMaltese" chips="980" dealer="0" win="0" bet="520" muck="1" rebuy="0" addon="0" merge="0" rebuychips="0" reg_code="5048630234"/>
<player seat="3" name="Rakki" chips="520" dealer="1" win="1,040" bet="520" muck="0" rebuy="0" addon="0" merge="0" rebuychips="0" reg_code="5048629547"/>
</players>
</general>
<round no="0"><action no="1" player="Rakki" type="15" sum="5"/>
<action no="2" player="theMaltese" type="15" discard="1" dealt="1" sum="5"/>
<action no="3" player="Rakki" type="1" sum="15"/>
<action no="4" player="theMaltese" type="2" discard="1" dealt="1" sum="30"/>
</round>
<round no="1"><cards type="Pocket" player="Rakki">CQ HA</cards>
<cards type="Pocket" player="theMaltese">H10 SK</cards>
<action no="5" player="Rakki" type="3" sum="15"/>
<action no="6" player="theMaltese" type="23" discard="1" dealt="1" sum="60"/>
<action no="7" player="Rakki" type="23" sum="515"/>
<action no="8" player="theMaltese" type="3" discard="1" dealt="1" sum="455"/>
</round>
<round no="2"><cards type="Flop">C2 S10 D6</cards>
</round>
<round no="3"><cards type="Turn">CA</cards>
</round>
<round no="4"><cards type="River">C9</cards>
</round>
</game>
<game gamecode="6433561888"><general><startdate>2025-07-20 16:55:10</startdate>
<round>1</round>
<failsafecounter/>
<players><player seat="3" name="Rakki" chips="1,040" dealer="0" win="0" bet="35" muck="1" rebuy="0" addon="0" merge="0" rebuychips="0" reg_code="5048629547"/>
<player seat="6" name="theMaltese" chips="460" dealer="1" win="70" bet="65" muck="1" rebuy="0" addon="0" merge="0" rebuychips="0" reg_code="5048630234"/>
</players>
</general>
<round no="0"><action no="1" player="theMaltese" type="15" discard="1" dealt="1" sum="5"/>
<action no="2" player="Rakki" type="15" sum="5"/>
<action no="3" player="theMaltese" type="1" discard="1" dealt="1" sum="15"/>
<action no="4" player="Rakki" type="2" sum="30"/>
</round>
<round no="1"><cards type="Pocket" player="theMaltese">X X</cards>
<cards type="Pocket" player="Rakki">DQ S2</cards>
<action no="5" player="theMaltese" type="23" discard="1" dealt="1" sum="60"/>
<action no="6" player="Rakki" type="0" sum="0"/>
</round>
</game>
<game gamecode="6433561898"><general><startdate>2025-07-20 16:55:17</startdate>
<round>1</round>
<failsafecounter/>
<players><player seat="6" name="theMaltese" chips="495" dealer="0" win="0" bet="495" muck="1" rebuy="0" addon="0" merge="0" rebuychips="0" reg_code="5048630234"/>
<player seat="3" name="Rakki" chips="1,005" dealer="1" win="990" bet="1,005" muck="0" rebuy="0" addon="0" merge="0" rebuychips="0" reg_code="5048629547"/>
</players>
</general>
<round no="0"><action no="1" player="Rakki" type="15" sum="5"/>
<action no="2" player="theMaltese" type="15" discard="1" dealt="1" sum="5"/>
<action no="3" player="Rakki" type="1" sum="20"/>
<action no="4" player="theMaltese" type="2" discard="1" dealt="1" sum="40"/>
</round>
<round no="1"><cards type="Pocket" player="theMaltese">SA H7</cards>
<cards type="Pocket" player="Rakki">C4 DA</cards>
<action no="5" player="Rakki" type="23" sum="1,000"/>
<action no="6" player="theMaltese" type="7" discard="1" dealt="1" sum="450"/>
</round>
<round no="2"><cards type="Flop">D4 H6 CJ</cards>
</round>
<round no="3"><cards type="Turn">SJ</cards>
</round>
<round no="4"><cards type="River">D3</cards>
</round>
</game>
</session>
