<?xml version="1.0" encoding="UTF-8"?>
<session sessioncode="5048628180">
<general>
<client_version>25.1.1.16</client_version>
<mode>real</mode>
<gametype>Holdem NL</gametype>
<tablename>Twister €100 SNG, 814312094</tablename>
<tournamentcode>814312093</tournamentcode>
<tournamentname>Twister €100 SNG</tournamentname>
<buyin>€0 + €7 + €93</buyin>
<totalbuyin>€100</totalbuyin>
<rewarddrawn>€300</rewarddrawn>
<tournamentcurrency>EUR</tournamentcurrency>
<currency>EUR</currency>
<nickname>Rakki</nickname>
<gamecount>19</gamecount>
<startdate>2025-07-20 16:44:34</startdate>
<place>3</place>
<win>€0</win>
<tablesize>3</tablesize>
</general>
<game gamecode="6433552232"><general><startdate>2025-07-20 16:44:49</startdate>
<round>1</round>
<failsafecounter/>
<players><player seat="10" name="theMaltese" chips="500" dealer="0" win="160" bet="140" muck="1" rebuy="0" addon="0" merge="0" rebuychips="0" reg_code="5048628743"/>
<player seat="3" name="Rakki" chips="500" dealer="1" win="0" bet="40" muck="1" rebuy="0" addon="0" merge="0" rebuychips="0" reg_code="5048628180"/>
<player seat="6" name="Gianmy260690" chips="500" dealer="0" win="0" bet="60" muck="1" rebuy="0" addon="0" merge="0" rebuychips="0" reg_code="5048628571"/>
</players>
</general>
<round no="0"><action no="1" player="Gianmy260690" type="1" discard="1" dealt="1" sum="10"/>
<action no="2" player="theMaltese" type="2" discard="1" dealt="1" sum="20"/>
</round>
<round no="1"><cards type="Pocket" player="theMaltese">X X</cards>
<cards type="Pocket" player="Rakki">SK S6</cards>
<cards type="Pocket" player="Gianmy260690">X X</cards>
<action no="3" player="Rakki" type="23" sum="40"/>
<action no="4" player="Gianmy260690" type="3" discard="1" dealt="1" sum="30"/>
<action no="5" player="theMaltese" type="3" discard="1" dealt="1" sum="20"/>
</round>
<round no="2"><cards type="Flop">H5 HJ D8</cards>
<action no="6" player="Gianmy260690" type="4" discard="1" dealt="1" sum="0"/>
<action no="7" player="theMaltese" type="5" discard="1" dealt="1" sum="20"/>
<action no="8" player="Rakki" type="0" sum="0"/>
<action no="9" player="Gianmy260690" type="3" discard="1" dealt="1" sum="20"/>
</round>
<round no="3"><cards type="Turn">C7</cards>
<action no="10" player="Gianmy260690" type="4" discard="1" dealt="1" sum="0"/>
<action no="11" player="theMaltese" type="5" discard="1" dealt="1" sum="80"/>
<action no="12" player="Gianmy260690" type="0" discard="1" dealt="1" sum="0"/>
</round>
</game>
<game gamecode="6433552275"><general><startdate>2025-07-20 16:45:14</startdate>
<round>1</round>
<failsafecounter/>
<players><player seat="3" name="Rakki" chips="460" dealer="0" win="0" bet="20" muck="1" rebuy="0" addon="0" merge="0" rebuychips="0" reg_code="5048628180"/>
<player seat="6" name="Gianmy260690" chips="440" dealer="1" win="440" bet="210" muck="0" rebuy="0" addon="0" merge="0" rebuychips="0" reg_code="5048628571"/>
<player seat="10" name="theMaltese" chips="600" dealer="0" win="0" bet="210" muck="1" rebuy="0" addon="0" merge="0" rebuychips="0" reg_code="5048628743"/>
</players>
</general>
<round no="0"><action no="1" player="theMaltese" type="1" discard="1" dealt="1" sum="10"/>
<action no="2" player="Rakki" type="2" sum="20"/>
</round>
<round no="1"><cards type="Pocket" player="theMaltese">SK C7</cards>
<cards type="Pocket" player="Rakki">DK H4</cards>
<cards type="Pocket" player="Gianmy260690">H9 H8</cards>
<action no="3" player="Gianmy260690" type="3" discard="1" dealt="1" sum="20"/>
<action no="4" player="theMaltese" type="3" discard="1" dealt="1" sum="10"/>
<action no="5" player="Rakki" type="4" sum="0"/>
</round>
<round no="2"><cards type="Flop">S7 S2 C8</cards>
<action no="6" player="theMaltese" type="5" discard="1" dealt="1" sum="20"/>
<action no="7" player="Rakki" type="0" sum="0"/>
<action no="8" player="Gianmy260690" type="23" discard="1" dealt="1" sum="80"/>
<action no="9" player="theMaltese" type="3" discard="1" dealt="1" sum="60"/>
</round>
<round no="3"><cards type="Turn">C10</cards>
<action no="10" player="theMaltese" type="4" discard="1" dealt="1" sum="0"/>
<action no="11" player="Gianmy260690" type="5" discard="1" dealt="1" sum="110"/>
<action no="12" player="theMaltese" type="3" discard="1" dealt="1" sum="110"/>
</round>
<round no="4"><cards type="River">S10</cards>
<action no="13" player="theMaltese" type="4" discard="1" dealt="1" sum="0"/>
<action no="14" player="Gianmy260690" type="4" discard="1" dealt="1" sum="0"/>
</round>
</game>
<game gamecode="6433552312"><general><startdate>2025-07-20 16:45:35</startdate>
<round>1</round>
<failsafecounter/>
<players><player seat="6" name="Gianmy260690" chips="670" dealer="0" win="0" bet="40" muck="1" rebuy="0" addon="0" merge="0" rebuychips="0" reg_code="5048628571"/>
<player seat="10" name="theMaltese" chips="390" dealer="1" win="100" bet="80" muck="1" rebuy="0" addon="0" merge="0" rebuychips="0" reg_code="5048628743"/>
<player seat="3" name="Rakki" chips="440" dealer="0" win="0" bet="20" muck="1" rebuy="0" addon="0" merge="0" rebuychips="0" reg_code="5048628180"/>
</players>
</general>
<round no="0"><action no="1" player="Rakki" type="1" sum="10"/>
<action no="2" player="Gianmy260690" type="2" discard="1" dealt="1" sum="20"/>
</round>
<round no="1"><cards type="Pocket" player="Rakki">D9 S8</cards>
<cards type="Pocket" player="Gianmy260690">X X</cards>
<cards type="Pocket" player="theMaltese">X X</cards>
<action no="3" player="theMaltese" type="3" discard="1" dealt="1" sum="20"/>
<action no="4" player="Rakki" type="3" sum="10"/>
<action no="5" player="Gianmy260690" type="4" discard="1" dealt="1" sum="0"/>
</round>
<round no="2"><cards type="Flop">D8 H2 S3</cards>
<action no="6" player="Rakki" type="4" sum="0"/>
<action no="7" player="Gianmy260690" type="4" discard="1" dealt="1" sum="0"/>
<action no="8" player="theMaltese" type="5" discard="1" dealt="1" sum="20"/>
<action no="9" player="Rakki" type="0" sum="0"/>
<action no="10" player="Gianmy260690" type="3" discard="1" dealt="1" sum="20"/>
</round>
<round no="3"><cards type="Turn">CQ</cards>
<action no="11" player="Gianmy260690" type="4" discard="1" dealt="1" sum="0"/>
<action no="12" player="theMaltese" type="5" discard="1" dealt="1" sum="40"/>
<action no="13" player="Gianmy260690" type="0" discard="1" dealt="1" sum="0"/>
</round>
</game>
<game gamecode="6433552360"><general><startdate>2025-07-20 16:46:09</startdate>
<round>1</round>
<failsafecounter/>
<players><player seat="10" name="theMaltese" chips="450" dealer="0" win="120" bet="80" muck="1" rebuy="0" addon="0" merge="0" rebuychips="0" reg_code="5048628743"/>
<player seat="3" name="Rakki" chips="420" dealer="1" win="0" bet="0" muck="1" rebuy="0" addon="0" merge="0" rebuychips="0" reg_code="5048628180"/>
<player seat="6" name="Gianmy260690" chips="630" dealer="0" win="0" bet="60" muck="1" rebuy="0" addon="0" merge="0" rebuychips="0" reg_code="5048628571"/>
</players>
</general>
<round no="0"><action no="1" player="Gianmy260690" type="1" discard="1" dealt="1" sum="10"/>
<action no="2" player="theMaltese" type="2" discard="1" dealt="1" sum="20"/>
</round>
<round no="1"><cards type="Pocket" player="theMaltese">X X</cards>
<cards type="Pocket" player="Rakki">C6 HQ</cards>
<cards type="Pocket" player="Gianmy260690">X X</cards>
<action no="3" player="Rakki" type="0" sum="0"/>
<action no="4" player="Gianmy260690" type="3" discard="1" dealt="1" sum="10"/>
<action no="5" player="theMaltese" type="23" discard="1" dealt="1" sum="40"/>
<action no="6" player="Gianmy260690" type="3" discard="1" dealt="1" sum="20"/>
</round>
<round no="2"><cards type="Flop">DA C7 SA</cards>
<action no="7" player="Gianmy260690" type="4" discard="1" dealt="1" sum="0"/>
<action no="8" player="theMaltese" type="5" discard="1" dealt="1" sum="20"/>
<action no="9" player="Gianmy260690" type="3" discard="1" dealt="1" sum="20"/>
</round>
<round no="3"><cards type="Turn">SJ</cards>
<action no="10" player="Gianmy260690" type="4" discard="1" dealt="1" sum="0"/>
<action no="11" player="theMaltese" type="5" discard="1" dealt="1" sum="20"/>
<action no="12" player="Gianmy260690" type="0" discard="1" dealt="1" sum="0"/>
</round>
</game>
<game gamecode="6433552396"><general><startdate>2025-07-20 16:46:30</startdate>
<round>1</round>
<failsafecounter/>
<players><player seat="3" name="Rakki" chips="420" dealer="0" win="0" bet="35" muck="1" rebuy="0" addon="0" merge="0" rebuychips="0" reg_code="5048628180"/>
<player seat="6" name="Gianmy260690" chips="570" dealer="1" win="105" bet="95" muck="1" rebuy="0" addon="0" merge="0" rebuychips="0" reg_code="5048628571"/>
<player seat="10" name="theMaltese" chips="510" dealer="0" win="0" bet="35" muck="1" rebuy="0" addon="0" merge="0" rebuychips="0" reg_code="5048628743"/>
</players>
</general>
<round no="0"><action no="1" player="theMaltese" type="15" discard="1" dealt="1" sum="5"/>
<action no="2" player="Rakki" type="15" sum="5"/>
<action no="3" player="Gianmy260690" type="15" discard="1" dealt="1" sum="5"/>
<action no="4" player="theMaltese" type="1" discard="1" dealt="1" sum="15"/>
<action no="5" player="Rakki" type="2" sum="30"/>
</round>
<round no="1"><cards type="Pocket" player="Rakki">SQ C4</cards>
<cards type="Pocket" player="Gianmy260690">X X</cards>
<cards type="Pocket" player="theMaltese">X X</cards>
<action no="6" player="Gianmy260690" type="3" discard="1" dealt="1" sum="30"/>
<action no="7" player="theMaltese" type="3" discard="1" dealt="1" sum="15"/>
<action no="8" player="Rakki" type="4" sum="0"/>
</round>
<round no="2"><cards type="Flop">C8 D2 S9</cards>
<action no="9" player="theMaltese" type="4" discard="1" dealt="1" sum="0"/>
<action no="10" player="Rakki" type="4" sum="0"/>
<action no="11" player="Gianmy260690" type="5" discard="1" dealt="1" sum="60"/>
<action no="12" player="theMaltese" type="0" discard="1" dealt="1" sum="0"/>
<action no="13" player="Rakki" type="0" sum="0"/>
</round>
</game>
<game gamecode="6433552430"><general><startdate>2025-07-20 16:46:50</startdate>
<round>1</round>
<failsafecounter/>
<players><player seat="6" name="Gianmy260690" chips="640" dealer="0" win="0" bet="65" muck="1" rebuy="0" addon="0" merge="0" rebuychips="0" reg_code="5048628571"/>
<player seat="10" name="theMaltese" chips="475" dealer="1" win="0" bet="155" muck="1" rebuy="0" addon="0" merge="0" rebuychips="0" reg_code="5048628743"/>
<player seat="3" name="Rakki" chips="385" dealer="0" win="375" bet="155" muck="0" rebuy="0" addon="0" merge="0" rebuychips="0" reg_code="5048628180"/>
</players>
</general>
<round no="0"><action no="1" player="Rakki" type="15" sum="5"/>
<action no="2" player="Gianmy260690" type="15" discard="1" dealt="1" sum="5"/>
<action no="3" player="theMaltese" type="15" discard="1" dealt="1" sum="5"/>
<action no="4" player="Rakki" type="1" sum="15"/>
<action no="5" player="Gianmy260690" type="2" discard="1" dealt="1" sum="30"/>
</round>
<round no="1"><cards type="Pocket" player="Rakki">CJ H9</cards>
<cards type="Pocket" player="Gianmy260690">X X</cards>
<cards type="Pocket" player="theMaltese">H8 D10</cards>
<action no="6" player="theMaltese" type="3" discard="1" dealt="1" sum="30"/>
<action no="7" player="Rakki" type="3" sum="15"/>
<action no="8" player="Gianmy260690" type="4" discard="1" dealt="1" sum="0"/>
</round>
<round no="2"><cards type="Flop">CQ H2 SJ</cards>
<action no="9" player="Rakki" type="4" sum="0"/>
<action no="10" player="Gianmy260690" type="4" discard="1" dealt="1" sum="0"/>
<action no="11" player="theMaltese" type="5" discard="1" dealt="1" sum="30"/>
<action no="12" player="Rakki" type="3" sum="30"/>
<action no="13" player="Gianmy260690" type="3" discard="1" dealt="1" sum="30"/>
</round>
<round no="3"><cards type="Turn">DQ</cards>
<action no="14" player="Rakki" type="4" sum="0"/>
<action no="15" player="Gianmy260690" type="4" discard="1" dealt="1" sum="0"/>
<action no="16" player="theMaltese" type="5" discard="1" dealt="1" sum="90"/>
<action no="17" player="Rakki" type="3" sum="90"/>
<action no="18" player="Gianmy260690" type="0" discard="1" dealt="1" sum="0"/>
</round>
<round no="4"><cards type="River">H3</cards>
<action no="19" player="Rakki" type="4" sum="0"/>
<action no="20" player="theMaltese" type="4" discard="1" dealt="1" sum="0"/>
</round>
</game>
<game gamecode="6433552470"><general><startdate>2025-07-20 16:47:15</startdate>
<round>1</round>
<failsafecounter/>
<players><player seat="10" name="theMaltese" chips="320" dealer="0" win="0" bet="35" muck="1" rebuy="0" addon="0" merge="0" rebuychips="0" reg_code="5048628743"/>
<player seat="3" name="Rakki" chips="605" dealer="1" win="0" bet="65" muck="1" rebuy="0" addon="0" merge="0" rebuychips="0" reg_code="5048628180"/>
<player seat="6" name="Gianmy260690" chips="575" dealer="0" win="165" bet="575" muck="1" rebuy="0" addon="0" merge="0" rebuychips="0" reg_code="5048628571"/>
</players>
</general>
<round no="0"><action no="1" player="Gianmy260690" type="15" discard="1" dealt="1" sum="5"/>
<action no="2" player="theMaltese" type="15" discard="1" dealt="1" sum="5"/>
<action no="3" player="Rakki" type="15" sum="5"/>
<action no="4" player="Gianmy260690" type="1" discard="1" dealt="1" sum="15"/>
<action no="5" player="theMaltese" type="2" discard="1" dealt="1" sum="30"/>
</round>
<round no="1"><cards type="Pocket" player="Rakki">CJ CQ</cards>
<cards type="Pocket" player="Gianmy260690">X X</cards>
<cards type="Pocket" player="theMaltese">X X</cards>
<action no="6" player="Rakki" type="23" sum="60"/>
<action no="7" player="Gianmy260690" type="23" discard="1" dealt="1" sum="570"/>
<action no="8" player="theMaltese" type="0" discard="1" dealt="1" sum="0"/>
<action no="9" player="Rakki" type="0" sum="0"/>
</round>
</game>
<game gamecode="6433552501"><general><startdate>2025-07-20 16:47:30</startdate>
<round>1</round>
<failsafecounter/>
<players><player seat="3" name="Rakki" chips="540" dealer="0" win="0" bet="35" muck="1" rebuy="0" addon="0" merge="0" rebuychips="0" reg_code="5048628180"/>
<player seat="6" name="Gianmy260690" chips="675" dealer="1" win="0" bet="5" muck="1" rebuy="0" addon="0" merge="0" rebuychips="0" reg_code="5048628571"/>
<player seat="10" name="theMaltese" chips="285" dealer="0" win="75" bet="65" muck="1" rebuy="0" addon="0" merge="0" rebuychips="0" reg_code="5048628743"/>
</players>
</general>
<round no="0"><action no="1" player="theMaltese" type="15" discard="1" dealt="1" sum="5"/>
<action no="2" player="Rakki" type="15" sum="5"/>
<action no="3" player="Gianmy260690" type="15" discard="1" dealt="1" sum="5"/>
<action no="4" player="theMaltese" type="1" discard="1" dealt="1" sum="15"/>
<action no="5" player="Rakki" type="2" sum="30"/>
</round>
<round no="1"><cards type="Pocket" player="theMaltese">X X</cards>
<cards type="Pocket" player="Rakki">DJ H9</cards>
<cards type="Pocket" player="Gianmy260690">X X</cards>
<action no="6" player="Gianmy260690" type="0" discard="1" dealt="1" sum="0"/>
<action no="7" player="theMaltese" type="3" discard="1" dealt="1" sum="15"/>
<action no="8" player="Rakki" type="4" sum="0"/>
</round>
<round no="2"><cards type="Flop">DK C8 C5</cards>
<action no="9" player="theMaltese" type="5" discard="1" dealt="1" sum="30"/>
<action no="10" player="Rakki" type="0" sum="0"/>
</round>
</game>
<game gamecode="6433552516"><general><startdate>2025-07-20 16:47:44</startdate>
<round>1</round>
<failsafecounter/>
<players><player seat="6" name="Gianmy260690" chips="670" dealer="0" win="0" bet="95" muck="1" rebuy="0" addon="0" merge="0" rebuychips="0" reg_code="5048628571"/>
<player seat="10" name="theMaltese" chips="325" dealer="1" win="285" bet="325" muck="1" rebuy="0" addon="0" merge="0" rebuychips="0" reg_code="5048628743"/>
<player seat="3" name="Rakki" chips="505" dealer="0" win="0" bet="95" muck="1" rebuy="0" addon="0" merge="0" rebuychips="0" reg_code="5048628180"/>
</players>
</general>
<round no="0"><action no="1" player="Rakki" type="15" sum="5"/>
<action no="2" player="Gianmy260690" type="15" discard="1" dealt="1" sum="5"/>
<action no="3" player="theMaltese" type="15" discard="1" dealt="1" sum="5"/>
<action no="4" player="Rakki" type="1" sum="15"/>
<action no="5" player="Gianmy260690" type="2" discard="1" dealt="1" sum="30"/>
</round>
<round no="1"><cards type="Pocket" player="theMaltese">X X</cards>
<cards type="Pocket" player="Rakki">S9 CK</cards>
<cards type="Pocket" player="Gianmy260690">X X</cards>
<action no="6" player="theMaltese" type="3" discard="1" dealt="1" sum="30"/>
<action no="7" player="Rakki" type="3" sum="15"/>
<action no="8" player="Gianmy260690" type="23" discard="1" dealt="1" sum="90"/>
<action no="9" player="theMaltese" type="3" discard="1" dealt="1" sum="60"/>
<action no="10" player="Rakki" type="3" sum="60"/>
</round>
<round no="2"><cards type="Flop">S3 S4 H6</cards>
<action no="11" player="Rakki" type="4" sum="0"/>
<action no="12" player="Gianmy260690" type="4" discard="1" dealt="1" sum="0"/>
<action no="13" player="theMaltese" type="5" discard="1" dealt="1" sum="230"/>
<action no="14" player="Rakki" type="0" sum="0"/>
<action no="15" player="Gianmy260690" type="0" discard="1" dealt="1" sum="0"/>
</round>
</game>
<game gamecode="6433552564"><general><startdate>2025-07-20 16:48:16</startdate>
<round>1</round>
<failsafecounter/>
<players><player seat="10" name="theMaltese" chips="515" dealer="0" win="0" bet="45" muck="1" rebuy="0" addon="0" merge="0" rebuychips="0" reg_code="5048628743"/>
<player seat="3" name="Rakki" chips="410" dealer="1" win="115" bet="410" muck="1" rebuy="0" addon="0" merge="0" rebuychips="0" reg_code="5048628180"/>
<player seat="6" name="Gianmy260690" chips="575" dealer="0" win="0" bet="25" muck="1" rebuy="0" addon="0" merge="0" rebuychips="0" reg_code="5048628571"/>
</players>
</general>
<round no="0"><action no="1" player="Gianmy260690" type="15" discard="1" dealt="1" sum="5"/>
<action no="2" player="theMaltese" type="15" discard="1" dealt="1" sum="5"/>
<action no="3" player="Rakki" type="15" sum="5"/>
<action no="4" player="Gianmy260690" type="1" discard="1" dealt="1" sum="20"/>
<action no="5" player="theMaltese" type="2" discard="1" dealt="1" sum="40"/>
</round>
<round no="1"><cards type="Pocket" player="theMaltese">X X</cards>
<cards type="Pocket" player="Rakki">DJ D9</cards>
<cards type="Pocket" player="Gianmy260690">X X</cards>
<action no="6" player="Rakki" type="23" sum="405"/>
<action no="7" player="Gianmy260690" type="0" discard="1" dealt="1" sum="0"/>
<action no="8" player="theMaltese" type="0" discard="1" dealt="1" sum="0"/>
</round>
</game>
<game gamecode="6433552580"><general><startdate>2025-07-20 16:48:24</startdate>
<round>1</round>
<failsafecounter/>
<players><player seat="3" name="Rakki" chips="480" dealer="0" win="175" bet="125" muck="1" rebuy="0" addon="0" merge="0" rebuychips="0" reg_code="5048628180"/>
<player seat="6" name="Gianmy260690" chips="550" dealer="1" win="0" bet="5" muck="1" rebuy="0" addon="0" merge="0" rebuychips="0" reg_code="5048628571"/>
<player seat="10" name="theMaltese" chips="470" dealer="0" win="0" bet="85" muck="1" rebuy="0" addon="0" merge="0" rebuychips="0" reg_code="5048628743"/>
</players>
</general>
<round no="0"><action no="1" player="theMaltese" type="15" discard="1" dealt="1" sum="5"/>
<action no="2" player="Rakki" type="15" sum="5"/>
<action no="3" player="Gianmy260690" type="15" discard="1" dealt="1" sum="5"/>
<action no="4" player="theMaltese" type="1" discard="1" dealt="1" sum="20"/>
<action no="5" player="Rakki" type="2" sum="40"/>
</round>
<round no="1"><cards type="Pocket" player="Rakki">S5 C6</cards>
<cards type="Pocket" player="Gianmy260690">X X</cards>
<cards type="Pocket" player="theMaltese">X X</cards>
<action no="6" player="Gianmy260690" type="0" discard="1" dealt="1" sum="0"/>
<action no="7" player="theMaltese" type="3" discard="1" dealt="1" sum="20"/>
<action no="8" player="Rakki" type="4" sum="0"/>
</round>
<round no="2"><cards type="Flop">S10 S8 H6</cards>
<action no="9" player="theMaltese" type="5" discard="1" dealt="1" sum="40"/>
<action no="10" player="Rakki" type="3" sum="40"/>
</round>
<round no="3"><cards type="Turn">H4</cards>
<action no="11" player="theMaltese" type="4" discard="1" dealt="1" sum="0"/>
<action no="12" player="Rakki" type="4" sum="0"/>
</round>
<round no="4"><cards type="River">H3</cards>
<action no="13" player="theMaltese" type="4" discard="1" dealt="1" sum="0"/>
<action no="14" player="Rakki" type="5" sum="40"/>
<action no="15" player="theMaltese" type="0" discard="1" dealt="1" sum="0"/>
</round>
</game>
<game gamecode="6433552616"><general><startdate>2025-07-20 16:48:45</startdate>
<round>1</round>
<failsafecounter/>
<players><player seat="6" name="Gianmy260690" chips="545" dealer="0" win="0" bet="85" muck="1" rebuy="0" addon="0" merge="0" rebuychips="0" reg_code="5048628571"/>
<player seat="10" name="theMaltese" chips="385" dealer="1" win="0" bet="5" muck="1" rebuy="0" addon="0" merge="0" rebuychips="0" reg_code="5048628743"/>
<player seat="3" name="Rakki" chips="570" dealer="0" win="175" bet="85" muck="0" rebuy="0" addon="0" merge="0" rebuychips="0" reg_code="5048628180"/>
</players>
</general>
<round no="0"><action no="1" player="Rakki" type="15" sum="5"/>
<action no="2" player="Gianmy260690" type="15" discard="1" dealt="1" sum="5"/>
<action no="3" player="theMaltese" type="15" discard="1" dealt="1" sum="5"/>
<action no="4" player="Rakki" type="1" sum="20"/>
<action no="5" player="Gianmy260690" type="2" discard="1" dealt="1" sum="40"/>
</round>
<round no="1"><cards type="Pocket" player="Gianmy260690">S7 S9</cards>
<cards type="Pocket" player="Rakki">H4 DQ</cards>
<cards type="Pocket" player="theMaltese">X X</cards>
<action no="6" player="theMaltese" type="0" discard="1" dealt="1" sum="0"/>
<action no="7" player="Rakki" type="3" sum="20"/>
<action no="8" player="Gianmy260690" type="4" discard="1" dealt="1" sum="0"/>
</round>
<round no="2"><cards type="Flop">H6 DA SQ</cards>
<action no="9" player="Rakki" type="4" sum="0"/>
<action no="10" player="Gianmy260690" type="5" discard="1" dealt="1" sum="40"/>
<action no="11" player="Rakki" type="3" sum="40"/>
</round>
<round no="3"><cards type="Turn">D6</cards>
<action no="12" player="Rakki" type="4" sum="0"/>
<action no="13" player="Gianmy260690" type="4" discard="1" dealt="1" sum="0"/>
</round>
<round no="4"><cards type="River">C8</cards>
<action no="14" player="Rakki" type="4" sum="0"/>
<action no="15" player="Gianmy260690" type="4" discard="1" dealt="1" sum="0"/>
</round>
</game>
<game gamecode="6433552653"><general><startdate>2025-07-20 16:49:07</startdate>
<round>1</round>
<failsafecounter/>
<players><player seat="10" name="theMaltese" chips="380" dealer="0" win="55" bet="45" muck="1" rebuy="0" addon="0" merge="0" rebuychips="0" reg_code="5048628743"/>
<player seat="3" name="Rakki" chips="660" dealer="1" win="0" bet="5" muck="1" rebuy="0" addon="0" merge="0" rebuychips="0" reg_code="5048628180"/>
<player seat="6" name="Gianmy260690" chips="460" dealer="0" win="0" bet="25" muck="1" rebuy="0" addon="0" merge="0" rebuychips="0" reg_code="5048628571"/>
</players>
</general>
<round no="0"><action no="1" player="Gianmy260690" type="15" discard="1" dealt="1" sum="5"/>
<action no="2" player="theMaltese" type="15" discard="1" dealt="1" sum="5"/>
<action no="3" player="Rakki" type="15" sum="5"/>
<action no="4" player="Gianmy260690" type="1" discard="1" dealt="1" sum="20"/>
<action no="5" player="theMaltese" type="2" discard="1" dealt="1" sum="40"/>
</round>
<round no="1"><cards type="Pocket" player="Gianmy260690">X X</cards>
<cards type="Pocket" player="Rakki">C9 S8</cards>
<cards type="Pocket" player="theMaltese">X X</cards>
<action no="6" player="Rakki" type="0" sum="0"/>
<action no="7" player="Gianmy260690" type="0" discard="1" dealt="1" sum="0"/>
</round>
</game>
<game gamecode="6433552663"><general><startdate>2025-07-20 16:49:14</startdate>
<round>1</round>
<failsafecounter/>
<players><player seat="3" name="Rakki" chips="655" dealer="0" win="0" bet="45" muck="1" rebuy="0" addon="0" merge="0" rebuychips="0" reg_code="5048628180"/>
<player seat="6" name="Gianmy260690" chips="435" dealer="1" win="147" bet="125" muck="0" rebuy="0" addon="0" merge="0" rebuychips="0" reg_code="5048628571"/>
<player seat="10" name="theMaltese" chips="410" dealer="0" win="148" bet="125" muck="0" rebuy="0" addon="0" merge="0" rebuychips="0" reg_code="5048628743"/>
</players>
</general>
<round no="0"><action no="1" player="theMaltese" type="15" discard="1" dealt="1" sum="5"/>
<action no="2" player="Rakki" type="15" sum="5"/>
<action no="3" player="Gianmy260690" type="15" discard="1" dealt="1" sum="5"/>
<action no="4" player="theMaltese" type="1" discard="1" dealt="1" sum="20"/>
<action no="5" player="Rakki" type="2" sum="40"/>
</round>
<round no="1"><cards type="Pocket" player="Rakki">HJ D5</cards>
<cards type="Pocket" player="Gianmy260690">D6 HQ</cards>
<cards type="Pocket" player="theMaltese">SJ H6</cards>
<action no="6" player="Gianmy260690" type="3" discard="1" dealt="1" sum="40"/>
<action no="7" player="theMaltese" type="3" discard="1" dealt="1" sum="20"/>
<action no="8" player="Rakki" type="4" sum="0"/>
</round>
<round no="2"><cards type="Flop">C6 D7 DK</cards>
<action no="9" player="theMaltese" type="5" discard="1" dealt="1" sum="40"/>
<action no="10" player="Rakki" type="0" sum="0"/>
<action no="11" player="Gianmy260690" type="3" discard="1" dealt="1" sum="40"/>
</round>
<round no="3"><cards type="Turn">C7</cards>
<action no="12" player="theMaltese" type="5" discard="1" dealt="1" sum="40"/>
<action no="13" player="Gianmy260690" type="3" discard="1" dealt="1" sum="40"/>
</round>
<round no="4"><cards type="River">S3</cards>
<action no="14" player="theMaltese" type="4" discard="1" dealt="1" sum="0"/>
<action no="15" player="Gianmy260690" type="4" discard="1" dealt="1" sum="0"/>
</round>
</game>
<game gamecode="6433552709"><general><startdate>2025-07-20 16:49:35</startdate>
<round>1</round>
<failsafecounter/>
<players><player seat="6" name="Gianmy260690" chips="457" dealer="0" win="0" bet="45" muck="1" rebuy="0" addon="0" merge="0" rebuychips="0" reg_code="5048628571"/>
<player seat="10" name="theMaltese" chips="433" dealer="1" win="0" bet="45" muck="1" rebuy="0" addon="0" merge="0" rebuychips="0" reg_code="5048628743"/>
<player seat="3" name="Rakki" chips="610" dealer="0" win="135" bet="610" muck="1" rebuy="0" addon="0" merge="0" rebuychips="0" reg_code="5048628180"/>
</players>
</general>
<round no="0"><action no="1" player="Rakki" type="15" sum="5"/>
<action no="2" player="Gianmy260690" type="15" discard="1" dealt="1" sum="5"/>
<action no="3" player="theMaltese" type="15" discard="1" dealt="1" sum="5"/>
<action no="4" player="Rakki" type="1" sum="20"/>
<action no="5" player="Gianmy260690" type="2" discard="1" dealt="1" sum="40"/>
</round>
<round no="1"><cards type="Pocket" player="Rakki">CA H9</cards>
<cards type="Pocket" player="theMaltese">X X</cards>
<cards type="Pocket" player="Gianmy260690">X X</cards>
<action no="6" player="theMaltese" type="3" discard="1" dealt="1" sum="40"/>
<action no="7" player="Rakki" type="23" sum="605"/>
<action no="8" player="Gianmy260690" type="0" discard="1" dealt="1" sum="0"/>
<action no="9" player="theMaltese" type="0" discard="1" dealt="1" sum="0"/>
</round>
</game>
<game gamecode="6433552726"><general><startdate>2025-07-20 16:49:46</startdate>
<round>1</round>
<failsafecounter/>
<players><player seat="10" name="theMaltese" chips="388" dealer="0" win="801" bet="388" muck="0" rebuy="0" addon="0" merge="0" rebuychips="0" reg_code="5048628743"/>
<player seat="3" name="Rakki" chips="700" dealer="1" win="0" bet="700" muck="1" rebuy="0" addon="0" merge="0" rebuychips="0" reg_code="5048628180"/>
<player seat="6" name="Gianmy260690" chips="412" dealer="0" win="0" bet="25" muck="1" rebuy="0" addon="0" merge="0" rebuychips="0" reg_code="5048628571"/>
</players>
</general>
<round no="0"><action no="1" player="Gianmy260690" type="15" discard="1" dealt="1" sum="5"/>
<action no="2" player="theMaltese" type="15" discard="1" dealt="1" sum="5"/>
<action no="3" player="Rakki" type="15" sum="5"/>
<action no="4" player="Gianmy260690" type="1" discard="1" dealt="1" sum="20"/>
<action no="5" player="theMaltese" type="2" discard="1" dealt="1" sum="40"/>
</round>
<round no="1"><cards type="Pocket" player="Gianmy260690">X X</cards>
<cards type="Pocket" player="theMaltese">CK DQ</cards>
<cards type="Pocket" player="Rakki">HA D4</cards>
<action no="6" player="Rakki" type="23" sum="695"/>
<action no="7" player="Gianmy260690" type="0" discard="1" dealt="1" sum="0"/>
<action no="8" player="theMaltese" type="7" discard="1" dealt="1" sum="343"/>
</round>
<round no="2"><cards type="Flop">CA DJ S8</cards>
</round>
<round no="3"><cards type="Turn">C10</cards>
</round>
<round no="4"><cards type="River">DA</cards>
</round>
</game>
<game gamecode="6433552756"><general><startdate>2025-07-20 16:50:02</startdate>
<round>1</round>
<failsafecounter/>
<players><player seat="3" name="Rakki" chips="312" dealer="0" win="0" bet="65" muck="1" rebuy="0" addon="0" merge="0" rebuychips="0" reg_code="5048628180"/>
<player seat="6" name="Gianmy260690" chips="387" dealer="1" win="0" bet="5" muck="1" rebuy="0" addon="0" merge="0" rebuychips="0" reg_code="5048628571"/>
<player seat="10" name="theMaltese" chips="801" dealer="0" win="135" bet="125" muck="1" rebuy="0" addon="0" merge="0" rebuychips="0" reg_code="5048628743"/>
</players>
</general>
<round no="0"><action no="1" player="theMaltese" type="15" discard="1" dealt="1" sum="5"/>
<action no="2" player="Rakki" type="15" sum="5"/>
<action no="3" player="Gianmy260690" type="15" discard="1" dealt="1" sum="5"/>
<action no="4" player="theMaltese" type="1" discard="1" dealt="1" sum="30"/>
<action no="5" player="Rakki" type="2" sum="60"/>
</round>
<round no="1"><cards type="Pocket" player="theMaltese">X X</cards>
<cards type="Pocket" player="Rakki">D6 SQ</cards>
<cards type="Pocket" player="Gianmy260690">X X</cards>
<action no="6" player="Gianmy260690" type="0" discard="1" dealt="1" sum="0"/>
<action no="7" player="theMaltese" type="3" discard="1" dealt="1" sum="30"/>
<action no="8" player="Rakki" type="4" sum="0"/>
</round>
<round no="2"><cards type="Flop">SJ S7 C5</cards>
<action no="9" player="theMaltese" type="5" discard="1" dealt="1" sum="60"/>
<action no="10" player="Rakki" type="0" sum="0"/>
</round>
</game>
<game gamecode="6433552783"><general><startdate>2025-07-20 16:50:19</startdate>
<round>1</round>
<failsafecounter/>
<players><player seat="6" name="Gianmy260690" chips="382" dealer="0" win="75" bet="65" muck="1" rebuy="0" addon="0" merge="0" rebuychips="0" reg_code="5048628571"/>
<player seat="10" name="theMaltese" chips="871" dealer="1" win="0" bet="5" muck="1" rebuy="0" addon="0" merge="0" rebuychips="0" reg_code="5048628743"/>
<player seat="3" name="Rakki" chips="247" dealer="0" win="0" bet="35" muck="1" rebuy="0" addon="0" merge="0" rebuychips="0" reg_code="5048628180"/>
</players>
</general>
<round no="0"><action no="1" player="Rakki" type="15" sum="5"/>
<action no="2" player="Gianmy260690" type="15" discard="1" dealt="1" sum="5"/>
<action no="3" player="theMaltese" type="15" discard="1" dealt="1" sum="5"/>
<action no="4" player="Rakki" type="1" sum="30"/>
<action no="5" player="Gianmy260690" type="2" discard="1" dealt="1" sum="60"/>
</round>
<round no="1"><cards type="Pocket" player="theMaltese">X X</cards>
<cards type="Pocket" player="Gianmy260690">X X</cards>
<cards type="Pocket" player="Rakki">S2 S4</cards>
<action no="6" player="theMaltese" type="0" discard="1" dealt="1" sum="0"/>
<action no="7" player="Rakki" type="0" sum="0"/>
</round>
</game>
<game gamecode="6433552797"><general><startdate>2025-07-20 16:50:29</startdate>
<round>1</round>
<failsafecounter/>
<players><player seat="10" name="theMaltese" chips="866" dealer="0" win="459" bet="212" muck="0" rebuy="0" addon="0" merge="0" rebuychips="0" reg_code="5048628743"/>
<player seat="3" name="Rakki" chips="212" dealer="1" win="0" bet="212" muck="0" rebuy="0" addon="0" merge="0" rebuychips="0" reg_code="5048628180"/>
<player seat="6" name="Gianmy260690" chips="422" dealer="0" win="0" bet="35" muck="1" rebuy="0" addon="0" merge="0" rebuychips="0" reg_code="5048628571"/>
</players>
</general>
<round no="0"><action no="1" player="Gianmy260690" type="15" discard="1" dealt="1" sum="5"/>
<action no="2" player="theMaltese" type="15" discard="1" dealt="1" sum="5"/>
<action no="3" player="Rakki" type="15" sum="5"/>
<action no="4" player="Gianmy260690" type="1" discard="1" dealt="1" sum="30"/>
<action no="5" player="theMaltese" type="2" discard="1" dealt="1" sum="60"/>
</round>
<round no="1"><cards type="Pocket" player="Rakki">S9 CQ</cards>
<cards type="Pocket" player="Gianmy260690">X X</cards>
<cards type="Pocket" player="theMaltese">DJ C8</cards>
<action no="6" player="Rakki" type="23" sum="207"/>
<action no="7" player="Gianmy260690" type="0" discard="1" dealt="1" sum="0"/>
<action no="8" player="theMaltese" type="3" discard="1" dealt="1" sum="147"/>
</round>
<round no="2"><cards type="Flop">SJ H6 H7</cards>
</round>
<round no="3"><cards type="Turn">C4</cards>
</round>
<round no="4"><cards type="River">C5</cards>
</round>
</game>
</session>
