<?xml version="1.0" encoding="UTF-8"?>
<session sessioncode="5048630096">
<general>
<client_version>25.1.1.16</client_version>
<mode>real</mode>
<gametype>Holdem NL</gametype>
<tablename>Twister €100 SNG, 814312584</tablename>
<tournamentcode>814312583</tournamentcode>
<tournamentname>Twister €100 SNG</tournamentname>
<buyin>€0 + €7 + €93</buyin>
<totalbuyin>€100</totalbuyin>
<rewarddrawn>€200</rewarddrawn>
<tournamentcurrency>EUR</tournamentcurrency>
<currency>EUR</currency>
<nickname>Rakki</nickname>
<gamecount>18</gamecount>
<startdate>2025-07-20 16:57:26</startdate>
<place>1</place>
<win>€200</win>
<tablesize>3</tablesize>
</general>
<game gamecode="6433562064"><general><startdate>2025-07-20 16:57:41</startdate>
<round>1</round>
<failsafecounter/>
<players><player seat="6" name="SuBandiduu" chips="500" dealer="0" win="0" bet="50" muck="1" rebuy="0" addon="0" merge="0" rebuychips="0" reg_code="5048631168"/>
<player seat="10" name="L1mltless" chips="500" dealer="1" win="0" bet="0" muck="1" rebuy="0" addon="0" merge="0" rebuychips="0" reg_code="5048631316"/>
<player seat="3" name="Rakki" chips="500" dealer="0" win="100" bet="70" muck="1" rebuy="0" addon="0" merge="0" rebuychips="0" reg_code="5048630096"/>
</players>
</general>
<round no="0"><action no="1" player="Rakki" type="1" sum="10"/>
<action no="2" player="SuBandiduu" type="2" discard="1" dealt="1" sum="20"/>
</round>
<round no="1"><cards type="Pocket" player="Rakki">CJ DK</cards>
<cards type="Pocket" player="L1mltless">X X</cards>
<cards type="Pocket" player="SuBandiduu">X X</cards>
<action no="3" player="L1mltless" type="0" discard="1" dealt="1" sum="0"/>
<action no="4" player="Rakki" type="23" sum="50"/>
<action no="5" player="SuBandiduu" type="3" discard="1" dealt="1" sum="30"/>
</round>
<round no="2"><cards type="Flop">S8 C7 H9</cards>
<action no="6" player="Rakki" type="4" sum="0"/>
<action no="7" player="SuBandiduu" type="4" discard="1" dealt="1" sum="0"/>
</round>
<round no="3"><cards type="Turn">CA</cards>
<action no="8" player="Rakki" type="5" sum="20"/>
<action no="9" player="SuBandiduu" type="0" discard="1" dealt="1" sum="0"/>
</round>
</game>
<game gamecode="6433562094"><general><startdate>2025-07-20 16:58:05</startdate>
<round>1</round>
<failsafecounter/>
<players><player seat="10" name="L1mltless" chips="500" dealer="0" win="0" bet="60" muck="1" rebuy="0" addon="0" merge="0" rebuychips="0" reg_code="5048631316"/>
<player seat="3" name="Rakki" chips="550" dealer="1" win="0" bet="0" muck="1" rebuy="0" addon="0" merge="0" rebuychips="0" reg_code="5048630096"/>
<player seat="6" name="SuBandiduu" chips="450" dealer="0" win="120" bet="180" muck="1" rebuy="0" addon="0" merge="0" rebuychips="0" reg_code="5048631168"/>
</players>
</general>
<round no="0"><action no="1" player="SuBandiduu" type="1" discard="1" dealt="1" sum="10"/>
<action no="2" player="L1mltless" type="2" discard="1" dealt="1" sum="20"/>
</round>
<round no="1"><cards type="Pocket" player="Rakki">S9 H5</cards>
<cards type="Pocket" player="L1mltless">X X</cards>
<cards type="Pocket" player="SuBandiduu">X X</cards>
<action no="3" player="Rakki" type="0" sum="0"/>
<action no="4" player="SuBandiduu" type="3" discard="1" dealt="1" sum="10"/>
<action no="5" player="L1mltless" type="4" discard="1" dealt="1" sum="0"/>
</round>
<round no="2"><cards type="Flop">H6 S7 SJ</cards>
<action no="6" player="SuBandiduu" type="4" discard="1" dealt="1" sum="0"/>
<action no="7" player="L1mltless" type="4" discard="1" dealt="1" sum="0"/>
</round>
<round no="3"><cards type="Turn">S2</cards>
<action no="8" player="SuBandiduu" type="5" discard="1" dealt="1" sum="40"/>
<action no="9" player="L1mltless" type="3" discard="1" dealt="1" sum="40"/>
</round>
<round no="4"><cards type="River">D8</cards>
<action no="10" player="SuBandiduu" type="5" discard="1" dealt="1" sum="120"/>
<action no="11" player="L1mltless" type="0" discard="1" dealt="1" sum="0"/>
</round>
</game>
<game gamecode="6433562128"><general><startdate>2025-07-20 16:58:29</startdate>
<round>1</round>
<failsafecounter/>
<players><player seat="3" name="Rakki" chips="550" dealer="0" win="0" bet="20" muck="1" rebuy="0" addon="0" merge="0" rebuychips="0" reg_code="5048630096"/>
<player seat="6" name="SuBandiduu" chips="510" dealer="1" win="50" bet="40" muck="1" rebuy="0" addon="0" merge="0" rebuychips="0" reg_code="5048631168"/>
<player seat="10" name="L1mltless" chips="440" dealer="0" win="0" bet="10" muck="1" rebuy="0" addon="0" merge="0" rebuychips="0" reg_code="5048631316"/>
</players>
</general>
<round no="0"><action no="1" player="L1mltless" type="1" discard="1" dealt="1" sum="10"/>
<action no="2" player="Rakki" type="2" sum="20"/>
</round>
<round no="1"><cards type="Pocket" player="Rakki">S2 H6</cards>
<cards type="Pocket" player="SuBandiduu">X X</cards>
<cards type="Pocket" player="L1mltless">X X</cards>
<action no="3" player="SuBandiduu" type="23" discard="1" dealt="1" sum="40"/>
<action no="4" player="L1mltless" type="0" discard="1" dealt="1" sum="0"/>
<action no="5" player="Rakki" type="0" sum="0"/>
</round>
</game>
<game gamecode="6433562136"><general><startdate>2025-07-20 16:58:38</startdate>
<round>1</round>
<failsafecounter/>
<players><player seat="6" name="SuBandiduu" chips="540" dealer="0" win="0" bet="60" muck="1" rebuy="0" addon="0" merge="0" rebuychips="0" reg_code="5048631168"/>
<player seat="10" name="L1mltless" chips="430" dealer="1" win="130" bet="180" muck="1" rebuy="0" addon="0" merge="0" rebuychips="0" reg_code="5048631316"/>
<player seat="3" name="Rakki" chips="530" dealer="0" win="0" bet="10" muck="1" rebuy="0" addon="0" merge="0" rebuychips="0" reg_code="5048630096"/>
</players>
</general>
<round no="0"><action no="1" player="Rakki" type="1" sum="10"/>
<action no="2" player="SuBandiduu" type="2" discard="1" dealt="1" sum="20"/>
</round>
<round no="1"><cards type="Pocket" player="SuBandiduu">X X</cards>
<cards type="Pocket" player="L1mltless">X X</cards>
<cards type="Pocket" player="Rakki">S7 S4</cards>
<action no="3" player="L1mltless" type="23" discard="1" dealt="1" sum="40"/>
<action no="4" player="Rakki" type="0" sum="0"/>
<action no="5" player="SuBandiduu" type="3" discard="1" dealt="1" sum="20"/>
</round>
<round no="2"><cards type="Flop">SK SJ H8</cards>
<action no="6" player="SuBandiduu" type="4" discard="1" dealt="1" sum="0"/>
<action no="7" player="L1mltless" type="5" discard="1" dealt="1" sum="20"/>
<action no="8" player="SuBandiduu" type="3" discard="1" dealt="1" sum="20"/>
</round>
<round no="3"><cards type="Turn">SQ</cards>
<action no="9" player="SuBandiduu" type="4" discard="1" dealt="1" sum="0"/>
<action no="10" player="L1mltless" type="4" discard="1" dealt="1" sum="0"/>
</round>
<round no="4"><cards type="River">CA</cards>
<action no="11" player="SuBandiduu" type="4" discard="1" dealt="1" sum="0"/>
<action no="12" player="L1mltless" type="5" discard="1" dealt="1" sum="120"/>
<action no="13" player="SuBandiduu" type="0" discard="1" dealt="1" sum="0"/>
</round>
</game>
<game gamecode="6433562168"><general><startdate>2025-07-20 16:59:00</startdate>
<round>1</round>
<failsafecounter/>
<players><player seat="10" name="L1mltless" chips="500" dealer="0" win="0" bet="20" muck="1" rebuy="0" addon="0" merge="0" rebuychips="0" reg_code="5048631316"/>
<player seat="3" name="Rakki" chips="520" dealer="1" win="50" bet="40" muck="1" rebuy="0" addon="0" merge="0" rebuychips="0" reg_code="5048630096"/>
<player seat="6" name="SuBandiduu" chips="480" dealer="0" win="0" bet="10" muck="1" rebuy="0" addon="0" merge="0" rebuychips="0" reg_code="5048631168"/>
</players>
</general>
<round no="0"><action no="1" player="SuBandiduu" type="1" discard="1" dealt="1" sum="10"/>
<action no="2" player="L1mltless" type="2" discard="1" dealt="1" sum="20"/>
</round>
<round no="1"><cards type="Pocket" player="Rakki">H8 H10</cards>
<cards type="Pocket" player="SuBandiduu">X X</cards>
<cards type="Pocket" player="L1mltless">X X</cards>
<action no="3" player="Rakki" type="23" sum="40"/>
<action no="4" player="SuBandiduu" type="0" discard="1" dealt="1" sum="0"/>
<action no="5" player="L1mltless" type="0" discard="1" dealt="1" sum="0"/>
</round>
</game>
<game gamecode="6433562190"><general><startdate>2025-07-20 16:59:14</startdate>
<round>1</round>
<failsafecounter/>
<players><player seat="3" name="Rakki" chips="550" dealer="0" win="600" bet="300" muck="0" rebuy="0" addon="0" merge="0" rebuychips="0" reg_code="5048630096"/>
<player seat="6" name="SuBandiduu" chips="470" dealer="1" win="0" bet="0" muck="1" rebuy="0" addon="0" merge="0" rebuychips="0" reg_code="5048631168"/>
<player seat="10" name="L1mltless" chips="480" dealer="0" win="0" bet="300" muck="1" rebuy="0" addon="0" merge="0" rebuychips="0" reg_code="5048631316"/>
</players>
</general>
<round no="0"><action no="1" player="L1mltless" type="1" discard="1" dealt="1" sum="10"/>
<action no="2" player="Rakki" type="2" sum="20"/>
</round>
<round no="1"><cards type="Pocket" player="L1mltless">HQ D5</cards>
<cards type="Pocket" player="Rakki">C4 DJ</cards>
<cards type="Pocket" player="SuBandiduu">X X</cards>
<action no="3" player="SuBandiduu" type="0" discard="1" dealt="1" sum="0"/>
<action no="4" player="L1mltless" type="3" discard="1" dealt="1" sum="10"/>
<action no="5" player="Rakki" type="4" sum="0"/>
</round>
<round no="2"><cards type="Flop">H4 D3 S4</cards>
<action no="6" player="L1mltless" type="4" discard="1" dealt="1" sum="0"/>
<action no="7" player="Rakki" type="5" sum="20"/>
<action no="8" player="L1mltless" type="3" discard="1" dealt="1" sum="20"/>
</round>
<round no="3"><cards type="Turn">CQ</cards>
<action no="9" player="L1mltless" type="4" discard="1" dealt="1" sum="0"/>
<action no="10" player="Rakki" type="5" sum="60"/>
<action no="11" player="L1mltless" type="3" discard="1" dealt="1" sum="60"/>
</round>
<round no="4"><cards type="River">D9</cards>
<action no="12" player="L1mltless" type="4" discard="1" dealt="1" sum="0"/>
<action no="13" player="Rakki" type="5" sum="200"/>
<action no="14" player="L1mltless" type="3" discard="1" dealt="1" sum="200"/>
</round>
</game>
<game gamecode="6433562241"><general><startdate>2025-07-20 16:59:54</startdate>
<round>1</round>
<failsafecounter/>
<players><player seat="6" name="SuBandiduu" chips="470" dealer="0" win="45" bet="35" muck="1" rebuy="0" addon="0" merge="0" rebuychips="0" reg_code="5048631168"/>
<player seat="10" name="L1mltless" chips="180" dealer="1" win="0" bet="5" muck="1" rebuy="0" addon="0" merge="0" rebuychips="0" reg_code="5048631316"/>
<player seat="3" name="Rakki" chips="850" dealer="0" win="0" bet="20" muck="1" rebuy="0" addon="0" merge="0" rebuychips="0" reg_code="5048630096"/>
</players>
</general>
<round no="0"><action no="1" player="Rakki" type="15" sum="5"/>
<action no="2" player="SuBandiduu" type="15" discard="1" dealt="1" sum="5"/>
<action no="3" player="L1mltless" type="15" discard="1" dealt="1" sum="5"/>
<action no="4" player="Rakki" type="1" sum="15"/>
<action no="5" player="SuBandiduu" type="2" discard="1" dealt="1" sum="30"/>
</round>
<round no="1"><cards type="Pocket" player="Rakki">S3 H2</cards>
<cards type="Pocket" player="SuBandiduu">X X</cards>
<cards type="Pocket" player="L1mltless">X X</cards>
<action no="6" player="L1mltless" type="0" discard="1" dealt="1" sum="0"/>
<action no="7" player="Rakki" type="0" sum="0"/>
</round>
</game>
<game gamecode="6433562249"><general><startdate>2025-07-20 17:00:00</startdate>
<round>1</round>
<failsafecounter/>
<players><player seat="10" name="L1mltless" chips="175" dealer="0" win="355" bet="175" muck="0" rebuy="0" addon="0" merge="0" rebuychips="0" reg_code="5048631316"/>
<player seat="3" name="Rakki" chips="830" dealer="1" win="0" bet="5" muck="1" rebuy="0" addon="0" merge="0" rebuychips="0" reg_code="5048630096"/>
<player seat="6" name="SuBandiduu" chips="495" dealer="0" win="0" bet="495" muck="1" rebuy="0" addon="0" merge="0" rebuychips="0" reg_code="5048631168"/>
</players>
</general>
<round no="0"><action no="1" player="SuBandiduu" type="15" discard="1" dealt="1" sum="5"/>
<action no="2" player="L1mltless" type="15" discard="1" dealt="1" sum="5"/>
<action no="3" player="Rakki" type="15" sum="5"/>
<action no="4" player="SuBandiduu" type="1" discard="1" dealt="1" sum="15"/>
<action no="5" player="L1mltless" type="2" discard="1" dealt="1" sum="30"/>
</round>
<round no="1"><cards type="Pocket" player="L1mltless">DA H2</cards>
<cards type="Pocket" player="SuBandiduu">H7 SQ</cards>
<cards type="Pocket" player="Rakki">H3 SJ</cards>
<action no="6" player="Rakki" type="0" sum="0"/>
<action no="7" player="SuBandiduu" type="23" discard="1" dealt="1" sum="490"/>
<action no="8" player="L1mltless" type="7" discard="1" dealt="1" sum="140"/>
</round>
<round no="2"><cards type="Flop">C6 D6 DK</cards>
</round>
<round no="3"><cards type="Turn">S8</cards>
</round>
<round no="4"><cards type="River">D8</cards>
</round>
</game>
<game gamecode="6433562278"><general><startdate>2025-07-20 17:00:19</startdate>
<round>1</round>
<failsafecounter/>
<players><player seat="3" name="Rakki" chips="825" dealer="0" win="0" bet="35" muck="1" rebuy="0" addon="0" merge="0" rebuychips="0" reg_code="5048630096"/>
<player seat="6" name="SuBandiduu" chips="320" dealer="1" win="0" bet="5" muck="1" rebuy="0" addon="0" merge="0" rebuychips="0" reg_code="5048631168"/>
<player seat="10" name="L1mltless" chips="355" dealer="0" win="75" bet="355" muck="1" rebuy="0" addon="0" merge="0" rebuychips="0" reg_code="5048631316"/>
</players>
</general>
<round no="0"><action no="1" player="L1mltless" type="15" discard="1" dealt="1" sum="5"/>
<action no="2" player="Rakki" type="15" sum="5"/>
<action no="3" player="SuBandiduu" type="15" discard="1" dealt="1" sum="5"/>
<action no="4" player="L1mltless" type="1" discard="1" dealt="1" sum="15"/>
<action no="5" player="Rakki" type="2" sum="30"/>
</round>
<round no="1"><cards type="Pocket" player="L1mltless">X X</cards>
<cards type="Pocket" player="SuBandiduu">X X</cards>
<cards type="Pocket" player="Rakki">D8 C5</cards>
<action no="6" player="SuBandiduu" type="0" discard="1" dealt="1" sum="0"/>
<action no="7" player="L1mltless" type="23" discard="1" dealt="1" sum="350"/>
<action no="8" player="Rakki" type="0" sum="0"/>
</round>
</game>
<game gamecode="6433562292"><general><startdate>2025-07-20 17:00:27</startdate>
<round>1</round>
<failsafecounter/>
<players><player seat="6" name="SuBandiduu" chips="315" dealer="0" win="650" bet="315" muck="0" rebuy="0" addon="0" merge="0" rebuychips="0" reg_code="5048631168"/>
<player seat="10" name="L1mltless" chips="395" dealer="1" win="0" bet="395" muck="0" rebuy="0" addon="0" merge="0" rebuychips="0" reg_code="5048631316"/>
<player seat="3" name="Rakki" chips="790" dealer="0" win="0" bet="20" muck="1" rebuy="0" addon="0" merge="0" rebuychips="0" reg_code="5048630096"/>
</players>
</general>
<round no="0"><action no="1" player="Rakki" type="15" sum="5"/>
<action no="2" player="SuBandiduu" type="15" discard="1" dealt="1" sum="5"/>
<action no="3" player="L1mltless" type="15" discard="1" dealt="1" sum="5"/>
<action no="4" player="Rakki" type="1" sum="15"/>
<action no="5" player="SuBandiduu" type="2" discard="1" dealt="1" sum="30"/>
</round>
<round no="1"><cards type="Pocket" player="L1mltless">HA C5</cards>
<cards type="Pocket" player="Rakki">SK C4</cards>
<cards type="Pocket" player="SuBandiduu">DA S7</cards>
<action no="6" player="L1mltless" type="23" discard="1" dealt="1" sum="390"/>
<action no="7" player="Rakki" type="0" sum="0"/>
<action no="8" player="SuBandiduu" type="7" discard="1" dealt="1" sum="280"/>
</round>
<round no="2"><cards type="Flop">SJ C6 HJ</cards>
</round>
<round no="3"><cards type="Turn">H7</cards>
</round>
<round no="4"><cards type="River">C2</cards>
</round>
</game>
<game gamecode="6433562313"><general><startdate>2025-07-20 17:00:44</startdate>
<round>1</round>
<failsafecounter/>
<players><player seat="10" name="L1mltless" chips="80" dealer="0" win="0" bet="80" muck="0" rebuy="0" addon="0" merge="0" rebuychips="0" reg_code="5048631316"/>
<player seat="3" name="Rakki" chips="770" dealer="1" win="0" bet="5" muck="1" rebuy="0" addon="0" merge="0" rebuychips="0" reg_code="5048630096"/>
<player seat="6" name="SuBandiduu" chips="650" dealer="0" win="165" bet="650" muck="0" rebuy="0" addon="0" merge="0" rebuychips="0" reg_code="5048631168"/>
</players>
</general>
<round no="0"><action no="1" player="SuBandiduu" type="15" discard="1" dealt="1" sum="5"/>
<action no="2" player="L1mltless" type="15" discard="1" dealt="1" sum="5"/>
<action no="3" player="Rakki" type="15" sum="5"/>
<action no="4" player="SuBandiduu" type="1" discard="1" dealt="1" sum="15"/>
<action no="5" player="L1mltless" type="2" discard="1" dealt="1" sum="30"/>
</round>
<round no="1"><cards type="Pocket" player="SuBandiduu">H7 HJ</cards>
<cards type="Pocket" player="Rakki">HK C4</cards>
<cards type="Pocket" player="L1mltless">S3 D2</cards>
<action no="6" player="Rakki" type="0" sum="0"/>
<action no="7" player="SuBandiduu" type="23" discard="1" dealt="1" sum="645"/>
<action no="8" player="L1mltless" type="7" discard="1" dealt="1" sum="45"/>
</round>
<round no="2"><cards type="Flop">CQ H6 S2</cards>
</round>
<round no="3"><cards type="Turn">SQ</cards>
</round>
<round no="4"><cards type="River">C6</cards>
</round>
</game>
<game gamecode="6433562349"><general><startdate>2025-07-20 17:01:04</startdate>
<round>1</round>
<failsafecounter/>
<players><player seat="3" name="Rakki" chips="765" dealer="0" win="90" bet="765" muck="1" rebuy="0" addon="0" merge="0" rebuychips="0" reg_code="5048630096"/>
<player seat="6" name="SuBandiduu" chips="735" dealer="1" win="0" bet="45" muck="1" rebuy="0" addon="0" merge="0" rebuychips="0" reg_code="5048631168"/>
</players>
</general>
<round no="0"><action no="1" player="SuBandiduu" type="15" discard="1" dealt="1" sum="5"/>
<action no="2" player="Rakki" type="15" sum="5"/>
<action no="3" player="SuBandiduu" type="1" discard="1" dealt="1" sum="20"/>
<action no="4" player="Rakki" type="2" sum="40"/>
</round>
<round no="1"><cards type="Pocket" player="Rakki">H6 D6</cards>
<cards type="Pocket" player="SuBandiduu">X X</cards>
<action no="5" player="SuBandiduu" type="3" discard="1" dealt="1" sum="20"/>
<action no="6" player="Rakki" type="23" sum="760"/>
<action no="7" player="SuBandiduu" type="0" discard="1" dealt="1" sum="0"/>
</round>
</game>
<game gamecode="6433562360"><general><startdate>2025-07-20 17:01:14</startdate>
<round>1</round>
<failsafecounter/>
<players><player seat="6" name="SuBandiduu" chips="690" dealer="0" win="0" bet="282" muck="1" rebuy="0" addon="0" merge="0" rebuychips="0" reg_code="5048631168"/>
<player seat="3" name="Rakki" chips="810" dealer="1" win="564" bet="810" muck="1" rebuy="0" addon="0" merge="0" rebuychips="0" reg_code="5048630096"/>
</players>
</general>
<round no="0"><action no="1" player="Rakki" type="15" sum="5"/>
<action no="2" player="SuBandiduu" type="15" discard="1" dealt="1" sum="5"/>
<action no="3" player="Rakki" type="1" sum="20"/>
<action no="4" player="SuBandiduu" type="2" discard="1" dealt="1" sum="40"/>
</round>
<round no="1"><cards type="Pocket" player="Rakki">SK SA</cards>
<cards type="Pocket" player="SuBandiduu">X X</cards>
<action no="5" player="Rakki" type="23" sum="80"/>
<action no="6" player="SuBandiduu" type="3" discard="1" dealt="1" sum="40"/>
</round>
<round no="2"><cards type="Flop">D5 S5 CK</cards>
<action no="7" player="SuBandiduu" type="4" discard="1" dealt="1" sum="0"/>
<action no="8" player="Rakki" type="5" sum="56"/>
<action no="9" player="SuBandiduu" type="3" discard="1" dealt="1" sum="56"/>
</round>
<round no="3"><cards type="Turn">D6</cards>
<action no="10" player="SuBandiduu" type="4" discard="1" dealt="1" sum="0"/>
<action no="11" player="Rakki" type="5" sum="141"/>
<action no="12" player="SuBandiduu" type="3" discard="1" dealt="1" sum="141"/>
</round>
<round no="4"><cards type="River">C10</cards>
<action no="13" player="SuBandiduu" type="4" discard="1" dealt="1" sum="0"/>
<action no="14" player="Rakki" type="5" sum="528"/>
<action no="15" player="SuBandiduu" type="0" discard="1" dealt="1" sum="0"/>
</round>
</game>
<game gamecode="6433562416"><general><startdate>2025-07-20 17:01:53</startdate>
<round>1</round>
<failsafecounter/>
<players><player seat="3" name="Rakki" chips="1,092" dealer="0" win="0" bet="45" muck="1" rebuy="0" addon="0" merge="0" rebuychips="0" reg_code="5048630096"/>
<player seat="6" name="SuBandiduu" chips="408" dealer="1" win="90" bet="408" muck="1" rebuy="0" addon="0" merge="0" rebuychips="0" reg_code="5048631168"/>
</players>
</general>
<round no="0"><action no="1" player="SuBandiduu" type="15" discard="1" dealt="1" sum="5"/>
<action no="2" player="Rakki" type="15" sum="5"/>
<action no="3" player="SuBandiduu" type="1" discard="1" dealt="1" sum="20"/>
<action no="4" player="Rakki" type="2" sum="40"/>
</round>
<round no="1"><cards type="Pocket" player="SuBandiduu">X X</cards>
<cards type="Pocket" player="Rakki">D3 CQ</cards>
<action no="5" player="SuBandiduu" type="23" discard="1" dealt="1" sum="403"/>
<action no="6" player="Rakki" type="0" sum="0"/>
</round>
</game>
<game gamecode="6433562425"><general><startdate>2025-07-20 17:02:00</startdate>
<round>1</round>
<failsafecounter/>
<players><player seat="6" name="SuBandiduu" chips="453" dealer="0" win="906" bet="453" muck="0" rebuy="0" addon="0" merge="0" rebuychips="0" reg_code="5048631168"/>
<player seat="3" name="Rakki" chips="1,047" dealer="1" win="0" bet="1,047" muck="0" rebuy="0" addon="0" merge="0" rebuychips="0" reg_code="5048630096"/>
</players>
</general>
<round no="0"><action no="1" player="Rakki" type="15" sum="5"/>
<action no="2" player="SuBandiduu" type="15" discard="1" dealt="1" sum="5"/>
<action no="3" player="Rakki" type="1" sum="20"/>
<action no="4" player="SuBandiduu" type="2" discard="1" dealt="1" sum="40"/>
</round>
<round no="1"><cards type="Pocket" player="Rakki">SQ CK</cards>
<cards type="Pocket" player="SuBandiduu">C9 SA</cards>
<action no="5" player="Rakki" type="3" sum="20"/>
<action no="6" player="SuBandiduu" type="23" discard="1" dealt="1" sum="160"/>
<action no="7" player="Rakki" type="23" sum="1,042"/>
<action no="8" player="SuBandiduu" type="7" discard="1" dealt="1" sum="288"/>
</round>
<round no="2"><cards type="Flop">D10 S5 S10</cards>
</round>
<round no="3"><cards type="Turn">D4</cards>
</round>
<round no="4"><cards type="River">C6</cards>
</round>
</game>
<game gamecode="6433562467"><general><startdate>2025-07-20 17:02:29</startdate>
<round>1</round>
<failsafecounter/>
<players><player seat="3" name="Rakki" chips="594" dealer="0" win="90" bet="165" muck="1" rebuy="0" addon="0" merge="0" rebuychips="0" reg_code="5048630096"/>
<player seat="6" name="SuBandiduu" chips="906" dealer="1" win="0" bet="45" muck="1" rebuy="0" addon="0" merge="0" rebuychips="0" reg_code="5048631168"/>
</players>
</general>
<round no="0"><action no="1" player="SuBandiduu" type="15" discard="1" dealt="1" sum="5"/>
<action no="2" player="Rakki" type="15" sum="5"/>
<action no="3" player="SuBandiduu" type="1" discard="1" dealt="1" sum="20"/>
<action no="4" player="Rakki" type="2" sum="40"/>
</round>
<round no="1"><cards type="Pocket" player="Rakki">D2 C7</cards>
<cards type="Pocket" player="SuBandiduu">X X</cards>
<action no="5" player="SuBandiduu" type="3" discard="1" dealt="1" sum="20"/>
<action no="6" player="Rakki" type="4" sum="0"/>
</round>
<round no="2"><cards type="Flop">CJ D6 D3</cards>
<action no="7" player="Rakki" type="4" sum="0"/>
<action no="8" player="SuBandiduu" type="4" discard="1" dealt="1" sum="0"/>
</round>
<round no="3"><cards type="Turn">H6</cards>
<action no="9" player="Rakki" type="4" sum="0"/>
<action no="10" player="SuBandiduu" type="4" discard="1" dealt="1" sum="0"/>
</round>
<round no="4"><cards type="River">H5</cards>
<action no="11" player="Rakki" type="5" sum="120"/>
<action no="12" player="SuBandiduu" type="0" discard="1" dealt="1" sum="0"/>
</round>
</game>
<game gamecode="6433562499"><general><startdate>2025-07-20 17:02:51</startdate>
<round>1</round>
<failsafecounter/>
<players><player seat="6" name="SuBandiduu" chips="861" dealer="0" win="0" bet="861" muck="1" rebuy="0" addon="0" merge="0" rebuychips="0" reg_code="5048631168"/>
<player seat="3" name="Rakki" chips="639" dealer="1" win="1,278" bet="639" muck="0" rebuy="0" addon="0" merge="0" rebuychips="0" reg_code="5048630096"/>
</players>
</general>
<round no="0"><action no="1" player="Rakki" type="15" sum="5"/>
<action no="2" player="SuBandiduu" type="15" discard="1" dealt="1" sum="5"/>
<action no="3" player="Rakki" type="1" sum="30"/>
<action no="4" player="SuBandiduu" type="2" discard="1" dealt="1" sum="60"/>
</round>
<round no="1"><cards type="Pocket" player="Rakki">C10 SA</cards>
<cards type="Pocket" player="SuBandiduu">S6 DA</cards>
<action no="5" player="Rakki" type="3" sum="30"/>
<action no="6" player="SuBandiduu" type="23" discard="1" dealt="1" sum="856"/>
<action no="7" player="Rakki" type="7" sum="574"/>
</round>
<round no="2"><cards type="Flop">S5 S10 H5</cards>
</round>
<round no="3"><cards type="Turn">HK</cards>
</round>
<round no="4"><cards type="River">C8</cards>
</round>
</game>
<game gamecode="6433562523"><general><startdate>2025-07-20 17:03:09</startdate>
<round>1</round>
<failsafecounter/>
<players><player seat="3" name="Rakki" chips="1,278" dealer="0" win="444" bet="222" muck="0" rebuy="0" addon="0" merge="0" rebuychips="0" reg_code="5048630096"/>
<player seat="6" name="SuBandiduu" chips="222" dealer="1" win="0" bet="222" muck="0" rebuy="0" addon="0" merge="0" rebuychips="0" reg_code="5048631168"/>
</players>
</general>
<round no="0"><action no="1" player="SuBandiduu" type="15" discard="1" dealt="1" sum="5"/>
<action no="2" player="Rakki" type="15" sum="5"/>
<action no="3" player="SuBandiduu" type="1" discard="1" dealt="1" sum="30"/>
<action no="4" player="Rakki" type="2" sum="60"/>
</round>
<round no="1"><cards type="Pocket" player="Rakki">S5 C6</cards>
<cards type="Pocket" player="SuBandiduu">HK S4</cards>
<action no="5" player="SuBandiduu" type="23" discard="1" dealt="1" sum="217"/>
<action no="6" player="Rakki" type="3" sum="157"/>
</round>
<round no="2"><cards type="Flop">C4 D5 C8</cards>
</round>
<round no="3"><cards type="Turn">D7</cards>
</round>
<round no="4"><cards type="River">C2</cards>
</round>
</game>
</session>
