<?xml version="1.0" encoding="UTF-8"?>
<session sessioncode="5049691089">
<general>
<client_version>25.1.1.16</client_version>
<mode>real</mode>
<gametype>Holdem NL</gametype>
<tablename>Twister €100 SNG, 814621639</tablename>
<tournamentcode>814621638</tournamentcode>
<tournamentname>Twister €100 SNG</tournamentname>
<buyin>€0 + €7 + €93</buyin>
<totalbuyin>€100</totalbuyin>
<rewarddrawn>€500</rewarddrawn>
<tournamentcurrency>EUR</tournamentcurrency>
<currency>EUR</currency>
<nickname>Rakki</nickname>
<gamecount>19</gamecount>
<startdate>2025-07-25 21:53:35</startdate>
<place>2</place>
<win>€0</win>
<tablesize>3</tablesize>
</general>
<game gamecode="6437761147"><general><startdate>2025-07-25 21:53:51</startdate>
<round>1</round>
<failsafecounter/>
<players><player seat="10" name="bergi611" chips="500" dealer="0" win="0" bet="20" muck="1" rebuy="0" addon="0" merge="0" rebuychips="0" reg_code="5049691266"/>
<player seat="3" name="Rakki" chips="500" dealer="1" win="0" bet="0" muck="1" rebuy="0" addon="0" merge="0" rebuychips="0" reg_code="5049691089"/>
<player seat="6" name="Vvbhhhjj" chips="500" dealer="0" win="40" bet="60" muck="1" rebuy="0" addon="0" merge="0" rebuychips="0" reg_code="5049691114"/>
</players>
</general>
<round no="0"><action no="1" player="Vvbhhhjj" type="1" discard="1" dealt="1" sum="10"/>
<action no="2" player="bergi611" type="2" discard="1" dealt="1" sum="20"/>
</round>
<round no="1"><cards type="Pocket" player="Rakki">H9 D5</cards>
<cards type="Pocket" player="bergi611">X X</cards>
<cards type="Pocket" player="Vvbhhhjj">X X</cards>
<action no="3" player="Rakki" type="0" sum="0"/>
<action no="4" player="Vvbhhhjj" type="3" discard="1" dealt="1" sum="10"/>
<action no="5" player="bergi611" type="4" discard="1" dealt="1" sum="0"/>
</round>
<round no="2"><cards type="Flop">H5 SQ S6</cards>
<action no="6" player="Vvbhhhjj" type="4" discard="1" dealt="1" sum="0"/>
<action no="7" player="bergi611" type="4" discard="1" dealt="1" sum="0"/>
</round>
<round no="3"><cards type="Turn">SK</cards>
<action no="8" player="Vvbhhhjj" type="5" discard="1" dealt="1" sum="40"/>
<action no="9" player="bergi611" type="0" discard="1" dealt="1" sum="0"/>
</round>
</game>
<game gamecode="6437761180"><general><startdate>2025-07-25 21:54:13</startdate>
<round>1</round>
<failsafecounter/>
<players><player seat="3" name="Rakki" chips="500" dealer="0" win="20" bet="20" muck="1" rebuy="0" addon="0" merge="0" rebuychips="0" reg_code="5049691089"/>
<player seat="6" name="Vvbhhhjj" chips="520" dealer="1" win="0" bet="0" muck="1" rebuy="0" addon="0" merge="0" rebuychips="0" reg_code="5049691114"/>
<player seat="10" name="bergi611" chips="480" dealer="0" win="0" bet="10" muck="1" rebuy="0" addon="0" merge="0" rebuychips="0" reg_code="5049691266"/>
</players>
</general>
<round no="0"><action no="1" player="bergi611" type="1" discard="1" dealt="1" sum="10"/>
<action no="2" player="Rakki" type="2" sum="20"/>
</round>
<round no="1"><cards type="Pocket" player="bergi611">X X</cards>
<cards type="Pocket" player="Rakki">D8 S3</cards>
<cards type="Pocket" player="Vvbhhhjj">X X</cards>
<action no="3" player="Vvbhhhjj" type="0" discard="1" dealt="1" sum="0"/>
<action no="4" player="bergi611" type="0" discard="1" dealt="1" sum="0"/>
</round>
</game>
<game gamecode="6437761190"><general><startdate>2025-07-25 21:54:21</startdate>
<round>1</round>
<failsafecounter/>
<players><player seat="6" name="Vvbhhhjj" chips="520" dealer="0" win="0" bet="20" muck="1" rebuy="0" addon="0" merge="0" rebuychips="0" reg_code="5049691114"/>
<player seat="10" name="bergi611" chips="470" dealer="1" win="0" bet="0" muck="1" rebuy="0" addon="0" merge="0" rebuychips="0" reg_code="5049691266"/>
<player seat="3" name="Rakki" chips="510" dealer="0" win="40" bet="40" muck="1" rebuy="0" addon="0" merge="0" rebuychips="0" reg_code="5049691089"/>
</players>
</general>
<round no="0"><action no="1" player="Rakki" type="1" sum="10"/>
<action no="2" player="Vvbhhhjj" type="2" discard="1" dealt="1" sum="20"/>
</round>
<round no="1"><cards type="Pocket" player="Rakki">C8 C3</cards>
<cards type="Pocket" player="bergi611">X X</cards>
<cards type="Pocket" player="Vvbhhhjj">X X</cards>
<action no="3" player="bergi611" type="0" discard="1" dealt="1" sum="0"/>
<action no="4" player="Rakki" type="3" sum="10"/>
<action no="5" player="Vvbhhhjj" type="4" discard="1" dealt="1" sum="0"/>
</round>
<round no="2"><cards type="Flop">HJ S7 SQ</cards>
<action no="6" player="Rakki" type="5" sum="20"/>
<action no="7" player="Vvbhhhjj" type="0" discard="1" dealt="1" sum="0"/>
</round>
</game>
<game gamecode="6437761212"><general><startdate>2025-07-25 21:54:40</startdate>
<round>1</round>
<failsafecounter/>
<players><player seat="10" name="bergi611" chips="470" dealer="0" win="0" bet="60" muck="1" rebuy="0" addon="0" merge="0" rebuychips="0" reg_code="5049691266"/>
<player seat="3" name="Rakki" chips="530" dealer="1" win="0" bet="0" muck="1" rebuy="0" addon="0" merge="0" rebuychips="0" reg_code="5049691089"/>
<player seat="6" name="Vvbhhhjj" chips="500" dealer="0" win="120" bet="120" muck="1" rebuy="0" addon="0" merge="0" rebuychips="0" reg_code="5049691114"/>
</players>
</general>
<round no="0"><action no="1" player="Vvbhhhjj" type="1" discard="1" dealt="1" sum="10"/>
<action no="2" player="bergi611" type="2" discard="1" dealt="1" sum="20"/>
</round>
<round no="1"><cards type="Pocket" player="bergi611">X X</cards>
<cards type="Pocket" player="Vvbhhhjj">X X</cards>
<cards type="Pocket" player="Rakki">D10 S5</cards>
<action no="3" player="Rakki" type="0" sum="0"/>
<action no="4" player="Vvbhhhjj" type="3" discard="1" dealt="1" sum="10"/>
<action no="5" player="bergi611" type="4" discard="1" dealt="1" sum="0"/>
</round>
<round no="2"><cards type="Flop">H6 HA H2</cards>
<action no="6" player="Vvbhhhjj" type="4" discard="1" dealt="1" sum="0"/>
<action no="7" player="bergi611" type="4" discard="1" dealt="1" sum="0"/>
</round>
<round no="3"><cards type="Turn">CJ</cards>
<action no="8" player="Vvbhhhjj" type="5" discard="1" dealt="1" sum="40"/>
<action no="9" player="bergi611" type="3" discard="1" dealt="1" sum="40"/>
</round>
<round no="4"><cards type="River">HJ</cards>
<action no="10" player="Vvbhhhjj" type="5" discard="1" dealt="1" sum="60"/>
<action no="11" player="bergi611" type="0" discard="1" dealt="1" sum="0"/>
</round>
</game>
<game gamecode="6437761239"><general><startdate>2025-07-25 21:55:05</startdate>
<round>1</round>
<failsafecounter/>
<players><player seat="3" name="Rakki" chips="530" dealer="0" win="20" bet="20" muck="1" rebuy="0" addon="0" merge="0" rebuychips="0" reg_code="5049691089"/>
<player seat="6" name="Vvbhhhjj" chips="560" dealer="1" win="0" bet="0" muck="1" rebuy="0" addon="0" merge="0" rebuychips="0" reg_code="5049691114"/>
<player seat="10" name="bergi611" chips="410" dealer="0" win="0" bet="10" muck="1" rebuy="0" addon="0" merge="0" rebuychips="0" reg_code="5049691266"/>
</players>
</general>
<round no="0"><action no="1" player="bergi611" type="1" discard="1" dealt="1" sum="10"/>
<action no="2" player="Rakki" type="2" sum="20"/>
</round>
<round no="1"><cards type="Pocket" player="Vvbhhhjj">X X</cards>
<cards type="Pocket" player="Rakki">HJ H2</cards>
<cards type="Pocket" player="bergi611">X X</cards>
<action no="3" player="Vvbhhhjj" type="0" discard="1" dealt="1" sum="0"/>
<action no="4" player="bergi611" type="0" discard="1" dealt="1" sum="0"/>
</round>
</game>
<game gamecode="6437761243"><general><startdate>2025-07-25 21:55:12</startdate>
<round>1</round>
<failsafecounter/>
<players><player seat="6" name="Vvbhhhjj" chips="560" dealer="0" win="20" bet="20" muck="1" rebuy="0" addon="0" merge="0" rebuychips="0" reg_code="5049691114"/>
<player seat="10" name="bergi611" chips="400" dealer="1" win="0" bet="0" muck="1" rebuy="0" addon="0" merge="0" rebuychips="0" reg_code="5049691266"/>
<player seat="3" name="Rakki" chips="540" dealer="0" win="0" bet="10" muck="1" rebuy="0" addon="0" merge="0" rebuychips="0" reg_code="5049691089"/>
</players>
</general>
<round no="0"><action no="1" player="Rakki" type="1" sum="10"/>
<action no="2" player="Vvbhhhjj" type="2" discard="1" dealt="1" sum="20"/>
</round>
<round no="1"><cards type="Pocket" player="Vvbhhhjj">X X</cards>
<cards type="Pocket" player="Rakki">S7 C3</cards>
<cards type="Pocket" player="bergi611">X X</cards>
<action no="3" player="bergi611" type="0" discard="1" dealt="1" sum="0"/>
<action no="4" player="Rakki" type="0" sum="0"/>
</round>
</game>
<game gamecode="6437761254"><general><startdate>2025-07-25 21:55:24</startdate>
<round>1</round>
<failsafecounter/>
<players><player seat="10" name="bergi611" chips="400" dealer="0" win="40" bet="20" muck="0" rebuy="0" addon="0" merge="0" rebuychips="0" reg_code="5049691266"/>
<player seat="3" name="Rakki" chips="530" dealer="1" win="0" bet="0" muck="1" rebuy="0" addon="0" merge="0" rebuychips="0" reg_code="5049691089"/>
<player seat="6" name="Vvbhhhjj" chips="570" dealer="0" win="0" bet="20" muck="1" rebuy="0" addon="0" merge="0" rebuychips="0" reg_code="5049691114"/>
</players>
</general>
<round no="0"><action no="1" player="Vvbhhhjj" type="1" discard="1" dealt="1" sum="10"/>
<action no="2" player="bergi611" type="2" discard="1" dealt="1" sum="20"/>
</round>
<round no="1"><cards type="Pocket" player="Vvbhhhjj">S6 S5</cards>
<cards type="Pocket" player="bergi611">C6 DK</cards>
<cards type="Pocket" player="Rakki">S7 CJ</cards>
<action no="3" player="Rakki" type="0" sum="0"/>
<action no="4" player="Vvbhhhjj" type="3" discard="1" dealt="1" sum="10"/>
<action no="5" player="bergi611" type="4" discard="1" dealt="1" sum="0"/>
</round>
<round no="2"><cards type="Flop">H9 D7 D9</cards>
<action no="6" player="Vvbhhhjj" type="4" discard="1" dealt="1" sum="0"/>
<action no="7" player="bergi611" type="4" discard="1" dealt="1" sum="0"/>
</round>
<round no="3"><cards type="Turn">S10</cards>
<action no="8" player="Vvbhhhjj" type="4" discard="1" dealt="1" sum="0"/>
<action no="9" player="bergi611" type="4" discard="1" dealt="1" sum="0"/>
</round>
<round no="4"><cards type="River">DJ</cards>
<action no="10" player="Vvbhhhjj" type="4" discard="1" dealt="1" sum="0"/>
<action no="11" player="bergi611" type="4" discard="1" dealt="1" sum="0"/>
</round>
</game>
<game gamecode="6437761280"><general><startdate>2025-07-25 21:55:47</startdate>
<round>1</round>
<failsafecounter/>
<players><player seat="3" name="Rakki" chips="530" dealer="0" win="0" bet="20" muck="1" rebuy="0" addon="0" merge="0" rebuychips="0" reg_code="5049691089"/>
<player seat="6" name="Vvbhhhjj" chips="550" dealer="1" win="0" bet="420" muck="1" rebuy="0" addon="0" merge="0" rebuychips="0" reg_code="5049691114"/>
<player seat="10" name="bergi611" chips="420" dealer="0" win="860" bet="420" muck="0" rebuy="0" addon="0" merge="0" rebuychips="0" reg_code="5049691266"/>
</players>
</general>
<round no="0"><action no="1" player="bergi611" type="1" discard="1" dealt="1" sum="10"/>
<action no="2" player="Rakki" type="2" sum="20"/>
</round>
<round no="1"><cards type="Pocket" player="Vvbhhhjj">SQ CK</cards>
<cards type="Pocket" player="Rakki">S9 DQ</cards>
<cards type="Pocket" player="bergi611">SA S8</cards>
<action no="3" player="Vvbhhhjj" type="23" discard="1" dealt="1" sum="60"/>
<action no="4" player="bergi611" type="23" discard="1" dealt="1" sum="420"/>
<action no="5" player="Rakki" type="0" sum="0"/>
<action no="6" player="Vvbhhhjj" type="3" discard="1" dealt="1" sum="360"/>
</round>
<round no="2"><cards type="Flop">H3 H5 H4</cards>
</round>
<round no="3"><cards type="Turn">H7</cards>
</round>
<round no="4"><cards type="River">C4</cards>
</round>
</game>
<game gamecode="6437761309"><general><startdate>2025-07-25 21:56:12</startdate>
<round>1</round>
<failsafecounter/>
<players><player seat="6" name="Vvbhhhjj" chips="130" dealer="0" win="0" bet="35" muck="1" rebuy="0" addon="0" merge="0" rebuychips="0" reg_code="5049691114"/>
<player seat="10" name="bergi611" chips="860" dealer="1" win="90" bet="860" muck="1" rebuy="0" addon="0" merge="0" rebuychips="0" reg_code="5049691266"/>
<player seat="3" name="Rakki" chips="510" dealer="0" win="0" bet="20" muck="1" rebuy="0" addon="0" merge="0" rebuychips="0" reg_code="5049691089"/>
</players>
</general>
<round no="0"><action no="1" player="Rakki" type="15" sum="5"/>
<action no="2" player="Vvbhhhjj" type="15" discard="1" dealt="1" sum="5"/>
<action no="3" player="bergi611" type="15" discard="1" dealt="1" sum="5"/>
<action no="4" player="Rakki" type="1" sum="15"/>
<action no="5" player="Vvbhhhjj" type="2" discard="1" dealt="1" sum="30"/>
</round>
<round no="1"><cards type="Pocket" player="bergi611">X X</cards>
<cards type="Pocket" player="Rakki">S4 S2</cards>
<cards type="Pocket" player="Vvbhhhjj">X X</cards>
<action no="6" player="bergi611" type="23" discard="1" dealt="1" sum="855"/>
<action no="7" player="Rakki" type="0" sum="0"/>
<action no="8" player="Vvbhhhjj" type="0" discard="1" dealt="1" sum="0"/>
</round>
</game>
<game gamecode="6437761330"><general><startdate>2025-07-25 21:56:34</startdate>
<round>1</round>
<failsafecounter/>
<players><player seat="10" name="bergi611" chips="915" dealer="0" win="195" bet="95" muck="0" rebuy="0" addon="0" merge="0" rebuychips="0" reg_code="5049691266"/>
<player seat="3" name="Rakki" chips="490" dealer="1" win="0" bet="5" muck="1" rebuy="0" addon="0" merge="0" rebuychips="0" reg_code="5049691089"/>
<player seat="6" name="Vvbhhhjj" chips="95" dealer="0" win="0" bet="95" muck="0" rebuy="0" addon="0" merge="0" rebuychips="0" reg_code="5049691114"/>
</players>
</general>
<round no="0"><action no="1" player="Vvbhhhjj" type="15" discard="1" dealt="1" sum="5"/>
<action no="2" player="bergi611" type="15" discard="1" dealt="1" sum="5"/>
<action no="3" player="Rakki" type="15" sum="5"/>
<action no="4" player="Vvbhhhjj" type="1" discard="1" dealt="1" sum="15"/>
<action no="5" player="bergi611" type="2" discard="1" dealt="1" sum="30"/>
</round>
<round no="1"><cards type="Pocket" player="Rakki">C5 S6</cards>
<cards type="Pocket" player="bergi611">H7 S4</cards>
<cards type="Pocket" player="Vvbhhhjj">H5 H4</cards>
<action no="6" player="Rakki" type="0" sum="0"/>
<action no="7" player="Vvbhhhjj" type="23" discard="1" dealt="1" sum="90"/>
<action no="8" player="bergi611" type="3" discard="1" dealt="1" sum="60"/>
</round>
<round no="2"><cards type="Flop">C7 H9 D10</cards>
</round>
<round no="3"><cards type="Turn">DA</cards>
</round>
<round no="4"><cards type="River">HK</cards>
</round>
</game>
<game gamecode="6437761352"><general><startdate>2025-07-25 21:56:55</startdate>
<round>1</round>
<failsafecounter/>
<players><player seat="3" name="Rakki" chips="485" dealer="0" win="40" bet="35" muck="1" rebuy="0" addon="0" merge="0" rebuychips="0" reg_code="5049691089"/>
<player seat="10" name="bergi611" chips="1,015" dealer="1" win="0" bet="20" muck="1" rebuy="0" addon="0" merge="0" rebuychips="0" reg_code="5049691266"/>
</players>
</general>
<round no="0"><action no="1" player="bergi611" type="15" discard="1" dealt="1" sum="5"/>
<action no="2" player="Rakki" type="15" sum="5"/>
<action no="3" player="bergi611" type="1" discard="1" dealt="1" sum="15"/>
<action no="4" player="Rakki" type="2" sum="30"/>
</round>
<round no="1"><cards type="Pocket" player="bergi611">X X</cards>
<cards type="Pocket" player="Rakki">C9 H8</cards>
<action no="5" player="bergi611" type="0" discard="1" dealt="1" sum="0"/>
</round>
</game>
<game gamecode="6437761366"><general><startdate>2025-07-25 21:57:05</startdate>
<round>1</round>
<failsafecounter/>
<players><player seat="10" name="bergi611" chips="995" dealer="0" win="0" bet="35" muck="1" rebuy="0" addon="0" merge="0" rebuychips="0" reg_code="5049691266"/>
<player seat="3" name="Rakki" chips="505" dealer="1" win="70" bet="65" muck="1" rebuy="0" addon="0" merge="0" rebuychips="0" reg_code="5049691089"/>
</players>
</general>
<round no="0"><action no="1" player="Rakki" type="15" sum="5"/>
<action no="2" player="bergi611" type="15" discard="1" dealt="1" sum="5"/>
<action no="3" player="Rakki" type="1" sum="15"/>
<action no="4" player="bergi611" type="2" discard="1" dealt="1" sum="30"/>
</round>
<round no="1"><cards type="Pocket" player="Rakki">S6 S3</cards>
<cards type="Pocket" player="bergi611">X X</cards>
<action no="5" player="Rakki" type="3" sum="15"/>
<action no="6" player="bergi611" type="4" discard="1" dealt="1" sum="0"/>
</round>
<round no="2"><cards type="Flop">C9 DA DK</cards>
<action no="7" player="bergi611" type="4" discard="1" dealt="1" sum="0"/>
<action no="8" player="Rakki" type="5" sum="30"/>
<action no="9" player="bergi611" type="0" discard="1" dealt="1" sum="0"/>
</round>
</game>
<game gamecode="6437761385"><general><startdate>2025-07-25 21:57:19</startdate>
<round>1</round>
<failsafecounter/>
<players><player seat="3" name="Rakki" chips="540" dealer="0" win="40" bet="35" muck="1" rebuy="0" addon="0" merge="0" rebuychips="0" reg_code="5049691089"/>
<player seat="10" name="bergi611" chips="960" dealer="1" win="0" bet="20" muck="1" rebuy="0" addon="0" merge="0" rebuychips="0" reg_code="5049691266"/>
</players>
</general>
<round no="0"><action no="1" player="bergi611" type="15" discard="1" dealt="1" sum="5"/>
<action no="2" player="Rakki" type="15" sum="5"/>
<action no="3" player="bergi611" type="1" discard="1" dealt="1" sum="15"/>
<action no="4" player="Rakki" type="2" sum="30"/>
</round>
<round no="1"><cards type="Pocket" player="bergi611">X X</cards>
<cards type="Pocket" player="Rakki">C2 D9</cards>
<action no="5" player="bergi611" type="0" discard="1" dealt="1" sum="0"/>
</round>
</game>
<game gamecode="6437761391"><general><startdate>2025-07-25 21:57:26</startdate>
<round>1</round>
<failsafecounter/>
<players><player seat="10" name="bergi611" chips="940" dealer="0" win="70" bet="35" muck="0" rebuy="0" addon="0" merge="0" rebuychips="0" reg_code="5049691266"/>
<player seat="3" name="Rakki" chips="560" dealer="1" win="0" bet="35" muck="1" rebuy="0" addon="0" merge="0" rebuychips="0" reg_code="5049691089"/>
</players>
</general>
<round no="0"><action no="1" player="Rakki" type="15" sum="5"/>
<action no="2" player="bergi611" type="15" discard="1" dealt="1" sum="5"/>
<action no="3" player="Rakki" type="1" sum="15"/>
<action no="4" player="bergi611" type="2" discard="1" dealt="1" sum="30"/>
</round>
<round no="1"><cards type="Pocket" player="bergi611">D5 C9</cards>
<cards type="Pocket" player="Rakki">D3 CQ</cards>
<action no="5" player="Rakki" type="3" sum="15"/>
<action no="6" player="bergi611" type="4" discard="1" dealt="1" sum="0"/>
</round>
<round no="2"><cards type="Flop">C2 H2 SK</cards>
<action no="7" player="bergi611" type="4" discard="1" dealt="1" sum="0"/>
<action no="8" player="Rakki" type="4" sum="0"/>
</round>
<round no="3"><cards type="Turn">H7</cards>
<action no="9" player="bergi611" type="4" discard="1" dealt="1" sum="0"/>
<action no="10" player="Rakki" type="4" sum="0"/>
</round>
<round no="4"><cards type="River">S9</cards>
<action no="11" player="bergi611" type="4" discard="1" dealt="1" sum="0"/>
<action no="12" player="Rakki" type="4" sum="0"/>
</round>
</game>
<game gamecode="6437761436"><general><startdate>2025-07-25 21:58:05</startdate>
<round>1</round>
<failsafecounter/>
<players><player seat="3" name="Rakki" chips="525" dealer="0" win="0" bet="45" muck="1" rebuy="0" addon="0" merge="0" rebuychips="0" reg_code="5049691089"/>
<player seat="10" name="bergi611" chips="975" dealer="1" win="90" bet="185" muck="1" rebuy="0" addon="0" merge="0" rebuychips="0" reg_code="5049691266"/>
</players>
</general>
<round no="0"><action no="1" player="bergi611" type="15" discard="1" dealt="1" sum="5"/>
<action no="2" player="Rakki" type="15" sum="5"/>
<action no="3" player="bergi611" type="1" discard="1" dealt="1" sum="20"/>
<action no="4" player="Rakki" type="2" sum="40"/>
</round>
<round no="1"><cards type="Pocket" player="bergi611">X X</cards>
<cards type="Pocket" player="Rakki">H6 C9</cards>
<action no="5" player="bergi611" type="23" discard="1" dealt="1" sum="180"/>
<action no="6" player="Rakki" type="0" sum="0"/>
</round>
</game>
<game gamecode="6437761455"><general><startdate>2025-07-25 21:58:17</startdate>
<round>1</round>
<failsafecounter/>
<players><player seat="10" name="bergi611" chips="1,020" dealer="0" win="0" bet="45" muck="1" rebuy="0" addon="0" merge="0" rebuychips="0" reg_code="5049691266"/>
<player seat="3" name="Rakki" chips="480" dealer="1" win="90" bet="85" muck="1" rebuy="0" addon="0" merge="0" rebuychips="0" reg_code="5049691089"/>
</players>
</general>
<round no="0"><action no="1" player="Rakki" type="15" sum="5"/>
<action no="2" player="bergi611" type="15" discard="1" dealt="1" sum="5"/>
<action no="3" player="Rakki" type="1" sum="20"/>
<action no="4" player="bergi611" type="2" discard="1" dealt="1" sum="40"/>
</round>
<round no="1"><cards type="Pocket" player="bergi611">X X</cards>
<cards type="Pocket" player="Rakki">C9 S7</cards>
<action no="5" player="Rakki" type="3" sum="20"/>
<action no="6" player="bergi611" type="4" discard="1" dealt="1" sum="0"/>
</round>
<round no="2"><cards type="Flop">C4 H7 H10</cards>
<action no="7" player="bergi611" type="4" discard="1" dealt="1" sum="0"/>
<action no="8" player="Rakki" type="4" sum="0"/>
</round>
<round no="3"><cards type="Turn">CJ</cards>
<action no="9" player="bergi611" type="4" discard="1" dealt="1" sum="0"/>
<action no="10" player="Rakki" type="4" sum="0"/>
</round>
<round no="4"><cards type="River">H5</cards>
<action no="11" player="bergi611" type="4" discard="1" dealt="1" sum="0"/>
<action no="12" player="Rakki" type="5" sum="40"/>
<action no="13" player="bergi611" type="0" discard="1" dealt="1" sum="0"/>
</round>
</game>
<game gamecode="6437761484"><general><startdate>2025-07-25 21:58:36</startdate>
<round>1</round>
<failsafecounter/>
<players><player seat="3" name="Rakki" chips="525" dealer="0" win="0" bet="45" muck="1" rebuy="0" addon="0" merge="0" rebuychips="0" reg_code="5049691089"/>
<player seat="10" name="bergi611" chips="975" dealer="1" win="90" bet="975" muck="1" rebuy="0" addon="0" merge="0" rebuychips="0" reg_code="5049691266"/>
</players>
</general>
<round no="0"><action no="1" player="bergi611" type="15" discard="1" dealt="1" sum="5"/>
<action no="2" player="Rakki" type="15" sum="5"/>
<action no="3" player="bergi611" type="1" discard="1" dealt="1" sum="20"/>
<action no="4" player="Rakki" type="2" sum="40"/>
</round>
<round no="1"><cards type="Pocket" player="bergi611">X X</cards>
<cards type="Pocket" player="Rakki">SJ S5</cards>
<action no="5" player="bergi611" type="23" discard="1" dealt="1" sum="970"/>
<action no="6" player="Rakki" type="0" sum="0"/>
</round>
</game>
<game gamecode="6437761497"><general><startdate>2025-07-25 21:58:50</startdate>
<round>1</round>
<failsafecounter/>
<players><player seat="10" name="bergi611" chips="1,020" dealer="0" win="90" bet="1,020" muck="1" rebuy="0" addon="0" merge="0" rebuychips="0" reg_code="5049691266"/>
<player seat="3" name="Rakki" chips="480" dealer="1" win="0" bet="45" muck="1" rebuy="0" addon="0" merge="0" rebuychips="0" reg_code="5049691089"/>
</players>
</general>
<round no="0"><action no="1" player="Rakki" type="15" sum="5"/>
<action no="2" player="bergi611" type="15" discard="1" dealt="1" sum="5"/>
<action no="3" player="Rakki" type="1" sum="20"/>
<action no="4" player="bergi611" type="2" discard="1" dealt="1" sum="40"/>
</round>
<round no="1"><cards type="Pocket" player="Rakki">C7 CQ</cards>
<cards type="Pocket" player="bergi611">X X</cards>
<action no="5" player="Rakki" type="3" sum="20"/>
<action no="6" player="bergi611" type="23" discard="1" dealt="1" sum="1,015"/>
<action no="7" player="Rakki" type="0" sum="0"/>
</round>
</game>
<game gamecode="6437761512"><general><startdate>2025-07-25 21:59:03</startdate>
<round>1</round>
<failsafecounter/>
<players><player seat="3" name="Rakki" chips="435" dealer="0" win="0" bet="435" muck="0" rebuy="0" addon="0" merge="0" rebuychips="0" reg_code="5049691089"/>
<player seat="10" name="bergi611" chips="1,065" dealer="1" win="870" bet="1,065" muck="0" rebuy="0" addon="0" merge="0" rebuychips="0" reg_code="5049691266"/>
</players>
</general>
<round no="0"><action no="1" player="bergi611" type="15" discard="1" dealt="1" sum="5"/>
<action no="2" player="Rakki" type="15" sum="5"/>
<action no="3" player="bergi611" type="1" discard="1" dealt="1" sum="20"/>
<action no="4" player="Rakki" type="2" sum="40"/>
</round>
<round no="1"><cards type="Pocket" player="bergi611">H8 SJ</cards>
<cards type="Pocket" player="Rakki">D4 SA</cards>
<action no="5" player="bergi611" type="23" discard="1" dealt="1" sum="1,060"/>
<action no="6" player="Rakki" type="7" sum="390"/>
</round>
<round no="2"><cards type="Flop">S7 H9 S6</cards>
</round>
<round no="3"><cards type="Turn">DA</cards>
</round>
<round no="4"><cards type="River">H10</cards>
</round>
</game>
</session>
