<?xml version="1.0" encoding="UTF-8"?>
<session sessioncode="5049134652">
<general>
<client_version>25.1.1.16</client_version>
<mode>real</mode>
<gametype>Holdem NL</gametype>
<tablename>Twister €100 SNG, 814458469</tablename>
<tournamentcode>814458467</tournamentcode>
<tournamentname>Twister €100 SNG</tournamentname>
<buyin>€0 + €7 + €93</buyin>
<totalbuyin>€100</totalbuyin>
<rewarddrawn>€300</rewarddrawn>
<tournamentcurrency>EUR</tournamentcurrency>
<currency>EUR</currency>
<nickname>Rakki</nickname>
<gamecount>15</gamecount>
<startdate>2025-07-23 00:42:02</startdate>
<place>2</place>
<win>€0</win>
<tablesize>3</tablesize>
</general>
<game gamecode="6435551979"><general><startdate>2025-07-23 00:42:17</startdate>
<round>1</round>
<failsafecounter/>
<players><player seat="10" name="Th3M4gici4n2" chips="500" dealer="0" win="0" bet="50" muck="1" rebuy="0" addon="0" merge="0" rebuychips="0" reg_code="5049137392"/>
<player seat="3" name="mocciolocaldo" chips="500" dealer="1" win="0" bet="0" muck="1" rebuy="0" addon="0" merge="0" rebuychips="0" reg_code="5049136987"/>
<player seat="6" name="Rakki" chips="500" dealer="0" win="100" bet="90" muck="1" rebuy="0" addon="0" merge="0" rebuychips="0" reg_code="5049134652"/>
</players>
</general>
<round no="0"><action no="1" player="Rakki" type="1" sum="10"/>
<action no="2" player="Th3M4gici4n2" type="2" discard="1" dealt="1" sum="20"/>
</round>
<round no="1"><cards type="Pocket" player="Rakki">HQ D9</cards>
<cards type="Pocket" player="mocciolocaldo">X X</cards>
<cards type="Pocket" player="Th3M4gici4n2">X X</cards>
<action no="3" player="mocciolocaldo" type="0" discard="1" dealt="1" sum="0"/>
<action no="4" player="Rakki" type="23" sum="50"/>
<action no="5" player="Th3M4gici4n2" type="3" discard="1" dealt="1" sum="30"/>
</round>
<round no="2"><cards type="Flop">C7 SA C2</cards>
<action no="6" player="Rakki" type="5" sum="40"/>
<action no="7" player="Th3M4gici4n2" type="0" discard="1" dealt="1" sum="0"/>
</round>
</game>
<game gamecode="6435552015"><general><startdate>2025-07-23 00:42:36</startdate>
<round>1</round>
<failsafecounter/>
<players><player seat="3" name="mocciolocaldo" chips="500" dealer="0" win="900" bet="500" muck="0" rebuy="0" addon="0" merge="0" rebuychips="0" reg_code="5049136987"/>
<player seat="6" name="Rakki" chips="550" dealer="1" win="0" bet="0" muck="1" rebuy="0" addon="0" merge="0" rebuychips="0" reg_code="5049134652"/>
<player seat="10" name="Th3M4gici4n2" chips="450" dealer="0" win="0" bet="450" muck="1" rebuy="0" addon="0" merge="0" rebuychips="0" reg_code="5049137392"/>
</players>
</general>
<round no="0"><action no="1" player="Th3M4gici4n2" type="1" discard="1" dealt="1" sum="10"/>
<action no="2" player="mocciolocaldo" type="2" discard="1" dealt="1" sum="20"/>
</round>
<round no="1"><cards type="Pocket" player="Rakki">SJ D8</cards>
<cards type="Pocket" player="mocciolocaldo">S8 C7</cards>
<cards type="Pocket" player="Th3M4gici4n2">C8 H9</cards>
<action no="3" player="Rakki" type="0" sum="0"/>
<action no="4" player="Th3M4gici4n2" type="3" discard="1" dealt="1" sum="10"/>
<action no="5" player="mocciolocaldo" type="4" discard="1" dealt="1" sum="0"/>
</round>
<round no="2"><cards type="Flop">S3 H8 D7</cards>
<action no="6" player="Th3M4gici4n2" type="5" discard="1" dealt="1" sum="20"/>
<action no="7" player="mocciolocaldo" type="23" discard="1" dealt="1" sum="50"/>
<action no="8" player="Th3M4gici4n2" type="3" discard="1" dealt="1" sum="30"/>
</round>
<round no="3"><cards type="Turn">DA</cards>
<action no="9" player="Th3M4gici4n2" type="4" discard="1" dealt="1" sum="0"/>
<action no="10" player="mocciolocaldo" type="5" discard="1" dealt="1" sum="105"/>
<action no="11" player="Th3M4gici4n2" type="3" discard="1" dealt="1" sum="105"/>
</round>
<round no="4"><cards type="River">HJ</cards>
<action no="12" player="Th3M4gici4n2" type="4" discard="1" dealt="1" sum="0"/>
<action no="13" player="mocciolocaldo" type="5" discard="1" dealt="1" sum="325"/>
<action no="14" player="Th3M4gici4n2" type="7" discard="1" dealt="1" sum="275"/>
</round>
</game>
<game gamecode="6435552110"><general><startdate>2025-07-23 00:43:32</startdate>
<round>1</round>
<failsafecounter/>
<players><player seat="6" name="Rakki" chips="550" dealer="0" win="0" bet="40" muck="1" rebuy="0" addon="0" merge="0" rebuychips="0" reg_code="5049134652"/>
<player seat="3" name="mocciolocaldo" chips="950" dealer="1" win="80" bet="40" muck="0" rebuy="0" addon="0" merge="0" rebuychips="0" reg_code="5049136987"/>
</players>
</general>
<round no="0"><action no="1" player="mocciolocaldo" type="1" discard="1" dealt="1" sum="10"/>
<action no="2" player="Rakki" type="2" sum="20"/>
</round>
<round no="1"><cards type="Pocket" player="mocciolocaldo">D7 C5</cards>
<cards type="Pocket" player="Rakki">D3 DA</cards>
<action no="3" player="mocciolocaldo" type="3" discard="1" dealt="1" sum="10"/>
<action no="4" player="Rakki" type="4" sum="0"/>
</round>
<round no="2"><cards type="Flop">SK S5 HK</cards>
<action no="5" player="Rakki" type="4" sum="0"/>
<action no="6" player="mocciolocaldo" type="5" discard="1" dealt="1" sum="20"/>
<action no="7" player="Rakki" type="3" sum="20"/>
</round>
<round no="3"><cards type="Turn">D8</cards>
<action no="8" player="Rakki" type="4" sum="0"/>
<action no="9" player="mocciolocaldo" type="4" discard="1" dealt="1" sum="0"/>
</round>
<round no="4"><cards type="River">H6</cards>
<action no="10" player="Rakki" type="4" sum="0"/>
<action no="11" player="mocciolocaldo" type="4" discard="1" dealt="1" sum="0"/>
</round>
</game>
<game gamecode="6435552159"><general><startdate>2025-07-23 00:44:00</startdate>
<round>1</round>
<failsafecounter/>
<players><player seat="3" name="mocciolocaldo" chips="990" dealer="0" win="0" bet="65" muck="1" rebuy="0" addon="0" merge="0" rebuychips="0" reg_code="5049136987"/>
<player seat="6" name="Rakki" chips="510" dealer="1" win="130" bet="130" muck="1" rebuy="0" addon="0" merge="0" rebuychips="0" reg_code="5049134652"/>
</players>
</general>
<round no="0"><action no="1" player="Rakki" type="15" sum="5"/>
<action no="2" player="mocciolocaldo" type="15" discard="1" dealt="1" sum="5"/>
<action no="3" player="Rakki" type="1" sum="15"/>
<action no="4" player="mocciolocaldo" type="2" discard="1" dealt="1" sum="30"/>
</round>
<round no="1"><cards type="Pocket" player="mocciolocaldo">X X</cards>
<cards type="Pocket" player="Rakki">S6 H9</cards>
<action no="5" player="Rakki" type="3" sum="15"/>
<action no="6" player="mocciolocaldo" type="4" discard="1" dealt="1" sum="0"/>
</round>
<round no="2"><cards type="Flop">H8 D9 H5</cards>
<action no="7" player="mocciolocaldo" type="4" discard="1" dealt="1" sum="0"/>
<action no="8" player="Rakki" type="5" sum="30"/>
<action no="9" player="mocciolocaldo" type="3" discard="1" dealt="1" sum="30"/>
</round>
<round no="3"><cards type="Turn">H4</cards>
<action no="10" player="mocciolocaldo" type="4" discard="1" dealt="1" sum="0"/>
<action no="11" player="Rakki" type="5" sum="65"/>
<action no="12" player="mocciolocaldo" type="0" discard="1" dealt="1" sum="0"/>
</round>
</game>
<game gamecode="6435552189"><general><startdate>2025-07-23 00:44:19</startdate>
<round>1</round>
<failsafecounter/>
<players><player seat="6" name="Rakki" chips="575" dealer="0" win="0" bet="130" muck="0" rebuy="0" addon="0" merge="0" rebuychips="0" reg_code="5049134652"/>
<player seat="3" name="mocciolocaldo" chips="925" dealer="1" win="260" bet="130" muck="0" rebuy="0" addon="0" merge="0" rebuychips="0" reg_code="5049136987"/>
</players>
</general>
<round no="0"><action no="1" player="mocciolocaldo" type="15" discard="1" dealt="1" sum="5"/>
<action no="2" player="Rakki" type="15" sum="5"/>
<action no="3" player="mocciolocaldo" type="1" discard="1" dealt="1" sum="15"/>
<action no="4" player="Rakki" type="2" sum="30"/>
</round>
<round no="1"><cards type="Pocket" player="mocciolocaldo">HA C6</cards>
<cards type="Pocket" player="Rakki">D4 HJ</cards>
<action no="5" player="mocciolocaldo" type="3" discard="1" dealt="1" sum="15"/>
<action no="6" player="Rakki" type="4" sum="0"/>
</round>
<round no="2"><cards type="Flop">D8 D5 D2</cards>
<action no="7" player="Rakki" type="4" sum="0"/>
<action no="8" player="mocciolocaldo" type="5" discard="1" dealt="1" sum="30"/>
<action no="9" player="Rakki" type="3" sum="30"/>
</round>
<round no="3"><cards type="Turn">H2</cards>
<action no="10" player="Rakki" type="4" sum="0"/>
<action no="11" player="mocciolocaldo" type="4" discard="1" dealt="1" sum="0"/>
</round>
<round no="4"><cards type="River">H5</cards>
<action no="12" player="Rakki" type="5" sum="65"/>
<action no="13" player="mocciolocaldo" type="3" discard="1" dealt="1" sum="65"/>
</round>
</game>
<game gamecode="6435552243"><general><startdate>2025-07-23 00:44:48</startdate>
<round>1</round>
<failsafecounter/>
<players><player seat="3" name="mocciolocaldo" chips="1,055" dealer="0" win="130" bet="65" muck="0" rebuy="0" addon="0" merge="0" rebuychips="0" reg_code="5049136987"/>
<player seat="6" name="Rakki" chips="445" dealer="1" win="0" bet="65" muck="1" rebuy="0" addon="0" merge="0" rebuychips="0" reg_code="5049134652"/>
</players>
</general>
<round no="0"><action no="1" player="Rakki" type="15" sum="5"/>
<action no="2" player="mocciolocaldo" type="15" discard="1" dealt="1" sum="5"/>
<action no="3" player="Rakki" type="1" sum="15"/>
<action no="4" player="mocciolocaldo" type="2" discard="1" dealt="1" sum="30"/>
</round>
<round no="1"><cards type="Pocket" player="mocciolocaldo">S9 D6</cards>
<cards type="Pocket" player="Rakki">S2 S5</cards>
<action no="5" player="Rakki" type="3" sum="15"/>
<action no="6" player="mocciolocaldo" type="4" discard="1" dealt="1" sum="0"/>
</round>
<round no="2"><cards type="Flop">D10 H9 S8</cards>
<action no="7" player="mocciolocaldo" type="4" discard="1" dealt="1" sum="0"/>
<action no="8" player="Rakki" type="5" sum="30"/>
<action no="9" player="mocciolocaldo" type="3" discard="1" dealt="1" sum="30"/>
</round>
<round no="3"><cards type="Turn">C8</cards>
<action no="10" player="mocciolocaldo" type="4" discard="1" dealt="1" sum="0"/>
<action no="11" player="Rakki" type="4" sum="0"/>
</round>
<round no="4"><cards type="River">HA</cards>
<action no="12" player="mocciolocaldo" type="4" discard="1" dealt="1" sum="0"/>
<action no="13" player="Rakki" type="4" sum="0"/>
</round>
</game>
<game gamecode="6435552301"><general><startdate>2025-07-23 00:45:24</startdate>
<round>1</round>
<failsafecounter/>
<players><player seat="6" name="Rakki" chips="380" dealer="0" win="130" bet="195" muck="1" rebuy="0" addon="0" merge="0" rebuychips="0" reg_code="5049134652"/>
<player seat="3" name="mocciolocaldo" chips="1,120" dealer="1" win="0" bet="65" muck="1" rebuy="0" addon="0" merge="0" rebuychips="0" reg_code="5049136987"/>
</players>
</general>
<round no="0"><action no="1" player="mocciolocaldo" type="15" discard="1" dealt="1" sum="5"/>
<action no="2" player="Rakki" type="15" sum="5"/>
<action no="3" player="mocciolocaldo" type="1" discard="1" dealt="1" sum="15"/>
<action no="4" player="Rakki" type="2" sum="30"/>
</round>
<round no="1"><cards type="Pocket" player="mocciolocaldo">X X</cards>
<cards type="Pocket" player="Rakki">S7 CJ</cards>
<action no="5" player="mocciolocaldo" type="3" discard="1" dealt="1" sum="15"/>
<action no="6" player="Rakki" type="4" sum="0"/>
</round>
<round no="2"><cards type="Flop">H6 DQ C6</cards>
<action no="7" player="Rakki" type="4" sum="0"/>
<action no="8" player="mocciolocaldo" type="5" discard="1" dealt="1" sum="30"/>
<action no="9" player="Rakki" type="3" sum="30"/>
</round>
<round no="3"><cards type="Turn">H4</cards>
<action no="10" player="Rakki" type="4" sum="0"/>
<action no="11" player="mocciolocaldo" type="4" discard="1" dealt="1" sum="0"/>
</round>
<round no="4"><cards type="River">C4</cards>
<action no="12" player="Rakki" type="5" sum="130"/>
<action no="13" player="mocciolocaldo" type="0" discard="1" dealt="1" sum="0"/>
</round>
</game>
<game gamecode="6435552354"><general><startdate>2025-07-23 00:45:56</startdate>
<round>1</round>
<failsafecounter/>
<players><player seat="3" name="mocciolocaldo" chips="1,055" dealer="0" win="90" bet="1,055" muck="1" rebuy="0" addon="0" merge="0" rebuychips="0" reg_code="5049136987"/>
<player seat="6" name="Rakki" chips="445" dealer="1" win="0" bet="45" muck="1" rebuy="0" addon="0" merge="0" rebuychips="0" reg_code="5049134652"/>
</players>
</general>
<round no="0"><action no="1" player="Rakki" type="15" sum="5"/>
<action no="2" player="mocciolocaldo" type="15" discard="1" dealt="1" sum="5"/>
<action no="3" player="Rakki" type="1" sum="20"/>
<action no="4" player="mocciolocaldo" type="2" discard="1" dealt="1" sum="40"/>
</round>
<round no="1"><cards type="Pocket" player="Rakki">H4 D10</cards>
<cards type="Pocket" player="mocciolocaldo">X X</cards>
<action no="5" player="Rakki" type="3" sum="20"/>
<action no="6" player="mocciolocaldo" type="23" discard="1" dealt="1" sum="1,050"/>
<action no="7" player="Rakki" type="0" sum="0"/>
</round>
</game>
<game gamecode="6435552367"><general><startdate>2025-07-23 00:46:04</startdate>
<round>1</round>
<failsafecounter/>
<players><player seat="6" name="Rakki" chips="400" dealer="0" win="800" bet="400" muck="0" rebuy="0" addon="0" merge="0" rebuychips="0" reg_code="5049134652"/>
<player seat="3" name="mocciolocaldo" chips="1,100" dealer="1" win="0" bet="1,100" muck="0" rebuy="0" addon="0" merge="0" rebuychips="0" reg_code="5049136987"/>
</players>
</general>
<round no="0"><action no="1" player="mocciolocaldo" type="15" discard="1" dealt="1" sum="5"/>
<action no="2" player="Rakki" type="15" sum="5"/>
<action no="3" player="mocciolocaldo" type="1" discard="1" dealt="1" sum="20"/>
<action no="4" player="Rakki" type="2" sum="40"/>
</round>
<round no="1"><cards type="Pocket" player="Rakki">SK SQ</cards>
<cards type="Pocket" player="mocciolocaldo">D3 HK</cards>
<action no="5" player="mocciolocaldo" type="23" discard="1" dealt="1" sum="1,095"/>
<action no="6" player="Rakki" type="7" sum="355"/>
</round>
<round no="2"><cards type="Flop">C2 CK D4</cards>
</round>
<round no="3"><cards type="Turn">C8</cards>
</round>
<round no="4"><cards type="River">S4</cards>
</round>
</game>
<game gamecode="6435552393"><general><startdate>2025-07-23 00:46:21</startdate>
<round>1</round>
<failsafecounter/>
<players><player seat="3" name="mocciolocaldo" chips="700" dealer="0" win="170" bet="85" muck="0" rebuy="0" addon="0" merge="0" rebuychips="0" reg_code="5049136987"/>
<player seat="6" name="Rakki" chips="800" dealer="1" win="0" bet="85" muck="1" rebuy="0" addon="0" merge="0" rebuychips="0" reg_code="5049134652"/>
</players>
</general>
<round no="0"><action no="1" player="Rakki" type="15" sum="5"/>
<action no="2" player="mocciolocaldo" type="15" discard="1" dealt="1" sum="5"/>
<action no="3" player="Rakki" type="1" sum="20"/>
<action no="4" player="mocciolocaldo" type="2" discard="1" dealt="1" sum="40"/>
</round>
<round no="1"><cards type="Pocket" player="mocciolocaldo">C4 H5</cards>
<cards type="Pocket" player="Rakki">H6 SJ</cards>
<action no="5" player="Rakki" type="3" sum="20"/>
<action no="6" player="mocciolocaldo" type="4" discard="1" dealt="1" sum="0"/>
</round>
<round no="2"><cards type="Flop">SA CQ C2</cards>
<action no="7" player="mocciolocaldo" type="4" discard="1" dealt="1" sum="0"/>
<action no="8" player="Rakki" type="5" sum="40"/>
<action no="9" player="mocciolocaldo" type="3" discard="1" dealt="1" sum="40"/>
</round>
<round no="3"><cards type="Turn">C9</cards>
<action no="10" player="mocciolocaldo" type="4" discard="1" dealt="1" sum="0"/>
<action no="11" player="Rakki" type="4" sum="0"/>
</round>
<round no="4"><cards type="River">C3</cards>
<action no="12" player="mocciolocaldo" type="4" discard="1" dealt="1" sum="0"/>
<action no="13" player="Rakki" type="4" sum="0"/>
</round>
</game>
<game gamecode="6435552482"><general><startdate>2025-07-23 00:47:08</startdate>
<round>1</round>
<failsafecounter/>
<players><player seat="6" name="Rakki" chips="715" dealer="0" win="0" bet="45" muck="1" rebuy="0" addon="0" merge="0" rebuychips="0" reg_code="5049134652"/>
<player seat="3" name="mocciolocaldo" chips="785" dealer="1" win="90" bet="45" muck="0" rebuy="0" addon="0" merge="0" rebuychips="0" reg_code="5049136987"/>
</players>
</general>
<round no="0"><action no="1" player="mocciolocaldo" type="15" discard="1" dealt="1" sum="5"/>
<action no="2" player="Rakki" type="15" sum="5"/>
<action no="3" player="mocciolocaldo" type="1" discard="1" dealt="1" sum="20"/>
<action no="4" player="Rakki" type="2" sum="40"/>
</round>
<round no="1"><cards type="Pocket" player="Rakki">S3 H5</cards>
<cards type="Pocket" player="mocciolocaldo">C10 C2</cards>
<action no="5" player="mocciolocaldo" type="3" discard="1" dealt="1" sum="20"/>
<action no="6" player="Rakki" type="4" sum="0"/>
</round>
<round no="2"><cards type="Flop">D10 H4 SK</cards>
<action no="7" player="Rakki" type="4" sum="0"/>
<action no="8" player="mocciolocaldo" type="4" discard="1" dealt="1" sum="0"/>
</round>
<round no="3"><cards type="Turn">SA</cards>
<action no="9" player="Rakki" type="4" sum="0"/>
<action no="10" player="mocciolocaldo" type="4" discard="1" dealt="1" sum="0"/>
</round>
<round no="4"><cards type="River">SJ</cards>
<action no="11" player="Rakki" type="4" sum="0"/>
<action no="12" player="mocciolocaldo" type="4" discard="1" dealt="1" sum="0"/>
</round>
</game>
<game gamecode="6435552546"><general><startdate>2025-07-23 00:47:46</startdate>
<round>1</round>
<failsafecounter/>
<players><player seat="3" name="mocciolocaldo" chips="830" dealer="0" win="250" bet="830" muck="1" rebuy="0" addon="0" merge="0" rebuychips="0" reg_code="5049136987"/>
<player seat="6" name="Rakki" chips="670" dealer="1" win="0" bet="125" muck="1" rebuy="0" addon="0" merge="0" rebuychips="0" reg_code="5049134652"/>
</players>
</general>
<round no="0"><action no="1" player="Rakki" type="15" sum="5"/>
<action no="2" player="mocciolocaldo" type="15" discard="1" dealt="1" sum="5"/>
<action no="3" player="Rakki" type="1" sum="30"/>
<action no="4" player="mocciolocaldo" type="2" discard="1" dealt="1" sum="60"/>
</round>
<round no="1"><cards type="Pocket" player="mocciolocaldo">X X</cards>
<cards type="Pocket" player="Rakki">D8 D4</cards>
<action no="5" player="Rakki" type="3" sum="30"/>
<action no="6" player="mocciolocaldo" type="4" discard="1" dealt="1" sum="0"/>
</round>
<round no="2"><cards type="Flop">H2 CJ S5</cards>
<action no="7" player="mocciolocaldo" type="4" discard="1" dealt="1" sum="0"/>
<action no="8" player="Rakki" type="5" sum="60"/>
<action no="9" player="mocciolocaldo" type="23" discard="1" dealt="1" sum="765"/>
<action no="10" player="Rakki" type="0" sum="0"/>
</round>
</game>
<game gamecode="6435552610"><general><startdate>2025-07-23 00:48:22</startdate>
<round>1</round>
<failsafecounter/>
<players><player seat="6" name="Rakki" chips="545" dealer="0" win="0" bet="65" muck="1" rebuy="0" addon="0" merge="0" rebuychips="0" reg_code="5049134652"/>
<player seat="3" name="mocciolocaldo" chips="955" dealer="1" win="130" bet="195" muck="1" rebuy="0" addon="0" merge="0" rebuychips="0" reg_code="5049136987"/>
</players>
</general>
<round no="0"><action no="1" player="mocciolocaldo" type="15" discard="1" dealt="1" sum="5"/>
<action no="2" player="Rakki" type="15" sum="5"/>
<action no="3" player="mocciolocaldo" type="1" discard="1" dealt="1" sum="30"/>
<action no="4" player="Rakki" type="2" sum="60"/>
</round>
<round no="1"><cards type="Pocket" player="mocciolocaldo">X X</cards>
<cards type="Pocket" player="Rakki">C2 H4</cards>
<action no="5" player="mocciolocaldo" type="3" discard="1" dealt="1" sum="30"/>
<action no="6" player="Rakki" type="4" sum="0"/>
</round>
<round no="2"><cards type="Flop">S9 H10 D6</cards>
<action no="7" player="Rakki" type="4" sum="0"/>
<action no="8" player="mocciolocaldo" type="4" discard="1" dealt="1" sum="0"/>
</round>
<round no="3"><cards type="Turn">HQ</cards>
<action no="9" player="Rakki" type="4" sum="0"/>
<action no="10" player="mocciolocaldo" type="5" discard="1" dealt="1" sum="130"/>
<action no="11" player="Rakki" type="0" sum="0"/>
</round>
</game>
<game gamecode="6435552656"><general><startdate>2025-07-23 00:48:50</startdate>
<round>1</round>
<failsafecounter/>
<players><player seat="3" name="mocciolocaldo" chips="1,020" dealer="0" win="0" bet="65" muck="1" rebuy="0" addon="0" merge="0" rebuychips="0" reg_code="5049136987"/>
<player seat="6" name="Rakki" chips="480" dealer="1" win="130" bet="480" muck="1" rebuy="0" addon="0" merge="0" rebuychips="0" reg_code="5049134652"/>
</players>
</general>
<round no="0"><action no="1" player="Rakki" type="15" sum="5"/>
<action no="2" player="mocciolocaldo" type="15" discard="1" dealt="1" sum="5"/>
<action no="3" player="Rakki" type="1" sum="30"/>
<action no="4" player="mocciolocaldo" type="2" discard="1" dealt="1" sum="60"/>
</round>
<round no="1"><cards type="Pocket" player="mocciolocaldo">X X</cards>
<cards type="Pocket" player="Rakki">C2 SA</cards>
<action no="5" player="Rakki" type="23" sum="475"/>
<action no="6" player="mocciolocaldo" type="0" discard="1" dealt="1" sum="0"/>
</round>
</game>
<game gamecode="6435552673"><general><startdate>2025-07-23 00:48:58</startdate>
<round>1</round>
<failsafecounter/>
<players><player seat="6" name="Rakki" chips="545" dealer="0" win="0" bet="545" muck="1" rebuy="0" addon="0" merge="0" rebuychips="0" reg_code="5049134652"/>
<player seat="3" name="mocciolocaldo" chips="955" dealer="1" win="1,090" bet="955" muck="0" rebuy="0" addon="0" merge="0" rebuychips="0" reg_code="5049136987"/>
</players>
</general>
<round no="0"><action no="1" player="mocciolocaldo" type="15" discard="1" dealt="1" sum="8"/>
<action no="2" player="Rakki" type="15" sum="8"/>
<action no="3" player="mocciolocaldo" type="1" discard="1" dealt="1" sum="40"/>
<action no="4" player="Rakki" type="2" sum="80"/>
</round>
<round no="1"><cards type="Pocket" player="Rakki">SA S8</cards>
<cards type="Pocket" player="mocciolocaldo">CQ HK</cards>
<action no="5" player="mocciolocaldo" type="23" discard="1" dealt="1" sum="947"/>
<action no="6" player="Rakki" type="7" sum="457"/>
</round>
<round no="2"><cards type="Flop">DK C4 S10</cards>
</round>
<round no="3"><cards type="Turn">S6</cards>
</round>
<round no="4"><cards type="River">D5</cards>
</round>
</game>
</session>
