<?xml version="1.0" encoding="UTF-8"?>
<session sessioncode="5049150780">
<general>
<client_version>25.1.1.16</client_version>
<mode>real</mode>
<gametype>Holdem NL</gametype>
<tablename>Twister €100 SNG, 814463348</tablename>
<tournamentcode>814463347</tournamentcode>
<tournamentname>Twister €100 SNG</tournamentname>
<buyin>€0 + €7 + €93</buyin>
<totalbuyin>€100</totalbuyin>
<rewarddrawn>€200</rewarddrawn>
<tournamentcurrency>EUR</tournamentcurrency>
<currency>EUR</currency>
<nickname>Rakki</nickname>
<gamecount>8</gamecount>
<startdate>2025-07-23 01:53:26</startdate>
<place>3</place>
<win>€0</win>
<tablesize>3</tablesize>
</general>
<game gamecode="6435601167"><general><startdate>2025-07-23 01:53:41</startdate>
<round>1</round>
<failsafecounter/>
<players><player seat="6" name="mocciolocaldo" chips="500" dealer="0" win="60" bet="65" muck="1" rebuy="0" addon="0" merge="0" rebuychips="0" reg_code="5049150931"/>
<player seat="10" name="Nineten22" chips="500" dealer="1" win="0" bet="20" muck="1" rebuy="0" addon="0" merge="0" rebuychips="0" reg_code="5049151621"/>
<player seat="3" name="Rakki" chips="500" dealer="0" win="0" bet="20" muck="1" rebuy="0" addon="0" merge="0" rebuychips="0" reg_code="5049150780"/>
</players>
</general>
<round no="0"><action no="1" player="Rakki" type="1" sum="10"/>
<action no="2" player="mocciolocaldo" type="2" discard="1" dealt="1" sum="20"/>
</round>
<round no="1"><cards type="Pocket" player="Nineten22">X X</cards>
<cards type="Pocket" player="Rakki">D3 D2</cards>
<cards type="Pocket" player="mocciolocaldo">X X</cards>
<action no="3" player="Nineten22" type="3" discard="1" dealt="1" sum="20"/>
<action no="4" player="Rakki" type="3" sum="10"/>
<action no="5" player="mocciolocaldo" type="4" discard="1" dealt="1" sum="0"/>
</round>
<round no="2"><cards type="Flop">D10 CK SA</cards>
<action no="6" player="Rakki" type="4" sum="0"/>
<action no="7" player="mocciolocaldo" type="4" discard="1" dealt="1" sum="0"/>
<action no="8" player="Nineten22" type="4" discard="1" dealt="1" sum="0"/>
</round>
<round no="3"><cards type="Turn">HA</cards>
<action no="9" player="Rakki" type="4" sum="0"/>
<action no="10" player="mocciolocaldo" type="4" discard="1" dealt="1" sum="0"/>
<action no="11" player="Nineten22" type="4" discard="1" dealt="1" sum="0"/>
</round>
<round no="4"><cards type="River">C4</cards>
<action no="12" player="Rakki" type="4" sum="0"/>
<action no="13" player="mocciolocaldo" type="5" discard="1" dealt="1" sum="45"/>
<action no="14" player="Nineten22" type="0" discard="1" dealt="1" sum="0"/>
<action no="15" player="Rakki" type="0" sum="0"/>
</round>
</game>
<game gamecode="6435601239"><general><startdate>2025-07-23 01:54:28</startdate>
<round>1</round>
<failsafecounter/>
<players><player seat="10" name="Nineten22" chips="480" dealer="0" win="300" bet="480" muck="1" rebuy="0" addon="0" merge="0" rebuychips="0" reg_code="5049151621"/>
<player seat="3" name="Rakki" chips="480" dealer="1" win="0" bet="0" muck="1" rebuy="0" addon="0" merge="0" rebuychips="0" reg_code="5049150780"/>
<player seat="6" name="mocciolocaldo" chips="540" dealer="0" win="0" bet="150" muck="1" rebuy="0" addon="0" merge="0" rebuychips="0" reg_code="5049150931"/>
</players>
</general>
<round no="0"><action no="1" player="mocciolocaldo" type="1" discard="1" dealt="1" sum="10"/>
<action no="2" player="Nineten22" type="2" discard="1" dealt="1" sum="20"/>
</round>
<round no="1"><cards type="Pocket" player="Nineten22">X X</cards>
<cards type="Pocket" player="mocciolocaldo">X X</cards>
<cards type="Pocket" player="Rakki">D9 H7</cards>
<action no="3" player="Rakki" type="0" sum="0"/>
<action no="4" player="mocciolocaldo" type="23" discard="1" dealt="1" sum="60"/>
<action no="5" player="Nineten22" type="3" discard="1" dealt="1" sum="40"/>
</round>
<round no="2"><cards type="Flop">SQ S4 C3</cards>
<action no="6" player="mocciolocaldo" type="5" discard="1" dealt="1" sum="30"/>
<action no="7" player="Nineten22" type="3" discard="1" dealt="1" sum="30"/>
</round>
<round no="3"><cards type="Turn">S5</cards>
<action no="8" player="mocciolocaldo" type="4" discard="1" dealt="1" sum="0"/>
<action no="9" player="Nineten22" type="5" discard="1" dealt="1" sum="60"/>
<action no="10" player="mocciolocaldo" type="3" discard="1" dealt="1" sum="60"/>
</round>
<round no="4"><cards type="River">CA</cards>
<action no="11" player="mocciolocaldo" type="4" discard="1" dealt="1" sum="0"/>
<action no="12" player="Nineten22" type="5" discard="1" dealt="1" sum="330"/>
<action no="13" player="mocciolocaldo" type="0" discard="1" dealt="1" sum="0"/>
</round>
</game>
<game gamecode="6435601313"><general><startdate>2025-07-23 01:55:28</startdate>
<round>1</round>
<failsafecounter/>
<players><player seat="3" name="Rakki" chips="480" dealer="0" win="0" bet="65" muck="1" rebuy="0" addon="0" merge="0" rebuychips="0" reg_code="5049150780"/>
<player seat="6" name="mocciolocaldo" chips="390" dealer="1" win="0" bet="5" muck="1" rebuy="0" addon="0" merge="0" rebuychips="0" reg_code="5049150931"/>
<player seat="10" name="Nineten22" chips="630" dealer="0" win="135" bet="125" muck="1" rebuy="0" addon="0" merge="0" rebuychips="0" reg_code="5049151621"/>
</players>
</general>
<round no="0"><action no="1" player="Nineten22" type="15" discard="1" dealt="1" sum="5"/>
<action no="2" player="Rakki" type="15" sum="5"/>
<action no="3" player="mocciolocaldo" type="15" discard="1" dealt="1" sum="5"/>
<action no="4" player="Nineten22" type="1" discard="1" dealt="1" sum="15"/>
<action no="5" player="Rakki" type="2" sum="30"/>
</round>
<round no="1"><cards type="Pocket" player="mocciolocaldo">X X</cards>
<cards type="Pocket" player="Nineten22">X X</cards>
<cards type="Pocket" player="Rakki">D2 D6</cards>
<action no="6" player="mocciolocaldo" type="0" discard="1" dealt="1" sum="0"/>
<action no="7" player="Nineten22" type="23" discard="1" dealt="1" sum="60"/>
<action no="8" player="Rakki" type="3" sum="30"/>
</round>
<round no="2"><cards type="Flop">SA DQ SK</cards>
<action no="9" player="Nineten22" type="5" discard="1" dealt="1" sum="60"/>
<action no="10" player="Rakki" type="0" sum="0"/>
</round>
</game>
<game gamecode="6435601333"><general><startdate>2025-07-23 01:55:42</startdate>
<round>1</round>
<failsafecounter/>
<players><player seat="6" name="mocciolocaldo" chips="385" dealer="0" win="0" bet="35" muck="1" rebuy="0" addon="0" merge="0" rebuychips="0" reg_code="5049150931"/>
<player seat="10" name="Nineten22" chips="700" dealer="1" win="90" bet="65" muck="1" rebuy="0" addon="0" merge="0" rebuychips="0" reg_code="5049151621"/>
<player seat="3" name="Rakki" chips="415" dealer="0" win="0" bet="20" muck="1" rebuy="0" addon="0" merge="0" rebuychips="0" reg_code="5049150780"/>
</players>
</general>
<round no="0"><action no="1" player="Rakki" type="15" sum="5"/>
<action no="2" player="mocciolocaldo" type="15" discard="1" dealt="1" sum="5"/>
<action no="3" player="Nineten22" type="15" discard="1" dealt="1" sum="5"/>
<action no="4" player="Rakki" type="1" sum="15"/>
<action no="5" player="mocciolocaldo" type="2" discard="1" dealt="1" sum="30"/>
</round>
<round no="1"><cards type="Pocket" player="mocciolocaldo">X X</cards>
<cards type="Pocket" player="Rakki">D3 DQ</cards>
<cards type="Pocket" player="Nineten22">X X</cards>
<action no="6" player="Nineten22" type="23" discard="1" dealt="1" sum="60"/>
<action no="7" player="Rakki" type="0" sum="0"/>
<action no="8" player="mocciolocaldo" type="0" discard="1" dealt="1" sum="0"/>
</round>
</game>
<game gamecode="6435601342"><general><startdate>2025-07-23 01:55:52</startdate>
<round>1</round>
<failsafecounter/>
<players><player seat="10" name="Nineten22" chips="755" dealer="0" win="0" bet="35" muck="1" rebuy="0" addon="0" merge="0" rebuychips="0" reg_code="5049151621"/>
<player seat="3" name="Rakki" chips="395" dealer="1" win="90" bet="395" muck="1" rebuy="0" addon="0" merge="0" rebuychips="0" reg_code="5049150780"/>
<player seat="6" name="mocciolocaldo" chips="350" dealer="0" win="0" bet="20" muck="1" rebuy="0" addon="0" merge="0" rebuychips="0" reg_code="5049150931"/>
</players>
</general>
<round no="0"><action no="1" player="mocciolocaldo" type="15" discard="1" dealt="1" sum="5"/>
<action no="2" player="Nineten22" type="15" discard="1" dealt="1" sum="5"/>
<action no="3" player="Rakki" type="15" sum="5"/>
<action no="4" player="mocciolocaldo" type="1" discard="1" dealt="1" sum="15"/>
<action no="5" player="Nineten22" type="2" discard="1" dealt="1" sum="30"/>
</round>
<round no="1"><cards type="Pocket" player="Nineten22">X X</cards>
<cards type="Pocket" player="Rakki">HA C6</cards>
<cards type="Pocket" player="mocciolocaldo">X X</cards>
<action no="6" player="Rakki" type="23" sum="390"/>
<action no="7" player="mocciolocaldo" type="0" discard="1" dealt="1" sum="0"/>
<action no="8" player="Nineten22" type="0" discard="1" dealt="1" sum="0"/>
</round>
</game>
<game gamecode="6435601350"><general><startdate>2025-07-23 01:56:00</startdate>
<round>1</round>
<failsafecounter/>
<players><player seat="3" name="Rakki" chips="450" dealer="0" win="45" bet="35" muck="1" rebuy="0" addon="0" merge="0" rebuychips="0" reg_code="5049150780"/>
<player seat="6" name="mocciolocaldo" chips="330" dealer="1" win="0" bet="5" muck="1" rebuy="0" addon="0" merge="0" rebuychips="0" reg_code="5049150931"/>
<player seat="10" name="Nineten22" chips="720" dealer="0" win="0" bet="20" muck="1" rebuy="0" addon="0" merge="0" rebuychips="0" reg_code="5049151621"/>
</players>
</general>
<round no="0"><action no="1" player="Nineten22" type="15" discard="1" dealt="1" sum="5"/>
<action no="2" player="Rakki" type="15" sum="5"/>
<action no="3" player="mocciolocaldo" type="15" discard="1" dealt="1" sum="5"/>
<action no="4" player="Nineten22" type="1" discard="1" dealt="1" sum="15"/>
<action no="5" player="Rakki" type="2" sum="30"/>
</round>
<round no="1"><cards type="Pocket" player="mocciolocaldo">X X</cards>
<cards type="Pocket" player="Nineten22">X X</cards>
<cards type="Pocket" player="Rakki">D8 S6</cards>
<action no="6" player="mocciolocaldo" type="0" discard="1" dealt="1" sum="0"/>
<action no="7" player="Nineten22" type="0" discard="1" dealt="1" sum="0"/>
</round>
</game>
<game gamecode="6435601359"><general><startdate>2025-07-23 01:56:07</startdate>
<round>1</round>
<failsafecounter/>
<players><player seat="6" name="mocciolocaldo" chips="325" dealer="0" win="0" bet="35" muck="1" rebuy="0" addon="0" merge="0" rebuychips="0" reg_code="5049150931"/>
<player seat="10" name="Nineten22" chips="700" dealer="1" win="0" bet="5" muck="1" rebuy="0" addon="0" merge="0" rebuychips="0" reg_code="5049151621"/>
<player seat="3" name="Rakki" chips="475" dealer="0" win="75" bet="475" muck="1" rebuy="0" addon="0" merge="0" rebuychips="0" reg_code="5049150780"/>
</players>
</general>
<round no="0"><action no="1" player="Rakki" type="15" sum="5"/>
<action no="2" player="mocciolocaldo" type="15" discard="1" dealt="1" sum="5"/>
<action no="3" player="Nineten22" type="15" discard="1" dealt="1" sum="5"/>
<action no="4" player="Rakki" type="1" sum="15"/>
<action no="5" player="mocciolocaldo" type="2" discard="1" dealt="1" sum="30"/>
</round>
<round no="1"><cards type="Pocket" player="mocciolocaldo">X X</cards>
<cards type="Pocket" player="Rakki">H7 S6</cards>
<cards type="Pocket" player="Nineten22">X X</cards>
<action no="6" player="Nineten22" type="0" discard="1" dealt="1" sum="0"/>
<action no="7" player="Rakki" type="23" sum="470"/>
<action no="8" player="mocciolocaldo" type="0" discard="1" dealt="1" sum="0"/>
</round>
</game>
<game gamecode="6435601372"><general><startdate>2025-07-23 01:56:17</startdate>
<round>1</round>
<failsafecounter/>
<players><player seat="10" name="Nineten22" chips="695" dealer="0" win="1,050" bet="515" muck="0" rebuy="0" addon="0" merge="0" rebuychips="0" reg_code="5049151621"/>
<player seat="3" name="Rakki" chips="515" dealer="1" win="0" bet="515" muck="0" rebuy="0" addon="0" merge="0" rebuychips="0" reg_code="5049150780"/>
<player seat="6" name="mocciolocaldo" chips="290" dealer="0" win="0" bet="20" muck="1" rebuy="0" addon="0" merge="0" rebuychips="0" reg_code="5049150931"/>
</players>
</general>
<round no="0"><action no="1" player="mocciolocaldo" type="15" discard="1" dealt="1" sum="5"/>
<action no="2" player="Nineten22" type="15" discard="1" dealt="1" sum="5"/>
<action no="3" player="Rakki" type="15" sum="5"/>
<action no="4" player="mocciolocaldo" type="1" discard="1" dealt="1" sum="15"/>
<action no="5" player="Nineten22" type="2" discard="1" dealt="1" sum="30"/>
</round>
<round no="1"><cards type="Pocket" player="Nineten22">HK DQ</cards>
<cards type="Pocket" player="Rakki">S8 DA</cards>
<cards type="Pocket" player="mocciolocaldo">X X</cards>
<action no="6" player="Rakki" type="23" sum="510"/>
<action no="7" player="mocciolocaldo" type="0" discard="1" dealt="1" sum="0"/>
<action no="8" player="Nineten22" type="3" discard="1" dealt="1" sum="480"/>
</round>
<round no="2"><cards type="Flop">C3 HQ S4</cards>
</round>
<round no="3"><cards type="Turn">DJ</cards>
</round>
<round no="4"><cards type="River">DK</cards>
</round>
</game>
</session>
