<?xml version="1.0" encoding="UTF-8"?>
<session sessioncode="5049028033">
<general>
<client_version>25.1.1.16</client_version>
<mode>real</mode>
<gametype>Holdem NL</gametype>
<tablename>Twister €50 SNG, 814431588</tablename>
<tournamentcode>814431587</tournamentcode>
<tournamentname>Twister €50 SNG</tournamentname>
<buyin>€0 + €3.50 + €46.50</buyin>
<totalbuyin>€50</totalbuyin>
<rewarddrawn>€150</rewarddrawn>
<tournamentcurrency>EUR</tournamentcurrency>
<currency>EUR</currency>
<nickname>Rakki</nickname>
<gamecount>18</gamecount>
<startdate>2025-07-22 17:04:33</startdate>
<place>1</place>
<win>€150</win>
<tablesize>3</tablesize>
</general>
<game gamecode="6435152259"><general><startdate>2025-07-22 17:04:48</startdate>
<round>1</round>
<failsafecounter/>
<players><player seat="3" name="Panta19999" chips="500" dealer="0" win="0" bet="100" muck="1" rebuy="0" addon="0" merge="0" rebuychips="0" reg_code="5049028026"/>
<player seat="6" name="Rakki" chips="500" dealer="1" win="240" bet="190" muck="1" rebuy="0" addon="0" merge="0" rebuychips="0" reg_code="5049028033"/>
<player seat="10" name="ilsignorabruce" chips="500" dealer="0" win="0" bet="40" muck="1" rebuy="0" addon="0" merge="0" rebuychips="0" reg_code="5049028066"/>
</players>
</general>
<round no="0"><action no="1" player="ilsignorabruce" type="1" discard="1" dealt="1" sum="10"/>
<action no="2" player="Panta19999" type="2" discard="1" dealt="1" sum="20"/>
</round>
<round no="1"><cards type="Pocket" player="Rakki">CA C5</cards>
<cards type="Pocket" player="ilsignorabruce">X X</cards>
<cards type="Pocket" player="Panta19999">X X</cards>
<action no="3" player="Rakki" type="23" sum="40"/>
<action no="4" player="ilsignorabruce" type="3" discard="1" dealt="1" sum="30"/>
<action no="5" player="Panta19999" type="3" discard="1" dealt="1" sum="20"/>
</round>
<round no="2"><cards type="Flop">C3 S4 D5</cards>
<action no="6" player="ilsignorabruce" type="4" discard="1" dealt="1" sum="0"/>
<action no="7" player="Panta19999" type="5" discard="1" dealt="1" sum="60"/>
<action no="8" player="Rakki" type="23" sum="150"/>
<action no="9" player="ilsignorabruce" type="0" discard="1" dealt="1" sum="0"/>
<action no="10" player="Panta19999" type="0" discard="1" dealt="1" sum="0"/>
</round>
</game>
<game gamecode="6435152302"><general><startdate>2025-07-22 17:05:23</startdate>
<round>1</round>
<failsafecounter/>
<players><player seat="6" name="Rakki" chips="640" dealer="0" win="0" bet="50" muck="1" rebuy="0" addon="0" merge="0" rebuychips="0" reg_code="5049028033"/>
<player seat="10" name="ilsignorabruce" chips="460" dealer="1" win="0" bet="0" muck="1" rebuy="0" addon="0" merge="0" rebuychips="0" reg_code="5049028066"/>
<player seat="3" name="Panta19999" chips="400" dealer="0" win="100" bet="80" muck="1" rebuy="0" addon="0" merge="0" rebuychips="0" reg_code="5049028026"/>
</players>
</general>
<round no="0"><action no="1" player="Panta19999" type="1" discard="1" dealt="1" sum="10"/>
<action no="2" player="Rakki" type="2" sum="20"/>
</round>
<round no="1"><cards type="Pocket" player="ilsignorabruce">X X</cards>
<cards type="Pocket" player="Panta19999">X X</cards>
<cards type="Pocket" player="Rakki">D7 H10</cards>
<action no="3" player="ilsignorabruce" type="0" discard="1" dealt="1" sum="0"/>
<action no="4" player="Panta19999" type="23" discard="1" dealt="1" sum="50"/>
<action no="5" player="Rakki" type="3" sum="30"/>
</round>
<round no="2"><cards type="Flop">SA SQ D9</cards>
<action no="6" player="Panta19999" type="5" discard="1" dealt="1" sum="30"/>
<action no="7" player="Rakki" type="0" sum="0"/>
</round>
</game>
<game gamecode="6435152330"><general><startdate>2025-07-22 17:05:43</startdate>
<round>1</round>
<failsafecounter/>
<players><player seat="10" name="ilsignorabruce" chips="460" dealer="0" win="20" bet="20" muck="1" rebuy="0" addon="0" merge="0" rebuychips="0" reg_code="5049028066"/>
<player seat="3" name="Panta19999" chips="450" dealer="1" win="0" bet="0" muck="1" rebuy="0" addon="0" merge="0" rebuychips="0" reg_code="5049028026"/>
<player seat="6" name="Rakki" chips="590" dealer="0" win="0" bet="10" muck="1" rebuy="0" addon="0" merge="0" rebuychips="0" reg_code="5049028033"/>
</players>
</general>
<round no="0"><action no="1" player="Rakki" type="1" sum="10"/>
<action no="2" player="ilsignorabruce" type="2" discard="1" dealt="1" sum="20"/>
</round>
<round no="1"><cards type="Pocket" player="Panta19999">X X</cards>
<cards type="Pocket" player="ilsignorabruce">X X</cards>
<cards type="Pocket" player="Rakki">D5 S2</cards>
<action no="3" player="Panta19999" type="0" discard="1" dealt="1" sum="0"/>
<action no="4" player="Rakki" type="0" sum="0"/>
</round>
</game>
<game gamecode="6435152348"><general><startdate>2025-07-22 17:05:52</startdate>
<round>1</round>
<failsafecounter/>
<players><player seat="3" name="Panta19999" chips="450" dealer="0" win="0" bet="20" muck="1" rebuy="0" addon="0" merge="0" rebuychips="0" reg_code="5049028026"/>
<player seat="6" name="Rakki" chips="580" dealer="1" win="50" bet="40" muck="1" rebuy="0" addon="0" merge="0" rebuychips="0" reg_code="5049028033"/>
<player seat="10" name="ilsignorabruce" chips="470" dealer="0" win="0" bet="10" muck="1" rebuy="0" addon="0" merge="0" rebuychips="0" reg_code="5049028066"/>
</players>
</general>
<round no="0"><action no="1" player="ilsignorabruce" type="1" discard="1" dealt="1" sum="10"/>
<action no="2" player="Panta19999" type="2" discard="1" dealt="1" sum="20"/>
</round>
<round no="1"><cards type="Pocket" player="Panta19999">X X</cards>
<cards type="Pocket" player="ilsignorabruce">X X</cards>
<cards type="Pocket" player="Rakki">DK SJ</cards>
<action no="3" player="Rakki" type="23" sum="40"/>
<action no="4" player="ilsignorabruce" type="0" discard="1" dealt="1" sum="0"/>
<action no="5" player="Panta19999" type="0" discard="1" dealt="1" sum="0"/>
</round>
</game>
<game gamecode="6435152365"><general><startdate>2025-07-22 17:06:01</startdate>
<round>1</round>
<failsafecounter/>
<players><player seat="6" name="Rakki" chips="610" dealer="0" win="0" bet="80" muck="1" rebuy="0" addon="0" merge="0" rebuychips="0" reg_code="5049028033"/>
<player seat="10" name="ilsignorabruce" chips="460" dealer="1" win="0" bet="0" muck="1" rebuy="0" addon="0" merge="0" rebuychips="0" reg_code="5049028066"/>
<player seat="3" name="Panta19999" chips="430" dealer="0" win="160" bet="240" muck="1" rebuy="0" addon="0" merge="0" rebuychips="0" reg_code="5049028026"/>
</players>
</general>
<round no="0"><action no="1" player="Panta19999" type="1" discard="1" dealt="1" sum="10"/>
<action no="2" player="Rakki" type="2" sum="20"/>
</round>
<round no="1"><cards type="Pocket" player="Panta19999">X X</cards>
<cards type="Pocket" player="ilsignorabruce">X X</cards>
<cards type="Pocket" player="Rakki">S8 C9</cards>
<action no="3" player="ilsignorabruce" type="0" discard="1" dealt="1" sum="0"/>
<action no="4" player="Panta19999" type="23" discard="1" dealt="1" sum="50"/>
<action no="5" player="Rakki" type="3" sum="30"/>
</round>
<round no="2"><cards type="Flop">C5 C10 S10</cards>
<action no="6" player="Panta19999" type="5" discard="1" dealt="1" sum="30"/>
<action no="7" player="Rakki" type="3" sum="30"/>
</round>
<round no="3"><cards type="Turn">DA</cards>
<action no="8" player="Panta19999" type="4" discard="1" dealt="1" sum="0"/>
<action no="9" player="Rakki" type="4" sum="0"/>
</round>
<round no="4"><cards type="River">HK</cards>
<action no="10" player="Panta19999" type="5" discard="1" dealt="1" sum="160"/>
<action no="11" player="Rakki" type="0" sum="0"/>
</round>
</game>
<game gamecode="6435152444"><general><startdate>2025-07-22 17:06:52</startdate>
<round>1</round>
<failsafecounter/>
<players><player seat="10" name="ilsignorabruce" chips="460" dealer="0" win="0" bet="460" muck="0" rebuy="0" addon="0" merge="0" rebuychips="0" reg_code="5049028066"/>
<player seat="3" name="Panta19999" chips="510" dealer="1" win="0" bet="5" muck="1" rebuy="0" addon="0" merge="0" rebuychips="0" reg_code="5049028026"/>
<player seat="6" name="Rakki" chips="530" dealer="0" win="925" bet="460" muck="0" rebuy="0" addon="0" merge="0" rebuychips="0" reg_code="5049028033"/>
</players>
</general>
<round no="0"><action no="1" player="Rakki" type="15" sum="5"/>
<action no="2" player="ilsignorabruce" type="15" discard="1" dealt="1" sum="5"/>
<action no="3" player="Panta19999" type="15" discard="1" dealt="1" sum="5"/>
<action no="4" player="Rakki" type="1" sum="15"/>
<action no="5" player="ilsignorabruce" type="2" discard="1" dealt="1" sum="30"/>
</round>
<round no="1"><cards type="Pocket" player="Rakki">SQ DQ</cards>
<cards type="Pocket" player="Panta19999">X X</cards>
<cards type="Pocket" player="ilsignorabruce">DK D6</cards>
<action no="6" player="Panta19999" type="0" discard="1" dealt="1" sum="0"/>
<action no="7" player="Rakki" type="23" sum="60"/>
<action no="8" player="ilsignorabruce" type="23" discard="1" dealt="1" sum="455"/>
<action no="9" player="Rakki" type="3" sum="395"/>
</round>
<round no="2"><cards type="Flop">HA CK HQ</cards>
</round>
<round no="3"><cards type="Turn">HJ</cards>
</round>
<round no="4"><cards type="River">C5</cards>
</round>
</game>
<game gamecode="6435152492"><general><startdate>2025-07-22 17:07:20</startdate>
<round>1</round>
<failsafecounter/>
<players><player seat="3" name="Panta19999" chips="505" dealer="0" win="130" bet="65" muck="0" rebuy="0" addon="0" merge="0" rebuychips="0" reg_code="5049028026"/>
<player seat="6" name="Rakki" chips="995" dealer="1" win="0" bet="65" muck="1" rebuy="0" addon="0" merge="0" rebuychips="0" reg_code="5049028033"/>
</players>
</general>
<round no="0"><action no="1" player="Rakki" type="15" sum="5"/>
<action no="2" player="Panta19999" type="15" discard="1" dealt="1" sum="5"/>
<action no="3" player="Rakki" type="1" sum="15"/>
<action no="4" player="Panta19999" type="2" discard="1" dealt="1" sum="30"/>
</round>
<round no="1"><cards type="Pocket" player="Rakki">H4 H3</cards>
<cards type="Pocket" player="Panta19999">D5 DK</cards>
<action no="5" player="Rakki" type="3" sum="15"/>
<action no="6" player="Panta19999" type="4" discard="1" dealt="1" sum="0"/>
</round>
<round no="2"><cards type="Flop">D3 D7 D6</cards>
<action no="7" player="Panta19999" type="4" discard="1" dealt="1" sum="0"/>
<action no="8" player="Rakki" type="4" sum="0"/>
</round>
<round no="3"><cards type="Turn">CK</cards>
<action no="9" player="Panta19999" type="4" discard="1" dealt="1" sum="0"/>
<action no="10" player="Rakki" type="4" sum="0"/>
</round>
<round no="4"><cards type="River">CA</cards>
<action no="11" player="Panta19999" type="5" discard="1" dealt="1" sum="30"/>
<action no="12" player="Rakki" type="3" sum="30"/>
</round>
</game>
<game gamecode="6435152547"><general><startdate>2025-07-22 17:07:59</startdate>
<round>1</round>
<failsafecounter/>
<players><player seat="6" name="Rakki" chips="930" dealer="0" win="0" bet="65" muck="1" rebuy="0" addon="0" merge="0" rebuychips="0" reg_code="5049028033"/>
<player seat="3" name="Panta19999" chips="570" dealer="1" win="130" bet="245" muck="1" rebuy="0" addon="0" merge="0" rebuychips="0" reg_code="5049028026"/>
</players>
</general>
<round no="0"><action no="1" player="Panta19999" type="15" discard="1" dealt="1" sum="5"/>
<action no="2" player="Rakki" type="15" sum="5"/>
<action no="3" player="Panta19999" type="1" discard="1" dealt="1" sum="15"/>
<action no="4" player="Rakki" type="2" sum="30"/>
</round>
<round no="1"><cards type="Pocket" player="Rakki">S2 S9</cards>
<cards type="Pocket" player="Panta19999">X X</cards>
<action no="5" player="Panta19999" type="3" discard="1" dealt="1" sum="15"/>
<action no="6" player="Rakki" type="4" sum="0"/>
</round>
<round no="2"><cards type="Flop">S10 D6 SJ</cards>
<action no="7" player="Rakki" type="4" sum="0"/>
<action no="8" player="Panta19999" type="5" discard="1" dealt="1" sum="30"/>
<action no="9" player="Rakki" type="3" sum="30"/>
</round>
<round no="3"><cards type="Turn">C9</cards>
<action no="10" player="Rakki" type="4" sum="0"/>
<action no="11" player="Panta19999" type="4" discard="1" dealt="1" sum="0"/>
</round>
<round no="4"><cards type="River">C7</cards>
<action no="12" player="Rakki" type="4" sum="0"/>
<action no="13" player="Panta19999" type="5" discard="1" dealt="1" sum="180"/>
<action no="14" player="Rakki" type="0" sum="0"/>
</round>
</game>
<game gamecode="6435152627"><general><startdate>2025-07-22 17:08:51</startdate>
<round>1</round>
<failsafecounter/>
<players><player seat="3" name="Panta19999" chips="635" dealer="0" win="450" bet="225" muck="0" rebuy="0" addon="0" merge="0" rebuychips="0" reg_code="5049028026"/>
<player seat="6" name="Rakki" chips="865" dealer="1" win="0" bet="225" muck="1" rebuy="0" addon="0" merge="0" rebuychips="0" reg_code="5049028033"/>
</players>
</general>
<round no="0"><action no="1" player="Rakki" type="15" sum="5"/>
<action no="2" player="Panta19999" type="15" discard="1" dealt="1" sum="5"/>
<action no="3" player="Rakki" type="1" sum="20"/>
<action no="4" player="Panta19999" type="2" discard="1" dealt="1" sum="40"/>
</round>
<round no="1"><cards type="Pocket" player="Rakki">C3 S4</cards>
<cards type="Pocket" player="Panta19999">CK C6</cards>
<action no="5" player="Rakki" type="3" sum="20"/>
<action no="6" player="Panta19999" type="4" discard="1" dealt="1" sum="0"/>
</round>
<round no="2"><cards type="Flop">C8 C9 C2</cards>
<action no="7" player="Panta19999" type="4" discard="1" dealt="1" sum="0"/>
<action no="8" player="Rakki" type="5" sum="40"/>
<action no="9" player="Panta19999" type="3" discard="1" dealt="1" sum="40"/>
</round>
<round no="3"><cards type="Turn">SK</cards>
<action no="10" player="Panta19999" type="4" discard="1" dealt="1" sum="0"/>
<action no="11" player="Rakki" type="5" sum="140"/>
<action no="12" player="Panta19999" type="3" discard="1" dealt="1" sum="140"/>
</round>
<round no="4"><cards type="River">S2</cards>
<action no="13" player="Panta19999" type="4" discard="1" dealt="1" sum="0"/>
<action no="14" player="Rakki" type="4" sum="0"/>
</round>
</game>
<game gamecode="6435152709"><general><startdate>2025-07-22 17:09:48</startdate>
<round>1</round>
<failsafecounter/>
<players><player seat="6" name="Rakki" chips="640" dealer="0" win="310" bet="245" muck="1" rebuy="0" addon="0" merge="0" rebuychips="0" reg_code="5049028033"/>
<player seat="3" name="Panta19999" chips="860" dealer="1" win="0" bet="155" muck="1" rebuy="0" addon="0" merge="0" rebuychips="0" reg_code="5049028026"/>
</players>
</general>
<round no="0"><action no="1" player="Panta19999" type="15" discard="1" dealt="1" sum="5"/>
<action no="2" player="Rakki" type="15" sum="5"/>
<action no="3" player="Panta19999" type="1" discard="1" dealt="1" sum="30"/>
<action no="4" player="Rakki" type="2" sum="60"/>
</round>
<round no="1"><cards type="Pocket" player="Panta19999">X X</cards>
<cards type="Pocket" player="Rakki">SJ DJ</cards>
<action no="5" player="Panta19999" type="3" discard="1" dealt="1" sum="30"/>
<action no="6" player="Rakki" type="23" sum="150"/>
<action no="7" player="Panta19999" type="3" discard="1" dealt="1" sum="90"/>
</round>
<round no="2"><cards type="Flop">C7 C4 D4</cards>
<action no="8" player="Rakki" type="5" sum="90"/>
<action no="9" player="Panta19999" type="0" discard="1" dealt="1" sum="0"/>
</round>
</game>
<game gamecode="6435152748"><general><startdate>2025-07-22 17:10:17</startdate>
<round>1</round>
<failsafecounter/>
<players><player seat="3" name="Panta19999" chips="705" dealer="0" win="0" bet="65" muck="1" rebuy="0" addon="0" merge="0" rebuychips="0" reg_code="5049028026"/>
<player seat="6" name="Rakki" chips="795" dealer="1" win="130" bet="130" muck="1" rebuy="0" addon="0" merge="0" rebuychips="0" reg_code="5049028033"/>
</players>
</general>
<round no="0"><action no="1" player="Rakki" type="15" sum="5"/>
<action no="2" player="Panta19999" type="15" discard="1" dealt="1" sum="5"/>
<action no="3" player="Rakki" type="1" sum="30"/>
<action no="4" player="Panta19999" type="2" discard="1" dealt="1" sum="60"/>
</round>
<round no="1"><cards type="Pocket" player="Panta19999">X X</cards>
<cards type="Pocket" player="Rakki">C4 CA</cards>
<action no="5" player="Rakki" type="3" sum="30"/>
<action no="6" player="Panta19999" type="4" discard="1" dealt="1" sum="0"/>
</round>
<round no="2"><cards type="Flop">S3 D9 CK</cards>
<action no="7" player="Panta19999" type="4" discard="1" dealt="1" sum="0"/>
<action no="8" player="Rakki" type="4" sum="0"/>
</round>
<round no="3"><cards type="Turn">C7</cards>
<action no="9" player="Panta19999" type="4" discard="1" dealt="1" sum="0"/>
<action no="10" player="Rakki" type="4" sum="0"/>
</round>
<round no="4"><cards type="River">C8</cards>
<action no="11" player="Panta19999" type="4" discard="1" dealt="1" sum="0"/>
<action no="12" player="Rakki" type="5" sum="65"/>
<action no="13" player="Panta19999" type="0" discard="1" dealt="1" sum="0"/>
</round>
</game>
<game gamecode="6435152813"><general><startdate>2025-07-22 17:11:04</startdate>
<round>1</round>
<failsafecounter/>
<players><player seat="6" name="Rakki" chips="860" dealer="0" win="0" bet="125" muck="1" rebuy="0" addon="0" merge="0" rebuychips="0" reg_code="5049028033"/>
<player seat="3" name="Panta19999" chips="640" dealer="1" win="250" bet="250" muck="1" rebuy="0" addon="0" merge="0" rebuychips="0" reg_code="5049028026"/>
</players>
</general>
<round no="0"><action no="1" player="Panta19999" type="15" discard="1" dealt="1" sum="5"/>
<action no="2" player="Rakki" type="15" sum="5"/>
<action no="3" player="Panta19999" type="1" discard="1" dealt="1" sum="30"/>
<action no="4" player="Rakki" type="2" sum="60"/>
</round>
<round no="1"><cards type="Pocket" player="Rakki">H7 S3</cards>
<cards type="Pocket" player="Panta19999">X X</cards>
<action no="5" player="Panta19999" type="3" discard="1" dealt="1" sum="30"/>
<action no="6" player="Rakki" type="4" sum="0"/>
</round>
<round no="2"><cards type="Flop">C10 C3 H9</cards>
<action no="7" player="Rakki" type="4" sum="0"/>
<action no="8" player="Panta19999" type="5" discard="1" dealt="1" sum="60"/>
<action no="9" player="Rakki" type="3" sum="60"/>
</round>
<round no="3"><cards type="Turn">D6</cards>
<action no="10" player="Rakki" type="4" sum="0"/>
<action no="11" player="Panta19999" type="5" discard="1" dealt="1" sum="125"/>
<action no="12" player="Rakki" type="0" sum="0"/>
</round>
</game>
<game gamecode="6435152879"><general><startdate>2025-07-22 17:11:48</startdate>
<round>1</round>
<failsafecounter/>
<players><player seat="3" name="Panta19999" chips="765" dealer="0" win="0" bet="88" muck="1" rebuy="0" addon="0" merge="0" rebuychips="0" reg_code="5049028026"/>
<player seat="6" name="Rakki" chips="735" dealer="1" win="176" bet="735" muck="1" rebuy="0" addon="0" merge="0" rebuychips="0" reg_code="5049028033"/>
</players>
</general>
<round no="0"><action no="1" player="Rakki" type="15" sum="8"/>
<action no="2" player="Panta19999" type="15" discard="1" dealt="1" sum="8"/>
<action no="3" player="Rakki" type="1" sum="40"/>
<action no="4" player="Panta19999" type="2" discard="1" dealt="1" sum="80"/>
</round>
<round no="1"><cards type="Pocket" player="Rakki">D2 CK</cards>
<cards type="Pocket" player="Panta19999">X X</cards>
<action no="5" player="Rakki" type="23" sum="727"/>
<action no="6" player="Panta19999" type="0" discard="1" dealt="1" sum="0"/>
</round>
</game>
<game gamecode="6435152892"><general><startdate>2025-07-22 17:11:57</startdate>
<round>1</round>
<failsafecounter/>
<players><player seat="6" name="Rakki" chips="823" dealer="0" win="0" bet="88" muck="1" rebuy="0" addon="0" merge="0" rebuychips="0" reg_code="5049028033"/>
<player seat="3" name="Panta19999" chips="677" dealer="1" win="176" bet="168" muck="1" rebuy="0" addon="0" merge="0" rebuychips="0" reg_code="5049028026"/>
</players>
</general>
<round no="0"><action no="1" player="Panta19999" type="15" discard="1" dealt="1" sum="8"/>
<action no="2" player="Rakki" type="15" sum="8"/>
<action no="3" player="Panta19999" type="1" discard="1" dealt="1" sum="40"/>
<action no="4" player="Rakki" type="2" sum="80"/>
</round>
<round no="1"><cards type="Pocket" player="Rakki">S8 D7</cards>
<cards type="Pocket" player="Panta19999">X X</cards>
<action no="5" player="Panta19999" type="3" discard="1" dealt="1" sum="40"/>
<action no="6" player="Rakki" type="4" sum="0"/>
</round>
<round no="2"><cards type="Flop">CA C3 S9</cards>
<action no="7" player="Rakki" type="4" sum="0"/>
<action no="8" player="Panta19999" type="5" discard="1" dealt="1" sum="80"/>
<action no="9" player="Rakki" type="0" sum="0"/>
</round>
</game>
<game gamecode="6435152915"><general><startdate>2025-07-22 17:12:11</startdate>
<round>1</round>
<failsafecounter/>
<players><player seat="3" name="Panta19999" chips="765" dealer="0" win="0" bet="88" muck="1" rebuy="0" addon="0" merge="0" rebuychips="0" reg_code="5049028026"/>
<player seat="6" name="Rakki" chips="735" dealer="1" win="176" bet="88" muck="0" rebuy="0" addon="0" merge="0" rebuychips="0" reg_code="5049028033"/>
</players>
</general>
<round no="0"><action no="1" player="Rakki" type="15" sum="8"/>
<action no="2" player="Panta19999" type="15" discard="1" dealt="1" sum="8"/>
<action no="3" player="Rakki" type="1" sum="40"/>
<action no="4" player="Panta19999" type="2" discard="1" dealt="1" sum="80"/>
</round>
<round no="1"><cards type="Pocket" player="Panta19999">C6 HJ</cards>
<cards type="Pocket" player="Rakki">CJ S4</cards>
<action no="5" player="Rakki" type="3" sum="40"/>
<action no="6" player="Panta19999" type="4" discard="1" dealt="1" sum="0"/>
</round>
<round no="2"><cards type="Flop">S9 H10 D4</cards>
<action no="7" player="Panta19999" type="4" discard="1" dealt="1" sum="0"/>
<action no="8" player="Rakki" type="4" sum="0"/>
</round>
<round no="3"><cards type="Turn">DK</cards>
<action no="9" player="Panta19999" type="4" discard="1" dealt="1" sum="0"/>
<action no="10" player="Rakki" type="4" sum="0"/>
</round>
<round no="4"><cards type="River">C9</cards>
<action no="11" player="Panta19999" type="4" discard="1" dealt="1" sum="0"/>
<action no="12" player="Rakki" type="4" sum="0"/>
</round>
</game>
<game gamecode="6435152977"><general><startdate>2025-07-22 17:12:50</startdate>
<round>1</round>
<failsafecounter/>
<players><player seat="6" name="Rakki" chips="823" dealer="0" win="176" bet="823" muck="1" rebuy="0" addon="0" merge="0" rebuychips="0" reg_code="5049028033"/>
<player seat="3" name="Panta19999" chips="677" dealer="1" win="0" bet="88" muck="1" rebuy="0" addon="0" merge="0" rebuychips="0" reg_code="5049028026"/>
</players>
</general>
<round no="0"><action no="1" player="Panta19999" type="15" discard="1" dealt="1" sum="8"/>
<action no="2" player="Rakki" type="15" sum="8"/>
<action no="3" player="Panta19999" type="1" discard="1" dealt="1" sum="40"/>
<action no="4" player="Rakki" type="2" sum="80"/>
</round>
<round no="1"><cards type="Pocket" player="Rakki">HA H2</cards>
<cards type="Pocket" player="Panta19999">X X</cards>
<action no="5" player="Panta19999" type="3" discard="1" dealt="1" sum="40"/>
<action no="6" player="Rakki" type="23" sum="815"/>
<action no="7" player="Panta19999" type="0" discard="1" dealt="1" sum="0"/>
</round>
</game>
<game gamecode="6435153001"><general><startdate>2025-07-22 17:13:10</startdate>
<round>1</round>
<failsafecounter/>
<players><player seat="3" name="Panta19999" chips="589" dealer="0" win="0" bet="110" muck="1" rebuy="0" addon="0" merge="0" rebuychips="0" reg_code="5049028026"/>
<player seat="6" name="Rakki" chips="911" dealer="1" win="220" bet="911" muck="1" rebuy="0" addon="0" merge="0" rebuychips="0" reg_code="5049028033"/>
</players>
</general>
<round no="0"><action no="1" player="Rakki" type="15" sum="10"/>
<action no="2" player="Panta19999" type="15" discard="1" dealt="1" sum="10"/>
<action no="3" player="Rakki" type="1" sum="50"/>
<action no="4" player="Panta19999" type="2" discard="1" dealt="1" sum="100"/>
</round>
<round no="1"><cards type="Pocket" player="Panta19999">X X</cards>
<cards type="Pocket" player="Rakki">D6 DK</cards>
<action no="5" player="Rakki" type="23" sum="901"/>
<action no="6" player="Panta19999" type="0" discard="1" dealt="1" sum="0"/>
</round>
</game>
<game gamecode="6435153013"><general><startdate>2025-07-22 17:13:18</startdate>
<round>1</round>
<failsafecounter/>
<players><player seat="6" name="Rakki" chips="1,021" dealer="0" win="958" bet="479" muck="0" rebuy="0" addon="0" merge="0" rebuychips="0" reg_code="5049028033"/>
<player seat="3" name="Panta19999" chips="479" dealer="1" win="0" bet="479" muck="0" rebuy="0" addon="0" merge="0" rebuychips="0" reg_code="5049028026"/>
</players>
</general>
<round no="0"><action no="1" player="Panta19999" type="15" discard="1" dealt="1" sum="10"/>
<action no="2" player="Rakki" type="15" sum="10"/>
<action no="3" player="Panta19999" type="1" discard="1" dealt="1" sum="50"/>
<action no="4" player="Rakki" type="2" sum="100"/>
</round>
<round no="1"><cards type="Pocket" player="Rakki">HA SA</cards>
<cards type="Pocket" player="Panta19999">H9 CJ</cards>
<action no="5" player="Panta19999" type="23" discard="1" dealt="1" sum="469"/>
<action no="6" player="Rakki" type="3" sum="369"/>
</round>
<round no="2"><cards type="Flop">S8 H6 SK</cards>
</round>
<round no="3"><cards type="Turn">CA</cards>
</round>
<round no="4"><cards type="River">S10</cards>
</round>
</game>
</session>
