<?xml version="1.0" encoding="UTF-8"?>
<session sessioncode="5049150448">
<general>
<client_version>25.1.1.16</client_version>
<mode>real</mode>
<gametype>Holdem NL</gametype>
<tablename>Twister €50 SNG, 814464533</tablename>
<tournamentcode>814464532</tournamentcode>
<tournamentname>Twister €50 SNG</tournamentname>
<buyin>€0 + €3.50 + €46.50</buyin>
<totalbuyin>€50</totalbuyin>
<rewarddrawn>€100</rewarddrawn>
<tournamentcurrency>EUR</tournamentcurrency>
<currency>EUR</currency>
<nickname>Rakki</nickname>
<gamecount>15</gamecount>
<startdate>2025-07-23 01:45:53</startdate>
<place>1</place>
<win>€100</win>
<tablesize>3</tablesize>
</general>
<game gamecode="6435595076"><general><startdate>2025-07-23 01:46:09</startdate>
<round>1</round>
<failsafecounter/>
<players><player seat="3" name="Rakki" chips="500" dealer="0" win="1,000" bet="500" muck="0" rebuy="0" addon="0" merge="0" rebuychips="0" reg_code="5049150448"/>
<player seat="6" name="M31st3rTAsKdp33" chips="500" dealer="1" win="0" bet="0" muck="1" rebuy="0" addon="0" merge="0" rebuychips="0" reg_code="5049150453"/>
<player seat="10" name="PincoPallino089" chips="500" dealer="0" win="0" bet="500" muck="1" rebuy="0" addon="0" merge="0" rebuychips="0" reg_code="5049150456"/>
</players>
</general>
<round no="0"><action no="1" player="PincoPallino089" type="1" discard="1" dealt="1" sum="10"/>
<action no="2" player="Rakki" type="2" sum="20"/>
</round>
<round no="1"><cards type="Pocket" player="Rakki">HQ SA</cards>
<cards type="Pocket" player="PincoPallino089">DA S9</cards>
<cards type="Pocket" player="M31st3rTAsKdp33">X X</cards>
<action no="3" player="M31st3rTAsKdp33" type="0" discard="1" dealt="1" sum="0"/>
<action no="4" player="PincoPallino089" type="23" discard="1" dealt="1" sum="500"/>
<action no="5" player="Rakki" type="7" sum="480"/>
</round>
<round no="2"><cards type="Flop">DQ H3 D3</cards>
</round>
<round no="3"><cards type="Turn">C9</cards>
</round>
<round no="4"><cards type="River">H6</cards>
</round>
</game>
<game gamecode="6435595112"><general><startdate>2025-07-23 01:46:30</startdate>
<round>1</round>
<failsafecounter/>
<players><player seat="6" name="M31st3rTAsKdp33" chips="500" dealer="0" win="0" bet="20" muck="1" rebuy="0" addon="0" merge="0" rebuychips="0" reg_code="5049150453"/>
<player seat="3" name="Rakki" chips="1,000" dealer="1" win="40" bet="40" muck="1" rebuy="0" addon="0" merge="0" rebuychips="0" reg_code="5049150448"/>
</players>
</general>
<round no="0"><action no="1" player="Rakki" type="1" sum="10"/>
<action no="2" player="M31st3rTAsKdp33" type="2" discard="1" dealt="1" sum="20"/>
</round>
<round no="1"><cards type="Pocket" player="Rakki">S4 C7</cards>
<cards type="Pocket" player="M31st3rTAsKdp33">X X</cards>
<action no="3" player="Rakki" type="3" sum="10"/>
<action no="4" player="M31st3rTAsKdp33" type="4" discard="1" dealt="1" sum="0"/>
</round>
<round no="2"><cards type="Flop">SA D6 S2</cards>
<action no="5" player="M31st3rTAsKdp33" type="4" discard="1" dealt="1" sum="0"/>
<action no="6" player="Rakki" type="5" sum="20"/>
<action no="7" player="M31st3rTAsKdp33" type="0" discard="1" dealt="1" sum="0"/>
</round>
</game>
<game gamecode="6435600478"><general><startdate>2025-07-23 01:46:47</startdate>
<round>1</round>
<failsafecounter/>
<players><player seat="3" name="Rakki" chips="1,020" dealer="0" win="20" bet="20" muck="1" rebuy="0" addon="0" merge="0" rebuychips="0" reg_code="5049150448"/>
<player seat="6" name="M31st3rTAsKdp33" chips="480" dealer="1" win="0" bet="10" muck="1" rebuy="0" addon="0" merge="0" rebuychips="0" reg_code="5049150453"/>
</players>
</general>
<round no="0"><action no="1" player="M31st3rTAsKdp33" type="1" discard="1" dealt="1" sum="10"/>
<action no="2" player="Rakki" type="2" sum="20"/>
</round>
<round no="1"><cards type="Pocket" player="M31st3rTAsKdp33">X X</cards>
<cards type="Pocket" player="Rakki">D7 S10</cards>
<action no="3" player="M31st3rTAsKdp33" type="0" discard="1" dealt="1" sum="0"/>
</round>
</game>
<game gamecode="6435600493"><general><startdate>2025-07-23 01:46:52</startdate>
<round>1</round>
<failsafecounter/>
<players><player seat="6" name="M31st3rTAsKdp33" chips="470" dealer="0" win="0" bet="20" muck="1" rebuy="0" addon="0" merge="0" rebuychips="0" reg_code="5049150453"/>
<player seat="3" name="Rakki" chips="1,030" dealer="1" win="40" bet="40" muck="1" rebuy="0" addon="0" merge="0" rebuychips="0" reg_code="5049150448"/>
</players>
</general>
<round no="0"><action no="1" player="Rakki" type="1" sum="10"/>
<action no="2" player="M31st3rTAsKdp33" type="2" discard="1" dealt="1" sum="20"/>
</round>
<round no="1"><cards type="Pocket" player="M31st3rTAsKdp33">X X</cards>
<cards type="Pocket" player="Rakki">C4 HQ</cards>
<action no="3" player="Rakki" type="3" sum="10"/>
<action no="4" player="M31st3rTAsKdp33" type="4" discard="1" dealt="1" sum="0"/>
</round>
<round no="2"><cards type="Flop">C3 CA SJ</cards>
<action no="5" player="M31st3rTAsKdp33" type="4" discard="1" dealt="1" sum="0"/>
<action no="6" player="Rakki" type="5" sum="20"/>
<action no="7" player="M31st3rTAsKdp33" type="0" discard="1" dealt="1" sum="0"/>
</round>
</game>
<game gamecode="6435600527"><general><startdate>2025-07-23 01:47:09</startdate>
<round>1</round>
<failsafecounter/>
<players><player seat="3" name="Rakki" chips="1,050" dealer="0" win="0" bet="20" muck="1" rebuy="0" addon="0" merge="0" rebuychips="0" reg_code="5049150448"/>
<player seat="6" name="M31st3rTAsKdp33" chips="450" dealer="1" win="40" bet="20" muck="0" rebuy="0" addon="0" merge="0" rebuychips="0" reg_code="5049150453"/>
</players>
</general>
<round no="0"><action no="1" player="M31st3rTAsKdp33" type="1" discard="1" dealt="1" sum="10"/>
<action no="2" player="Rakki" type="2" sum="20"/>
</round>
<round no="1"><cards type="Pocket" player="Rakki">S8 HQ</cards>
<cards type="Pocket" player="M31st3rTAsKdp33">SA S7</cards>
<action no="3" player="M31st3rTAsKdp33" type="3" discard="1" dealt="1" sum="10"/>
<action no="4" player="Rakki" type="4" sum="0"/>
</round>
<round no="2"><cards type="Flop">D4 D9 H10</cards>
<action no="5" player="Rakki" type="4" sum="0"/>
<action no="6" player="M31st3rTAsKdp33" type="4" discard="1" dealt="1" sum="0"/>
</round>
<round no="3"><cards type="Turn">S2</cards>
<action no="7" player="Rakki" type="4" sum="0"/>
<action no="8" player="M31st3rTAsKdp33" type="4" discard="1" dealt="1" sum="0"/>
</round>
<round no="4"><cards type="River">S4</cards>
<action no="9" player="Rakki" type="4" sum="0"/>
<action no="10" player="M31st3rTAsKdp33" type="4" discard="1" dealt="1" sum="0"/>
</round>
</game>
<game gamecode="6435600584"><general><startdate>2025-07-23 01:47:41</startdate>
<round>1</round>
<failsafecounter/>
<players><player seat="6" name="M31st3rTAsKdp33" chips="470" dealer="0" win="0" bet="40" muck="1" rebuy="0" addon="0" merge="0" rebuychips="0" reg_code="5049150453"/>
<player seat="3" name="Rakki" chips="1,030" dealer="1" win="80" bet="100" muck="1" rebuy="0" addon="0" merge="0" rebuychips="0" reg_code="5049150448"/>
</players>
</general>
<round no="0"><action no="1" player="Rakki" type="1" sum="10"/>
<action no="2" player="M31st3rTAsKdp33" type="2" discard="1" dealt="1" sum="20"/>
</round>
<round no="1"><cards type="Pocket" player="M31st3rTAsKdp33">X X</cards>
<cards type="Pocket" player="Rakki">C7 D6</cards>
<action no="3" player="Rakki" type="23" sum="40"/>
<action no="4" player="M31st3rTAsKdp33" type="3" discard="1" dealt="1" sum="20"/>
</round>
<round no="2"><cards type="Flop">D10 C6 H10</cards>
<action no="5" player="M31st3rTAsKdp33" type="4" discard="1" dealt="1" sum="0"/>
<action no="6" player="Rakki" type="4" sum="0"/>
</round>
<round no="3"><cards type="Turn">C4</cards>
<action no="7" player="M31st3rTAsKdp33" type="4" discard="1" dealt="1" sum="0"/>
<action no="8" player="Rakki" type="5" sum="60"/>
<action no="9" player="M31st3rTAsKdp33" type="0" discard="1" dealt="1" sum="0"/>
</round>
</game>
<game gamecode="6435600651"><general><startdate>2025-07-23 01:48:15</startdate>
<round>1</round>
<failsafecounter/>
<players><player seat="3" name="Rakki" chips="1,070" dealer="0" win="0" bet="35" muck="1" rebuy="0" addon="0" merge="0" rebuychips="0" reg_code="5049150448"/>
<player seat="6" name="M31st3rTAsKdp33" chips="430" dealer="1" win="70" bet="430" muck="1" rebuy="0" addon="0" merge="0" rebuychips="0" reg_code="5049150453"/>
</players>
</general>
<round no="0"><action no="1" player="M31st3rTAsKdp33" type="15" discard="1" dealt="1" sum="5"/>
<action no="2" player="Rakki" type="15" sum="5"/>
<action no="3" player="M31st3rTAsKdp33" type="1" discard="1" dealt="1" sum="15"/>
<action no="4" player="Rakki" type="2" sum="30"/>
</round>
<round no="1"><cards type="Pocket" player="M31st3rTAsKdp33">X X</cards>
<cards type="Pocket" player="Rakki">H6 D8</cards>
<action no="5" player="M31st3rTAsKdp33" type="23" discard="1" dealt="1" sum="425"/>
<action no="6" player="Rakki" type="0" sum="0"/>
</round>
</game>
<game gamecode="6435600665"><general><startdate>2025-07-23 01:48:22</startdate>
<round>1</round>
<failsafecounter/>
<players><player seat="6" name="M31st3rTAsKdp33" chips="465" dealer="0" win="130" bet="65" muck="0" rebuy="0" addon="0" merge="0" rebuychips="0" reg_code="5049150453"/>
<player seat="3" name="Rakki" chips="1,035" dealer="1" win="0" bet="65" muck="1" rebuy="0" addon="0" merge="0" rebuychips="0" reg_code="5049150448"/>
</players>
</general>
<round no="0"><action no="1" player="Rakki" type="15" sum="5"/>
<action no="2" player="M31st3rTAsKdp33" type="15" discard="1" dealt="1" sum="5"/>
<action no="3" player="Rakki" type="1" sum="15"/>
<action no="4" player="M31st3rTAsKdp33" type="2" discard="1" dealt="1" sum="30"/>
</round>
<round no="1"><cards type="Pocket" player="Rakki">S9 DA</cards>
<cards type="Pocket" player="M31st3rTAsKdp33">C2 CK</cards>
<action no="5" player="Rakki" type="3" sum="15"/>
<action no="6" player="M31st3rTAsKdp33" type="4" discard="1" dealt="1" sum="0"/>
</round>
<round no="2"><cards type="Flop">HK HQ S5</cards>
<action no="7" player="M31st3rTAsKdp33" type="4" discard="1" dealt="1" sum="0"/>
<action no="8" player="Rakki" type="5" sum="30"/>
<action no="9" player="M31st3rTAsKdp33" type="3" discard="1" dealt="1" sum="30"/>
</round>
<round no="3"><cards type="Turn">DK</cards>
<action no="10" player="M31st3rTAsKdp33" type="4" discard="1" dealt="1" sum="0"/>
<action no="11" player="Rakki" type="4" sum="0"/>
</round>
<round no="4"><cards type="River">H8</cards>
<action no="12" player="M31st3rTAsKdp33" type="4" discard="1" dealt="1" sum="0"/>
<action no="13" player="Rakki" type="4" sum="0"/>
</round>
</game>
<game gamecode="6435600698"><general><startdate>2025-07-23 01:48:42</startdate>
<round>1</round>
<failsafecounter/>
<players><player seat="3" name="Rakki" chips="970" dealer="0" win="250" bet="275" muck="1" rebuy="0" addon="0" merge="0" rebuychips="0" reg_code="5049150448"/>
<player seat="6" name="M31st3rTAsKdp33" chips="530" dealer="1" win="0" bet="125" muck="1" rebuy="0" addon="0" merge="0" rebuychips="0" reg_code="5049150453"/>
</players>
</general>
<round no="0"><action no="1" player="M31st3rTAsKdp33" type="15" discard="1" dealt="1" sum="5"/>
<action no="2" player="Rakki" type="15" sum="5"/>
<action no="3" player="M31st3rTAsKdp33" type="1" discard="1" dealt="1" sum="15"/>
<action no="4" player="Rakki" type="2" sum="30"/>
</round>
<round no="1"><cards type="Pocket" player="Rakki">H5 H2</cards>
<cards type="Pocket" player="M31st3rTAsKdp33">X X</cards>
<action no="5" player="M31st3rTAsKdp33" type="3" discard="1" dealt="1" sum="15"/>
<action no="6" player="Rakki" type="4" sum="0"/>
</round>
<round no="2"><cards type="Flop">CQ D5 C2</cards>
<action no="7" player="Rakki" type="4" sum="0"/>
<action no="8" player="M31st3rTAsKdp33" type="4" discard="1" dealt="1" sum="0"/>
</round>
<round no="3"><cards type="Turn">D9</cards>
<action no="9" player="Rakki" type="5" sum="90"/>
<action no="10" player="M31st3rTAsKdp33" type="3" discard="1" dealt="1" sum="90"/>
</round>
<round no="4"><cards type="River">D10</cards>
<action no="11" player="Rakki" type="5" sum="150"/>
<action no="12" player="M31st3rTAsKdp33" type="0" discard="1" dealt="1" sum="0"/>
</round>
</game>
<game gamecode="6435600747"><general><startdate>2025-07-23 01:49:09</startdate>
<round>1</round>
<failsafecounter/>
<players><player seat="6" name="M31st3rTAsKdp33" chips="405" dealer="0" win="70" bet="405" muck="1" rebuy="0" addon="0" merge="0" rebuychips="0" reg_code="5049150453"/>
<player seat="3" name="Rakki" chips="1,095" dealer="1" win="0" bet="35" muck="1" rebuy="0" addon="0" merge="0" rebuychips="0" reg_code="5049150448"/>
</players>
</general>
<round no="0"><action no="1" player="Rakki" type="15" sum="5"/>
<action no="2" player="M31st3rTAsKdp33" type="15" discard="1" dealt="1" sum="5"/>
<action no="3" player="Rakki" type="1" sum="15"/>
<action no="4" player="M31st3rTAsKdp33" type="2" discard="1" dealt="1" sum="30"/>
</round>
<round no="1"><cards type="Pocket" player="Rakki">D3 S5</cards>
<cards type="Pocket" player="M31st3rTAsKdp33">X X</cards>
<action no="5" player="Rakki" type="3" sum="15"/>
<action no="6" player="M31st3rTAsKdp33" type="23" discard="1" dealt="1" sum="400"/>
<action no="7" player="Rakki" type="0" sum="0"/>
</round>
</game>
<game gamecode="6435600769"><general><startdate>2025-07-23 01:49:19</startdate>
<round>1</round>
<failsafecounter/>
<players><player seat="3" name="Rakki" chips="1,060" dealer="0" win="0" bet="65" muck="1" rebuy="0" addon="0" merge="0" rebuychips="0" reg_code="5049150448"/>
<player seat="6" name="M31st3rTAsKdp33" chips="440" dealer="1" win="130" bet="131" muck="1" rebuy="0" addon="0" merge="0" rebuychips="0" reg_code="5049150453"/>
</players>
</general>
<round no="0"><action no="1" player="M31st3rTAsKdp33" type="15" discard="1" dealt="1" sum="5"/>
<action no="2" player="Rakki" type="15" sum="5"/>
<action no="3" player="M31st3rTAsKdp33" type="1" discard="1" dealt="1" sum="15"/>
<action no="4" player="Rakki" type="2" sum="30"/>
</round>
<round no="1"><cards type="Pocket" player="Rakki">D2 S4</cards>
<cards type="Pocket" player="M31st3rTAsKdp33">X X</cards>
<action no="5" player="M31st3rTAsKdp33" type="3" discard="1" dealt="1" sum="15"/>
<action no="6" player="Rakki" type="4" sum="0"/>
</round>
<round no="2"><cards type="Flop">SQ H4 SA</cards>
<action no="7" player="Rakki" type="4" sum="0"/>
<action no="8" player="M31st3rTAsKdp33" type="5" discard="1" dealt="1" sum="30"/>
<action no="9" player="Rakki" type="3" sum="30"/>
</round>
<round no="3"><cards type="Turn">H6</cards>
<action no="10" player="Rakki" type="4" sum="0"/>
<action no="11" player="M31st3rTAsKdp33" type="5" discard="1" dealt="1" sum="66"/>
<action no="12" player="Rakki" type="0" sum="0"/>
</round>
</game>
<game gamecode="6435600809"><general><startdate>2025-07-23 01:49:42</startdate>
<round>1</round>
<failsafecounter/>
<players><player seat="6" name="M31st3rTAsKdp33" chips="505" dealer="0" win="0" bet="45" muck="1" rebuy="0" addon="0" merge="0" rebuychips="0" reg_code="5049150453"/>
<player seat="3" name="Rakki" chips="995" dealer="1" win="90" bet="995" muck="1" rebuy="0" addon="0" merge="0" rebuychips="0" reg_code="5049150448"/>
</players>
</general>
<round no="0"><action no="1" player="Rakki" type="15" sum="5"/>
<action no="2" player="M31st3rTAsKdp33" type="15" discard="1" dealt="1" sum="5"/>
<action no="3" player="Rakki" type="1" sum="20"/>
<action no="4" player="M31st3rTAsKdp33" type="2" discard="1" dealt="1" sum="40"/>
</round>
<round no="1"><cards type="Pocket" player="Rakki">DJ H10</cards>
<cards type="Pocket" player="M31st3rTAsKdp33">X X</cards>
<action no="5" player="Rakki" type="23" sum="990"/>
<action no="6" player="M31st3rTAsKdp33" type="0" discard="1" dealt="1" sum="0"/>
</round>
</game>
<game gamecode="6435600826"><general><startdate>2025-07-23 01:49:50</startdate>
<round>1</round>
<failsafecounter/>
<players><player seat="3" name="Rakki" chips="1,040" dealer="0" win="0" bet="45" muck="1" rebuy="0" addon="0" merge="0" rebuychips="0" reg_code="5049150448"/>
<player seat="6" name="M31st3rTAsKdp33" chips="460" dealer="1" win="90" bet="125" muck="1" rebuy="0" addon="0" merge="0" rebuychips="0" reg_code="5049150453"/>
</players>
</general>
<round no="0"><action no="1" player="M31st3rTAsKdp33" type="15" discard="1" dealt="1" sum="5"/>
<action no="2" player="Rakki" type="15" sum="5"/>
<action no="3" player="M31st3rTAsKdp33" type="1" discard="1" dealt="1" sum="20"/>
<action no="4" player="Rakki" type="2" sum="40"/>
</round>
<round no="1"><cards type="Pocket" player="M31st3rTAsKdp33">X X</cards>
<cards type="Pocket" player="Rakki">H9 D5</cards>
<action no="5" player="M31st3rTAsKdp33" type="3" discard="1" dealt="1" sum="20"/>
<action no="6" player="Rakki" type="4" sum="0"/>
</round>
<round no="2"><cards type="Flop">C6 S5 CJ</cards>
<action no="7" player="Rakki" type="4" sum="0"/>
<action no="8" player="M31st3rTAsKdp33" type="5" discard="1" dealt="1" sum="80"/>
<action no="9" player="Rakki" type="0" sum="0"/>
</round>
</game>
<game gamecode="6435600857"><general><startdate>2025-07-23 01:50:07</startdate>
<round>1</round>
<failsafecounter/>
<players><player seat="6" name="M31st3rTAsKdp33" chips="505" dealer="0" win="0" bet="45" muck="1" rebuy="0" addon="0" merge="0" rebuychips="0" reg_code="5049150453"/>
<player seat="3" name="Rakki" chips="995" dealer="1" win="90" bet="995" muck="1" rebuy="0" addon="0" merge="0" rebuychips="0" reg_code="5049150448"/>
</players>
</general>
<round no="0"><action no="1" player="Rakki" type="15" sum="5"/>
<action no="2" player="M31st3rTAsKdp33" type="15" discard="1" dealt="1" sum="5"/>
<action no="3" player="Rakki" type="1" sum="20"/>
<action no="4" player="M31st3rTAsKdp33" type="2" discard="1" dealt="1" sum="40"/>
</round>
<round no="1"><cards type="Pocket" player="Rakki">CK C5</cards>
<cards type="Pocket" player="M31st3rTAsKdp33">X X</cards>
<action no="5" player="Rakki" type="23" sum="990"/>
<action no="6" player="M31st3rTAsKdp33" type="0" discard="1" dealt="1" sum="0"/>
</round>
</game>
<game gamecode="6435600879"><general><startdate>2025-07-23 01:50:19</startdate>
<round>1</round>
<failsafecounter/>
<players><player seat="3" name="Rakki" chips="1,040" dealer="0" win="920" bet="460" muck="0" rebuy="0" addon="0" merge="0" rebuychips="0" reg_code="5049150448"/>
<player seat="6" name="M31st3rTAsKdp33" chips="460" dealer="1" win="0" bet="460" muck="0" rebuy="0" addon="0" merge="0" rebuychips="0" reg_code="5049150453"/>
</players>
</general>
<round no="0"><action no="1" player="M31st3rTAsKdp33" type="15" discard="1" dealt="1" sum="5"/>
<action no="2" player="Rakki" type="15" sum="5"/>
<action no="3" player="M31st3rTAsKdp33" type="1" discard="1" dealt="1" sum="20"/>
<action no="4" player="Rakki" type="2" sum="40"/>
</round>
<round no="1"><cards type="Pocket" player="M31st3rTAsKdp33">SQ DJ</cards>
<cards type="Pocket" player="Rakki">S7 HA</cards>
<action no="5" player="M31st3rTAsKdp33" type="23" discard="1" dealt="1" sum="455"/>
<action no="6" player="Rakki" type="3" sum="415"/>
</round>
<round no="2"><cards type="Flop">C6 D4 C8</cards>
</round>
<round no="3"><cards type="Turn">CA</cards>
</round>
<round no="4"><cards type="River">S9</cards>
</round>
</game>
</session>
