<?xml version="1.0" encoding="UTF-8"?>
<session sessioncode="5049114433">
<general>
<client_version>25.1.1.16</client_version>
<mode>real</mode>
<gametype>Holdem NL</gametype>
<tablename>Twister €50 SNG, 814454723</tablename>
<tournamentcode>814454722</tournamentcode>
<tournamentname>Twister €50 SNG</tournamentname>
<buyin>€0 + €3.50 + €46.50</buyin>
<totalbuyin>€50</totalbuyin>
<rewarddrawn>€100</rewarddrawn>
<tournamentcurrency>EUR</tournamentcurrency>
<currency>EUR</currency>
<nickname>Rakki</nickname>
<gamecount>25</gamecount>
<startdate>2025-07-22 23:12:32</startdate>
<place>1</place>
<win>€100</win>
<tablesize>3</tablesize>
</general>
<game gamecode="6435453244"><general><startdate>2025-07-22 23:12:47</startdate>
<round>1</round>
<failsafecounter/>
<players><player seat="6" name="1Lmaestr0" chips="500" dealer="0" win="0" bet="100" muck="1" rebuy="0" addon="0" merge="0" rebuychips="0" reg_code="5049114592"/>
<player seat="10" name="ChiamamiG" chips="500" dealer="1" win="0" bet="0" muck="1" rebuy="0" addon="0" merge="0" rebuychips="0" reg_code="5049114662"/>
<player seat="3" name="Rakki" chips="500" dealer="0" win="200" bet="240" muck="1" rebuy="0" addon="0" merge="0" rebuychips="0" reg_code="5049114433"/>
</players>
</general>
<round no="0"><action no="1" player="Rakki" type="1" sum="10"/>
<action no="2" player="1Lmaestr0" type="2" discard="1" dealt="1" sum="20"/>
</round>
<round no="1"><cards type="Pocket" player="1Lmaestr0">X X</cards>
<cards type="Pocket" player="ChiamamiG">X X</cards>
<cards type="Pocket" player="Rakki">SA D10</cards>
<action no="3" player="ChiamamiG" type="0" discard="1" dealt="1" sum="0"/>
<action no="4" player="Rakki" type="3" sum="10"/>
<action no="5" player="1Lmaestr0" type="4" discard="1" dealt="1" sum="0"/>
</round>
<round no="2"><cards type="Flop">D6 C3 DA</cards>
<action no="6" player="Rakki" type="5" sum="20"/>
<action no="7" player="1Lmaestr0" type="3" discard="1" dealt="1" sum="20"/>
</round>
<round no="3"><cards type="Turn">SQ</cards>
<action no="8" player="Rakki" type="5" sum="60"/>
<action no="9" player="1Lmaestr0" type="3" discard="1" dealt="1" sum="60"/>
</round>
<round no="4"><cards type="River">H3</cards>
<action no="10" player="Rakki" type="5" sum="140"/>
<action no="11" player="1Lmaestr0" type="0" discard="1" dealt="1" sum="0"/>
</round>
</game>
<game gamecode="6435453320"><general><startdate>2025-07-22 23:13:37</startdate>
<round>1</round>
<failsafecounter/>
<players><player seat="10" name="ChiamamiG" chips="500" dealer="0" win="0" bet="40" muck="1" rebuy="0" addon="0" merge="0" rebuychips="0" reg_code="5049114662"/>
<player seat="3" name="Rakki" chips="600" dealer="1" win="90" bet="80" muck="1" rebuy="0" addon="0" merge="0" rebuychips="0" reg_code="5049114433"/>
<player seat="6" name="1Lmaestr0" chips="400" dealer="0" win="0" bet="10" muck="1" rebuy="0" addon="0" merge="0" rebuychips="0" reg_code="5049114592"/>
</players>
</general>
<round no="0"><action no="1" player="1Lmaestr0" type="1" discard="1" dealt="1" sum="10"/>
<action no="2" player="ChiamamiG" type="2" discard="1" dealt="1" sum="20"/>
</round>
<round no="1"><cards type="Pocket" player="Rakki">SQ SJ</cards>
<cards type="Pocket" player="1Lmaestr0">X X</cards>
<cards type="Pocket" player="ChiamamiG">X X</cards>
<action no="3" player="Rakki" type="23" sum="40"/>
<action no="4" player="1Lmaestr0" type="0" discard="1" dealt="1" sum="0"/>
<action no="5" player="ChiamamiG" type="3" discard="1" dealt="1" sum="20"/>
</round>
<round no="2"><cards type="Flop">H2 H7 D3</cards>
<action no="6" player="ChiamamiG" type="4" discard="1" dealt="1" sum="0"/>
<action no="7" player="Rakki" type="5" sum="40"/>
<action no="8" player="ChiamamiG" type="0" discard="1" dealt="1" sum="0"/>
</round>
</game>
<game gamecode="6435453379"><general><startdate>2025-07-22 23:14:12</startdate>
<round>1</round>
<failsafecounter/>
<players><player seat="3" name="Rakki" chips="650" dealer="0" win="0" bet="20" muck="1" rebuy="0" addon="0" merge="0" rebuychips="0" reg_code="5049114433"/>
<player seat="6" name="1Lmaestr0" chips="390" dealer="1" win="50" bet="40" muck="1" rebuy="0" addon="0" merge="0" rebuychips="0" reg_code="5049114592"/>
<player seat="10" name="ChiamamiG" chips="460" dealer="0" win="0" bet="10" muck="1" rebuy="0" addon="0" merge="0" rebuychips="0" reg_code="5049114662"/>
</players>
</general>
<round no="0"><action no="1" player="ChiamamiG" type="1" discard="1" dealt="1" sum="10"/>
<action no="2" player="Rakki" type="2" sum="20"/>
</round>
<round no="1"><cards type="Pocket" player="1Lmaestr0">X X</cards>
<cards type="Pocket" player="ChiamamiG">X X</cards>
<cards type="Pocket" player="Rakki">S3 CJ</cards>
<action no="3" player="1Lmaestr0" type="23" discard="1" dealt="1" sum="40"/>
<action no="4" player="ChiamamiG" type="0" discard="1" dealt="1" sum="0"/>
<action no="5" player="Rakki" type="0" sum="0"/>
</round>
</game>
<game gamecode="6435453400"><general><startdate>2025-07-22 23:14:26</startdate>
<round>1</round>
<failsafecounter/>
<players><player seat="6" name="1Lmaestr0" chips="420" dealer="0" win="0" bet="35" muck="1" rebuy="0" addon="0" merge="0" rebuychips="0" reg_code="5049114592"/>
<player seat="10" name="ChiamamiG" chips="450" dealer="1" win="90" bet="65" muck="1" rebuy="0" addon="0" merge="0" rebuychips="0" reg_code="5049114662"/>
<player seat="3" name="Rakki" chips="630" dealer="0" win="0" bet="20" muck="1" rebuy="0" addon="0" merge="0" rebuychips="0" reg_code="5049114433"/>
</players>
</general>
<round no="0"><action no="1" player="Rakki" type="15" sum="5"/>
<action no="2" player="1Lmaestr0" type="15" discard="1" dealt="1" sum="5"/>
<action no="3" player="ChiamamiG" type="15" discard="1" dealt="1" sum="5"/>
<action no="4" player="Rakki" type="1" sum="15"/>
<action no="5" player="1Lmaestr0" type="2" discard="1" dealt="1" sum="30"/>
</round>
<round no="1"><cards type="Pocket" player="1Lmaestr0">X X</cards>
<cards type="Pocket" player="ChiamamiG">X X</cards>
<cards type="Pocket" player="Rakki">C2 D8</cards>
<action no="6" player="ChiamamiG" type="23" discard="1" dealt="1" sum="60"/>
<action no="7" player="Rakki" type="0" sum="0"/>
<action no="8" player="1Lmaestr0" type="0" discard="1" dealt="1" sum="0"/>
</round>
</game>
<game gamecode="6435453426"><general><startdate>2025-07-22 23:14:43</startdate>
<round>1</round>
<failsafecounter/>
<players><player seat="10" name="ChiamamiG" chips="505" dealer="0" win="0" bet="185" muck="1" rebuy="0" addon="0" merge="0" rebuychips="0" reg_code="5049114662"/>
<player seat="3" name="Rakki" chips="610" dealer="1" win="0" bet="5" muck="1" rebuy="0" addon="0" merge="0" rebuychips="0" reg_code="5049114433"/>
<player seat="6" name="1Lmaestr0" chips="385" dealer="0" win="375" bet="185" muck="0" rebuy="0" addon="0" merge="0" rebuychips="0" reg_code="5049114592"/>
</players>
</general>
<round no="0"><action no="1" player="1Lmaestr0" type="15" discard="1" dealt="1" sum="5"/>
<action no="2" player="ChiamamiG" type="15" discard="1" dealt="1" sum="5"/>
<action no="3" player="Rakki" type="15" sum="5"/>
<action no="4" player="1Lmaestr0" type="1" discard="1" dealt="1" sum="15"/>
<action no="5" player="ChiamamiG" type="2" discard="1" dealt="1" sum="30"/>
</round>
<round no="1"><cards type="Pocket" player="ChiamamiG">C9 C8</cards>
<cards type="Pocket" player="Rakki">D4 C3</cards>
<cards type="Pocket" player="1Lmaestr0">DJ D8</cards>
<action no="6" player="Rakki" type="0" sum="0"/>
<action no="7" player="1Lmaestr0" type="3" discard="1" dealt="1" sum="15"/>
<action no="8" player="ChiamamiG" type="4" discard="1" dealt="1" sum="0"/>
</round>
<round no="2"><cards type="Flop">S2 CA S8</cards>
<action no="9" player="1Lmaestr0" type="5" discard="1" dealt="1" sum="60"/>
<action no="10" player="ChiamamiG" type="3" discard="1" dealt="1" sum="60"/>
</round>
<round no="3"><cards type="Turn">D3</cards>
<action no="11" player="1Lmaestr0" type="5" discard="1" dealt="1" sum="90"/>
<action no="12" player="ChiamamiG" type="3" discard="1" dealt="1" sum="90"/>
</round>
<round no="4"><cards type="River">H5</cards>
<action no="13" player="1Lmaestr0" type="4" discard="1" dealt="1" sum="0"/>
<action no="14" player="ChiamamiG" type="4" discard="1" dealt="1" sum="0"/>
</round>
</game>
<game gamecode="6435453543"><general><startdate>2025-07-22 23:15:48</startdate>
<round>1</round>
<failsafecounter/>
<players><player seat="3" name="Rakki" chips="605" dealer="0" win="45" bet="35" muck="1" rebuy="0" addon="0" merge="0" rebuychips="0" reg_code="5049114433"/>
<player seat="6" name="1Lmaestr0" chips="575" dealer="1" win="0" bet="5" muck="1" rebuy="0" addon="0" merge="0" rebuychips="0" reg_code="5049114592"/>
<player seat="10" name="ChiamamiG" chips="320" dealer="0" win="0" bet="20" muck="1" rebuy="0" addon="0" merge="0" rebuychips="0" reg_code="5049114662"/>
</players>
</general>
<round no="0"><action no="1" player="ChiamamiG" type="15" discard="1" dealt="1" sum="5"/>
<action no="2" player="Rakki" type="15" sum="5"/>
<action no="3" player="1Lmaestr0" type="15" discard="1" dealt="1" sum="5"/>
<action no="4" player="ChiamamiG" type="1" discard="1" dealt="1" sum="15"/>
<action no="5" player="Rakki" type="2" sum="30"/>
</round>
<round no="1"><cards type="Pocket" player="Rakki">CJ C10</cards>
<cards type="Pocket" player="1Lmaestr0">X X</cards>
<cards type="Pocket" player="ChiamamiG">X X</cards>
<action no="6" player="1Lmaestr0" type="0" discard="1" dealt="1" sum="0"/>
<action no="7" player="ChiamamiG" type="0" discard="1" dealt="1" sum="0"/>
</round>
</game>
<game gamecode="6435464395"><general><startdate>2025-07-22 23:16:04</startdate>
<round>1</round>
<failsafecounter/>
<players><player seat="6" name="1Lmaestr0" chips="570" dealer="0" win="0" bet="35" muck="1" rebuy="0" addon="0" merge="0" rebuychips="0" reg_code="5049114592"/>
<player seat="10" name="ChiamamiG" chips="300" dealer="1" win="90" bet="300" muck="1" rebuy="0" addon="0" merge="0" rebuychips="0" reg_code="5049114662"/>
<player seat="3" name="Rakki" chips="630" dealer="0" win="0" bet="20" muck="1" rebuy="0" addon="0" merge="0" rebuychips="0" reg_code="5049114433"/>
</players>
</general>
<round no="0"><action no="1" player="Rakki" type="15" sum="5"/>
<action no="2" player="1Lmaestr0" type="15" discard="1" dealt="1" sum="5"/>
<action no="3" player="ChiamamiG" type="15" discard="1" dealt="1" sum="5"/>
<action no="4" player="Rakki" type="1" sum="15"/>
<action no="5" player="1Lmaestr0" type="2" discard="1" dealt="1" sum="30"/>
</round>
<round no="1"><cards type="Pocket" player="ChiamamiG">X X</cards>
<cards type="Pocket" player="Rakki">H5 C6</cards>
<cards type="Pocket" player="1Lmaestr0">X X</cards>
<action no="6" player="ChiamamiG" type="23" discard="1" dealt="1" sum="295"/>
<action no="7" player="Rakki" type="0" sum="0"/>
<action no="8" player="1Lmaestr0" type="0" discard="1" dealt="1" sum="0"/>
</round>
</game>
<game gamecode="6435464420"><general><startdate>2025-07-22 23:16:17</startdate>
<round>1</round>
<failsafecounter/>
<players><player seat="10" name="ChiamamiG" chips="355" dealer="0" win="0" bet="45" muck="1" rebuy="0" addon="0" merge="0" rebuychips="0" reg_code="5049114662"/>
<player seat="3" name="Rakki" chips="610" dealer="1" win="0" bet="5" muck="1" rebuy="0" addon="0" merge="0" rebuychips="0" reg_code="5049114433"/>
<player seat="6" name="1Lmaestr0" chips="535" dealer="0" win="95" bet="535" muck="1" rebuy="0" addon="0" merge="0" rebuychips="0" reg_code="5049114592"/>
</players>
</general>
<round no="0"><action no="1" player="1Lmaestr0" type="15" discard="1" dealt="1" sum="5"/>
<action no="2" player="ChiamamiG" type="15" discard="1" dealt="1" sum="5"/>
<action no="3" player="Rakki" type="15" sum="5"/>
<action no="4" player="1Lmaestr0" type="1" discard="1" dealt="1" sum="20"/>
<action no="5" player="ChiamamiG" type="2" discard="1" dealt="1" sum="40"/>
</round>
<round no="1"><cards type="Pocket" player="ChiamamiG">X X</cards>
<cards type="Pocket" player="1Lmaestr0">X X</cards>
<cards type="Pocket" player="Rakki">C3 S5</cards>
<action no="6" player="Rakki" type="0" sum="0"/>
<action no="7" player="1Lmaestr0" type="23" discard="1" dealt="1" sum="530"/>
<action no="8" player="ChiamamiG" type="0" discard="1" dealt="1" sum="0"/>
</round>
</game>
<game gamecode="6435464461"><general><startdate>2025-07-22 23:16:45</startdate>
<round>1</round>
<failsafecounter/>
<players><player seat="3" name="Rakki" chips="605" dealer="0" win="0" bet="310" muck="1" rebuy="0" addon="0" merge="0" rebuychips="0" reg_code="5049114433"/>
<player seat="6" name="1Lmaestr0" chips="585" dealer="1" win="0" bet="5" muck="1" rebuy="0" addon="0" merge="0" rebuychips="0" reg_code="5049114592"/>
<player seat="10" name="ChiamamiG" chips="310" dealer="0" win="625" bet="310" muck="0" rebuy="0" addon="0" merge="0" rebuychips="0" reg_code="5049114662"/>
</players>
</general>
<round no="0"><action no="1" player="ChiamamiG" type="15" discard="1" dealt="1" sum="5"/>
<action no="2" player="Rakki" type="15" sum="5"/>
<action no="3" player="1Lmaestr0" type="15" discard="1" dealt="1" sum="5"/>
<action no="4" player="ChiamamiG" type="1" discard="1" dealt="1" sum="20"/>
<action no="5" player="Rakki" type="2" sum="40"/>
</round>
<round no="1"><cards type="Pocket" player="1Lmaestr0">X X</cards>
<cards type="Pocket" player="ChiamamiG">H6 S6</cards>
<cards type="Pocket" player="Rakki">S9 H10</cards>
<action no="6" player="1Lmaestr0" type="0" discard="1" dealt="1" sum="0"/>
<action no="7" player="ChiamamiG" type="23" discard="1" dealt="1" sum="305"/>
<action no="8" player="Rakki" type="3" sum="265"/>
</round>
<round no="2"><cards type="Flop">C8 S2 H3</cards>
</round>
<round no="3"><cards type="Turn">H2</cards>
</round>
<round no="4"><cards type="River">H5</cards>
</round>
</game>
<game gamecode="6435464507"><general><startdate>2025-07-22 23:17:12</startdate>
<round>1</round>
<failsafecounter/>
<players><player seat="6" name="1Lmaestr0" chips="580" dealer="0" win="391" bet="405" muck="1" rebuy="0" addon="0" merge="0" rebuychips="0" reg_code="5049114592"/>
<player seat="10" name="ChiamamiG" chips="625" dealer="1" win="0" bet="183" muck="1" rebuy="0" addon="0" merge="0" rebuychips="0" reg_code="5049114662"/>
<player seat="3" name="Rakki" chips="295" dealer="0" win="0" bet="25" muck="1" rebuy="0" addon="0" merge="0" rebuychips="0" reg_code="5049114433"/>
</players>
</general>
<round no="0"><action no="1" player="Rakki" type="15" sum="5"/>
<action no="2" player="1Lmaestr0" type="15" discard="1" dealt="1" sum="5"/>
<action no="3" player="ChiamamiG" type="15" discard="1" dealt="1" sum="5"/>
<action no="4" player="Rakki" type="1" sum="20"/>
<action no="5" player="1Lmaestr0" type="2" discard="1" dealt="1" sum="40"/>
</round>
<round no="1"><cards type="Pocket" player="Rakki">C5 C7</cards>
<cards type="Pocket" player="ChiamamiG">X X</cards>
<cards type="Pocket" player="1Lmaestr0">X X</cards>
<action no="6" player="ChiamamiG" type="23" discard="1" dealt="1" sum="80"/>
<action no="7" player="Rakki" type="0" sum="0"/>
<action no="8" player="1Lmaestr0" type="3" discard="1" dealt="1" sum="40"/>
</round>
<round no="2"><cards type="Flop">S7 D8 D3</cards>
<action no="9" player="1Lmaestr0" type="4" discard="1" dealt="1" sum="0"/>
<action no="10" player="ChiamamiG" type="5" discard="1" dealt="1" sum="98"/>
<action no="11" player="1Lmaestr0" type="23" discard="1" dealt="1" sum="320"/>
<action no="12" player="ChiamamiG" type="0" discard="1" dealt="1" sum="0"/>
</round>
</game>
<game gamecode="6435464610"><general><startdate>2025-07-22 23:18:15</startdate>
<round>1</round>
<failsafecounter/>
<players><player seat="10" name="ChiamamiG" chips="442" dealer="0" win="0" bet="65" muck="1" rebuy="0" addon="0" merge="0" rebuychips="0" reg_code="5049114662"/>
<player seat="3" name="Rakki" chips="270" dealer="1" win="165" bet="270" muck="1" rebuy="0" addon="0" merge="0" rebuychips="0" reg_code="5049114433"/>
<player seat="6" name="1Lmaestr0" chips="788" dealer="0" win="0" bet="35" muck="1" rebuy="0" addon="0" merge="0" rebuychips="0" reg_code="5049114592"/>
</players>
</general>
<round no="0"><action no="1" player="1Lmaestr0" type="15" discard="1" dealt="1" sum="5"/>
<action no="2" player="ChiamamiG" type="15" discard="1" dealt="1" sum="5"/>
<action no="3" player="Rakki" type="15" sum="5"/>
<action no="4" player="1Lmaestr0" type="1" discard="1" dealt="1" sum="30"/>
<action no="5" player="ChiamamiG" type="2" discard="1" dealt="1" sum="60"/>
</round>
<round no="1"><cards type="Pocket" player="ChiamamiG">X X</cards>
<cards type="Pocket" player="Rakki">S10 CA</cards>
<cards type="Pocket" player="1Lmaestr0">X X</cards>
<action no="6" player="Rakki" type="23" sum="265"/>
<action no="7" player="1Lmaestr0" type="0" discard="1" dealt="1" sum="0"/>
<action no="8" player="ChiamamiG" type="0" discard="1" dealt="1" sum="0"/>
</round>
</game>
<game gamecode="6435464626"><general><startdate>2025-07-22 23:18:25</startdate>
<round>1</round>
<failsafecounter/>
<players><player seat="3" name="Rakki" chips="370" dealer="0" win="0" bet="65" muck="1" rebuy="0" addon="0" merge="0" rebuychips="0" reg_code="5049114433"/>
<player seat="6" name="1Lmaestr0" chips="753" dealer="1" win="0" bet="5" muck="1" rebuy="0" addon="0" merge="0" rebuychips="0" reg_code="5049114592"/>
<player seat="10" name="ChiamamiG" chips="377" dealer="0" win="135" bet="377" muck="1" rebuy="0" addon="0" merge="0" rebuychips="0" reg_code="5049114662"/>
</players>
</general>
<round no="0"><action no="1" player="ChiamamiG" type="15" discard="1" dealt="1" sum="5"/>
<action no="2" player="Rakki" type="15" sum="5"/>
<action no="3" player="1Lmaestr0" type="15" discard="1" dealt="1" sum="5"/>
<action no="4" player="ChiamamiG" type="1" discard="1" dealt="1" sum="30"/>
<action no="5" player="Rakki" type="2" sum="60"/>
</round>
<round no="1"><cards type="Pocket" player="ChiamamiG">X X</cards>
<cards type="Pocket" player="1Lmaestr0">X X</cards>
<cards type="Pocket" player="Rakki">H6 H9</cards>
<action no="6" player="1Lmaestr0" type="0" discard="1" dealt="1" sum="0"/>
<action no="7" player="ChiamamiG" type="23" discard="1" dealt="1" sum="372"/>
<action no="8" player="Rakki" type="0" sum="0"/>
</round>
</game>
<game gamecode="6435464648"><general><startdate>2025-07-22 23:18:38</startdate>
<round>1</round>
<failsafecounter/>
<players><player seat="6" name="1Lmaestr0" chips="748" dealer="0" win="0" bet="65" muck="1" rebuy="0" addon="0" merge="0" rebuychips="0" reg_code="5049114592"/>
<player seat="10" name="ChiamamiG" chips="447" dealer="1" win="0" bet="5" muck="1" rebuy="0" addon="0" merge="0" rebuychips="0" reg_code="5049114662"/>
<player seat="3" name="Rakki" chips="305" dealer="0" win="135" bet="305" muck="1" rebuy="0" addon="0" merge="0" rebuychips="0" reg_code="5049114433"/>
</players>
</general>
<round no="0"><action no="1" player="Rakki" type="15" sum="5"/>
<action no="2" player="1Lmaestr0" type="15" discard="1" dealt="1" sum="5"/>
<action no="3" player="ChiamamiG" type="15" discard="1" dealt="1" sum="5"/>
<action no="4" player="Rakki" type="1" sum="30"/>
<action no="5" player="1Lmaestr0" type="2" discard="1" dealt="1" sum="60"/>
</round>
<round no="1"><cards type="Pocket" player="1Lmaestr0">X X</cards>
<cards type="Pocket" player="Rakki">S7 S5</cards>
<cards type="Pocket" player="ChiamamiG">X X</cards>
<action no="6" player="ChiamamiG" type="0" discard="1" dealt="1" sum="0"/>
<action no="7" player="Rakki" type="23" sum="300"/>
<action no="8" player="1Lmaestr0" type="0" discard="1" dealt="1" sum="0"/>
</round>
</game>
<game gamecode="6435464675"><general><startdate>2025-07-22 23:18:56</startdate>
<round>1</round>
<failsafecounter/>
<players><player seat="10" name="ChiamamiG" chips="442" dealer="0" win="0" bet="65" muck="1" rebuy="0" addon="0" merge="0" rebuychips="0" reg_code="5049114662"/>
<player seat="3" name="Rakki" chips="375" dealer="1" win="0" bet="5" muck="1" rebuy="0" addon="0" merge="0" rebuychips="0" reg_code="5049114433"/>
<player seat="6" name="1Lmaestr0" chips="683" dealer="0" win="135" bet="683" muck="1" rebuy="0" addon="0" merge="0" rebuychips="0" reg_code="5049114592"/>
</players>
</general>
<round no="0"><action no="1" player="1Lmaestr0" type="15" discard="1" dealt="1" sum="5"/>
<action no="2" player="ChiamamiG" type="15" discard="1" dealt="1" sum="5"/>
<action no="3" player="Rakki" type="15" sum="5"/>
<action no="4" player="1Lmaestr0" type="1" discard="1" dealt="1" sum="30"/>
<action no="5" player="ChiamamiG" type="2" discard="1" dealt="1" sum="60"/>
</round>
<round no="1"><cards type="Pocket" player="ChiamamiG">X X</cards>
<cards type="Pocket" player="Rakki">DK H3</cards>
<cards type="Pocket" player="1Lmaestr0">X X</cards>
<action no="6" player="Rakki" type="0" sum="0"/>
<action no="7" player="1Lmaestr0" type="23" discard="1" dealt="1" sum="678"/>
<action no="8" player="ChiamamiG" type="0" discard="1" dealt="1" sum="0"/>
</round>
</game>
<game gamecode="6435464691"><general><startdate>2025-07-22 23:19:09</startdate>
<round>1</round>
<failsafecounter/>
<players><player seat="3" name="Rakki" chips="370" dealer="0" win="775" bet="370" muck="0" rebuy="0" addon="0" merge="0" rebuychips="0" reg_code="5049114433"/>
<player seat="6" name="1Lmaestr0" chips="753" dealer="1" win="0" bet="753" muck="1" rebuy="0" addon="0" merge="0" rebuychips="0" reg_code="5049114592"/>
<player seat="10" name="ChiamamiG" chips="377" dealer="0" win="0" bet="35" muck="1" rebuy="0" addon="0" merge="0" rebuychips="0" reg_code="5049114662"/>
</players>
</general>
<round no="0"><action no="1" player="ChiamamiG" type="15" discard="1" dealt="1" sum="5"/>
<action no="2" player="Rakki" type="15" sum="5"/>
<action no="3" player="1Lmaestr0" type="15" discard="1" dealt="1" sum="5"/>
<action no="4" player="ChiamamiG" type="1" discard="1" dealt="1" sum="30"/>
<action no="5" player="Rakki" type="2" sum="60"/>
</round>
<round no="1"><cards type="Pocket" player="Rakki">DA D7</cards>
<cards type="Pocket" player="ChiamamiG">X X</cards>
<cards type="Pocket" player="1Lmaestr0">DK DJ</cards>
<action no="6" player="1Lmaestr0" type="23" discard="1" dealt="1" sum="748"/>
<action no="7" player="ChiamamiG" type="0" discard="1" dealt="1" sum="0"/>
<action no="8" player="Rakki" type="7" sum="305"/>
</round>
<round no="2"><cards type="Flop">C6 C3 C5</cards>
</round>
<round no="3"><cards type="Turn">H5</cards>
</round>
<round no="4"><cards type="River">D5</cards>
</round>
</game>
<game gamecode="6435464720"><general><startdate>2025-07-22 23:19:30</startdate>
<round>1</round>
<failsafecounter/>
<players><player seat="6" name="1Lmaestr0" chips="383" dealer="0" win="104" bet="88" muck="1" rebuy="0" addon="0" merge="0" rebuychips="0" reg_code="5049114592"/>
<player seat="10" name="ChiamamiG" chips="342" dealer="1" win="0" bet="8" muck="1" rebuy="0" addon="0" merge="0" rebuychips="0" reg_code="5049114662"/>
<player seat="3" name="Rakki" chips="775" dealer="0" win="0" bet="48" muck="1" rebuy="0" addon="0" merge="0" rebuychips="0" reg_code="5049114433"/>
</players>
</general>
<round no="0"><action no="1" player="Rakki" type="15" sum="8"/>
<action no="2" player="1Lmaestr0" type="15" discard="1" dealt="1" sum="8"/>
<action no="3" player="ChiamamiG" type="15" discard="1" dealt="1" sum="8"/>
<action no="4" player="Rakki" type="1" sum="40"/>
<action no="5" player="1Lmaestr0" type="2" discard="1" dealt="1" sum="80"/>
</round>
<round no="1"><cards type="Pocket" player="1Lmaestr0">X X</cards>
<cards type="Pocket" player="Rakki">H6 H3</cards>
<cards type="Pocket" player="ChiamamiG">X X</cards>
<action no="6" player="ChiamamiG" type="0" discard="1" dealt="1" sum="0"/>
<action no="7" player="Rakki" type="0" sum="0"/>
</round>
</game>
<game gamecode="6435464744"><general><startdate>2025-07-22 23:19:46</startdate>
<round>1</round>
<failsafecounter/>
<players><player seat="10" name="ChiamamiG" chips="334" dealer="0" win="104" bet="88" muck="1" rebuy="0" addon="0" merge="0" rebuychips="0" reg_code="5049114662"/>
<player seat="3" name="Rakki" chips="727" dealer="1" win="0" bet="8" muck="1" rebuy="0" addon="0" merge="0" rebuychips="0" reg_code="5049114433"/>
<player seat="6" name="1Lmaestr0" chips="439" dealer="0" win="0" bet="48" muck="1" rebuy="0" addon="0" merge="0" rebuychips="0" reg_code="5049114592"/>
</players>
</general>
<round no="0"><action no="1" player="1Lmaestr0" type="15" discard="1" dealt="1" sum="8"/>
<action no="2" player="ChiamamiG" type="15" discard="1" dealt="1" sum="8"/>
<action no="3" player="Rakki" type="15" sum="8"/>
<action no="4" player="1Lmaestr0" type="1" discard="1" dealt="1" sum="40"/>
<action no="5" player="ChiamamiG" type="2" discard="1" dealt="1" sum="80"/>
</round>
<round no="1"><cards type="Pocket" player="Rakki">H3 H4</cards>
<cards type="Pocket" player="1Lmaestr0">X X</cards>
<cards type="Pocket" player="ChiamamiG">X X</cards>
<action no="6" player="Rakki" type="0" sum="0"/>
<action no="7" player="1Lmaestr0" type="0" discard="1" dealt="1" sum="0"/>
</round>
</game>
<game gamecode="6435464760"><general><startdate>2025-07-22 23:19:56</startdate>
<round>1</round>
<failsafecounter/>
<players><player seat="3" name="Rakki" chips="719" dealer="0" win="0" bet="88" muck="1" rebuy="0" addon="0" merge="0" rebuychips="0" reg_code="5049114433"/>
<player seat="6" name="1Lmaestr0" chips="391" dealer="1" win="224" bet="391" muck="1" rebuy="0" addon="0" merge="0" rebuychips="0" reg_code="5049114592"/>
<player seat="10" name="ChiamamiG" chips="390" dealer="0" win="0" bet="48" muck="1" rebuy="0" addon="0" merge="0" rebuychips="0" reg_code="5049114662"/>
</players>
</general>
<round no="0"><action no="1" player="ChiamamiG" type="15" discard="1" dealt="1" sum="8"/>
<action no="2" player="Rakki" type="15" sum="8"/>
<action no="3" player="1Lmaestr0" type="15" discard="1" dealt="1" sum="8"/>
<action no="4" player="ChiamamiG" type="1" discard="1" dealt="1" sum="40"/>
<action no="5" player="Rakki" type="2" sum="80"/>
</round>
<round no="1"><cards type="Pocket" player="1Lmaestr0">X X</cards>
<cards type="Pocket" player="ChiamamiG">X X</cards>
<cards type="Pocket" player="Rakki">C5 D2</cards>
<action no="6" player="1Lmaestr0" type="23" discard="1" dealt="1" sum="383"/>
<action no="7" player="ChiamamiG" type="0" discard="1" dealt="1" sum="0"/>
<action no="8" player="Rakki" type="0" sum="0"/>
</round>
</game>
<game gamecode="6435464789"><general><startdate>2025-07-22 23:20:16</startdate>
<round>1</round>
<failsafecounter/>
<players><player seat="6" name="1Lmaestr0" chips="527" dealer="0" win="0" bet="527" muck="1" rebuy="0" addon="0" merge="0" rebuychips="0" reg_code="5049114592"/>
<player seat="10" name="ChiamamiG" chips="342" dealer="1" win="0" bet="8" muck="1" rebuy="0" addon="0" merge="0" rebuychips="0" reg_code="5049114662"/>
<player seat="3" name="Rakki" chips="631" dealer="0" win="1,062" bet="631" muck="0" rebuy="0" addon="0" merge="0" rebuychips="0" reg_code="5049114433"/>
</players>
</general>
<round no="0"><action no="1" player="Rakki" type="15" sum="8"/>
<action no="2" player="1Lmaestr0" type="15" discard="1" dealt="1" sum="8"/>
<action no="3" player="ChiamamiG" type="15" discard="1" dealt="1" sum="8"/>
<action no="4" player="Rakki" type="1" sum="40"/>
<action no="5" player="1Lmaestr0" type="2" discard="1" dealt="1" sum="80"/>
</round>
<round no="1"><cards type="Pocket" player="1Lmaestr0">CQ C8</cards>
<cards type="Pocket" player="Rakki">HK S6</cards>
<cards type="Pocket" player="ChiamamiG">X X</cards>
<action no="6" player="ChiamamiG" type="0" discard="1" dealt="1" sum="0"/>
<action no="7" player="Rakki" type="23" sum="623"/>
<action no="8" player="1Lmaestr0" type="7" discard="1" dealt="1" sum="439"/>
</round>
<round no="2"><cards type="Flop">C5 D7 S10</cards>
</round>
<round no="3"><cards type="Turn">D10</cards>
</round>
<round no="4"><cards type="River">C3</cards>
</round>
</game>
<game gamecode="6435464829"><general><startdate>2025-07-22 23:20:40</startdate>
<round>1</round>
<failsafecounter/>
<players><player seat="10" name="ChiamamiG" chips="334" dealer="0" win="0" bet="88" muck="1" rebuy="0" addon="0" merge="0" rebuychips="0" reg_code="5049114662"/>
<player seat="3" name="Rakki" chips="1,166" dealer="1" win="176" bet="1,166" muck="1" rebuy="0" addon="0" merge="0" rebuychips="0" reg_code="5049114433"/>
</players>
</general>
<round no="0"><action no="1" player="Rakki" type="15" sum="8"/>
<action no="2" player="ChiamamiG" type="15" discard="1" dealt="1" sum="8"/>
<action no="3" player="Rakki" type="1" sum="40"/>
<action no="4" player="ChiamamiG" type="2" discard="1" dealt="1" sum="80"/>
</round>
<round no="1"><cards type="Pocket" player="Rakki">SA C5</cards>
<cards type="Pocket" player="ChiamamiG">X X</cards>
<action no="5" player="Rakki" type="23" sum="1,158"/>
<action no="6" player="ChiamamiG" type="0" discard="1" dealt="1" sum="0"/>
</round>
</game>
<game gamecode="6435464855"><general><startdate>2025-07-22 23:20:55</startdate>
<round>1</round>
<failsafecounter/>
<players><player seat="3" name="Rakki" chips="1,254" dealer="0" win="0" bet="246" muck="1" rebuy="0" addon="0" merge="0" rebuychips="0" reg_code="5049114433"/>
<player seat="10" name="ChiamamiG" chips="246" dealer="1" win="492" bet="246" muck="0" rebuy="0" addon="0" merge="0" rebuychips="0" reg_code="5049114662"/>
</players>
</general>
<round no="0"><action no="1" player="ChiamamiG" type="15" discard="1" dealt="1" sum="8"/>
<action no="2" player="Rakki" type="15" sum="8"/>
<action no="3" player="ChiamamiG" type="1" discard="1" dealt="1" sum="40"/>
<action no="4" player="Rakki" type="2" sum="80"/>
</round>
<round no="1"><cards type="Pocket" player="Rakki">S7 DQ</cards>
<cards type="Pocket" player="ChiamamiG">C9 H8</cards>
<action no="5" player="ChiamamiG" type="23" discard="1" dealt="1" sum="238"/>
<action no="6" player="Rakki" type="3" sum="158"/>
</round>
<round no="2"><cards type="Flop">S4 S3 CA</cards>
</round>
<round no="3"><cards type="Turn">D8</cards>
</round>
<round no="4"><cards type="River">C4</cards>
</round>
</game>
<game gamecode="6435464896"><general><startdate>2025-07-22 23:21:13</startdate>
<round>1</round>
<failsafecounter/>
<players><player seat="10" name="ChiamamiG" chips="492" dealer="0" win="984" bet="492" muck="0" rebuy="0" addon="0" merge="0" rebuychips="0" reg_code="5049114662"/>
<player seat="3" name="Rakki" chips="1,008" dealer="1" win="0" bet="1,008" muck="0" rebuy="0" addon="0" merge="0" rebuychips="0" reg_code="5049114433"/>
</players>
</general>
<round no="0"><action no="1" player="Rakki" type="15" sum="10"/>
<action no="2" player="ChiamamiG" type="15" discard="1" dealt="1" sum="10"/>
<action no="3" player="Rakki" type="1" sum="50"/>
<action no="4" player="ChiamamiG" type="2" discard="1" dealt="1" sum="100"/>
</round>
<round no="1"><cards type="Pocket" player="Rakki">S10 C7</cards>
<cards type="Pocket" player="ChiamamiG">C10 C8</cards>
<action no="5" player="Rakki" type="23" sum="998"/>
<action no="6" player="ChiamamiG" type="7" discard="1" dealt="1" sum="382"/>
</round>
<round no="2"><cards type="Flop">C3 C6 DJ</cards>
</round>
<round no="3"><cards type="Turn">DQ</cards>
</round>
<round no="4"><cards type="River">H4</cards>
</round>
</game>
<game gamecode="6435464932"><general><startdate>2025-07-22 23:21:37</startdate>
<round>1</round>
<failsafecounter/>
<players><player seat="3" name="Rakki" chips="516" dealer="0" win="1,032" bet="516" muck="0" rebuy="0" addon="0" merge="0" rebuychips="0" reg_code="5049114433"/>
<player seat="10" name="ChiamamiG" chips="984" dealer="1" win="0" bet="984" muck="1" rebuy="0" addon="0" merge="0" rebuychips="0" reg_code="5049114662"/>
</players>
</general>
<round no="0"><action no="1" player="ChiamamiG" type="15" discard="1" dealt="1" sum="10"/>
<action no="2" player="Rakki" type="15" sum="10"/>
<action no="3" player="ChiamamiG" type="1" discard="1" dealt="1" sum="50"/>
<action no="4" player="Rakki" type="2" sum="100"/>
</round>
<round no="1"><cards type="Pocket" player="Rakki">DJ H10</cards>
<cards type="Pocket" player="ChiamamiG">H8 HK</cards>
<action no="5" player="ChiamamiG" type="23" discard="1" dealt="1" sum="974"/>
<action no="6" player="Rakki" type="7" sum="406"/>
</round>
<round no="2"><cards type="Flop">C7 SQ D10</cards>
</round>
<round no="3"><cards type="Turn">S5</cards>
</round>
<round no="4"><cards type="River">D7</cards>
</round>
</game>
<game gamecode="6435464955"><general><startdate>2025-07-22 23:21:55</startdate>
<round>1</round>
<failsafecounter/>
<players><player seat="10" name="ChiamamiG" chips="468" dealer="0" win="468" bet="468" muck="0" rebuy="0" addon="0" merge="0" rebuychips="0" reg_code="5049114662"/>
<player seat="3" name="Rakki" chips="1,032" dealer="1" win="468" bet="1,032" muck="0" rebuy="0" addon="0" merge="0" rebuychips="0" reg_code="5049114433"/>
</players>
</general>
<round no="0"><action no="1" player="Rakki" type="15" sum="10"/>
<action no="2" player="ChiamamiG" type="15" discard="1" dealt="1" sum="10"/>
<action no="3" player="Rakki" type="1" sum="50"/>
<action no="4" player="ChiamamiG" type="2" discard="1" dealt="1" sum="100"/>
</round>
<round no="1"><cards type="Pocket" player="ChiamamiG">S10 S5</cards>
<cards type="Pocket" player="Rakki">C10 C3</cards>
<action no="5" player="Rakki" type="23" sum="1,022"/>
<action no="6" player="ChiamamiG" type="7" discard="1" dealt="1" sum="358"/>
</round>
<round no="2"><cards type="Flop">D4 H6 H10</cards>
</round>
<round no="3"><cards type="Turn">D7</cards>
</round>
<round no="4"><cards type="River">H9</cards>
</round>
</game>
<game gamecode="6435464997"><general><startdate>2025-07-22 23:22:22</startdate>
<round>1</round>
<failsafecounter/>
<players><player seat="3" name="Rakki" chips="1,032" dealer="0" win="936" bet="468" muck="0" rebuy="0" addon="0" merge="0" rebuychips="0" reg_code="5049114433"/>
<player seat="10" name="ChiamamiG" chips="468" dealer="1" win="0" bet="468" muck="0" rebuy="0" addon="0" merge="0" rebuychips="0" reg_code="5049114662"/>
</players>
</general>
<round no="0"><action no="1" player="ChiamamiG" type="15" discard="1" dealt="1" sum="10"/>
<action no="2" player="Rakki" type="15" sum="10"/>
<action no="3" player="ChiamamiG" type="1" discard="1" dealt="1" sum="50"/>
<action no="4" player="Rakki" type="2" sum="100"/>
</round>
<round no="1"><cards type="Pocket" player="Rakki">S7 HQ</cards>
<cards type="Pocket" player="ChiamamiG">S9 H10</cards>
<action no="5" player="ChiamamiG" type="23" discard="1" dealt="1" sum="458"/>
<action no="6" player="Rakki" type="3" sum="358"/>
</round>
<round no="2"><cards type="Flop">C5 CK C3</cards>
</round>
<round no="3"><cards type="Turn">H2</cards>
</round>
<round no="4"><cards type="River">D8</cards>
</round>
</game>
</session>
