<?xml version="1.0" encoding="UTF-8"?>
<session sessioncode="5049538241">
<general>
<client_version>25.1.1.16</client_version>
<mode>real</mode>
<gametype>Holdem NL</gametype>
<tablename>Twister €100 SNG, 814578434</tablename>
<tournamentcode>814578433</tournamentcode>
<tournamentname>Twister €100 SNG</tournamentname>
<buyin>€0 + €7 + €93</buyin>
<totalbuyin>€100</totalbuyin>
<rewarddrawn>€400</rewarddrawn>
<tournamentcurrency>EUR</tournamentcurrency>
<currency>EUR</currency>
<nickname>Rakki</nickname>
<gamecount>23</gamecount>
<startdate>2025-07-25 00:37:40</startdate>
<place>2</place>
<win>€0</win>
<tablesize>3</tablesize>
</general>
<game gamecode="6437166448"><general><startdate>2025-07-25 00:37:55</startdate>
<round>1</round>
<failsafecounter/>
<players><player seat="6" name="Rakki" chips="500" dealer="0" win="40" bet="50" muck="1" rebuy="0" addon="0" merge="0" rebuychips="0" reg_code="5049538241"/>
<player seat="10" name="BeppeCar72" chips="500" dealer="1" win="0" bet="0" muck="1" rebuy="0" addon="0" merge="0" rebuychips="0" reg_code="5049538387"/>
<player seat="3" name="Nonloso6" chips="500" dealer="0" win="0" bet="20" muck="1" rebuy="0" addon="0" merge="0" rebuychips="0" reg_code="5049537227"/>
</players>
</general>
<round no="0"><action no="1" player="Nonloso6" type="1" discard="1" dealt="1" sum="10"/>
<action no="2" player="Rakki" type="2" sum="20"/>
</round>
<round no="1"><cards type="Pocket" player="Nonloso6">X X</cards>
<cards type="Pocket" player="Rakki">D6 C8</cards>
<cards type="Pocket" player="BeppeCar72">X X</cards>
<action no="3" player="BeppeCar72" type="0" discard="1" dealt="1" sum="0"/>
<action no="4" player="Nonloso6" type="3" discard="1" dealt="1" sum="10"/>
<action no="5" player="Rakki" type="4" sum="0"/>
</round>
<round no="2"><cards type="Flop">D5 H6 S8</cards>
<action no="6" player="Nonloso6" type="4" discard="1" dealt="1" sum="0"/>
<action no="7" player="Rakki" type="5" sum="30"/>
<action no="8" player="Nonloso6" type="0" discard="1" dealt="1" sum="0"/>
</round>
</game>
<game gamecode="6437166508"><general><startdate>2025-07-25 00:38:31</startdate>
<round>1</round>
<failsafecounter/>
<players><player seat="10" name="BeppeCar72" chips="500" dealer="0" win="90" bet="160" muck="1" rebuy="0" addon="0" merge="0" rebuychips="0" reg_code="5049538387"/>
<player seat="3" name="Nonloso6" chips="480" dealer="1" win="0" bet="40" muck="1" rebuy="0" addon="0" merge="0" rebuychips="0" reg_code="5049537227"/>
<player seat="6" name="Rakki" chips="520" dealer="0" win="0" bet="10" muck="1" rebuy="0" addon="0" merge="0" rebuychips="0" reg_code="5049538241"/>
</players>
</general>
<round no="0"><action no="1" player="Rakki" type="1" sum="10"/>
<action no="2" player="BeppeCar72" type="2" discard="1" dealt="1" sum="20"/>
</round>
<round no="1"><cards type="Pocket" player="Nonloso6">X X</cards>
<cards type="Pocket" player="BeppeCar72">X X</cards>
<cards type="Pocket" player="Rakki">HK D9</cards>
<action no="3" player="Nonloso6" type="23" discard="1" dealt="1" sum="40"/>
<action no="4" player="Rakki" type="0" sum="0"/>
<action no="5" player="BeppeCar72" type="23" discard="1" dealt="1" sum="160"/>
<action no="6" player="Nonloso6" type="0" discard="1" dealt="1" sum="0"/>
</round>
</game>
<game gamecode="6437166541"><general><startdate>2025-07-25 00:38:44</startdate>
<round>1</round>
<failsafecounter/>
<players><player seat="3" name="Nonloso6" chips="440" dealer="0" win="20" bet="20" muck="1" rebuy="0" addon="0" merge="0" rebuychips="0" reg_code="5049537227"/>
<player seat="6" name="Rakki" chips="510" dealer="1" win="0" bet="0" muck="1" rebuy="0" addon="0" merge="0" rebuychips="0" reg_code="5049538241"/>
<player seat="10" name="BeppeCar72" chips="550" dealer="0" win="0" bet="10" muck="1" rebuy="0" addon="0" merge="0" rebuychips="0" reg_code="5049538387"/>
</players>
</general>
<round no="0"><action no="1" player="BeppeCar72" type="1" discard="1" dealt="1" sum="10"/>
<action no="2" player="Nonloso6" type="2" discard="1" dealt="1" sum="20"/>
</round>
<round no="1"><cards type="Pocket" player="Rakki">D5 H8</cards>
<cards type="Pocket" player="BeppeCar72">X X</cards>
<cards type="Pocket" player="Nonloso6">X X</cards>
<action no="3" player="Rakki" type="0" sum="0"/>
<action no="4" player="BeppeCar72" type="0" discard="1" dealt="1" sum="0"/>
</round>
</game>
<game gamecode="6437166557"><general><startdate>2025-07-25 00:38:53</startdate>
<round>1</round>
<failsafecounter/>
<players><player seat="6" name="Rakki" chips="510" dealer="0" win="0" bet="20" muck="1" rebuy="0" addon="0" merge="0" rebuychips="0" reg_code="5049538241"/>
<player seat="10" name="BeppeCar72" chips="540" dealer="1" win="50" bet="140" muck="1" rebuy="0" addon="0" merge="0" rebuychips="0" reg_code="5049538387"/>
<player seat="3" name="Nonloso6" chips="450" dealer="0" win="0" bet="10" muck="1" rebuy="0" addon="0" merge="0" rebuychips="0" reg_code="5049537227"/>
</players>
</general>
<round no="0"><action no="1" player="Nonloso6" type="1" discard="1" dealt="1" sum="10"/>
<action no="2" player="Rakki" type="2" sum="20"/>
</round>
<round no="1"><cards type="Pocket" player="Nonloso6">X X</cards>
<cards type="Pocket" player="BeppeCar72">X X</cards>
<cards type="Pocket" player="Rakki">C6 D4</cards>
<action no="3" player="BeppeCar72" type="23" discard="1" dealt="1" sum="140"/>
<action no="4" player="Nonloso6" type="0" discard="1" dealt="1" sum="0"/>
<action no="5" player="Rakki" type="0" sum="0"/>
</round>
</game>
<game gamecode="6437166594"><general><startdate>2025-07-25 00:39:12</startdate>
<round>1</round>
<failsafecounter/>
<players><player seat="10" name="BeppeCar72" chips="570" dealer="0" win="100" bet="160" muck="1" rebuy="0" addon="0" merge="0" rebuychips="0" reg_code="5049538387"/>
<player seat="3" name="Nonloso6" chips="440" dealer="1" win="0" bet="0" muck="1" rebuy="0" addon="0" merge="0" rebuychips="0" reg_code="5049537227"/>
<player seat="6" name="Rakki" chips="490" dealer="0" win="0" bet="50" muck="1" rebuy="0" addon="0" merge="0" rebuychips="0" reg_code="5049538241"/>
</players>
</general>
<round no="0"><action no="1" player="Rakki" type="1" sum="10"/>
<action no="2" player="BeppeCar72" type="2" discard="1" dealt="1" sum="20"/>
</round>
<round no="1"><cards type="Pocket" player="BeppeCar72">X X</cards>
<cards type="Pocket" player="Nonloso6">X X</cards>
<cards type="Pocket" player="Rakki">H6 D7</cards>
<action no="3" player="Nonloso6" type="0" discard="1" dealt="1" sum="0"/>
<action no="4" player="Rakki" type="23" sum="50"/>
<action no="5" player="BeppeCar72" type="23" discard="1" dealt="1" sum="160"/>
<action no="6" player="Rakki" type="0" sum="0"/>
</round>
</game>
<game gamecode="6437166622"><general><startdate>2025-07-25 00:39:28</startdate>
<round>1</round>
<failsafecounter/>
<players><player seat="3" name="Nonloso6" chips="440" dealer="0" win="0" bet="20" muck="1" rebuy="0" addon="0" merge="0" rebuychips="0" reg_code="5049537227"/>
<player seat="6" name="Rakki" chips="440" dealer="1" win="50" bet="40" muck="1" rebuy="0" addon="0" merge="0" rebuychips="0" reg_code="5049538241"/>
<player seat="10" name="BeppeCar72" chips="620" dealer="0" win="0" bet="10" muck="1" rebuy="0" addon="0" merge="0" rebuychips="0" reg_code="5049538387"/>
</players>
</general>
<round no="0"><action no="1" player="BeppeCar72" type="1" discard="1" dealt="1" sum="10"/>
<action no="2" player="Nonloso6" type="2" discard="1" dealt="1" sum="20"/>
</round>
<round no="1"><cards type="Pocket" player="Rakki">HQ S10</cards>
<cards type="Pocket" player="Nonloso6">X X</cards>
<cards type="Pocket" player="BeppeCar72">X X</cards>
<action no="3" player="Rakki" type="23" sum="40"/>
<action no="4" player="BeppeCar72" type="0" discard="1" dealt="1" sum="0"/>
<action no="5" player="Nonloso6" type="0" discard="1" dealt="1" sum="0"/>
</round>
</game>
<game gamecode="6437166653"><general><startdate>2025-07-25 00:39:42</startdate>
<round>1</round>
<failsafecounter/>
<players><player seat="6" name="Rakki" chips="470" dealer="0" win="0" bet="20" muck="1" rebuy="0" addon="0" merge="0" rebuychips="0" reg_code="5049538241"/>
<player seat="10" name="BeppeCar72" chips="610" dealer="1" win="50" bet="80" muck="1" rebuy="0" addon="0" merge="0" rebuychips="0" reg_code="5049538387"/>
<player seat="3" name="Nonloso6" chips="420" dealer="0" win="0" bet="10" muck="1" rebuy="0" addon="0" merge="0" rebuychips="0" reg_code="5049537227"/>
</players>
</general>
<round no="0"><action no="1" player="Nonloso6" type="1" discard="1" dealt="1" sum="10"/>
<action no="2" player="Rakki" type="2" sum="20"/>
</round>
<round no="1"><cards type="Pocket" player="Nonloso6">X X</cards>
<cards type="Pocket" player="BeppeCar72">X X</cards>
<cards type="Pocket" player="Rakki">D9 S4</cards>
<action no="3" player="BeppeCar72" type="23" discard="1" dealt="1" sum="80"/>
<action no="4" player="Nonloso6" type="0" discard="1" dealt="1" sum="0"/>
<action no="5" player="Rakki" type="0" sum="0"/>
</round>
</game>
<game gamecode="6437166687"><general><startdate>2025-07-25 00:39:55</startdate>
<round>1</round>
<failsafecounter/>
<players><player seat="10" name="BeppeCar72" chips="640" dealer="0" win="75" bet="65" muck="1" rebuy="0" addon="0" merge="0" rebuychips="0" reg_code="5049538387"/>
<player seat="3" name="Nonloso6" chips="410" dealer="1" win="0" bet="5" muck="1" rebuy="0" addon="0" merge="0" rebuychips="0" reg_code="5049537227"/>
<player seat="6" name="Rakki" chips="450" dealer="0" win="0" bet="35" muck="1" rebuy="0" addon="0" merge="0" rebuychips="0" reg_code="5049538241"/>
</players>
</general>
<round no="0"><action no="1" player="Rakki" type="15" sum="5"/>
<action no="2" player="BeppeCar72" type="15" discard="1" dealt="1" sum="5"/>
<action no="3" player="Nonloso6" type="15" discard="1" dealt="1" sum="5"/>
<action no="4" player="Rakki" type="1" sum="15"/>
<action no="5" player="BeppeCar72" type="2" discard="1" dealt="1" sum="30"/>
</round>
<round no="1"><cards type="Pocket" player="Nonloso6">X X</cards>
<cards type="Pocket" player="BeppeCar72">X X</cards>
<cards type="Pocket" player="Rakki">HK H5</cards>
<action no="6" player="Nonloso6" type="0" discard="1" dealt="1" sum="0"/>
<action no="7" player="Rakki" type="3" sum="15"/>
<action no="8" player="BeppeCar72" type="4" discard="1" dealt="1" sum="0"/>
</round>
<round no="2"><cards type="Flop">CJ D4 C9</cards>
<action no="9" player="Rakki" type="4" sum="0"/>
<action no="10" player="BeppeCar72" type="5" discard="1" dealt="1" sum="30"/>
<action no="11" player="Rakki" type="0" sum="0"/>
</round>
</game>
<game gamecode="6437166722"><general><startdate>2025-07-25 00:40:10</startdate>
<round>1</round>
<failsafecounter/>
<players><player seat="3" name="Nonloso6" chips="405" dealer="0" win="45" bet="35" muck="1" rebuy="0" addon="0" merge="0" rebuychips="0" reg_code="5049537227"/>
<player seat="6" name="Rakki" chips="415" dealer="1" win="0" bet="5" muck="1" rebuy="0" addon="0" merge="0" rebuychips="0" reg_code="5049538241"/>
<player seat="10" name="BeppeCar72" chips="680" dealer="0" win="0" bet="20" muck="1" rebuy="0" addon="0" merge="0" rebuychips="0" reg_code="5049538387"/>
</players>
</general>
<round no="0"><action no="1" player="BeppeCar72" type="15" discard="1" dealt="1" sum="5"/>
<action no="2" player="Nonloso6" type="15" discard="1" dealt="1" sum="5"/>
<action no="3" player="Rakki" type="15" sum="5"/>
<action no="4" player="BeppeCar72" type="1" discard="1" dealt="1" sum="15"/>
<action no="5" player="Nonloso6" type="2" discard="1" dealt="1" sum="30"/>
</round>
<round no="1"><cards type="Pocket" player="Rakki">DK H3</cards>
<cards type="Pocket" player="BeppeCar72">X X</cards>
<cards type="Pocket" player="Nonloso6">X X</cards>
<action no="6" player="Rakki" type="0" sum="0"/>
<action no="7" player="BeppeCar72" type="0" discard="1" dealt="1" sum="0"/>
</round>
</game>
<game gamecode="6437166736"><general><startdate>2025-07-25 00:40:16</startdate>
<round>1</round>
<failsafecounter/>
<players><player seat="6" name="Rakki" chips="410" dealer="0" win="0" bet="35" muck="1" rebuy="0" addon="0" merge="0" rebuychips="0" reg_code="5049538241"/>
<player seat="10" name="BeppeCar72" chips="660" dealer="1" win="0" bet="5" muck="1" rebuy="0" addon="0" merge="0" rebuychips="0" reg_code="5049538387"/>
<player seat="3" name="Nonloso6" chips="430" dealer="0" win="75" bet="430" muck="1" rebuy="0" addon="0" merge="0" rebuychips="0" reg_code="5049537227"/>
</players>
</general>
<round no="0"><action no="1" player="Nonloso6" type="15" discard="1" dealt="1" sum="5"/>
<action no="2" player="Rakki" type="15" sum="5"/>
<action no="3" player="BeppeCar72" type="15" discard="1" dealt="1" sum="5"/>
<action no="4" player="Nonloso6" type="1" discard="1" dealt="1" sum="15"/>
<action no="5" player="Rakki" type="2" sum="30"/>
</round>
<round no="1"><cards type="Pocket" player="BeppeCar72">X X</cards>
<cards type="Pocket" player="Rakki">S6 D2</cards>
<cards type="Pocket" player="Nonloso6">X X</cards>
<action no="6" player="BeppeCar72" type="0" discard="1" dealt="1" sum="0"/>
<action no="7" player="Nonloso6" type="23" discard="1" dealt="1" sum="425"/>
<action no="8" player="Rakki" type="0" sum="0"/>
</round>
</game>
<game gamecode="6437166764"><general><startdate>2025-07-25 00:40:26</startdate>
<round>1</round>
<failsafecounter/>
<players><player seat="10" name="BeppeCar72" chips="655" dealer="0" win="0" bet="35" muck="1" rebuy="0" addon="0" merge="0" rebuychips="0" reg_code="5049538387"/>
<player seat="3" name="Nonloso6" chips="470" dealer="1" win="0" bet="5" muck="1" rebuy="0" addon="0" merge="0" rebuychips="0" reg_code="5049537227"/>
<player seat="6" name="Rakki" chips="375" dealer="0" win="75" bet="375" muck="1" rebuy="0" addon="0" merge="0" rebuychips="0" reg_code="5049538241"/>
</players>
</general>
<round no="0"><action no="1" player="Rakki" type="15" sum="5"/>
<action no="2" player="BeppeCar72" type="15" discard="1" dealt="1" sum="5"/>
<action no="3" player="Nonloso6" type="15" discard="1" dealt="1" sum="5"/>
<action no="4" player="Rakki" type="1" sum="15"/>
<action no="5" player="BeppeCar72" type="2" discard="1" dealt="1" sum="30"/>
</round>
<round no="1"><cards type="Pocket" player="BeppeCar72">X X</cards>
<cards type="Pocket" player="Rakki">SJ CQ</cards>
<cards type="Pocket" player="Nonloso6">X X</cards>
<action no="6" player="Nonloso6" type="0" discard="1" dealt="1" sum="0"/>
<action no="7" player="Rakki" type="23" sum="370"/>
<action no="8" player="BeppeCar72" type="0" discard="1" dealt="1" sum="0"/>
</round>
</game>
<game gamecode="6437166805"><general><startdate>2025-07-25 00:40:49</startdate>
<round>1</round>
<failsafecounter/>
<players><player seat="3" name="Nonloso6" chips="465" dealer="0" win="0" bet="35" muck="1" rebuy="0" addon="0" merge="0" rebuychips="0" reg_code="5049537227"/>
<player seat="6" name="Rakki" chips="415" dealer="1" win="865" bet="415" muck="0" rebuy="0" addon="0" merge="0" rebuychips="0" reg_code="5049538241"/>
<player seat="10" name="BeppeCar72" chips="620" dealer="0" win="0" bet="620" muck="1" rebuy="0" addon="0" merge="0" rebuychips="0" reg_code="5049538387"/>
</players>
</general>
<round no="0"><action no="1" player="BeppeCar72" type="15" discard="1" dealt="1" sum="5"/>
<action no="2" player="Nonloso6" type="15" discard="1" dealt="1" sum="5"/>
<action no="3" player="Rakki" type="15" sum="5"/>
<action no="4" player="BeppeCar72" type="1" discard="1" dealt="1" sum="15"/>
<action no="5" player="Nonloso6" type="2" discard="1" dealt="1" sum="30"/>
</round>
<round no="1"><cards type="Pocket" player="Rakki">HK S10</cards>
<cards type="Pocket" player="BeppeCar72">HA H8</cards>
<cards type="Pocket" player="Nonloso6">X X</cards>
<action no="6" player="Rakki" type="23" sum="410"/>
<action no="7" player="BeppeCar72" type="7" discard="1" dealt="1" sum="600"/>
<action no="8" player="Nonloso6" type="0" discard="1" dealt="1" sum="0"/>
</round>
<round no="2"><cards type="Flop">C5 D10 C3</cards>
</round>
<round no="3"><cards type="Turn">H10</cards>
</round>
<round no="4"><cards type="River">D2</cards>
</round>
</game>
<game gamecode="6437166844"><general><startdate>2025-07-25 00:41:06</startdate>
<round>1</round>
<failsafecounter/>
<players><player seat="6" name="Rakki" chips="865" dealer="0" win="45" bet="35" muck="1" rebuy="0" addon="0" merge="0" rebuychips="0" reg_code="5049538241"/>
<player seat="10" name="BeppeCar72" chips="205" dealer="1" win="0" bet="5" muck="1" rebuy="0" addon="0" merge="0" rebuychips="0" reg_code="5049538387"/>
<player seat="3" name="Nonloso6" chips="430" dealer="0" win="0" bet="20" muck="1" rebuy="0" addon="0" merge="0" rebuychips="0" reg_code="5049537227"/>
</players>
</general>
<round no="0"><action no="1" player="Nonloso6" type="15" discard="1" dealt="1" sum="5"/>
<action no="2" player="Rakki" type="15" sum="5"/>
<action no="3" player="BeppeCar72" type="15" discard="1" dealt="1" sum="5"/>
<action no="4" player="Nonloso6" type="1" discard="1" dealt="1" sum="15"/>
<action no="5" player="Rakki" type="2" sum="30"/>
</round>
<round no="1"><cards type="Pocket" player="Rakki">C5 D10</cards>
<cards type="Pocket" player="Nonloso6">X X</cards>
<cards type="Pocket" player="BeppeCar72">X X</cards>
<action no="6" player="BeppeCar72" type="0" discard="1" dealt="1" sum="0"/>
<action no="7" player="Nonloso6" type="0" discard="1" dealt="1" sum="0"/>
</round>
</game>
<game gamecode="6437166864"><general><startdate>2025-07-25 00:41:16</startdate>
<round>1</round>
<failsafecounter/>
<players><player seat="10" name="BeppeCar72" chips="200" dealer="0" win="0" bet="35" muck="1" rebuy="0" addon="0" merge="0" rebuychips="0" reg_code="5049538387"/>
<player seat="3" name="Nonloso6" chips="410" dealer="1" win="0" bet="5" muck="1" rebuy="0" addon="0" merge="0" rebuychips="0" reg_code="5049537227"/>
<player seat="6" name="Rakki" chips="890" dealer="0" win="75" bet="890" muck="1" rebuy="0" addon="0" merge="0" rebuychips="0" reg_code="5049538241"/>
</players>
</general>
<round no="0"><action no="1" player="Rakki" type="15" sum="5"/>
<action no="2" player="BeppeCar72" type="15" discard="1" dealt="1" sum="5"/>
<action no="3" player="Nonloso6" type="15" discard="1" dealt="1" sum="5"/>
<action no="4" player="Rakki" type="1" sum="15"/>
<action no="5" player="BeppeCar72" type="2" discard="1" dealt="1" sum="30"/>
</round>
<round no="1"><cards type="Pocket" player="Nonloso6">X X</cards>
<cards type="Pocket" player="Rakki">S4 DQ</cards>
<cards type="Pocket" player="BeppeCar72">X X</cards>
<action no="6" player="Nonloso6" type="0" discard="1" dealt="1" sum="0"/>
<action no="7" player="Rakki" type="23" sum="885"/>
<action no="8" player="BeppeCar72" type="0" discard="1" dealt="1" sum="0"/>
</round>
</game>
<game gamecode="6437166887"><general><startdate>2025-07-25 00:41:28</startdate>
<round>1</round>
<failsafecounter/>
<players><player seat="3" name="Nonloso6" chips="405" dealer="0" win="0" bet="35" muck="1" rebuy="0" addon="0" merge="0" rebuychips="0" reg_code="5049537227"/>
<player seat="6" name="Rakki" chips="930" dealer="1" win="0" bet="5" muck="1" rebuy="0" addon="0" merge="0" rebuychips="0" reg_code="5049538241"/>
<player seat="10" name="BeppeCar72" chips="165" dealer="0" win="75" bet="165" muck="1" rebuy="0" addon="0" merge="0" rebuychips="0" reg_code="5049538387"/>
</players>
</general>
<round no="0"><action no="1" player="BeppeCar72" type="15" discard="1" dealt="1" sum="5"/>
<action no="2" player="Nonloso6" type="15" discard="1" dealt="1" sum="5"/>
<action no="3" player="Rakki" type="15" sum="5"/>
<action no="4" player="BeppeCar72" type="1" discard="1" dealt="1" sum="15"/>
<action no="5" player="Nonloso6" type="2" discard="1" dealt="1" sum="30"/>
</round>
<round no="1"><cards type="Pocket" player="BeppeCar72">X X</cards>
<cards type="Pocket" player="Nonloso6">X X</cards>
<cards type="Pocket" player="Rakki">D9 D3</cards>
<action no="6" player="Rakki" type="0" sum="0"/>
<action no="7" player="BeppeCar72" type="23" discard="1" dealt="1" sum="160"/>
<action no="8" player="Nonloso6" type="0" discard="1" dealt="1" sum="0"/>
</round>
</game>
<game gamecode="6437166907"><general><startdate>2025-07-25 00:41:37</startdate>
<round>1</round>
<failsafecounter/>
<players><player seat="6" name="Rakki" chips="925" dealer="0" win="430" bet="205" muck="0" rebuy="0" addon="0" merge="0" rebuychips="0" reg_code="5049538241"/>
<player seat="10" name="BeppeCar72" chips="205" dealer="1" win="0" bet="205" muck="0" rebuy="0" addon="0" merge="0" rebuychips="0" reg_code="5049538387"/>
<player seat="3" name="Nonloso6" chips="370" dealer="0" win="0" bet="20" muck="1" rebuy="0" addon="0" merge="0" rebuychips="0" reg_code="5049537227"/>
</players>
</general>
<round no="0"><action no="1" player="Nonloso6" type="15" discard="1" dealt="1" sum="5"/>
<action no="2" player="Rakki" type="15" sum="5"/>
<action no="3" player="BeppeCar72" type="15" discard="1" dealt="1" sum="5"/>
<action no="4" player="Nonloso6" type="1" discard="1" dealt="1" sum="15"/>
<action no="5" player="Rakki" type="2" sum="30"/>
</round>
<round no="1"><cards type="Pocket" player="Rakki">S7 SK</cards>
<cards type="Pocket" player="BeppeCar72">D5 C5</cards>
<cards type="Pocket" player="Nonloso6">X X</cards>
<action no="6" player="BeppeCar72" type="23" discard="1" dealt="1" sum="200"/>
<action no="7" player="Nonloso6" type="0" discard="1" dealt="1" sum="0"/>
<action no="8" player="Rakki" type="3" sum="170"/>
</round>
<round no="2"><cards type="Flop">C7 CQ H8</cards>
</round>
<round no="3"><cards type="Turn">H4</cards>
</round>
<round no="4"><cards type="River">C8</cards>
</round>
</game>
<game gamecode="6437173000"><general><startdate>2025-07-25 00:41:59</startdate>
<round>1</round>
<failsafecounter/>
<players><player seat="6" name="Rakki" chips="1,150" dealer="0" win="0" bet="45" muck="1" rebuy="0" addon="0" merge="0" rebuychips="0" reg_code="5049538241"/>
<player seat="3" name="Nonloso6" chips="350" dealer="1" win="90" bet="350" muck="1" rebuy="0" addon="0" merge="0" rebuychips="0" reg_code="5049537227"/>
</players>
</general>
<round no="0"><action no="1" player="Nonloso6" type="15" discard="1" dealt="1" sum="5"/>
<action no="2" player="Rakki" type="15" sum="5"/>
<action no="3" player="Nonloso6" type="1" discard="1" dealt="1" sum="20"/>
<action no="4" player="Rakki" type="2" sum="40"/>
</round>
<round no="1"><cards type="Pocket" player="Nonloso6">X X</cards>
<cards type="Pocket" player="Rakki">S2 D4</cards>
<action no="5" player="Nonloso6" type="23" discard="1" dealt="1" sum="345"/>
<action no="6" player="Rakki" type="0" sum="0"/>
</round>
</game>
<game gamecode="6437173014"><general><startdate>2025-07-25 00:42:05</startdate>
<round>1</round>
<failsafecounter/>
<players><player seat="3" name="Nonloso6" chips="395" dealer="0" win="170" bet="395" muck="1" rebuy="0" addon="0" merge="0" rebuychips="0" reg_code="5049537227"/>
<player seat="6" name="Rakki" chips="1,105" dealer="1" win="0" bet="85" muck="1" rebuy="0" addon="0" merge="0" rebuychips="0" reg_code="5049538241"/>
</players>
</general>
<round no="0"><action no="1" player="Rakki" type="15" sum="5"/>
<action no="2" player="Nonloso6" type="15" discard="1" dealt="1" sum="5"/>
<action no="3" player="Rakki" type="1" sum="20"/>
<action no="4" player="Nonloso6" type="2" discard="1" dealt="1" sum="40"/>
</round>
<round no="1"><cards type="Pocket" player="Nonloso6">X X</cards>
<cards type="Pocket" player="Rakki">C8 S3</cards>
<action no="5" player="Rakki" type="3" sum="20"/>
<action no="6" player="Nonloso6" type="4" discard="1" dealt="1" sum="0"/>
</round>
<round no="2"><cards type="Flop">CJ SA C4</cards>
<action no="7" player="Nonloso6" type="4" discard="1" dealt="1" sum="0"/>
<action no="8" player="Rakki" type="5" sum="40"/>
<action no="9" player="Nonloso6" type="3" discard="1" dealt="1" sum="40"/>
</round>
<round no="3"><cards type="Turn">D8</cards>
<action no="10" player="Nonloso6" type="4" discard="1" dealt="1" sum="0"/>
<action no="11" player="Rakki" type="4" sum="0"/>
</round>
<round no="4"><cards type="River">D4</cards>
<action no="12" player="Nonloso6" type="5" discard="1" dealt="1" sum="310"/>
<action no="13" player="Rakki" type="0" sum="0"/>
</round>
</game>
<game gamecode="6437173083"><general><startdate>2025-07-25 00:42:40</startdate>
<round>1</round>
<failsafecounter/>
<players><player seat="6" name="Rakki" chips="1,020" dealer="0" win="0" bet="480" muck="1" rebuy="0" addon="0" merge="0" rebuychips="0" reg_code="5049538241"/>
<player seat="3" name="Nonloso6" chips="480" dealer="1" win="960" bet="480" muck="0" rebuy="0" addon="0" merge="0" rebuychips="0" reg_code="5049537227"/>
</players>
</general>
<round no="0"><action no="1" player="Nonloso6" type="15" discard="1" dealt="1" sum="5"/>
<action no="2" player="Rakki" type="15" sum="5"/>
<action no="3" player="Nonloso6" type="1" discard="1" dealt="1" sum="20"/>
<action no="4" player="Rakki" type="2" sum="40"/>
</round>
<round no="1"><cards type="Pocket" player="Rakki">SA S10</cards>
<cards type="Pocket" player="Nonloso6">H9 H5</cards>
<action no="5" player="Nonloso6" type="23" discard="1" dealt="1" sum="475"/>
<action no="6" player="Rakki" type="3" sum="435"/>
</round>
<round no="2"><cards type="Flop">CQ HK D8</cards>
</round>
<round no="3"><cards type="Turn">SQ</cards>
</round>
<round no="4"><cards type="River">S9</cards>
</round>
</game>
<game gamecode="6437173130"><general><startdate>2025-07-25 00:43:02</startdate>
<round>1</round>
<failsafecounter/>
<players><player seat="3" name="Nonloso6" chips="960" dealer="0" win="0" bet="141" muck="1" rebuy="0" addon="0" merge="0" rebuychips="0" reg_code="5049537227"/>
<player seat="6" name="Rakki" chips="540" dealer="1" win="282" bet="141" muck="0" rebuy="0" addon="0" merge="0" rebuychips="0" reg_code="5049538241"/>
</players>
</general>
<round no="0"><action no="1" player="Rakki" type="15" sum="5"/>
<action no="2" player="Nonloso6" type="15" discard="1" dealt="1" sum="5"/>
<action no="3" player="Rakki" type="1" sum="20"/>
<action no="4" player="Nonloso6" type="2" discard="1" dealt="1" sum="40"/>
</round>
<round no="1"><cards type="Pocket" player="Rakki">S7 C7</cards>
<cards type="Pocket" player="Nonloso6">D10 S2</cards>
<action no="5" player="Rakki" type="3" sum="20"/>
<action no="6" player="Nonloso6" type="4" discard="1" dealt="1" sum="0"/>
</round>
<round no="2"><cards type="Flop">C2 S3 CQ</cards>
<action no="7" player="Nonloso6" type="4" discard="1" dealt="1" sum="0"/>
<action no="8" player="Rakki" type="5" sum="40"/>
<action no="9" player="Nonloso6" type="3" discard="1" dealt="1" sum="40"/>
</round>
<round no="3"><cards type="Turn">H3</cards>
<action no="10" player="Nonloso6" type="4" discard="1" dealt="1" sum="0"/>
<action no="11" player="Rakki" type="5" sum="56"/>
<action no="12" player="Nonloso6" type="3" discard="1" dealt="1" sum="56"/>
</round>
<round no="4"><cards type="River">CA</cards>
<action no="13" player="Nonloso6" type="4" discard="1" dealt="1" sum="0"/>
<action no="14" player="Rakki" type="4" sum="0"/>
</round>
</game>
<game gamecode="6437173256"><general><startdate>2025-07-25 00:43:58</startdate>
<round>1</round>
<failsafecounter/>
<players><player seat="6" name="Rakki" chips="681" dealer="0" win="0" bet="65" muck="1" rebuy="0" addon="0" merge="0" rebuychips="0" reg_code="5049538241"/>
<player seat="3" name="Nonloso6" chips="819" dealer="1" win="130" bet="125" muck="1" rebuy="0" addon="0" merge="0" rebuychips="0" reg_code="5049537227"/>
</players>
</general>
<round no="0"><action no="1" player="Nonloso6" type="15" discard="1" dealt="1" sum="5"/>
<action no="2" player="Rakki" type="15" sum="5"/>
<action no="3" player="Nonloso6" type="1" discard="1" dealt="1" sum="30"/>
<action no="4" player="Rakki" type="2" sum="60"/>
</round>
<round no="1"><cards type="Pocket" player="Nonloso6">X X</cards>
<cards type="Pocket" player="Rakki">D10 C6</cards>
<action no="5" player="Nonloso6" type="3" discard="1" dealt="1" sum="30"/>
<action no="6" player="Rakki" type="4" sum="0"/>
</round>
<round no="2"><cards type="Flop">DA S4 C9</cards>
<action no="7" player="Rakki" type="4" sum="0"/>
<action no="8" player="Nonloso6" type="5" discard="1" dealt="1" sum="60"/>
<action no="9" player="Rakki" type="0" sum="0"/>
</round>
</game>
<game gamecode="6437173284"><general><startdate>2025-07-25 00:44:14</startdate>
<round>1</round>
<failsafecounter/>
<players><player seat="3" name="Nonloso6" chips="884" dealer="0" win="130" bet="884" muck="1" rebuy="0" addon="0" merge="0" rebuychips="0" reg_code="5049537227"/>
<player seat="6" name="Rakki" chips="616" dealer="1" win="0" bet="65" muck="1" rebuy="0" addon="0" merge="0" rebuychips="0" reg_code="5049538241"/>
</players>
</general>
<round no="0"><action no="1" player="Rakki" type="15" sum="5"/>
<action no="2" player="Nonloso6" type="15" discard="1" dealt="1" sum="5"/>
<action no="3" player="Rakki" type="1" sum="30"/>
<action no="4" player="Nonloso6" type="2" discard="1" dealt="1" sum="60"/>
</round>
<round no="1"><cards type="Pocket" player="Rakki">D4 S8</cards>
<cards type="Pocket" player="Nonloso6">X X</cards>
<action no="5" player="Rakki" type="3" sum="30"/>
<action no="6" player="Nonloso6" type="23" discard="1" dealt="1" sum="879"/>
<action no="7" player="Rakki" type="0" sum="0"/>
</round>
</game>
<game gamecode="6437173305"><general><startdate>2025-07-25 00:44:23</startdate>
<round>1</round>
<failsafecounter/>
<players><player seat="6" name="Rakki" chips="551" dealer="0" win="0" bet="551" muck="1" rebuy="0" addon="0" merge="0" rebuychips="0" reg_code="5049538241"/>
<player seat="3" name="Nonloso6" chips="949" dealer="1" win="1,102" bet="949" muck="0" rebuy="0" addon="0" merge="0" rebuychips="0" reg_code="5049537227"/>
</players>
</general>
<round no="0"><action no="1" player="Nonloso6" type="15" discard="1" dealt="1" sum="5"/>
<action no="2" player="Rakki" type="15" sum="5"/>
<action no="3" player="Nonloso6" type="1" discard="1" dealt="1" sum="30"/>
<action no="4" player="Rakki" type="2" sum="60"/>
</round>
<round no="1"><cards type="Pocket" player="Rakki">S9 SJ</cards>
<cards type="Pocket" player="Nonloso6">C4 SA</cards>
<action no="5" player="Nonloso6" type="23" discard="1" dealt="1" sum="944"/>
<action no="6" player="Rakki" type="7" sum="486"/>
</round>
<round no="2"><cards type="Flop">HQ D4 CQ</cards>
</round>
<round no="3"><cards type="Turn">C10</cards>
</round>
<round no="4"><cards type="River">S5</cards>
</round>
</game>
</session>
