<?xml version="1.0" encoding="UTF-8"?>
<session sessioncode="5049131580">
<general>
<client_version>25.1.1.16</client_version>
<mode>real</mode>
<gametype>Holdem NL</gametype>
<tablename>Twister €50 SNG, 814459860</tablename>
<tournamentcode>814459859</tournamentcode>
<tournamentname>Twister €50 SNG</tournamentname>
<buyin>€0 + €3.50 + €46.50</buyin>
<totalbuyin>€50</totalbuyin>
<rewarddrawn>€100</rewarddrawn>
<tournamentcurrency>EUR</tournamentcurrency>
<currency>EUR</currency>
<nickname>Rakki</nickname>
<gamecount>9</gamecount>
<startdate>2025-07-23 00:19:25</startdate>
<place>2</place>
<win>€0</win>
<tablesize>3</tablesize>
</general>
<game gamecode="6435523971"><general><startdate>2025-07-23 00:19:40</startdate>
<round>1</round>
<failsafecounter/>
<players><player seat="10" name="PincoPallino089" chips="500" dealer="0" win="0" bet="500" muck="0" rebuy="0" addon="0" merge="0" rebuychips="0" reg_code="5049131838"/>
<player seat="3" name="Rakki" chips="500" dealer="1" win="0" bet="0" muck="1" rebuy="0" addon="0" merge="0" rebuychips="0" reg_code="5049131580"/>
<player seat="6" name="Ciaoatutte" chips="500" dealer="0" win="1,000" bet="500" muck="0" rebuy="0" addon="0" merge="0" rebuychips="0" reg_code="5049131824"/>
</players>
</general>
<round no="0"><action no="1" player="Ciaoatutte" type="1" discard="1" dealt="1" sum="10"/>
<action no="2" player="PincoPallino089" type="2" discard="1" dealt="1" sum="20"/>
</round>
<round no="1"><cards type="Pocket" player="Rakki">S5 D2</cards>
<cards type="Pocket" player="PincoPallino089">D9 CJ</cards>
<cards type="Pocket" player="Ciaoatutte">SK DJ</cards>
<action no="3" player="Rakki" type="0" sum="0"/>
<action no="4" player="Ciaoatutte" type="3" discard="1" dealt="1" sum="10"/>
<action no="5" player="PincoPallino089" type="23" discard="1" dealt="1" sum="60"/>
<action no="6" player="Ciaoatutte" type="3" discard="1" dealt="1" sum="40"/>
</round>
<round no="2"><cards type="Flop">SJ S7 C4</cards>
<action no="7" player="Ciaoatutte" type="4" discard="1" dealt="1" sum="0"/>
<action no="8" player="PincoPallino089" type="5" discard="1" dealt="1" sum="60"/>
<action no="9" player="Ciaoatutte" type="23" discard="1" dealt="1" sum="440"/>
<action no="10" player="PincoPallino089" type="7" discard="1" dealt="1" sum="380"/>
</round>
<round no="3"><cards type="Turn">S2</cards>
</round>
<round no="4"><cards type="River">DK</cards>
</round>
</game>
<game gamecode="6435524037"><general><startdate>2025-07-23 00:20:14</startdate>
<round>1</round>
<failsafecounter/>
<players><player seat="3" name="Rakki" chips="500" dealer="0" win="0" bet="40" muck="0" rebuy="0" addon="0" merge="0" rebuychips="0" reg_code="5049131580"/>
<player seat="6" name="Ciaoatutte" chips="1,000" dealer="1" win="80" bet="40" muck="0" rebuy="0" addon="0" merge="0" rebuychips="0" reg_code="5049131824"/>
</players>
</general>
<round no="0"><action no="1" player="Ciaoatutte" type="1" discard="1" dealt="1" sum="10"/>
<action no="2" player="Rakki" type="2" sum="20"/>
</round>
<round no="1"><cards type="Pocket" player="Ciaoatutte">HQ C8</cards>
<cards type="Pocket" player="Rakki">H5 S3</cards>
<action no="3" player="Ciaoatutte" type="3" discard="1" dealt="1" sum="10"/>
<action no="4" player="Rakki" type="4" sum="0"/>
</round>
<round no="2"><cards type="Flop">H2 HA S10</cards>
<action no="5" player="Rakki" type="4" sum="0"/>
<action no="6" player="Ciaoatutte" type="4" discard="1" dealt="1" sum="0"/>
</round>
<round no="3"><cards type="Turn">SA</cards>
<action no="7" player="Rakki" type="4" sum="0"/>
<action no="8" player="Ciaoatutte" type="4" discard="1" dealt="1" sum="0"/>
</round>
<round no="4"><cards type="River">HK</cards>
<action no="9" player="Rakki" type="5" sum="20"/>
<action no="10" player="Ciaoatutte" type="3" discard="1" dealt="1" sum="20"/>
</round>
</game>
<game gamecode="6435524079"><general><startdate>2025-07-23 00:20:38</startdate>
<round>1</round>
<failsafecounter/>
<players><player seat="6" name="Ciaoatutte" chips="1,040" dealer="0" win="20" bet="20" muck="1" rebuy="0" addon="0" merge="0" rebuychips="0" reg_code="5049131824"/>
<player seat="3" name="Rakki" chips="460" dealer="1" win="0" bet="10" muck="1" rebuy="0" addon="0" merge="0" rebuychips="0" reg_code="5049131580"/>
</players>
</general>
<round no="0"><action no="1" player="Rakki" type="1" sum="10"/>
<action no="2" player="Ciaoatutte" type="2" discard="1" dealt="1" sum="20"/>
</round>
<round no="1"><cards type="Pocket" player="Rakki">S3 H2</cards>
<cards type="Pocket" player="Ciaoatutte">X X</cards>
<action no="3" player="Rakki" type="0" sum="0"/>
</round>
</game>
<game gamecode="6435524090"><general><startdate>2025-07-23 00:20:44</startdate>
<round>1</round>
<failsafecounter/>
<players><player seat="3" name="Rakki" chips="450" dealer="0" win="0" bet="20" muck="1" rebuy="0" addon="0" merge="0" rebuychips="0" reg_code="5049131580"/>
<player seat="6" name="Ciaoatutte" chips="1,050" dealer="1" win="40" bet="60" muck="1" rebuy="0" addon="0" merge="0" rebuychips="0" reg_code="5049131824"/>
</players>
</general>
<round no="0"><action no="1" player="Ciaoatutte" type="1" discard="1" dealt="1" sum="10"/>
<action no="2" player="Rakki" type="2" sum="20"/>
</round>
<round no="1"><cards type="Pocket" player="Rakki">CK C8</cards>
<cards type="Pocket" player="Ciaoatutte">X X</cards>
<action no="3" player="Ciaoatutte" type="3" discard="1" dealt="1" sum="10"/>
<action no="4" player="Rakki" type="4" sum="0"/>
</round>
<round no="2"><cards type="Flop">C4 S10 D3</cards>
<action no="5" player="Rakki" type="4" sum="0"/>
<action no="6" player="Ciaoatutte" type="4" discard="1" dealt="1" sum="0"/>
</round>
<round no="3"><cards type="Turn">CJ</cards>
<action no="7" player="Rakki" type="4" sum="0"/>
<action no="8" player="Ciaoatutte" type="4" discard="1" dealt="1" sum="0"/>
</round>
<round no="4"><cards type="River">H7</cards>
<action no="9" player="Rakki" type="4" sum="0"/>
<action no="10" player="Ciaoatutte" type="5" discard="1" dealt="1" sum="40"/>
<action no="11" player="Rakki" type="0" sum="0"/>
</round>
</game>
<game gamecode="6435533220"><general><startdate>2025-07-23 00:21:09</startdate>
<round>1</round>
<failsafecounter/>
<players><player seat="6" name="Ciaoatutte" chips="1,070" dealer="0" win="0" bet="66" muck="1" rebuy="0" addon="0" merge="0" rebuychips="0" reg_code="5049131824"/>
<player seat="3" name="Rakki" chips="430" dealer="1" win="132" bet="146" muck="1" rebuy="0" addon="0" merge="0" rebuychips="0" reg_code="5049131580"/>
</players>
</general>
<round no="0"><action no="1" player="Rakki" type="1" sum="10"/>
<action no="2" player="Ciaoatutte" type="2" discard="1" dealt="1" sum="20"/>
</round>
<round no="1"><cards type="Pocket" player="Rakki">D4 DJ</cards>
<cards type="Pocket" player="Ciaoatutte">X X</cards>
<action no="3" player="Rakki" type="23" sum="40"/>
<action no="4" player="Ciaoatutte" type="3" discard="1" dealt="1" sum="20"/>
</round>
<round no="2"><cards type="Flop">D8 D3 CQ</cards>
<action no="5" player="Ciaoatutte" type="4" discard="1" dealt="1" sum="0"/>
<action no="6" player="Rakki" type="5" sum="26"/>
<action no="7" player="Ciaoatutte" type="3" discard="1" dealt="1" sum="26"/>
</round>
<round no="3"><cards type="Turn">H9</cards>
<action no="8" player="Ciaoatutte" type="4" discard="1" dealt="1" sum="0"/>
<action no="9" player="Rakki" type="5" sum="80"/>
<action no="10" player="Ciaoatutte" type="0" discard="1" dealt="1" sum="0"/>
</round>
</game>
<game gamecode="6435533289"><general><startdate>2025-07-23 00:21:46</startdate>
<round>1</round>
<failsafecounter/>
<players><player seat="3" name="Rakki" chips="496" dealer="0" win="70" bet="95" muck="1" rebuy="0" addon="0" merge="0" rebuychips="0" reg_code="5049131580"/>
<player seat="6" name="Ciaoatutte" chips="1,004" dealer="1" win="0" bet="35" muck="1" rebuy="0" addon="0" merge="0" rebuychips="0" reg_code="5049131824"/>
</players>
</general>
<round no="0"><action no="1" player="Ciaoatutte" type="15" discard="1" dealt="1" sum="5"/>
<action no="2" player="Rakki" type="15" sum="5"/>
<action no="3" player="Ciaoatutte" type="1" discard="1" dealt="1" sum="15"/>
<action no="4" player="Rakki" type="2" sum="30"/>
</round>
<round no="1"><cards type="Pocket" player="Rakki">CJ HK</cards>
<cards type="Pocket" player="Ciaoatutte">X X</cards>
<action no="5" player="Ciaoatutte" type="3" discard="1" dealt="1" sum="15"/>
<action no="6" player="Rakki" type="23" sum="90"/>
<action no="7" player="Ciaoatutte" type="0" discard="1" dealt="1" sum="0"/>
</round>
</game>
<game gamecode="6435533320"><general><startdate>2025-07-23 00:22:03</startdate>
<round>1</round>
<failsafecounter/>
<players><player seat="6" name="Ciaoatutte" chips="969" dealer="0" win="70" bet="65" muck="1" rebuy="0" addon="0" merge="0" rebuychips="0" reg_code="5049131824"/>
<player seat="3" name="Rakki" chips="531" dealer="1" win="0" bet="35" muck="1" rebuy="0" addon="0" merge="0" rebuychips="0" reg_code="5049131580"/>
</players>
</general>
<round no="0"><action no="1" player="Rakki" type="15" sum="5"/>
<action no="2" player="Ciaoatutte" type="15" discard="1" dealt="1" sum="5"/>
<action no="3" player="Rakki" type="1" sum="15"/>
<action no="4" player="Ciaoatutte" type="2" discard="1" dealt="1" sum="30"/>
</round>
<round no="1"><cards type="Pocket" player="Rakki">C7 D9</cards>
<cards type="Pocket" player="Ciaoatutte">X X</cards>
<action no="5" player="Rakki" type="3" sum="15"/>
<action no="6" player="Ciaoatutte" type="4" discard="1" dealt="1" sum="0"/>
</round>
<round no="2"><cards type="Flop">CJ C3 DK</cards>
<action no="7" player="Ciaoatutte" type="5" discard="1" dealt="1" sum="30"/>
<action no="8" player="Rakki" type="0" sum="0"/>
</round>
</game>
<game gamecode="6435533345"><general><startdate>2025-07-23 00:22:17</startdate>
<round>1</round>
<failsafecounter/>
<players><player seat="3" name="Rakki" chips="496" dealer="0" win="0" bet="35" muck="1" rebuy="0" addon="0" merge="0" rebuychips="0" reg_code="5049131580"/>
<player seat="6" name="Ciaoatutte" chips="1,004" dealer="1" win="70" bet="65" muck="1" rebuy="0" addon="0" merge="0" rebuychips="0" reg_code="5049131824"/>
</players>
</general>
<round no="0"><action no="1" player="Ciaoatutte" type="15" discard="1" dealt="1" sum="5"/>
<action no="2" player="Rakki" type="15" sum="5"/>
<action no="3" player="Ciaoatutte" type="1" discard="1" dealt="1" sum="15"/>
<action no="4" player="Rakki" type="2" sum="30"/>
</round>
<round no="1"><cards type="Pocket" player="Rakki">S10 D5</cards>
<cards type="Pocket" player="Ciaoatutte">X X</cards>
<action no="5" player="Ciaoatutte" type="3" discard="1" dealt="1" sum="15"/>
<action no="6" player="Rakki" type="4" sum="0"/>
</round>
<round no="2"><cards type="Flop">DQ H2 S9</cards>
<action no="7" player="Rakki" type="4" sum="0"/>
<action no="8" player="Ciaoatutte" type="4" discard="1" dealt="1" sum="0"/>
</round>
<round no="3"><cards type="Turn">SK</cards>
<action no="9" player="Rakki" type="4" sum="0"/>
<action no="10" player="Ciaoatutte" type="5" discard="1" dealt="1" sum="30"/>
<action no="11" player="Rakki" type="0" sum="0"/>
</round>
</game>
<game gamecode="6435533392"><general><startdate>2025-07-23 00:22:46</startdate>
<round>1</round>
<failsafecounter/>
<players><player seat="6" name="Ciaoatutte" chips="1,039" dealer="0" win="922" bet="1,039" muck="0" rebuy="0" addon="0" merge="0" rebuychips="0" reg_code="5049131824"/>
<player seat="3" name="Rakki" chips="461" dealer="1" win="0" bet="461" muck="0" rebuy="0" addon="0" merge="0" rebuychips="0" reg_code="5049131580"/>
</players>
</general>
<round no="0"><action no="1" player="Rakki" type="15" sum="5"/>
<action no="2" player="Ciaoatutte" type="15" discard="1" dealt="1" sum="5"/>
<action no="3" player="Rakki" type="1" sum="15"/>
<action no="4" player="Ciaoatutte" type="2" discard="1" dealt="1" sum="30"/>
</round>
<round no="1"><cards type="Pocket" player="Rakki">CQ DQ</cards>
<cards type="Pocket" player="Ciaoatutte">CA D8</cards>
<action no="5" player="Rakki" type="23" sum="60"/>
<action no="6" player="Ciaoatutte" type="23" discard="1" dealt="1" sum="1,034"/>
<action no="7" player="Rakki" type="7" sum="396"/>
</round>
<round no="2"><cards type="Flop">H5 H6 DA</cards>
</round>
<round no="3"><cards type="Turn">SA</cards>
</round>
<round no="4"><cards type="River">SK</cards>
</round>
</game>
</session>
