<?xml version="1.0" encoding="UTF-8"?>
<session sessioncode="5049134397">
<general>
<client_version>25.1.1.16</client_version>
<mode>real</mode>
<gametype>Holdem NL</gametype>
<tablename>Twister €50 SNG, 814460455</tablename>
<tournamentcode>814460454</tournamentcode>
<tournamentname>Twister €50 SNG</tournamentname>
<buyin>€0 + €3.50 + €46.50</buyin>
<totalbuyin>€50</totalbuyin>
<rewarddrawn>€250</rewarddrawn>
<tournamentcurrency>EUR</tournamentcurrency>
<currency>EUR</currency>
<nickname>Rakki</nickname>
<gamecount>13</gamecount>
<startdate>2025-07-23 00:29:44</startdate>
<place>2</place>
<win>€0</win>
<tablesize>3</tablesize>
</general>
<game gamecode="6435534235"><general><startdate>2025-07-23 00:30:00</startdate>
<round>1</round>
<failsafecounter/>
<players><player seat="10" name="PincoPallino089" chips="500" dealer="0" win="0" bet="20" muck="1" rebuy="0" addon="0" merge="0" rebuychips="0" reg_code="5049134462"/>
<player seat="3" name="estathethebest" chips="500" dealer="1" win="50" bet="40" muck="1" rebuy="0" addon="0" merge="0" rebuychips="0" reg_code="5049134366"/>
<player seat="6" name="Rakki" chips="500" dealer="0" win="0" bet="10" muck="1" rebuy="0" addon="0" merge="0" rebuychips="0" reg_code="5049134397"/>
</players>
</general>
<round no="0"><action no="1" player="Rakki" type="1" sum="10"/>
<action no="2" player="PincoPallino089" type="2" discard="1" dealt="1" sum="20"/>
</round>
<round no="1"><cards type="Pocket" player="estathethebest">X X</cards>
<cards type="Pocket" player="Rakki">D4 C5</cards>
<cards type="Pocket" player="PincoPallino089">X X</cards>
<action no="3" player="estathethebest" type="23" discard="1" dealt="1" sum="40"/>
<action no="4" player="Rakki" type="0" sum="0"/>
<action no="5" player="PincoPallino089" type="0" discard="1" dealt="1" sum="0"/>
</round>
</game>
<game gamecode="6435534257"><general><startdate>2025-07-23 00:30:15</startdate>
<round>1</round>
<failsafecounter/>
<players><player seat="3" name="estathethebest" chips="530" dealer="0" win="20" bet="20" muck="1" rebuy="0" addon="0" merge="0" rebuychips="0" reg_code="5049134366"/>
<player seat="6" name="Rakki" chips="490" dealer="1" win="0" bet="0" muck="1" rebuy="0" addon="0" merge="0" rebuychips="0" reg_code="5049134397"/>
<player seat="10" name="PincoPallino089" chips="480" dealer="0" win="0" bet="10" muck="1" rebuy="0" addon="0" merge="0" rebuychips="0" reg_code="5049134462"/>
</players>
</general>
<round no="0"><action no="1" player="PincoPallino089" type="1" discard="1" dealt="1" sum="10"/>
<action no="2" player="estathethebest" type="2" discard="1" dealt="1" sum="20"/>
</round>
<round no="1"><cards type="Pocket" player="Rakki">H2 SJ</cards>
<cards type="Pocket" player="PincoPallino089">X X</cards>
<cards type="Pocket" player="estathethebest">X X</cards>
<action no="3" player="Rakki" type="0" sum="0"/>
<action no="4" player="PincoPallino089" type="0" discard="1" dealt="1" sum="0"/>
</round>
</game>
<game gamecode="6435534286"><general><startdate>2025-07-23 00:30:27</startdate>
<round>1</round>
<failsafecounter/>
<players><player seat="6" name="Rakki" chips="490" dealer="0" win="0" bet="20" muck="1" rebuy="0" addon="0" merge="0" rebuychips="0" reg_code="5049134397"/>
<player seat="10" name="PincoPallino089" chips="470" dealer="1" win="0" bet="0" muck="1" rebuy="0" addon="0" merge="0" rebuychips="0" reg_code="5049134462"/>
<player seat="3" name="estathethebest" chips="540" dealer="0" win="40" bet="60" muck="1" rebuy="0" addon="0" merge="0" rebuychips="0" reg_code="5049134366"/>
</players>
</general>
<round no="0"><action no="1" player="estathethebest" type="1" discard="1" dealt="1" sum="10"/>
<action no="2" player="Rakki" type="2" sum="20"/>
</round>
<round no="1"><cards type="Pocket" player="Rakki">S8 SQ</cards>
<cards type="Pocket" player="estathethebest">X X</cards>
<cards type="Pocket" player="PincoPallino089">X X</cards>
<action no="3" player="PincoPallino089" type="0" discard="1" dealt="1" sum="0"/>
<action no="4" player="estathethebest" type="3" discard="1" dealt="1" sum="10"/>
<action no="5" player="Rakki" type="4" sum="0"/>
</round>
<round no="2"><cards type="Flop">D10 H5 S4</cards>
<action no="6" player="estathethebest" type="4" discard="1" dealt="1" sum="0"/>
<action no="7" player="Rakki" type="4" sum="0"/>
</round>
<round no="3"><cards type="Turn">H3</cards>
<action no="8" player="estathethebest" type="5" discard="1" dealt="1" sum="40"/>
<action no="9" player="Rakki" type="0" sum="0"/>
</round>
</game>
<game gamecode="6435534332"><general><startdate>2025-07-23 00:30:50</startdate>
<round>1</round>
<failsafecounter/>
<players><player seat="10" name="PincoPallino089" chips="470" dealer="0" win="20" bet="20" muck="1" rebuy="0" addon="0" merge="0" rebuychips="0" reg_code="5049134462"/>
<player seat="3" name="estathethebest" chips="560" dealer="1" win="0" bet="0" muck="1" rebuy="0" addon="0" merge="0" rebuychips="0" reg_code="5049134366"/>
<player seat="6" name="Rakki" chips="470" dealer="0" win="0" bet="10" muck="1" rebuy="0" addon="0" merge="0" rebuychips="0" reg_code="5049134397"/>
</players>
</general>
<round no="0"><action no="1" player="Rakki" type="1" sum="10"/>
<action no="2" player="PincoPallino089" type="2" discard="1" dealt="1" sum="20"/>
</round>
<round no="1"><cards type="Pocket" player="Rakki">D4 H6</cards>
<cards type="Pocket" player="estathethebest">X X</cards>
<cards type="Pocket" player="PincoPallino089">X X</cards>
<action no="3" player="estathethebest" type="0" discard="1" dealt="1" sum="0"/>
<action no="4" player="Rakki" type="0" sum="0"/>
</round>
</game>
<game gamecode="6435541612"><general><startdate>2025-07-23 00:30:58</startdate>
<round>1</round>
<failsafecounter/>
<players><player seat="3" name="estathethebest" chips="560" dealer="0" win="146" bet="133" muck="1" rebuy="0" addon="0" merge="0" rebuychips="0" reg_code="5049134366"/>
<player seat="6" name="Rakki" chips="460" dealer="1" win="0" bet="0" muck="1" rebuy="0" addon="0" merge="0" rebuychips="0" reg_code="5049134397"/>
<player seat="10" name="PincoPallino089" chips="480" dealer="0" win="0" bet="73" muck="1" rebuy="0" addon="0" merge="0" rebuychips="0" reg_code="5049134462"/>
</players>
</general>
<round no="0"><action no="1" player="PincoPallino089" type="1" discard="1" dealt="1" sum="10"/>
<action no="2" player="estathethebest" type="2" discard="1" dealt="1" sum="20"/>
</round>
<round no="1"><cards type="Pocket" player="PincoPallino089">X X</cards>
<cards type="Pocket" player="estathethebest">X X</cards>
<cards type="Pocket" player="Rakki">H5 H10</cards>
<action no="3" player="Rakki" type="0" sum="0"/>
<action no="4" player="PincoPallino089" type="23" discard="1" dealt="1" sum="44"/>
<action no="5" player="estathethebest" type="3" discard="1" dealt="1" sum="24"/>
</round>
<round no="2"><cards type="Flop">HA C3 H7</cards>
<action no="6" player="PincoPallino089" type="5" discard="1" dealt="1" sum="29"/>
<action no="7" player="estathethebest" type="3" discard="1" dealt="1" sum="29"/>
</round>
<round no="3"><cards type="Turn">CA</cards>
<action no="8" player="PincoPallino089" type="4" discard="1" dealt="1" sum="0"/>
<action no="9" player="estathethebest" type="5" discard="1" dealt="1" sum="60"/>
<action no="10" player="PincoPallino089" type="0" discard="1" dealt="1" sum="0"/>
</round>
</game>
<game gamecode="6435541675"><general><startdate>2025-07-23 00:31:30</startdate>
<round>1</round>
<failsafecounter/>
<players><player seat="6" name="Rakki" chips="460" dealer="0" win="0" bet="20" muck="1" rebuy="0" addon="0" merge="0" rebuychips="0" reg_code="5049134397"/>
<player seat="10" name="PincoPallino089" chips="407" dealer="1" win="50" bet="40" muck="1" rebuy="0" addon="0" merge="0" rebuychips="0" reg_code="5049134462"/>
<player seat="3" name="estathethebest" chips="633" dealer="0" win="0" bet="10" muck="1" rebuy="0" addon="0" merge="0" rebuychips="0" reg_code="5049134366"/>
</players>
</general>
<round no="0"><action no="1" player="estathethebest" type="1" discard="1" dealt="1" sum="10"/>
<action no="2" player="Rakki" type="2" sum="20"/>
</round>
<round no="1"><cards type="Pocket" player="PincoPallino089">X X</cards>
<cards type="Pocket" player="Rakki">S3 CJ</cards>
<cards type="Pocket" player="estathethebest">X X</cards>
<action no="3" player="PincoPallino089" type="23" discard="1" dealt="1" sum="40"/>
<action no="4" player="estathethebest" type="0" discard="1" dealt="1" sum="0"/>
<action no="5" player="Rakki" type="0" sum="0"/>
</round>
</game>
<game gamecode="6435541695"><general><startdate>2025-07-23 00:31:40</startdate>
<round>1</round>
<failsafecounter/>
<players><player seat="10" name="PincoPallino089" chips="437" dealer="0" win="90" bet="80" muck="1" rebuy="0" addon="0" merge="0" rebuychips="0" reg_code="5049134462"/>
<player seat="3" name="estathethebest" chips="623" dealer="1" win="0" bet="40" muck="1" rebuy="0" addon="0" merge="0" rebuychips="0" reg_code="5049134366"/>
<player seat="6" name="Rakki" chips="440" dealer="0" win="0" bet="10" muck="1" rebuy="0" addon="0" merge="0" rebuychips="0" reg_code="5049134397"/>
</players>
</general>
<round no="0"><action no="1" player="Rakki" type="1" sum="10"/>
<action no="2" player="PincoPallino089" type="2" discard="1" dealt="1" sum="20"/>
</round>
<round no="1"><cards type="Pocket" player="PincoPallino089">X X</cards>
<cards type="Pocket" player="estathethebest">X X</cards>
<cards type="Pocket" player="Rakki">CQ H2</cards>
<action no="3" player="estathethebest" type="3" discard="1" dealt="1" sum="20"/>
<action no="4" player="Rakki" type="0" sum="0"/>
<action no="5" player="PincoPallino089" type="4" discard="1" dealt="1" sum="0"/>
</round>
<round no="2"><cards type="Flop">S7 H7 S8</cards>
<action no="6" player="PincoPallino089" type="4" discard="1" dealt="1" sum="0"/>
<action no="7" player="estathethebest" type="5" discard="1" dealt="1" sum="20"/>
<action no="8" player="PincoPallino089" type="23" discard="1" dealt="1" sum="60"/>
<action no="9" player="estathethebest" type="0" discard="1" dealt="1" sum="0"/>
</round>
</game>
<game gamecode="6435541737"><general><startdate>2025-07-23 00:32:01</startdate>
<round>1</round>
<failsafecounter/>
<players><player seat="3" name="estathethebest" chips="583" dealer="0" win="0" bet="35" muck="1" rebuy="0" addon="0" merge="0" rebuychips="0" reg_code="5049134366"/>
<player seat="6" name="Rakki" chips="430" dealer="1" win="0" bet="5" muck="1" rebuy="0" addon="0" merge="0" rebuychips="0" reg_code="5049134397"/>
<player seat="10" name="PincoPallino089" chips="487" dealer="0" win="75" bet="65" muck="1" rebuy="0" addon="0" merge="0" rebuychips="0" reg_code="5049134462"/>
</players>
</general>
<round no="0"><action no="1" player="PincoPallino089" type="15" discard="1" dealt="1" sum="5"/>
<action no="2" player="estathethebest" type="15" discard="1" dealt="1" sum="5"/>
<action no="3" player="Rakki" type="15" sum="5"/>
<action no="4" player="PincoPallino089" type="1" discard="1" dealt="1" sum="15"/>
<action no="5" player="estathethebest" type="2" discard="1" dealt="1" sum="30"/>
</round>
<round no="1"><cards type="Pocket" player="estathethebest">X X</cards>
<cards type="Pocket" player="PincoPallino089">X X</cards>
<cards type="Pocket" player="Rakki">H4 DJ</cards>
<action no="6" player="Rakki" type="0" sum="0"/>
<action no="7" player="PincoPallino089" type="3" discard="1" dealt="1" sum="15"/>
<action no="8" player="estathethebest" type="4" discard="1" dealt="1" sum="0"/>
</round>
<round no="2"><cards type="Flop">S9 H3 C8</cards>
<action no="9" player="PincoPallino089" type="5" discard="1" dealt="1" sum="30"/>
<action no="10" player="estathethebest" type="0" discard="1" dealt="1" sum="0"/>
</round>
</game>
<game gamecode="6435541768"><general><startdate>2025-07-23 00:32:17</startdate>
<round>1</round>
<failsafecounter/>
<players><player seat="6" name="Rakki" chips="425" dealer="0" win="0" bet="35" muck="1" rebuy="0" addon="0" merge="0" rebuychips="0" reg_code="5049134397"/>
<player seat="10" name="PincoPallino089" chips="527" dealer="1" win="1,089" bet="527" muck="0" rebuy="0" addon="0" merge="0" rebuychips="0" reg_code="5049134462"/>
<player seat="3" name="estathethebest" chips="548" dealer="0" win="0" bet="548" muck="1" rebuy="0" addon="0" merge="0" rebuychips="0" reg_code="5049134366"/>
</players>
</general>
<round no="0"><action no="1" player="estathethebest" type="15" discard="1" dealt="1" sum="5"/>
<action no="2" player="Rakki" type="15" sum="5"/>
<action no="3" player="PincoPallino089" type="15" discard="1" dealt="1" sum="5"/>
<action no="4" player="estathethebest" type="1" discard="1" dealt="1" sum="15"/>
<action no="5" player="Rakki" type="2" sum="30"/>
</round>
<round no="1"><cards type="Pocket" player="Rakki">CK S4</cards>
<cards type="Pocket" player="estathethebest">DA S7</cards>
<cards type="Pocket" player="PincoPallino089">S8 D8</cards>
<action no="6" player="PincoPallino089" type="23" discard="1" dealt="1" sum="60"/>
<action no="7" player="estathethebest" type="23" discard="1" dealt="1" sum="543"/>
<action no="8" player="Rakki" type="0" sum="0"/>
<action no="9" player="PincoPallino089" type="7" discard="1" dealt="1" sum="462"/>
</round>
<round no="2"><cards type="Flop">CJ HK C10</cards>
</round>
<round no="3"><cards type="Turn">H5</cards>
</round>
<round no="4"><cards type="River">C2</cards>
</round>
</game>
<game gamecode="6435541814"><general><startdate>2025-07-23 00:32:40</startdate>
<round>1</round>
<failsafecounter/>
<players><player seat="10" name="PincoPallino089" chips="1,089" dealer="0" win="91" bet="1,089" muck="0" rebuy="0" addon="0" merge="0" rebuychips="0" reg_code="5049134462"/>
<player seat="3" name="estathethebest" chips="21" dealer="1" win="0" bet="21" muck="1" rebuy="0" addon="0" merge="0" rebuychips="0" reg_code="5049134366"/>
<player seat="6" name="Rakki" chips="390" dealer="0" win="0" bet="35" muck="1" rebuy="0" addon="0" merge="0" rebuychips="0" reg_code="5049134397"/>
</players>
</general>
<round no="0"><action no="1" player="Rakki" type="15" sum="5"/>
<action no="2" player="PincoPallino089" type="15" discard="1" dealt="1" sum="5"/>
<action no="3" player="estathethebest" type="15" discard="1" dealt="1" sum="5"/>
<action no="4" player="Rakki" type="1" sum="15"/>
<action no="5" player="PincoPallino089" type="2" discard="1" dealt="1" sum="30"/>
</round>
<round no="1"><cards type="Pocket" player="Rakki">S5 H3</cards>
<cards type="Pocket" player="PincoPallino089">H2 HA</cards>
<cards type="Pocket" player="estathethebest">C10 C3</cards>
<action no="6" player="estathethebest" type="7" discard="1" dealt="1" sum="16"/>
<action no="7" player="Rakki" type="3" sum="15"/>
<action no="8" player="PincoPallino089" type="23" discard="1" dealt="1" sum="1,084"/>
<action no="9" player="Rakki" type="0" sum="0"/>
</round>
<round no="2"><cards type="Flop">D6 D8 CA</cards>
</round>
<round no="3"><cards type="Turn">S6</cards>
</round>
<round no="4"><cards type="River">S8</cards>
</round>
</game>
<game gamecode="6435541868"><general><startdate>2025-07-23 00:33:09</startdate>
<round>1</round>
<failsafecounter/>
<players><player seat="10" name="PincoPallino089" chips="1,145" dealer="0" win="70" bet="95" muck="1" rebuy="0" addon="0" merge="0" rebuychips="0" reg_code="5049134462"/>
<player seat="6" name="Rakki" chips="355" dealer="1" win="0" bet="35" muck="1" rebuy="0" addon="0" merge="0" rebuychips="0" reg_code="5049134397"/>
</players>
</general>
<round no="0"><action no="1" player="Rakki" type="15" sum="5"/>
<action no="2" player="PincoPallino089" type="15" discard="1" dealt="1" sum="5"/>
<action no="3" player="Rakki" type="1" sum="15"/>
<action no="4" player="PincoPallino089" type="2" discard="1" dealt="1" sum="30"/>
</round>
<round no="1"><cards type="Pocket" player="PincoPallino089">X X</cards>
<cards type="Pocket" player="Rakki">CK S3</cards>
<action no="5" player="Rakki" type="3" sum="15"/>
<action no="6" player="PincoPallino089" type="23" discard="1" dealt="1" sum="90"/>
<action no="7" player="Rakki" type="0" sum="0"/>
</round>
</game>
<game gamecode="6435541897"><general><startdate>2025-07-23 00:33:25</startdate>
<round>1</round>
<failsafecounter/>
<players><player seat="6" name="Rakki" chips="320" dealer="0" win="0" bet="35" muck="1" rebuy="0" addon="0" merge="0" rebuychips="0" reg_code="5049134397"/>
<player seat="10" name="PincoPallino089" chips="1,180" dealer="1" win="70" bet="65" muck="1" rebuy="0" addon="0" merge="0" rebuychips="0" reg_code="5049134462"/>
</players>
</general>
<round no="0"><action no="1" player="PincoPallino089" type="15" discard="1" dealt="1" sum="5"/>
<action no="2" player="Rakki" type="15" sum="5"/>
<action no="3" player="PincoPallino089" type="1" discard="1" dealt="1" sum="15"/>
<action no="4" player="Rakki" type="2" sum="30"/>
</round>
<round no="1"><cards type="Pocket" player="PincoPallino089">X X</cards>
<cards type="Pocket" player="Rakki">DJ S4</cards>
<action no="5" player="PincoPallino089" type="3" discard="1" dealt="1" sum="15"/>
<action no="6" player="Rakki" type="4" sum="0"/>
</round>
<round no="2"><cards type="Flop">C6 S8 HA</cards>
<action no="7" player="Rakki" type="4" sum="0"/>
<action no="8" player="PincoPallino089" type="5" discard="1" dealt="1" sum="30"/>
<action no="9" player="Rakki" type="0" sum="0"/>
</round>
</game>
<game gamecode="6435541933"><general><startdate>2025-07-23 00:33:42</startdate>
<round>1</round>
<failsafecounter/>
<players><player seat="10" name="PincoPallino089" chips="1,215" dealer="0" win="570" bet="285" muck="0" rebuy="0" addon="0" merge="0" rebuychips="0" reg_code="5049134462"/>
<player seat="6" name="Rakki" chips="285" dealer="1" win="0" bet="285" muck="0" rebuy="0" addon="0" merge="0" rebuychips="0" reg_code="5049134397"/>
</players>
</general>
<round no="0"><action no="1" player="Rakki" type="15" sum="5"/>
<action no="2" player="PincoPallino089" type="15" discard="1" dealt="1" sum="5"/>
<action no="3" player="Rakki" type="1" sum="15"/>
<action no="4" player="PincoPallino089" type="2" discard="1" dealt="1" sum="30"/>
</round>
<round no="1"><cards type="Pocket" player="Rakki">H5 S9</cards>
<cards type="Pocket" player="PincoPallino089">H10 C6</cards>
<action no="5" player="Rakki" type="3" sum="15"/>
<action no="6" player="PincoPallino089" type="4" discard="1" dealt="1" sum="0"/>
</round>
<round no="2"><cards type="Flop">D9 D6 S6</cards>
<action no="7" player="PincoPallino089" type="4" discard="1" dealt="1" sum="0"/>
<action no="8" player="Rakki" type="5" sum="30"/>
<action no="9" player="PincoPallino089" type="23" discard="1" dealt="1" sum="60"/>
<action no="10" player="Rakki" type="23" sum="250"/>
<action no="11" player="PincoPallino089" type="3" discard="1" dealt="1" sum="190"/>
</round>
<round no="3"><cards type="Turn">SJ</cards>
</round>
<round no="4"><cards type="River">HA</cards>
</round>
</game>
</session>
