<?xml version="1.0" encoding="UTF-8"?>
<session sessioncode="5049131579">
<general>
<client_version>25.1.1.16</client_version>
<mode>real</mode>
<gametype>Holdem NL</gametype>
<tablename>Twister €50 SNG, 814459843</tablename>
<tournamentcode>814459842</tournamentcode>
<tournamentname>Twister €50 SNG</tournamentname>
<buyin>€0 + €3.50 + €46.50</buyin>
<totalbuyin>€50</totalbuyin>
<rewarddrawn>€100</rewarddrawn>
<tournamentcurrency>EUR</tournamentcurrency>
<currency>EUR</currency>
<nickname>Rakki</nickname>
<gamecount>24</gamecount>
<startdate>2025-07-23 00:19:21</startdate>
<place>2</place>
<win>€0</win>
<tablesize>3</tablesize>
</general>
<game gamecode="6435523962"><general><startdate>2025-07-23 00:19:36</startdate>
<round>1</round>
<failsafecounter/>
<players><player seat="3" name="Rakki" chips="500" dealer="0" win="90" bet="160" muck="1" rebuy="0" addon="0" merge="0" rebuychips="0" reg_code="5049131579"/>
<player seat="6" name="Engly777" chips="500" dealer="1" win="0" bet="40" muck="1" rebuy="0" addon="0" merge="0" rebuychips="0" reg_code="5049131748"/>
<player seat="10" name="1Lmaestr0" chips="500" dealer="0" win="0" bet="10" muck="1" rebuy="0" addon="0" merge="0" rebuychips="0" reg_code="5049131810"/>
</players>
</general>
<round no="0"><action no="1" player="1Lmaestr0" type="1" discard="1" dealt="1" sum="10"/>
<action no="2" player="Rakki" type="2" sum="20"/>
</round>
<round no="1"><cards type="Pocket" player="1Lmaestr0">X X</cards>
<cards type="Pocket" player="Rakki">SK H9</cards>
<cards type="Pocket" player="Engly777">X X</cards>
<action no="3" player="Engly777" type="23" discard="1" dealt="1" sum="40"/>
<action no="4" player="1Lmaestr0" type="0" discard="1" dealt="1" sum="0"/>
<action no="5" player="Rakki" type="3" sum="20"/>
</round>
<round no="2"><cards type="Flop">CK D8 HA</cards>
<action no="6" player="Rakki" type="4" sum="0"/>
<action no="7" player="Engly777" type="4" discard="1" dealt="1" sum="0"/>
</round>
<round no="3"><cards type="Turn">D9</cards>
<action no="8" player="Rakki" type="5" sum="120"/>
<action no="9" player="Engly777" type="0" discard="1" dealt="1" sum="0"/>
</round>
</game>
<game gamecode="6435523998"><general><startdate>2025-07-23 00:19:56</startdate>
<round>1</round>
<failsafecounter/>
<players><player seat="6" name="Engly777" chips="460" dealer="0" win="0" bet="120" muck="1" rebuy="0" addon="0" merge="0" rebuychips="0" reg_code="5049131748"/>
<player seat="10" name="1Lmaestr0" chips="490" dealer="1" win="0" bet="0" muck="1" rebuy="0" addon="0" merge="0" rebuychips="0" reg_code="5049131810"/>
<player seat="3" name="Rakki" chips="550" dealer="0" win="240" bet="550" muck="1" rebuy="0" addon="0" merge="0" rebuychips="0" reg_code="5049131579"/>
</players>
</general>
<round no="0"><action no="1" player="Rakki" type="1" sum="10"/>
<action no="2" player="Engly777" type="2" discard="1" dealt="1" sum="20"/>
</round>
<round no="1"><cards type="Pocket" player="1Lmaestr0">X X</cards>
<cards type="Pocket" player="Engly777">X X</cards>
<cards type="Pocket" player="Rakki">H9 C10</cards>
<action no="3" player="1Lmaestr0" type="0" discard="1" dealt="1" sum="0"/>
<action no="4" player="Rakki" type="3" sum="10"/>
<action no="5" player="Engly777" type="4" discard="1" dealt="1" sum="0"/>
</round>
<round no="2"><cards type="Flop">C2 C7 D8</cards>
<action no="6" player="Rakki" type="5" sum="20"/>
<action no="7" player="Engly777" type="3" discard="1" dealt="1" sum="20"/>
</round>
<round no="3"><cards type="Turn">H6</cards>
<action no="8" player="Rakki" type="5" sum="80"/>
<action no="9" player="Engly777" type="3" discard="1" dealt="1" sum="80"/>
</round>
<round no="4"><cards type="River">CA</cards>
<action no="10" player="Rakki" type="5" sum="430"/>
<action no="11" player="Engly777" type="0" discard="1" dealt="1" sum="0"/>
</round>
</game>
<game gamecode="6435524041"><general><startdate>2025-07-23 00:20:17</startdate>
<round>1</round>
<failsafecounter/>
<players><player seat="10" name="1Lmaestr0" chips="490" dealer="0" win="0" bet="60" muck="1" rebuy="0" addon="0" merge="0" rebuychips="0" reg_code="5049131810"/>
<player seat="3" name="Rakki" chips="670" dealer="1" win="0" bet="0" muck="1" rebuy="0" addon="0" merge="0" rebuychips="0" reg_code="5049131579"/>
<player seat="6" name="Engly777" chips="340" dealer="0" win="120" bet="100" muck="1" rebuy="0" addon="0" merge="0" rebuychips="0" reg_code="5049131748"/>
</players>
</general>
<round no="0"><action no="1" player="Engly777" type="1" discard="1" dealt="1" sum="10"/>
<action no="2" player="1Lmaestr0" type="2" discard="1" dealt="1" sum="20"/>
</round>
<round no="1"><cards type="Pocket" player="Rakki">H5 C8</cards>
<cards type="Pocket" player="Engly777">X X</cards>
<cards type="Pocket" player="1Lmaestr0">X X</cards>
<action no="3" player="Rakki" type="0" sum="0"/>
<action no="4" player="Engly777" type="3" discard="1" dealt="1" sum="10"/>
<action no="5" player="1Lmaestr0" type="23" discard="1" dealt="1" sum="60"/>
<action no="6" player="Engly777" type="3" discard="1" dealt="1" sum="40"/>
</round>
<round no="2"><cards type="Flop">SA C2 D3</cards>
<action no="7" player="Engly777" type="4" discard="1" dealt="1" sum="0"/>
<action no="8" player="1Lmaestr0" type="4" discard="1" dealt="1" sum="0"/>
</round>
<round no="3"><cards type="Turn">D2</cards>
<action no="9" player="Engly777" type="5" discard="1" dealt="1" sum="40"/>
<action no="10" player="1Lmaestr0" type="0" discard="1" dealt="1" sum="0"/>
</round>
</game>
<game gamecode="6435524086"><general><startdate>2025-07-23 00:20:42</startdate>
<round>1</round>
<failsafecounter/>
<players><player seat="3" name="Rakki" chips="670" dealer="0" win="0" bet="20" muck="1" rebuy="0" addon="0" merge="0" rebuychips="0" reg_code="5049131579"/>
<player seat="6" name="Engly777" chips="400" dealer="1" win="50" bet="20" muck="0" rebuy="0" addon="0" merge="0" rebuychips="0" reg_code="5049131748"/>
<player seat="10" name="1Lmaestr0" chips="430" dealer="0" win="0" bet="10" muck="1" rebuy="0" addon="0" merge="0" rebuychips="0" reg_code="5049131810"/>
</players>
</general>
<round no="0"><action no="1" player="1Lmaestr0" type="1" discard="1" dealt="1" sum="10"/>
<action no="2" player="Rakki" type="2" sum="20"/>
</round>
<round no="1"><cards type="Pocket" player="Rakki">H3 C5</cards>
<cards type="Pocket" player="1Lmaestr0">X X</cards>
<cards type="Pocket" player="Engly777">S4 DA</cards>
<action no="3" player="Engly777" type="3" discard="1" dealt="1" sum="20"/>
<action no="4" player="1Lmaestr0" type="0" discard="1" dealt="1" sum="0"/>
<action no="5" player="Rakki" type="4" sum="0"/>
</round>
<round no="2"><cards type="Flop">H8 C7 S6</cards>
<action no="6" player="Rakki" type="4" sum="0"/>
<action no="7" player="Engly777" type="4" discard="1" dealt="1" sum="0"/>
</round>
<round no="3"><cards type="Turn">D2</cards>
<action no="8" player="Rakki" type="4" sum="0"/>
<action no="9" player="Engly777" type="4" discard="1" dealt="1" sum="0"/>
</round>
<round no="4"><cards type="River">SK</cards>
<action no="10" player="Rakki" type="4" sum="0"/>
<action no="11" player="Engly777" type="4" discard="1" dealt="1" sum="0"/>
</round>
</game>
<game gamecode="6435533212"><general><startdate>2025-07-23 00:21:06</startdate>
<round>1</round>
<failsafecounter/>
<players><player seat="6" name="Engly777" chips="430" dealer="0" win="0" bet="70" muck="1" rebuy="0" addon="0" merge="0" rebuychips="0" reg_code="5049131748"/>
<player seat="10" name="1Lmaestr0" chips="420" dealer="1" win="150" bet="70" muck="1" rebuy="0" addon="0" merge="0" rebuychips="0" reg_code="5049131810"/>
<player seat="3" name="Rakki" chips="650" dealer="0" win="0" bet="10" muck="1" rebuy="0" addon="0" merge="0" rebuychips="0" reg_code="5049131579"/>
</players>
</general>
<round no="0"><action no="1" player="Rakki" type="1" sum="10"/>
<action no="2" player="Engly777" type="2" discard="1" dealt="1" sum="20"/>
</round>
<round no="1"><cards type="Pocket" player="Engly777">X X</cards>
<cards type="Pocket" player="1Lmaestr0">X X</cards>
<cards type="Pocket" player="Rakki">HQ S2</cards>
<action no="3" player="1Lmaestr0" type="23" discard="1" dealt="1" sum="40"/>
<action no="4" player="Rakki" type="0" sum="0"/>
<action no="5" player="Engly777" type="3" discard="1" dealt="1" sum="20"/>
</round>
<round no="2"><cards type="Flop">DJ SQ DQ</cards>
<action no="6" player="Engly777" type="4" discard="1" dealt="1" sum="0"/>
<action no="7" player="1Lmaestr0" type="5" discard="1" dealt="1" sum="30"/>
<action no="8" player="Engly777" type="3" discard="1" dealt="1" sum="30"/>
</round>
<round no="3"><cards type="Turn">DK</cards>
<action no="9" player="Engly777" type="4" discard="1" dealt="1" sum="0"/>
<action no="10" player="1Lmaestr0" type="4" discard="1" dealt="1" sum="0"/>
</round>
<round no="4"><cards type="River">H4</cards>
<action no="11" player="Engly777" type="0" discard="1" dealt="1" sum="0"/>
</round>
</game>
<game gamecode="6435533263"><general><startdate>2025-07-23 00:21:33</startdate>
<round>1</round>
<failsafecounter/>
<players><player seat="10" name="1Lmaestr0" chips="500" dealer="0" win="45" bet="35" muck="1" rebuy="0" addon="0" merge="0" rebuychips="0" reg_code="5049131810"/>
<player seat="3" name="Rakki" chips="640" dealer="1" win="0" bet="5" muck="1" rebuy="0" addon="0" merge="0" rebuychips="0" reg_code="5049131579"/>
<player seat="6" name="Engly777" chips="360" dealer="0" win="0" bet="20" muck="1" rebuy="0" addon="0" merge="0" rebuychips="0" reg_code="5049131748"/>
</players>
</general>
<round no="0"><action no="1" player="Engly777" type="15" discard="1" dealt="1" sum="5"/>
<action no="2" player="1Lmaestr0" type="15" discard="1" dealt="1" sum="5"/>
<action no="3" player="Rakki" type="15" sum="5"/>
<action no="4" player="Engly777" type="1" discard="1" dealt="1" sum="15"/>
<action no="5" player="1Lmaestr0" type="2" discard="1" dealt="1" sum="30"/>
</round>
<round no="1"><cards type="Pocket" player="Rakki">SQ C9</cards>
<cards type="Pocket" player="1Lmaestr0">X X</cards>
<cards type="Pocket" player="Engly777">X X</cards>
<action no="6" player="Rakki" type="0" sum="0"/>
<action no="7" player="Engly777" type="0" discard="1" dealt="1" sum="0"/>
</round>
</game>
<game gamecode="6435533280"><general><startdate>2025-07-23 00:21:41</startdate>
<round>1</round>
<failsafecounter/>
<players><player seat="3" name="Rakki" chips="635" dealer="0" win="90" bet="635" muck="1" rebuy="0" addon="0" merge="0" rebuychips="0" reg_code="5049131579"/>
<player seat="6" name="Engly777" chips="340" dealer="1" win="0" bet="35" muck="1" rebuy="0" addon="0" merge="0" rebuychips="0" reg_code="5049131748"/>
<player seat="10" name="1Lmaestr0" chips="525" dealer="0" win="0" bet="20" muck="1" rebuy="0" addon="0" merge="0" rebuychips="0" reg_code="5049131810"/>
</players>
</general>
<round no="0"><action no="1" player="1Lmaestr0" type="15" discard="1" dealt="1" sum="5"/>
<action no="2" player="Rakki" type="15" sum="5"/>
<action no="3" player="Engly777" type="15" discard="1" dealt="1" sum="5"/>
<action no="4" player="1Lmaestr0" type="1" discard="1" dealt="1" sum="15"/>
<action no="5" player="Rakki" type="2" sum="30"/>
</round>
<round no="1"><cards type="Pocket" player="1Lmaestr0">X X</cards>
<cards type="Pocket" player="Rakki">DK HJ</cards>
<cards type="Pocket" player="Engly777">X X</cards>
<action no="6" player="Engly777" type="3" discard="1" dealt="1" sum="30"/>
<action no="7" player="1Lmaestr0" type="0" discard="1" dealt="1" sum="0"/>
<action no="8" player="Rakki" type="23" sum="630"/>
<action no="9" player="Engly777" type="0" discard="1" dealt="1" sum="0"/>
</round>
</game>
<game gamecode="6435533309"><general><startdate>2025-07-23 00:21:57</startdate>
<round>1</round>
<failsafecounter/>
<players><player seat="6" name="Engly777" chips="305" dealer="0" win="0" bet="35" muck="1" rebuy="0" addon="0" merge="0" rebuychips="0" reg_code="5049131748"/>
<player seat="10" name="1Lmaestr0" chips="505" dealer="1" win="0" bet="5" muck="1" rebuy="0" addon="0" merge="0" rebuychips="0" reg_code="5049131810"/>
<player seat="3" name="Rakki" chips="690" dealer="0" win="75" bet="690" muck="1" rebuy="0" addon="0" merge="0" rebuychips="0" reg_code="5049131579"/>
</players>
</general>
<round no="0"><action no="1" player="Rakki" type="15" sum="5"/>
<action no="2" player="Engly777" type="15" discard="1" dealt="1" sum="5"/>
<action no="3" player="1Lmaestr0" type="15" discard="1" dealt="1" sum="5"/>
<action no="4" player="Rakki" type="1" sum="15"/>
<action no="5" player="Engly777" type="2" discard="1" dealt="1" sum="30"/>
</round>
<round no="1"><cards type="Pocket" player="1Lmaestr0">X X</cards>
<cards type="Pocket" player="Rakki">HQ S9</cards>
<cards type="Pocket" player="Engly777">X X</cards>
<action no="6" player="1Lmaestr0" type="0" discard="1" dealt="1" sum="0"/>
<action no="7" player="Rakki" type="23" sum="685"/>
<action no="8" player="Engly777" type="0" discard="1" dealt="1" sum="0"/>
</round>
</game>
<game gamecode="6435533327"><general><startdate>2025-07-23 00:22:07</startdate>
<round>1</round>
<failsafecounter/>
<players><player seat="10" name="1Lmaestr0" chips="500" dealer="0" win="0" bet="35" muck="1" rebuy="0" addon="0" merge="0" rebuychips="0" reg_code="5049131810"/>
<player seat="3" name="Rakki" chips="730" dealer="1" win="0" bet="5" muck="1" rebuy="0" addon="0" merge="0" rebuychips="0" reg_code="5049131579"/>
<player seat="6" name="Engly777" chips="270" dealer="0" win="75" bet="270" muck="1" rebuy="0" addon="0" merge="0" rebuychips="0" reg_code="5049131748"/>
</players>
</general>
<round no="0"><action no="1" player="Engly777" type="15" discard="1" dealt="1" sum="5"/>
<action no="2" player="1Lmaestr0" type="15" discard="1" dealt="1" sum="5"/>
<action no="3" player="Rakki" type="15" sum="5"/>
<action no="4" player="Engly777" type="1" discard="1" dealt="1" sum="15"/>
<action no="5" player="1Lmaestr0" type="2" discard="1" dealt="1" sum="30"/>
</round>
<round no="1"><cards type="Pocket" player="1Lmaestr0">X X</cards>
<cards type="Pocket" player="Engly777">X X</cards>
<cards type="Pocket" player="Rakki">C8 C5</cards>
<action no="6" player="Rakki" type="0" sum="0"/>
<action no="7" player="Engly777" type="3" discard="1" dealt="1" sum="15"/>
<action no="8" player="1Lmaestr0" type="4" discard="1" dealt="1" sum="0"/>
</round>
<round no="2"><cards type="Flop">C10 S2 S7</cards>
<action no="9" player="Engly777" type="5" discard="1" dealt="1" sum="235"/>
<action no="10" player="1Lmaestr0" type="0" discard="1" dealt="1" sum="0"/>
</round>
</game>
<game gamecode="6435533379"><general><startdate>2025-07-23 00:22:37</startdate>
<round>1</round>
<failsafecounter/>
<players><player seat="3" name="Rakki" chips="725" dealer="0" win="45" bet="35" muck="1" rebuy="0" addon="0" merge="0" rebuychips="0" reg_code="5049131579"/>
<player seat="6" name="Engly777" chips="310" dealer="1" win="0" bet="5" muck="1" rebuy="0" addon="0" merge="0" rebuychips="0" reg_code="5049131748"/>
<player seat="10" name="1Lmaestr0" chips="465" dealer="0" win="0" bet="20" muck="1" rebuy="0" addon="0" merge="0" rebuychips="0" reg_code="5049131810"/>
</players>
</general>
<round no="0"><action no="1" player="1Lmaestr0" type="15" discard="1" dealt="1" sum="5"/>
<action no="2" player="Rakki" type="15" sum="5"/>
<action no="3" player="Engly777" type="15" discard="1" dealt="1" sum="5"/>
<action no="4" player="1Lmaestr0" type="1" discard="1" dealt="1" sum="15"/>
<action no="5" player="Rakki" type="2" sum="30"/>
</round>
<round no="1"><cards type="Pocket" player="Rakki">C10 D5</cards>
<cards type="Pocket" player="1Lmaestr0">X X</cards>
<cards type="Pocket" player="Engly777">X X</cards>
<action no="6" player="Engly777" type="0" discard="1" dealt="1" sum="0"/>
<action no="7" player="1Lmaestr0" type="0" discard="1" dealt="1" sum="0"/>
</round>
</game>
<game gamecode="6435533386"><general><startdate>2025-07-23 00:22:43</startdate>
<round>1</round>
<failsafecounter/>
<players><player seat="6" name="Engly777" chips="305" dealer="0" win="615" bet="305" muck="0" rebuy="0" addon="0" merge="0" rebuychips="0" reg_code="5049131748"/>
<player seat="10" name="1Lmaestr0" chips="445" dealer="1" win="0" bet="5" muck="1" rebuy="0" addon="0" merge="0" rebuychips="0" reg_code="5049131810"/>
<player seat="3" name="Rakki" chips="750" dealer="0" win="0" bet="750" muck="0" rebuy="0" addon="0" merge="0" rebuychips="0" reg_code="5049131579"/>
</players>
</general>
<round no="0"><action no="1" player="Rakki" type="15" sum="5"/>
<action no="2" player="Engly777" type="15" discard="1" dealt="1" sum="5"/>
<action no="3" player="1Lmaestr0" type="15" discard="1" dealt="1" sum="5"/>
<action no="4" player="Rakki" type="1" sum="15"/>
<action no="5" player="Engly777" type="2" discard="1" dealt="1" sum="30"/>
</round>
<round no="1"><cards type="Pocket" player="1Lmaestr0">X X</cards>
<cards type="Pocket" player="Rakki">DQ S10</cards>
<cards type="Pocket" player="Engly777">D7 S5</cards>
<action no="6" player="1Lmaestr0" type="0" discard="1" dealt="1" sum="0"/>
<action no="7" player="Rakki" type="23" sum="745"/>
<action no="8" player="Engly777" type="7" discard="1" dealt="1" sum="270"/>
</round>
<round no="2"><cards type="Flop">S7 S3 H4</cards>
</round>
<round no="3"><cards type="Turn">H3</cards>
</round>
<round no="4"><cards type="River">S9</cards>
</round>
</game>
<game gamecode="6435533436"><general><startdate>2025-07-23 00:23:06</startdate>
<round>1</round>
<failsafecounter/>
<players><player seat="10" name="1Lmaestr0" chips="440" dealer="0" win="0" bet="45" muck="1" rebuy="0" addon="0" merge="0" rebuychips="0" reg_code="5049131810"/>
<player seat="3" name="Rakki" chips="445" dealer="1" win="115" bet="445" muck="1" rebuy="0" addon="0" merge="0" rebuychips="0" reg_code="5049131579"/>
<player seat="6" name="Engly777" chips="615" dealer="0" win="0" bet="25" muck="1" rebuy="0" addon="0" merge="0" rebuychips="0" reg_code="5049131748"/>
</players>
</general>
<round no="0"><action no="1" player="Engly777" type="15" discard="1" dealt="1" sum="5"/>
<action no="2" player="1Lmaestr0" type="15" discard="1" dealt="1" sum="5"/>
<action no="3" player="Rakki" type="15" sum="5"/>
<action no="4" player="Engly777" type="1" discard="1" dealt="1" sum="20"/>
<action no="5" player="1Lmaestr0" type="2" discard="1" dealt="1" sum="40"/>
</round>
<round no="1"><cards type="Pocket" player="Engly777">X X</cards>
<cards type="Pocket" player="Rakki">DA H9</cards>
<cards type="Pocket" player="1Lmaestr0">X X</cards>
<action no="6" player="Rakki" type="23" sum="440"/>
<action no="7" player="Engly777" type="0" discard="1" dealt="1" sum="0"/>
<action no="8" player="1Lmaestr0" type="0" discard="1" dealt="1" sum="0"/>
</round>
</game>
<game gamecode="6435533463"><general><startdate>2025-07-23 00:23:18</startdate>
<round>1</round>
<failsafecounter/>
<players><player seat="3" name="Rakki" chips="515" dealer="0" win="0" bet="45" muck="1" rebuy="0" addon="0" merge="0" rebuychips="0" reg_code="5049131579"/>
<player seat="6" name="Engly777" chips="590" dealer="1" win="0" bet="590" muck="0" rebuy="0" addon="0" merge="0" rebuychips="0" reg_code="5049131748"/>
<player seat="10" name="1Lmaestr0" chips="395" dealer="0" win="835" bet="395" muck="0" rebuy="0" addon="0" merge="0" rebuychips="0" reg_code="5049131810"/>
</players>
</general>
<round no="0"><action no="1" player="1Lmaestr0" type="15" discard="1" dealt="1" sum="5"/>
<action no="2" player="Rakki" type="15" sum="5"/>
<action no="3" player="Engly777" type="15" discard="1" dealt="1" sum="5"/>
<action no="4" player="1Lmaestr0" type="1" discard="1" dealt="1" sum="20"/>
<action no="5" player="Rakki" type="2" sum="40"/>
</round>
<round no="1"><cards type="Pocket" player="1Lmaestr0">D5 CA</cards>
<cards type="Pocket" player="Engly777">S9 C10</cards>
<cards type="Pocket" player="Rakki">S8 DK</cards>
<action no="6" player="Engly777" type="23" discard="1" dealt="1" sum="585"/>
<action no="7" player="1Lmaestr0" type="7" discard="1" dealt="1" sum="370"/>
<action no="8" player="Rakki" type="0" sum="0"/>
</round>
<round no="2"><cards type="Flop">C6 H3 D8</cards>
</round>
<round no="3"><cards type="Turn">SA</cards>
</round>
<round no="4"><cards type="River">CQ</cards>
</round>
</game>
<game gamecode="6435533491"><general><startdate>2025-07-23 00:23:35</startdate>
<round>1</round>
<failsafecounter/>
<players><player seat="6" name="Engly777" chips="195" dealer="0" win="0" bet="195" muck="1" rebuy="0" addon="0" merge="0" rebuychips="0" reg_code="5049131748"/>
<player seat="10" name="1Lmaestr0" chips="835" dealer="1" win="0" bet="5" muck="1" rebuy="0" addon="0" merge="0" rebuychips="0" reg_code="5049131810"/>
<player seat="3" name="Rakki" chips="470" dealer="0" win="395" bet="470" muck="0" rebuy="0" addon="0" merge="0" rebuychips="0" reg_code="5049131579"/>
</players>
</general>
<round no="0"><action no="1" player="Rakki" type="15" sum="5"/>
<action no="2" player="Engly777" type="15" discard="1" dealt="1" sum="5"/>
<action no="3" player="1Lmaestr0" type="15" discard="1" dealt="1" sum="5"/>
<action no="4" player="Rakki" type="1" sum="20"/>
<action no="5" player="Engly777" type="2" discard="1" dealt="1" sum="40"/>
</round>
<round no="1"><cards type="Pocket" player="1Lmaestr0">X X</cards>
<cards type="Pocket" player="Engly777">D5 H9</cards>
<cards type="Pocket" player="Rakki">S4 HQ</cards>
<action no="6" player="1Lmaestr0" type="0" discard="1" dealt="1" sum="0"/>
<action no="7" player="Rakki" type="23" sum="465"/>
<action no="8" player="Engly777" type="7" discard="1" dealt="1" sum="150"/>
</round>
<round no="2"><cards type="Flop">C3 SK D6</cards>
</round>
<round no="3"><cards type="Turn">C8</cards>
</round>
<round no="4"><cards type="River">CK</cards>
</round>
</game>
<game gamecode="6435533525"><general><startdate>2025-07-23 00:23:56</startdate>
<round>1</round>
<failsafecounter/>
<players><player seat="10" name="1Lmaestr0" chips="830" dealer="0" win="0" bet="45" muck="1" rebuy="0" addon="0" merge="0" rebuychips="0" reg_code="5049131810"/>
<player seat="3" name="Rakki" chips="670" dealer="1" win="90" bet="85" muck="1" rebuy="0" addon="0" merge="0" rebuychips="0" reg_code="5049131579"/>
</players>
</general>
<round no="0"><action no="1" player="Rakki" type="15" sum="5"/>
<action no="2" player="1Lmaestr0" type="15" discard="1" dealt="1" sum="5"/>
<action no="3" player="Rakki" type="1" sum="20"/>
<action no="4" player="1Lmaestr0" type="2" discard="1" dealt="1" sum="40"/>
</round>
<round no="1"><cards type="Pocket" player="1Lmaestr0">X X</cards>
<cards type="Pocket" player="Rakki">D4 CA</cards>
<action no="5" player="Rakki" type="3" sum="20"/>
<action no="6" player="1Lmaestr0" type="4" discard="1" dealt="1" sum="0"/>
</round>
<round no="2"><cards type="Flop">D10 C2 HA</cards>
<action no="7" player="1Lmaestr0" type="4" discard="1" dealt="1" sum="0"/>
<action no="8" player="Rakki" type="5" sum="40"/>
<action no="9" player="1Lmaestr0" type="0" discard="1" dealt="1" sum="0"/>
</round>
</game>
<game gamecode="6435533575"><general><startdate>2025-07-23 00:24:19</startdate>
<round>1</round>
<failsafecounter/>
<players><player seat="3" name="Rakki" chips="715" dealer="0" win="50" bet="45" muck="1" rebuy="0" addon="0" merge="0" rebuychips="0" reg_code="5049131579"/>
<player seat="10" name="1Lmaestr0" chips="785" dealer="1" win="0" bet="25" muck="1" rebuy="0" addon="0" merge="0" rebuychips="0" reg_code="5049131810"/>
</players>
</general>
<round no="0"><action no="1" player="1Lmaestr0" type="15" discard="1" dealt="1" sum="5"/>
<action no="2" player="Rakki" type="15" sum="5"/>
<action no="3" player="1Lmaestr0" type="1" discard="1" dealt="1" sum="20"/>
<action no="4" player="Rakki" type="2" sum="40"/>
</round>
<round no="1"><cards type="Pocket" player="Rakki">S3 CK</cards>
<cards type="Pocket" player="1Lmaestr0">X X</cards>
<action no="5" player="1Lmaestr0" type="0" discard="1" dealt="1" sum="0"/>
</round>
</game>
<game gamecode="6435533588"><general><startdate>2025-07-23 00:24:25</startdate>
<round>1</round>
<failsafecounter/>
<players><player seat="10" name="1Lmaestr0" chips="760" dealer="0" win="90" bet="105" muck="1" rebuy="0" addon="0" merge="0" rebuychips="0" reg_code="5049131810"/>
<player seat="3" name="Rakki" chips="740" dealer="1" win="0" bet="45" muck="1" rebuy="0" addon="0" merge="0" rebuychips="0" reg_code="5049131579"/>
</players>
</general>
<round no="0"><action no="1" player="Rakki" type="15" sum="5"/>
<action no="2" player="1Lmaestr0" type="15" discard="1" dealt="1" sum="5"/>
<action no="3" player="Rakki" type="1" sum="20"/>
<action no="4" player="1Lmaestr0" type="2" discard="1" dealt="1" sum="40"/>
</round>
<round no="1"><cards type="Pocket" player="Rakki">D3 S8</cards>
<cards type="Pocket" player="1Lmaestr0">X X</cards>
<action no="5" player="Rakki" type="3" sum="20"/>
<action no="6" player="1Lmaestr0" type="23" discard="1" dealt="1" sum="100"/>
<action no="7" player="Rakki" type="0" sum="0"/>
</round>
</game>
<game gamecode="6435533612"><general><startdate>2025-07-23 00:24:37</startdate>
<round>1</round>
<failsafecounter/>
<players><player seat="3" name="Rakki" chips="695" dealer="0" win="0" bet="65" muck="1" rebuy="0" addon="0" merge="0" rebuychips="0" reg_code="5049131579"/>
<player seat="10" name="1Lmaestr0" chips="805" dealer="1" win="130" bet="805" muck="1" rebuy="0" addon="0" merge="0" rebuychips="0" reg_code="5049131810"/>
</players>
</general>
<round no="0"><action no="1" player="1Lmaestr0" type="15" discard="1" dealt="1" sum="5"/>
<action no="2" player="Rakki" type="15" sum="5"/>
<action no="3" player="1Lmaestr0" type="1" discard="1" dealt="1" sum="30"/>
<action no="4" player="Rakki" type="2" sum="60"/>
</round>
<round no="1"><cards type="Pocket" player="Rakki">C2 C3</cards>
<cards type="Pocket" player="1Lmaestr0">X X</cards>
<action no="5" player="1Lmaestr0" type="23" discard="1" dealt="1" sum="800"/>
<action no="6" player="Rakki" type="0" sum="0"/>
</round>
</game>
<game gamecode="6435533636"><general><startdate>2025-07-23 00:24:47</startdate>
<round>1</round>
<failsafecounter/>
<players><player seat="10" name="1Lmaestr0" chips="870" dealer="0" win="430" bet="870" muck="1" rebuy="0" addon="0" merge="0" rebuychips="0" reg_code="5049131810"/>
<player seat="3" name="Rakki" chips="630" dealer="1" win="0" bet="215" muck="1" rebuy="0" addon="0" merge="0" rebuychips="0" reg_code="5049131579"/>
</players>
</general>
<round no="0"><action no="1" player="Rakki" type="15" sum="5"/>
<action no="2" player="1Lmaestr0" type="15" discard="1" dealt="1" sum="5"/>
<action no="3" player="Rakki" type="1" sum="30"/>
<action no="4" player="1Lmaestr0" type="2" discard="1" dealt="1" sum="60"/>
</round>
<round no="1"><cards type="Pocket" player="Rakki">CQ S4</cards>
<cards type="Pocket" player="1Lmaestr0">X X</cards>
<action no="5" player="Rakki" type="3" sum="30"/>
<action no="6" player="1Lmaestr0" type="4" discard="1" dealt="1" sum="0"/>
</round>
<round no="2"><cards type="Flop">DJ H6 S5</cards>
<action no="7" player="1Lmaestr0" type="4" discard="1" dealt="1" sum="0"/>
<action no="8" player="Rakki" type="4" sum="0"/>
</round>
<round no="3"><cards type="Turn">S3</cards>
<action no="9" player="1Lmaestr0" type="5" discard="1" dealt="1" sum="150"/>
<action no="10" player="Rakki" type="3" sum="150"/>
</round>
<round no="4"><cards type="River">H3</cards>
<action no="11" player="1Lmaestr0" type="5" discard="1" dealt="1" sum="655"/>
<action no="12" player="Rakki" type="0" sum="0"/>
</round>
</game>
<game gamecode="6435533707"><general><startdate>2025-07-23 00:25:26</startdate>
<round>1</round>
<failsafecounter/>
<players><player seat="3" name="Rakki" chips="415" dealer="0" win="0" bet="65" muck="1" rebuy="0" addon="0" merge="0" rebuychips="0" reg_code="5049131579"/>
<player seat="10" name="1Lmaestr0" chips="1,085" dealer="1" win="130" bet="125" muck="1" rebuy="0" addon="0" merge="0" rebuychips="0" reg_code="5049131810"/>
</players>
</general>
<round no="0"><action no="1" player="1Lmaestr0" type="15" discard="1" dealt="1" sum="5"/>
<action no="2" player="Rakki" type="15" sum="5"/>
<action no="3" player="1Lmaestr0" type="1" discard="1" dealt="1" sum="30"/>
<action no="4" player="Rakki" type="2" sum="60"/>
</round>
<round no="1"><cards type="Pocket" player="Rakki">H7 H3</cards>
<cards type="Pocket" player="1Lmaestr0">X X</cards>
<action no="5" player="1Lmaestr0" type="3" discard="1" dealt="1" sum="30"/>
<action no="6" player="Rakki" type="4" sum="0"/>
</round>
<round no="2"><cards type="Flop">D8 S5 S8</cards>
<action no="7" player="Rakki" type="4" sum="0"/>
<action no="8" player="1Lmaestr0" type="5" discard="1" dealt="1" sum="60"/>
<action no="9" player="Rakki" type="0" sum="0"/>
</round>
</game>
<game gamecode="6435533736"><general><startdate>2025-07-23 00:25:40</startdate>
<round>1</round>
<failsafecounter/>
<players><player seat="10" name="1Lmaestr0" chips="1,150" dealer="0" win="0" bet="65" muck="1" rebuy="0" addon="0" merge="0" rebuychips="0" reg_code="5049131810"/>
<player seat="3" name="Rakki" chips="350" dealer="1" win="130" bet="350" muck="1" rebuy="0" addon="0" merge="0" rebuychips="0" reg_code="5049131579"/>
</players>
</general>
<round no="0"><action no="1" player="Rakki" type="15" sum="5"/>
<action no="2" player="1Lmaestr0" type="15" discard="1" dealt="1" sum="5"/>
<action no="3" player="Rakki" type="1" sum="30"/>
<action no="4" player="1Lmaestr0" type="2" discard="1" dealt="1" sum="60"/>
</round>
<round no="1"><cards type="Pocket" player="1Lmaestr0">X X</cards>
<cards type="Pocket" player="Rakki">DQ S6</cards>
<action no="5" player="Rakki" type="23" sum="345"/>
<action no="6" player="1Lmaestr0" type="0" discard="1" dealt="1" sum="0"/>
</round>
</game>
<game gamecode="6435533782"><general><startdate>2025-07-23 00:26:01</startdate>
<round>1</round>
<failsafecounter/>
<players><player seat="3" name="Rakki" chips="415" dealer="0" win="0" bet="65" muck="1" rebuy="0" addon="0" merge="0" rebuychips="0" reg_code="5049131579"/>
<player seat="10" name="1Lmaestr0" chips="1,085" dealer="1" win="130" bet="125" muck="1" rebuy="0" addon="0" merge="0" rebuychips="0" reg_code="5049131810"/>
</players>
</general>
<round no="0"><action no="1" player="1Lmaestr0" type="15" discard="1" dealt="1" sum="5"/>
<action no="2" player="Rakki" type="15" sum="5"/>
<action no="3" player="1Lmaestr0" type="1" discard="1" dealt="1" sum="30"/>
<action no="4" player="Rakki" type="2" sum="60"/>
</round>
<round no="1"><cards type="Pocket" player="Rakki">S2 S10</cards>
<cards type="Pocket" player="1Lmaestr0">X X</cards>
<action no="5" player="1Lmaestr0" type="3" discard="1" dealt="1" sum="30"/>
<action no="6" player="Rakki" type="4" sum="0"/>
</round>
<round no="2"><cards type="Flop">C7 SK C9</cards>
<action no="7" player="Rakki" type="4" sum="0"/>
<action no="8" player="1Lmaestr0" type="5" discard="1" dealt="1" sum="60"/>
<action no="9" player="Rakki" type="0" sum="0"/>
</round>
</game>
<game gamecode="6435533833"><general><startdate>2025-07-23 00:26:26</startdate>
<round>1</round>
<failsafecounter/>
<players><player seat="10" name="1Lmaestr0" chips="1,150" dealer="0" win="0" bet="350" muck="1" rebuy="0" addon="0" merge="0" rebuychips="0" reg_code="5049131810"/>
<player seat="3" name="Rakki" chips="350" dealer="1" win="700" bet="350" muck="0" rebuy="0" addon="0" merge="0" rebuychips="0" reg_code="5049131579"/>
</players>
</general>
<round no="0"><action no="1" player="Rakki" type="15" sum="8"/>
<action no="2" player="1Lmaestr0" type="15" discard="1" dealt="1" sum="8"/>
<action no="3" player="Rakki" type="1" sum="40"/>
<action no="4" player="1Lmaestr0" type="2" discard="1" dealt="1" sum="80"/>
</round>
<round no="1"><cards type="Pocket" player="1Lmaestr0">C6 CQ</cards>
<cards type="Pocket" player="Rakki">C2 D2</cards>
<action no="5" player="Rakki" type="23" sum="342"/>
<action no="6" player="1Lmaestr0" type="3" discard="1" dealt="1" sum="262"/>
</round>
<round no="2"><cards type="Flop">S2 C4 SA</cards>
</round>
<round no="3"><cards type="Turn">H6</cards>
</round>
<round no="4"><cards type="River">C3</cards>
</round>
</game>
<game gamecode="6435533861"><general><startdate>2025-07-23 00:26:43</startdate>
<round>1</round>
<failsafecounter/>
<players><player seat="3" name="Rakki" chips="700" dealer="0" win="0" bet="700" muck="0" rebuy="0" addon="0" merge="0" rebuychips="0" reg_code="5049131579"/>
<player seat="10" name="1Lmaestr0" chips="800" dealer="1" win="1,400" bet="800" muck="0" rebuy="0" addon="0" merge="0" rebuychips="0" reg_code="5049131810"/>
</players>
</general>
<round no="0"><action no="1" player="1Lmaestr0" type="15" discard="1" dealt="1" sum="8"/>
<action no="2" player="Rakki" type="15" sum="8"/>
<action no="3" player="1Lmaestr0" type="1" discard="1" dealt="1" sum="40"/>
<action no="4" player="Rakki" type="2" sum="80"/>
</round>
<round no="1"><cards type="Pocket" player="1Lmaestr0">DA H2</cards>
<cards type="Pocket" player="Rakki">HQ S8</cards>
<action no="5" player="1Lmaestr0" type="23" discard="1" dealt="1" sum="792"/>
<action no="6" player="Rakki" type="7" sum="612"/>
</round>
<round no="2"><cards type="Flop">SJ SK D7</cards>
</round>
<round no="3"><cards type="Turn">H10</cards>
</round>
<round no="4"><cards type="River">C4</cards>
</round>
</game>
</session>
