<?xml version="1.0" encoding="UTF-8"?>
<session sessioncode="5049143956">
<general>
<client_version>25.1.1.16</client_version>
<mode>real</mode>
<gametype>Holdem NL</gametype>
<tablename>Twister €100 SNG, 814462274</tablename>
<tournamentcode>814462273</tournamentcode>
<tournamentname>Twister €100 SNG</tournamentname>
<buyin>€0 + €7 + €93</buyin>
<totalbuyin>€100</totalbuyin>
<rewarddrawn>€200</rewarddrawn>
<tournamentcurrency>EUR</tournamentcurrency>
<currency>EUR</currency>
<nickname>Rakki</nickname>
<gamecount>11</gamecount>
<startdate>2025-07-23 01:14:26</startdate>
<place>2</place>
<win>€0</win>
<tablesize>3</tablesize>
</general>
<game gamecode="6435577519"><general><startdate>2025-07-23 01:14:41</startdate>
<round>1</round>
<failsafecounter/>
<players><player seat="6" name="Rakki" chips="500" dealer="0" win="0" bet="20" muck="1" rebuy="0" addon="0" merge="0" rebuychips="0" reg_code="5049143956"/>
<player seat="10" name="Brusca11" chips="500" dealer="1" win="0" bet="20" muck="1" rebuy="0" addon="0" merge="0" rebuychips="0" reg_code="5049144314"/>
<player seat="3" name="mocciolocaldo" chips="500" dealer="0" win="60" bet="500" muck="1" rebuy="0" addon="0" merge="0" rebuychips="0" reg_code="5049143728"/>
</players>
</general>
<round no="0"><action no="1" player="mocciolocaldo" type="1" discard="1" dealt="1" sum="10"/>
<action no="2" player="Rakki" type="2" sum="20"/>
</round>
<round no="1"><cards type="Pocket" player="mocciolocaldo">X X</cards>
<cards type="Pocket" player="Rakki">H10 CQ</cards>
<cards type="Pocket" player="Brusca11">X X</cards>
<action no="3" player="Brusca11" type="3" discard="1" dealt="1" sum="20"/>
<action no="4" player="mocciolocaldo" type="23" discard="1" dealt="1" sum="500"/>
<action no="5" player="Rakki" type="0" sum="0"/>
<action no="6" player="Brusca11" type="0" discard="1" dealt="1" sum="0"/>
</round>
</game>
<game gamecode="6435577550"><general><startdate>2025-07-23 01:14:56</startdate>
<round>1</round>
<failsafecounter/>
<players><player seat="10" name="Brusca11" chips="480" dealer="0" win="0" bet="480" muck="0" rebuy="0" addon="0" merge="0" rebuychips="0" reg_code="5049144314"/>
<player seat="3" name="mocciolocaldo" chips="540" dealer="1" win="970" bet="540" muck="0" rebuy="0" addon="0" merge="0" rebuychips="0" reg_code="5049143728"/>
<player seat="6" name="Rakki" chips="480" dealer="0" win="0" bet="10" muck="1" rebuy="0" addon="0" merge="0" rebuychips="0" reg_code="5049143956"/>
</players>
</general>
<round no="0"><action no="1" player="Rakki" type="1" sum="10"/>
<action no="2" player="Brusca11" type="2" discard="1" dealt="1" sum="20"/>
</round>
<round no="1"><cards type="Pocket" player="Brusca11">S10 DQ</cards>
<cards type="Pocket" player="Rakki">H4 D2</cards>
<cards type="Pocket" player="mocciolocaldo">C9 DK</cards>
<action no="3" player="mocciolocaldo" type="23" discard="1" dealt="1" sum="40"/>
<action no="4" player="Rakki" type="0" sum="0"/>
<action no="5" player="Brusca11" type="3" discard="1" dealt="1" sum="20"/>
</round>
<round no="2"><cards type="Flop">SK D10 S9</cards>
<action no="6" player="Brusca11" type="4" discard="1" dealt="1" sum="0"/>
<action no="7" player="mocciolocaldo" type="5" discard="1" dealt="1" sum="30"/>
<action no="8" player="Brusca11" type="3" discard="1" dealt="1" sum="30"/>
</round>
<round no="3"><cards type="Turn">H5</cards>
<action no="9" player="Brusca11" type="4" discard="1" dealt="1" sum="0"/>
<action no="10" player="mocciolocaldo" type="5" discard="1" dealt="1" sum="113"/>
<action no="11" player="Brusca11" type="3" discard="1" dealt="1" sum="113"/>
</round>
<round no="4"><cards type="River">H3</cards>
<action no="12" player="Brusca11" type="4" discard="1" dealt="1" sum="0"/>
<action no="13" player="mocciolocaldo" type="5" discard="1" dealt="1" sum="357"/>
<action no="14" player="Brusca11" type="7" discard="1" dealt="1" sum="297"/>
</round>
</game>
<game gamecode="6435577628"><general><startdate>2025-07-23 01:15:38</startdate>
<round>1</round>
<failsafecounter/>
<players><player seat="3" name="mocciolocaldo" chips="1,030" dealer="0" win="0" bet="90" muck="1" rebuy="0" addon="0" merge="0" rebuychips="0" reg_code="5049143728"/>
<player seat="6" name="Rakki" chips="470" dealer="1" win="180" bet="160" muck="1" rebuy="0" addon="0" merge="0" rebuychips="0" reg_code="5049143956"/>
</players>
</general>
<round no="0"><action no="1" player="Rakki" type="1" sum="10"/>
<action no="2" player="mocciolocaldo" type="2" discard="1" dealt="1" sum="20"/>
</round>
<round no="1"><cards type="Pocket" player="mocciolocaldo">X X</cards>
<cards type="Pocket" player="Rakki">S3 S8</cards>
<action no="3" player="Rakki" type="23" sum="40"/>
<action no="4" player="mocciolocaldo" type="3" discard="1" dealt="1" sum="20"/>
</round>
<round no="2"><cards type="Flop">CA C5 DQ</cards>
<action no="5" player="mocciolocaldo" type="4" discard="1" dealt="1" sum="0"/>
<action no="6" player="Rakki" type="5" sum="20"/>
<action no="7" player="mocciolocaldo" type="3" discard="1" dealt="1" sum="20"/>
</round>
<round no="3"><cards type="Turn">HJ</cards>
<action no="8" player="mocciolocaldo" type="4" discard="1" dealt="1" sum="0"/>
<action no="9" player="Rakki" type="4" sum="0"/>
</round>
<round no="4"><cards type="River">H10</cards>
<action no="10" player="mocciolocaldo" type="5" discard="1" dealt="1" sum="30"/>
<action no="11" player="Rakki" type="23" sum="100"/>
<action no="12" player="mocciolocaldo" type="0" discard="1" dealt="1" sum="0"/>
</round>
</game>
<game gamecode="6435577706"><general><startdate>2025-07-23 01:16:27</startdate>
<round>1</round>
<failsafecounter/>
<players><player seat="6" name="Rakki" chips="560" dealer="0" win="0" bet="35" muck="1" rebuy="0" addon="0" merge="0" rebuychips="0" reg_code="5049143956"/>
<player seat="3" name="mocciolocaldo" chips="940" dealer="1" win="70" bet="88" muck="1" rebuy="0" addon="0" merge="0" rebuychips="0" reg_code="5049143728"/>
</players>
</general>
<round no="0"><action no="1" player="mocciolocaldo" type="15" discard="1" dealt="1" sum="5"/>
<action no="2" player="Rakki" type="15" sum="5"/>
<action no="3" player="mocciolocaldo" type="1" discard="1" dealt="1" sum="15"/>
<action no="4" player="Rakki" type="2" sum="30"/>
</round>
<round no="1"><cards type="Pocket" player="mocciolocaldo">X X</cards>
<cards type="Pocket" player="Rakki">CQ D4</cards>
<action no="5" player="mocciolocaldo" type="3" discard="1" dealt="1" sum="15"/>
<action no="6" player="Rakki" type="4" sum="0"/>
</round>
<round no="2"><cards type="Flop">C2 HJ C10</cards>
<action no="7" player="Rakki" type="4" sum="0"/>
<action no="8" player="mocciolocaldo" type="4" discard="1" dealt="1" sum="0"/>
</round>
<round no="3"><cards type="Turn">S4</cards>
<action no="9" player="Rakki" type="4" sum="0"/>
<action no="10" player="mocciolocaldo" type="4" discard="1" dealt="1" sum="0"/>
</round>
<round no="4"><cards type="River">S9</cards>
<action no="11" player="Rakki" type="4" sum="0"/>
<action no="12" player="mocciolocaldo" type="5" discard="1" dealt="1" sum="53"/>
<action no="13" player="Rakki" type="0" sum="0"/>
</round>
</game>
<game gamecode="6435577776"><general><startdate>2025-07-23 01:17:16</startdate>
<round>1</round>
<failsafecounter/>
<players><player seat="3" name="mocciolocaldo" chips="975" dealer="0" win="0" bet="35" muck="1" rebuy="0" addon="0" merge="0" rebuychips="0" reg_code="5049143728"/>
<player seat="6" name="Rakki" chips="525" dealer="1" win="70" bet="65" muck="1" rebuy="0" addon="0" merge="0" rebuychips="0" reg_code="5049143956"/>
</players>
</general>
<round no="0"><action no="1" player="Rakki" type="15" sum="5"/>
<action no="2" player="mocciolocaldo" type="15" discard="1" dealt="1" sum="5"/>
<action no="3" player="Rakki" type="1" sum="15"/>
<action no="4" player="mocciolocaldo" type="2" discard="1" dealt="1" sum="30"/>
</round>
<round no="1"><cards type="Pocket" player="mocciolocaldo">X X</cards>
<cards type="Pocket" player="Rakki">CA C7</cards>
<action no="5" player="Rakki" type="3" sum="15"/>
<action no="6" player="mocciolocaldo" type="4" discard="1" dealt="1" sum="0"/>
</round>
<round no="2"><cards type="Flop">DQ S10 C3</cards>
<action no="7" player="mocciolocaldo" type="4" discard="1" dealt="1" sum="0"/>
<action no="8" player="Rakki" type="5" sum="30"/>
<action no="9" player="mocciolocaldo" type="0" discard="1" dealt="1" sum="0"/>
</round>
</game>
<game gamecode="6435577826"><general><startdate>2025-07-23 01:17:46</startdate>
<round>1</round>
<failsafecounter/>
<players><player seat="6" name="Rakki" chips="560" dealer="0" win="70" bet="560" muck="1" rebuy="0" addon="0" merge="0" rebuychips="0" reg_code="5049143956"/>
<player seat="3" name="mocciolocaldo" chips="940" dealer="1" win="0" bet="35" muck="1" rebuy="0" addon="0" merge="0" rebuychips="0" reg_code="5049143728"/>
</players>
</general>
<round no="0"><action no="1" player="mocciolocaldo" type="15" discard="1" dealt="1" sum="5"/>
<action no="2" player="Rakki" type="15" sum="5"/>
<action no="3" player="mocciolocaldo" type="1" discard="1" dealt="1" sum="15"/>
<action no="4" player="Rakki" type="2" sum="30"/>
</round>
<round no="1"><cards type="Pocket" player="Rakki">S4 C4</cards>
<cards type="Pocket" player="mocciolocaldo">X X</cards>
<action no="5" player="mocciolocaldo" type="3" discard="1" dealt="1" sum="15"/>
<action no="6" player="Rakki" type="23" sum="555"/>
<action no="7" player="mocciolocaldo" type="0" discard="1" dealt="1" sum="0"/>
</round>
</game>
<game gamecode="6435577837"><general><startdate>2025-07-23 01:17:55</startdate>
<round>1</round>
<failsafecounter/>
<players><player seat="3" name="mocciolocaldo" chips="905" dealer="0" win="130" bet="65" muck="0" rebuy="0" addon="0" merge="0" rebuychips="0" reg_code="5049143728"/>
<player seat="6" name="Rakki" chips="595" dealer="1" win="0" bet="65" muck="1" rebuy="0" addon="0" merge="0" rebuychips="0" reg_code="5049143956"/>
</players>
</general>
<round no="0"><action no="1" player="Rakki" type="15" sum="5"/>
<action no="2" player="mocciolocaldo" type="15" discard="1" dealt="1" sum="5"/>
<action no="3" player="Rakki" type="1" sum="15"/>
<action no="4" player="mocciolocaldo" type="2" discard="1" dealt="1" sum="30"/>
</round>
<round no="1"><cards type="Pocket" player="mocciolocaldo">H5 C6</cards>
<cards type="Pocket" player="Rakki">DJ CA</cards>
<action no="5" player="Rakki" type="3" sum="15"/>
<action no="6" player="mocciolocaldo" type="4" discard="1" dealt="1" sum="0"/>
</round>
<round no="2"><cards type="Flop">D6 H2 H3</cards>
<action no="7" player="mocciolocaldo" type="4" discard="1" dealt="1" sum="0"/>
<action no="8" player="Rakki" type="5" sum="30"/>
<action no="9" player="mocciolocaldo" type="3" discard="1" dealt="1" sum="30"/>
</round>
<round no="3"><cards type="Turn">S9</cards>
<action no="10" player="mocciolocaldo" type="4" discard="1" dealt="1" sum="0"/>
<action no="11" player="Rakki" type="4" sum="0"/>
</round>
<round no="4"><cards type="River">S2</cards>
<action no="12" player="mocciolocaldo" type="4" discard="1" dealt="1" sum="0"/>
<action no="13" player="Rakki" type="4" sum="0"/>
</round>
</game>
<game gamecode="6435577900"><general><startdate>2025-07-23 01:18:41</startdate>
<round>1</round>
<failsafecounter/>
<players><player seat="6" name="Rakki" chips="530" dealer="0" win="0" bet="45" muck="1" rebuy="0" addon="0" merge="0" rebuychips="0" reg_code="5049143956"/>
<player seat="3" name="mocciolocaldo" chips="970" dealer="1" win="90" bet="970" muck="1" rebuy="0" addon="0" merge="0" rebuychips="0" reg_code="5049143728"/>
</players>
</general>
<round no="0"><action no="1" player="mocciolocaldo" type="15" discard="1" dealt="1" sum="5"/>
<action no="2" player="Rakki" type="15" sum="5"/>
<action no="3" player="mocciolocaldo" type="1" discard="1" dealt="1" sum="20"/>
<action no="4" player="Rakki" type="2" sum="40"/>
</round>
<round no="1"><cards type="Pocket" player="Rakki">CJ H7</cards>
<cards type="Pocket" player="mocciolocaldo">X X</cards>
<action no="5" player="mocciolocaldo" type="23" discard="1" dealt="1" sum="965"/>
<action no="6" player="Rakki" type="0" sum="0"/>
</round>
</game>
<game gamecode="6435577911"><general><startdate>2025-07-23 01:18:49</startdate>
<round>1</round>
<failsafecounter/>
<players><player seat="3" name="mocciolocaldo" chips="1,015" dealer="0" win="90" bet="135" muck="1" rebuy="0" addon="0" merge="0" rebuychips="0" reg_code="5049143728"/>
<player seat="6" name="Rakki" chips="485" dealer="1" win="0" bet="45" muck="1" rebuy="0" addon="0" merge="0" rebuychips="0" reg_code="5049143956"/>
</players>
</general>
<round no="0"><action no="1" player="Rakki" type="15" sum="5"/>
<action no="2" player="mocciolocaldo" type="15" discard="1" dealt="1" sum="5"/>
<action no="3" player="Rakki" type="1" sum="20"/>
<action no="4" player="mocciolocaldo" type="2" discard="1" dealt="1" sum="40"/>
</round>
<round no="1"><cards type="Pocket" player="mocciolocaldo">X X</cards>
<cards type="Pocket" player="Rakki">C6 HK</cards>
<action no="5" player="Rakki" type="3" sum="20"/>
<action no="6" player="mocciolocaldo" type="4" discard="1" dealt="1" sum="0"/>
</round>
<round no="2"><cards type="Flop">S2 S9 S8</cards>
<action no="7" player="mocciolocaldo" type="4" discard="1" dealt="1" sum="0"/>
<action no="8" player="Rakki" type="4" sum="0"/>
</round>
<round no="3"><cards type="Turn">H6</cards>
<action no="9" player="mocciolocaldo" type="5" discard="1" dealt="1" sum="90"/>
<action no="10" player="Rakki" type="0" sum="0"/>
</round>
</game>
<game gamecode="6435577940"><general><startdate>2025-07-23 01:19:08</startdate>
<round>1</round>
<failsafecounter/>
<players><player seat="6" name="Rakki" chips="440" dealer="0" win="90" bet="135" muck="1" rebuy="0" addon="0" merge="0" rebuychips="0" reg_code="5049143956"/>
<player seat="3" name="mocciolocaldo" chips="1,060" dealer="1" win="0" bet="45" muck="1" rebuy="0" addon="0" merge="0" rebuychips="0" reg_code="5049143728"/>
</players>
</general>
<round no="0"><action no="1" player="mocciolocaldo" type="15" discard="1" dealt="1" sum="5"/>
<action no="2" player="Rakki" type="15" sum="5"/>
<action no="3" player="mocciolocaldo" type="1" discard="1" dealt="1" sum="20"/>
<action no="4" player="Rakki" type="2" sum="40"/>
</round>
<round no="1"><cards type="Pocket" player="Rakki">D7 C9</cards>
<cards type="Pocket" player="mocciolocaldo">X X</cards>
<action no="5" player="mocciolocaldo" type="3" discard="1" dealt="1" sum="20"/>
<action no="6" player="Rakki" type="4" sum="0"/>
</round>
<round no="2"><cards type="Flop">C7 SJ S4</cards>
<action no="7" player="Rakki" type="4" sum="0"/>
<action no="8" player="mocciolocaldo" type="4" discard="1" dealt="1" sum="0"/>
</round>
<round no="3"><cards type="Turn">H9</cards>
<action no="9" player="Rakki" type="5" sum="90"/>
<action no="10" player="mocciolocaldo" type="0" discard="1" dealt="1" sum="0"/>
</round>
</game>
<game gamecode="6435577967"><general><startdate>2025-07-23 01:19:26</startdate>
<round>1</round>
<failsafecounter/>
<players><player seat="3" name="mocciolocaldo" chips="1,015" dealer="0" win="970" bet="1,015" muck="0" rebuy="0" addon="0" merge="0" rebuychips="0" reg_code="5049143728"/>
<player seat="6" name="Rakki" chips="485" dealer="1" win="0" bet="485" muck="1" rebuy="0" addon="0" merge="0" rebuychips="0" reg_code="5049143956"/>
</players>
</general>
<round no="0"><action no="1" player="Rakki" type="15" sum="5"/>
<action no="2" player="mocciolocaldo" type="15" discard="1" dealt="1" sum="5"/>
<action no="3" player="Rakki" type="1" sum="20"/>
<action no="4" player="mocciolocaldo" type="2" discard="1" dealt="1" sum="40"/>
</round>
<round no="1"><cards type="Pocket" player="mocciolocaldo">C3 D3</cards>
<cards type="Pocket" player="Rakki">CA HQ</cards>
<action no="5" player="Rakki" type="3" sum="20"/>
<action no="6" player="mocciolocaldo" type="23" discard="1" dealt="1" sum="1,010"/>
<action no="7" player="Rakki" type="7" sum="440"/>
</round>
<round no="2"><cards type="Flop">C5 D6 H3</cards>
</round>
<round no="3"><cards type="Turn">C2</cards>
</round>
<round no="4"><cards type="River">S8</cards>
</round>
</game>
</session>
