<?xml version="1.0" encoding="UTF-8"?>
<session sessioncode="5049361631">
<general>
<client_version>25.1.1.16</client_version>
<mode>real</mode>
<gametype>Holdem NL</gametype>
<tablename>Twister €50 SNG, 814526844</tablename>
<tournamentcode>814526843</tournamentcode>
<tournamentname>Twister €50 SNG</tournamentname>
<buyin>€0 + €3.50 + €46.50</buyin>
<totalbuyin>€50</totalbuyin>
<rewarddrawn>€150</rewarddrawn>
<tournamentcurrency>EUR</tournamentcurrency>
<currency>EUR</currency>
<nickname>Rakki</nickname>
<gamecount>13</gamecount>
<startdate>2025-07-24 02:21:44</startdate>
<place>2</place>
<win>€0</win>
<tablesize>3</tablesize>
</general>
<game gamecode="6436475532"><general><startdate>2025-07-24 02:22:00</startdate>
<round>1</round>
<failsafecounter/>
<players><player seat="3" name="zzzzzzT1" chips="500" dealer="0" win="0" bet="70" muck="1" rebuy="0" addon="0" merge="0" rebuychips="0" reg_code="5049361322"/>
<player seat="6" name="Rakki" chips="500" dealer="1" win="0" bet="0" muck="1" rebuy="0" addon="0" merge="0" rebuychips="0" reg_code="5049361631"/>
<player seat="10" name="FayeValentine" chips="500" dealer="0" win="140" bet="70" muck="0" rebuy="0" addon="0" merge="0" rebuychips="0" reg_code="5049361650"/>
</players>
</general>
<round no="0"><action no="1" player="FayeValentine" type="1" discard="1" dealt="1" sum="10"/>
<action no="2" player="zzzzzzT1" type="2" discard="1" dealt="1" sum="20"/>
</round>
<round no="1"><cards type="Pocket" player="Rakki">D2 CK</cards>
<cards type="Pocket" player="FayeValentine">DK SA</cards>
<cards type="Pocket" player="zzzzzzT1">C5 CQ</cards>
<action no="3" player="Rakki" type="0" sum="0"/>
<action no="4" player="FayeValentine" type="23" discard="1" dealt="1" sum="50"/>
<action no="5" player="zzzzzzT1" type="3" discard="1" dealt="1" sum="30"/>
</round>
<round no="2"><cards type="Flop">S4 HK C9</cards>
<action no="6" player="FayeValentine" type="5" discard="1" dealt="1" sum="20"/>
<action no="7" player="zzzzzzT1" type="3" discard="1" dealt="1" sum="20"/>
</round>
<round no="3"><cards type="Turn">S9</cards>
<action no="8" player="FayeValentine" type="4" discard="1" dealt="1" sum="0"/>
<action no="9" player="zzzzzzT1" type="4" discard="1" dealt="1" sum="0"/>
</round>
<round no="4"><cards type="River">S2</cards>
<action no="10" player="FayeValentine" type="4" discard="1" dealt="1" sum="0"/>
<action no="11" player="zzzzzzT1" type="4" discard="1" dealt="1" sum="0"/>
</round>
</game>
<game gamecode="6436475575"><general><startdate>2025-07-24 02:22:31</startdate>
<round>1</round>
<failsafecounter/>
<players><player seat="6" name="Rakki" chips="500" dealer="0" win="0" bet="20" muck="1" rebuy="0" addon="0" merge="0" rebuychips="0" reg_code="5049361631"/>
<player seat="10" name="FayeValentine" chips="570" dealer="1" win="0" bet="0" muck="1" rebuy="0" addon="0" merge="0" rebuychips="0" reg_code="5049361650"/>
<player seat="3" name="zzzzzzT1" chips="430" dealer="0" win="40" bet="50" muck="1" rebuy="0" addon="0" merge="0" rebuychips="0" reg_code="5049361322"/>
</players>
</general>
<round no="0"><action no="1" player="zzzzzzT1" type="1" discard="1" dealt="1" sum="10"/>
<action no="2" player="Rakki" type="2" sum="20"/>
</round>
<round no="1"><cards type="Pocket" player="Rakki">H2 C4</cards>
<cards type="Pocket" player="FayeValentine">X X</cards>
<cards type="Pocket" player="zzzzzzT1">X X</cards>
<action no="3" player="FayeValentine" type="0" discard="1" dealt="1" sum="0"/>
<action no="4" player="zzzzzzT1" type="23" discard="1" dealt="1" sum="50"/>
<action no="5" player="Rakki" type="0" sum="0"/>
</round>
</game>
<game gamecode="6436475590"><general><startdate>2025-07-24 02:22:39</startdate>
<round>1</round>
<failsafecounter/>
<players><player seat="10" name="FayeValentine" chips="570" dealer="0" win="0" bet="40" muck="1" rebuy="0" addon="0" merge="0" rebuychips="0" reg_code="5049361650"/>
<player seat="3" name="zzzzzzT1" chips="450" dealer="1" win="90" bet="130" muck="1" rebuy="0" addon="0" merge="0" rebuychips="0" reg_code="5049361322"/>
<player seat="6" name="Rakki" chips="480" dealer="0" win="0" bet="10" muck="1" rebuy="0" addon="0" merge="0" rebuychips="0" reg_code="5049361631"/>
</players>
</general>
<round no="0"><action no="1" player="Rakki" type="1" sum="10"/>
<action no="2" player="FayeValentine" type="2" discard="1" dealt="1" sum="20"/>
</round>
<round no="1"><cards type="Pocket" player="FayeValentine">X X</cards>
<cards type="Pocket" player="zzzzzzT1">X X</cards>
<cards type="Pocket" player="Rakki">HJ C2</cards>
<action no="3" player="zzzzzzT1" type="23" discard="1" dealt="1" sum="40"/>
<action no="4" player="Rakki" type="0" sum="0"/>
<action no="5" player="FayeValentine" type="3" discard="1" dealt="1" sum="20"/>
</round>
<round no="2"><cards type="Flop">C7 C4 D2</cards>
<action no="6" player="FayeValentine" type="4" discard="1" dealt="1" sum="0"/>
<action no="7" player="zzzzzzT1" type="5" discard="1" dealt="1" sum="90"/>
<action no="8" player="FayeValentine" type="0" discard="1" dealt="1" sum="0"/>
</round>
</game>
<game gamecode="6436475618"><general><startdate>2025-07-24 02:23:06</startdate>
<round>1</round>
<failsafecounter/>
<players><player seat="3" name="zzzzzzT1" chips="500" dealer="0" win="100" bet="70" muck="1" rebuy="0" addon="0" merge="0" rebuychips="0" reg_code="5049361322"/>
<player seat="6" name="Rakki" chips="470" dealer="1" win="0" bet="0" muck="1" rebuy="0" addon="0" merge="0" rebuychips="0" reg_code="5049361631"/>
<player seat="10" name="FayeValentine" chips="530" dealer="0" win="0" bet="50" muck="1" rebuy="0" addon="0" merge="0" rebuychips="0" reg_code="5049361650"/>
</players>
</general>
<round no="0"><action no="1" player="FayeValentine" type="1" discard="1" dealt="1" sum="10"/>
<action no="2" player="zzzzzzT1" type="2" discard="1" dealt="1" sum="20"/>
</round>
<round no="1"><cards type="Pocket" player="zzzzzzT1">X X</cards>
<cards type="Pocket" player="Rakki">SK H7</cards>
<cards type="Pocket" player="FayeValentine">X X</cards>
<action no="3" player="Rakki" type="0" sum="0"/>
<action no="4" player="FayeValentine" type="23" discard="1" dealt="1" sum="50"/>
<action no="5" player="zzzzzzT1" type="3" discard="1" dealt="1" sum="30"/>
</round>
<round no="2"><cards type="Flop">H9 D6 H2</cards>
<action no="6" player="FayeValentine" type="4" discard="1" dealt="1" sum="0"/>
<action no="7" player="zzzzzzT1" type="5" discard="1" dealt="1" sum="20"/>
<action no="8" player="FayeValentine" type="0" discard="1" dealt="1" sum="0"/>
</round>
</game>
<game gamecode="6436475655"><general><startdate>2025-07-24 02:23:28</startdate>
<round>1</round>
<failsafecounter/>
<players><player seat="6" name="Rakki" chips="470" dealer="0" win="0" bet="20" muck="1" rebuy="0" addon="0" merge="0" rebuychips="0" reg_code="5049361631"/>
<player seat="10" name="FayeValentine" chips="480" dealer="1" win="0" bet="212" muck="1" rebuy="0" addon="0" merge="0" rebuychips="0" reg_code="5049361650"/>
<player seat="3" name="zzzzzzT1" chips="550" dealer="0" win="444" bet="212" muck="0" rebuy="0" addon="0" merge="0" rebuychips="0" reg_code="5049361322"/>
</players>
</general>
<round no="0"><action no="1" player="zzzzzzT1" type="1" discard="1" dealt="1" sum="10"/>
<action no="2" player="Rakki" type="2" sum="20"/>
</round>
<round no="1"><cards type="Pocket" player="FayeValentine">D9 SJ</cards>
<cards type="Pocket" player="Rakki">D2 C6</cards>
<cards type="Pocket" player="zzzzzzT1">C9 CQ</cards>
<action no="3" player="FayeValentine" type="23" discard="1" dealt="1" sum="40"/>
<action no="4" player="zzzzzzT1" type="3" discard="1" dealt="1" sum="30"/>
<action no="5" player="Rakki" type="0" sum="0"/>
</round>
<round no="2"><cards type="Flop">DQ DJ C5</cards>
<action no="6" player="zzzzzzT1" type="5" discard="1" dealt="1" sum="24"/>
<action no="7" player="FayeValentine" type="3" discard="1" dealt="1" sum="24"/>
</round>
<round no="3"><cards type="Turn">H4</cards>
<action no="8" player="zzzzzzT1" type="4" discard="1" dealt="1" sum="0"/>
<action no="9" player="FayeValentine" type="4" discard="1" dealt="1" sum="0"/>
</round>
<round no="4"><cards type="River">H2</cards>
<action no="10" player="zzzzzzT1" type="5" discard="1" dealt="1" sum="148"/>
<action no="11" player="FayeValentine" type="3" discard="1" dealt="1" sum="148"/>
</round>
</game>
<game gamecode="6436475732"><general><startdate>2025-07-24 02:24:18</startdate>
<round>1</round>
<failsafecounter/>
<players><player seat="10" name="FayeValentine" chips="268" dealer="0" win="0" bet="35" muck="1" rebuy="0" addon="0" merge="0" rebuychips="0" reg_code="5049361650"/>
<player seat="3" name="zzzzzzT1" chips="782" dealer="1" win="90" bet="782" muck="1" rebuy="0" addon="0" merge="0" rebuychips="0" reg_code="5049361322"/>
<player seat="6" name="Rakki" chips="450" dealer="0" win="0" bet="20" muck="1" rebuy="0" addon="0" merge="0" rebuychips="0" reg_code="5049361631"/>
</players>
</general>
<round no="0"><action no="1" player="Rakki" type="15" sum="5"/>
<action no="2" player="FayeValentine" type="15" discard="1" dealt="1" sum="5"/>
<action no="3" player="zzzzzzT1" type="15" discard="1" dealt="1" sum="5"/>
<action no="4" player="Rakki" type="1" sum="15"/>
<action no="5" player="FayeValentine" type="2" discard="1" dealt="1" sum="30"/>
</round>
<round no="1"><cards type="Pocket" player="zzzzzzT1">X X</cards>
<cards type="Pocket" player="FayeValentine">X X</cards>
<cards type="Pocket" player="Rakki">H7 S10</cards>
<action no="6" player="zzzzzzT1" type="23" discard="1" dealt="1" sum="777"/>
<action no="7" player="Rakki" type="0" sum="0"/>
<action no="8" player="FayeValentine" type="0" discard="1" dealt="1" sum="0"/>
</round>
</game>
<game gamecode="6436475743"><general><startdate>2025-07-24 02:24:27</startdate>
<round>1</round>
<failsafecounter/>
<players><player seat="3" name="zzzzzzT1" chips="837" dealer="0" win="0" bet="35" muck="1" rebuy="0" addon="0" merge="0" rebuychips="0" reg_code="5049361322"/>
<player seat="6" name="Rakki" chips="430" dealer="1" win="90" bet="430" muck="1" rebuy="0" addon="0" merge="0" rebuychips="0" reg_code="5049361631"/>
<player seat="10" name="FayeValentine" chips="233" dealer="0" win="0" bet="20" muck="1" rebuy="0" addon="0" merge="0" rebuychips="0" reg_code="5049361650"/>
</players>
</general>
<round no="0"><action no="1" player="FayeValentine" type="15" discard="1" dealt="1" sum="5"/>
<action no="2" player="zzzzzzT1" type="15" discard="1" dealt="1" sum="5"/>
<action no="3" player="Rakki" type="15" sum="5"/>
<action no="4" player="FayeValentine" type="1" discard="1" dealt="1" sum="15"/>
<action no="5" player="zzzzzzT1" type="2" discard="1" dealt="1" sum="30"/>
</round>
<round no="1"><cards type="Pocket" player="zzzzzzT1">X X</cards>
<cards type="Pocket" player="FayeValentine">X X</cards>
<cards type="Pocket" player="Rakki">S5 DA</cards>
<action no="6" player="Rakki" type="23" sum="425"/>
<action no="7" player="FayeValentine" type="0" discard="1" dealt="1" sum="0"/>
<action no="8" player="zzzzzzT1" type="0" discard="1" dealt="1" sum="0"/>
</round>
</game>
<game gamecode="6436475753"><general><startdate>2025-07-24 02:24:37</startdate>
<round>1</round>
<failsafecounter/>
<players><player seat="6" name="Rakki" chips="485" dealer="0" win="0" bet="35" muck="1" rebuy="0" addon="0" merge="0" rebuychips="0" reg_code="5049361631"/>
<player seat="10" name="FayeValentine" chips="213" dealer="1" win="0" bet="213" muck="0" rebuy="0" addon="0" merge="0" rebuychips="0" reg_code="5049361650"/>
<player seat="3" name="zzzzzzT1" chips="802" dealer="0" win="461" bet="524" muck="0" rebuy="0" addon="0" merge="0" rebuychips="0" reg_code="5049361322"/>
</players>
</general>
<round no="0"><action no="1" player="zzzzzzT1" type="15" discard="1" dealt="1" sum="5"/>
<action no="2" player="Rakki" type="15" sum="5"/>
<action no="3" player="FayeValentine" type="15" discard="1" dealt="1" sum="5"/>
<action no="4" player="zzzzzzT1" type="1" discard="1" dealt="1" sum="15"/>
<action no="5" player="Rakki" type="2" sum="30"/>
</round>
<round no="1"><cards type="Pocket" player="Rakki">CQ S7</cards>
<cards type="Pocket" player="FayeValentine">SA H2</cards>
<cards type="Pocket" player="zzzzzzT1">D9 H9</cards>
<action no="6" player="FayeValentine" type="23" discard="1" dealt="1" sum="208"/>
<action no="7" player="zzzzzzT1" type="23" discard="1" dealt="1" sum="519"/>
<action no="8" player="Rakki" type="0" sum="0"/>
</round>
<round no="2"><cards type="Flop">D10 CK DQ</cards>
</round>
<round no="3"><cards type="Turn">S6</cards>
</round>
<round no="4"><cards type="River">H8</cards>
</round>
</game>
<game gamecode="6436475787"><general><startdate>2025-07-24 02:25:01</startdate>
<round>1</round>
<failsafecounter/>
<players><player seat="6" name="Rakki" chips="450" dealer="0" win="70" bet="450" muck="1" rebuy="0" addon="0" merge="0" rebuychips="0" reg_code="5049361631"/>
<player seat="3" name="zzzzzzT1" chips="1,050" dealer="1" win="0" bet="35" muck="1" rebuy="0" addon="0" merge="0" rebuychips="0" reg_code="5049361322"/>
</players>
</general>
<round no="0"><action no="1" player="zzzzzzT1" type="15" discard="1" dealt="1" sum="5"/>
<action no="2" player="Rakki" type="15" sum="5"/>
<action no="3" player="zzzzzzT1" type="1" discard="1" dealt="1" sum="15"/>
<action no="4" player="Rakki" type="2" sum="30"/>
</round>
<round no="1"><cards type="Pocket" player="zzzzzzT1">X X</cards>
<cards type="Pocket" player="Rakki">C2 DA</cards>
<action no="5" player="zzzzzzT1" type="3" discard="1" dealt="1" sum="15"/>
<action no="6" player="Rakki" type="23" sum="445"/>
<action no="7" player="zzzzzzT1" type="0" discard="1" dealt="1" sum="0"/>
</round>
</game>
<game gamecode="6436475805"><general><startdate>2025-07-24 02:25:14</startdate>
<round>1</round>
<failsafecounter/>
<players><player seat="3" name="zzzzzzT1" chips="1,015" dealer="0" win="70" bet="1,015" muck="1" rebuy="0" addon="0" merge="0" rebuychips="0" reg_code="5049361322"/>
<player seat="6" name="Rakki" chips="485" dealer="1" win="0" bet="35" muck="1" rebuy="0" addon="0" merge="0" rebuychips="0" reg_code="5049361631"/>
</players>
</general>
<round no="0"><action no="1" player="Rakki" type="15" sum="5"/>
<action no="2" player="zzzzzzT1" type="15" discard="1" dealt="1" sum="5"/>
<action no="3" player="Rakki" type="1" sum="15"/>
<action no="4" player="zzzzzzT1" type="2" discard="1" dealt="1" sum="30"/>
</round>
<round no="1"><cards type="Pocket" player="zzzzzzT1">X X</cards>
<cards type="Pocket" player="Rakki">D9 HQ</cards>
<action no="5" player="Rakki" type="3" sum="15"/>
<action no="6" player="zzzzzzT1" type="23" discard="1" dealt="1" sum="1,010"/>
<action no="7" player="Rakki" type="0" sum="0"/>
</round>
</game>
<game gamecode="6436475828"><general><startdate>2025-07-24 02:25:27</startdate>
<round>1</round>
<failsafecounter/>
<players><player seat="6" name="Rakki" chips="450" dealer="0" win="0" bet="45" muck="1" rebuy="0" addon="0" merge="0" rebuychips="0" reg_code="5049361631"/>
<player seat="3" name="zzzzzzT1" chips="1,050" dealer="1" win="90" bet="1,050" muck="1" rebuy="0" addon="0" merge="0" rebuychips="0" reg_code="5049361322"/>
</players>
</general>
<round no="0"><action no="1" player="zzzzzzT1" type="15" discard="1" dealt="1" sum="5"/>
<action no="2" player="Rakki" type="15" sum="5"/>
<action no="3" player="zzzzzzT1" type="1" discard="1" dealt="1" sum="20"/>
<action no="4" player="Rakki" type="2" sum="40"/>
</round>
<round no="1"><cards type="Pocket" player="Rakki">D3 S7</cards>
<cards type="Pocket" player="zzzzzzT1">X X</cards>
<action no="5" player="zzzzzzT1" type="23" discard="1" dealt="1" sum="1,045"/>
<action no="6" player="Rakki" type="0" sum="0"/>
</round>
</game>
<game gamecode="6436475840"><general><startdate>2025-07-24 02:25:38</startdate>
<round>1</round>
<failsafecounter/>
<players><player seat="3" name="zzzzzzT1" chips="1,095" dealer="0" win="90" bet="1,095" muck="1" rebuy="0" addon="0" merge="0" rebuychips="0" reg_code="5049361322"/>
<player seat="6" name="Rakki" chips="405" dealer="1" win="0" bet="45" muck="1" rebuy="0" addon="0" merge="0" rebuychips="0" reg_code="5049361631"/>
</players>
</general>
<round no="0"><action no="1" player="Rakki" type="15" sum="5"/>
<action no="2" player="zzzzzzT1" type="15" discard="1" dealt="1" sum="5"/>
<action no="3" player="Rakki" type="1" sum="20"/>
<action no="4" player="zzzzzzT1" type="2" discard="1" dealt="1" sum="40"/>
</round>
<round no="1"><cards type="Pocket" player="zzzzzzT1">X X</cards>
<cards type="Pocket" player="Rakki">D9 H4</cards>
<action no="5" player="Rakki" type="3" sum="20"/>
<action no="6" player="zzzzzzT1" type="23" discard="1" dealt="1" sum="1,090"/>
<action no="7" player="Rakki" type="0" sum="0"/>
</round>
</game>
<game gamecode="6436475857"><general><startdate>2025-07-24 02:25:46</startdate>
<round>1</round>
<failsafecounter/>
<players><player seat="6" name="Rakki" chips="360" dealer="0" win="0" bet="360" muck="0" rebuy="0" addon="0" merge="0" rebuychips="0" reg_code="5049361631"/>
<player seat="3" name="zzzzzzT1" chips="1,140" dealer="1" win="720" bet="360" muck="0" rebuy="0" addon="0" merge="0" rebuychips="0" reg_code="5049361322"/>
</players>
</general>
<round no="0"><action no="1" player="zzzzzzT1" type="15" discard="1" dealt="1" sum="5"/>
<action no="2" player="Rakki" type="15" sum="5"/>
<action no="3" player="zzzzzzT1" type="1" discard="1" dealt="1" sum="20"/>
<action no="4" player="Rakki" type="2" sum="40"/>
</round>
<round no="1"><cards type="Pocket" player="Rakki">H3 C10</cards>
<cards type="Pocket" player="zzzzzzT1">HA SQ</cards>
<action no="5" player="zzzzzzT1" type="3" discard="1" dealt="1" sum="20"/>
<action no="6" player="Rakki" type="4" sum="0"/>
</round>
<round no="2"><cards type="Flop">D2 S5 S4</cards>
<action no="7" player="Rakki" type="4" sum="0"/>
<action no="8" player="zzzzzzT1" type="4" discard="1" dealt="1" sum="0"/>
</round>
<round no="3"><cards type="Turn">S7</cards>
<action no="9" player="Rakki" type="5" sum="90"/>
<action no="10" player="zzzzzzT1" type="3" discard="1" dealt="1" sum="90"/>
</round>
<round no="4"><cards type="River">C9</cards>
<action no="11" player="Rakki" type="5" sum="225"/>
<action no="12" player="zzzzzzT1" type="3" discard="1" dealt="1" sum="225"/>
</round>
</game>
</session>
