<?xml version="1.0" encoding="UTF-8"?>
<session sessioncode="5049538086">
<general>
<client_version>25.1.1.16</client_version>
<mode>real</mode>
<gametype>Holdem NL</gametype>
<tablename>Twister €100 SNG, 814578219</tablename>
<tournamentcode>814578218</tournamentcode>
<tournamentname>Twister €100 SNG</tournamentname>
<buyin>€0 + €7 + €93</buyin>
<totalbuyin>€100</totalbuyin>
<rewarddrawn>€200</rewarddrawn>
<tournamentcurrency>EUR</tournamentcurrency>
<currency>EUR</currency>
<nickname>Rakki</nickname>
<gamecount>7</gamecount>
<startdate>2025-07-25 00:36:46</startdate>
<place>2</place>
<win>€0</win>
<tablesize>3</tablesize>
</general>
<game gamecode="6437166338"><general><startdate>2025-07-25 00:37:01</startdate>
<round>1</round>
<failsafecounter/>
<players><player seat="10" name="Thechosenoonee" chips="500" dealer="0" win="480" bet="500" muck="1" rebuy="0" addon="0" merge="0" rebuychips="0" reg_code="5049538195"/>
<player seat="3" name="Nonloso6" chips="500" dealer="1" win="0" bet="0" muck="1" rebuy="0" addon="0" merge="0" rebuychips="0" reg_code="5049536898"/>
<player seat="6" name="Rakki" chips="500" dealer="0" win="0" bet="240" muck="1" rebuy="0" addon="0" merge="0" rebuychips="0" reg_code="5049538086"/>
</players>
</general>
<round no="0"><action no="1" player="Rakki" type="1" sum="10"/>
<action no="2" player="Thechosenoonee" type="2" discard="1" dealt="1" sum="20"/>
</round>
<round no="1"><cards type="Pocket" player="Thechosenoonee">X X</cards>
<cards type="Pocket" player="Nonloso6">X X</cards>
<cards type="Pocket" player="Rakki">C7 S8</cards>
<action no="3" player="Nonloso6" type="0" discard="1" dealt="1" sum="0"/>
<action no="4" player="Rakki" type="23" sum="60"/>
<action no="5" player="Thechosenoonee" type="3" discard="1" dealt="1" sum="40"/>
</round>
<round no="2"><cards type="Flop">D10 C5 C4</cards>
<action no="6" player="Rakki" type="5" sum="80"/>
<action no="7" player="Thechosenoonee" type="3" discard="1" dealt="1" sum="80"/>
</round>
<round no="3"><cards type="Turn">C3</cards>
<action no="8" player="Rakki" type="5" sum="100"/>
<action no="9" player="Thechosenoonee" type="23" discard="1" dealt="1" sum="360"/>
<action no="10" player="Rakki" type="0" sum="0"/>
</round>
</game>
<game gamecode="6437166439"><general><startdate>2025-07-25 00:37:51</startdate>
<round>1</round>
<failsafecounter/>
<players><player seat="3" name="Nonloso6" chips="500" dealer="0" win="0" bet="20" muck="1" rebuy="0" addon="0" merge="0" rebuychips="0" reg_code="5049536898"/>
<player seat="6" name="Rakki" chips="260" dealer="1" win="0" bet="0" muck="1" rebuy="0" addon="0" merge="0" rebuychips="0" reg_code="5049538086"/>
<player seat="10" name="Thechosenoonee" chips="740" dealer="0" win="40" bet="740" muck="1" rebuy="0" addon="0" merge="0" rebuychips="0" reg_code="5049538195"/>
</players>
</general>
<round no="0"><action no="1" player="Thechosenoonee" type="1" discard="1" dealt="1" sum="10"/>
<action no="2" player="Nonloso6" type="2" discard="1" dealt="1" sum="20"/>
</round>
<round no="1"><cards type="Pocket" player="Rakki">D2 C7</cards>
<cards type="Pocket" player="Thechosenoonee">X X</cards>
<cards type="Pocket" player="Nonloso6">X X</cards>
<action no="3" player="Rakki" type="0" sum="0"/>
<action no="4" player="Thechosenoonee" type="23" discard="1" dealt="1" sum="740"/>
<action no="5" player="Nonloso6" type="0" discard="1" dealt="1" sum="0"/>
</round>
</game>
<game gamecode="6437166461"><general><startdate>2025-07-25 00:38:04</startdate>
<round>1</round>
<failsafecounter/>
<players><player seat="6" name="Rakki" chips="260" dealer="0" win="20" bet="20" muck="1" rebuy="0" addon="0" merge="0" rebuychips="0" reg_code="5049538086"/>
<player seat="10" name="Thechosenoonee" chips="760" dealer="1" win="0" bet="0" muck="1" rebuy="0" addon="0" merge="0" rebuychips="0" reg_code="5049538195"/>
<player seat="3" name="Nonloso6" chips="480" dealer="0" win="0" bet="10" muck="1" rebuy="0" addon="0" merge="0" rebuychips="0" reg_code="5049536898"/>
</players>
</general>
<round no="0"><action no="1" player="Nonloso6" type="1" discard="1" dealt="1" sum="10"/>
<action no="2" player="Rakki" type="2" sum="20"/>
</round>
<round no="1"><cards type="Pocket" player="Rakki">H2 H4</cards>
<cards type="Pocket" player="Nonloso6">X X</cards>
<cards type="Pocket" player="Thechosenoonee">X X</cards>
<action no="3" player="Thechosenoonee" type="0" discard="1" dealt="1" sum="0"/>
<action no="4" player="Nonloso6" type="0" discard="1" dealt="1" sum="0"/>
</round>
</game>
<game gamecode="6437166493"><general><startdate>2025-07-25 00:38:20</startdate>
<round>1</round>
<failsafecounter/>
<players><player seat="10" name="Thechosenoonee" chips="760" dealer="0" win="0" bet="20" muck="1" rebuy="0" addon="0" merge="0" rebuychips="0" reg_code="5049538195"/>
<player seat="3" name="Nonloso6" chips="470" dealer="1" win="0" bet="0" muck="1" rebuy="0" addon="0" merge="0" rebuychips="0" reg_code="5049536898"/>
<player seat="6" name="Rakki" chips="270" dealer="0" win="40" bet="270" muck="1" rebuy="0" addon="0" merge="0" rebuychips="0" reg_code="5049538086"/>
</players>
</general>
<round no="0"><action no="1" player="Rakki" type="1" sum="10"/>
<action no="2" player="Thechosenoonee" type="2" discard="1" dealt="1" sum="20"/>
</round>
<round no="1"><cards type="Pocket" player="Thechosenoonee">X X</cards>
<cards type="Pocket" player="Nonloso6">X X</cards>
<cards type="Pocket" player="Rakki">S5 CA</cards>
<action no="3" player="Nonloso6" type="0" discard="1" dealt="1" sum="0"/>
<action no="4" player="Rakki" type="23" sum="270"/>
<action no="5" player="Thechosenoonee" type="0" discard="1" dealt="1" sum="0"/>
</round>
</game>
<game gamecode="6437166527"><general><startdate>2025-07-25 00:38:38</startdate>
<round>1</round>
<failsafecounter/>
<players><player seat="3" name="Nonloso6" chips="470" dealer="0" win="20" bet="20" muck="1" rebuy="0" addon="0" merge="0" rebuychips="0" reg_code="5049536898"/>
<player seat="6" name="Rakki" chips="290" dealer="1" win="0" bet="0" muck="1" rebuy="0" addon="0" merge="0" rebuychips="0" reg_code="5049538086"/>
<player seat="10" name="Thechosenoonee" chips="740" dealer="0" win="0" bet="10" muck="1" rebuy="0" addon="0" merge="0" rebuychips="0" reg_code="5049538195"/>
</players>
</general>
<round no="0"><action no="1" player="Thechosenoonee" type="1" discard="1" dealt="1" sum="10"/>
<action no="2" player="Nonloso6" type="2" discard="1" dealt="1" sum="20"/>
</round>
<round no="1"><cards type="Pocket" player="Rakki">C10 D4</cards>
<cards type="Pocket" player="Nonloso6">X X</cards>
<cards type="Pocket" player="Thechosenoonee">X X</cards>
<action no="3" player="Rakki" type="0" sum="0"/>
<action no="4" player="Thechosenoonee" type="0" discard="1" dealt="1" sum="0"/>
</round>
</game>
<game gamecode="6437166545"><general><startdate>2025-07-25 00:38:45</startdate>
<round>1</round>
<failsafecounter/>
<players><player seat="6" name="Rakki" chips="290" dealer="0" win="585" bet="290" muck="0" rebuy="0" addon="0" merge="0" rebuychips="0" reg_code="5049538086"/>
<player seat="10" name="Thechosenoonee" chips="730" dealer="1" win="0" bet="5" muck="1" rebuy="0" addon="0" merge="0" rebuychips="0" reg_code="5049538195"/>
<player seat="3" name="Nonloso6" chips="480" dealer="0" win="0" bet="480" muck="0" rebuy="0" addon="0" merge="0" rebuychips="0" reg_code="5049536898"/>
</players>
</general>
<round no="0"><action no="1" player="Nonloso6" type="15" discard="1" dealt="1" sum="5"/>
<action no="2" player="Rakki" type="15" sum="5"/>
<action no="3" player="Thechosenoonee" type="15" discard="1" dealt="1" sum="5"/>
<action no="4" player="Nonloso6" type="1" discard="1" dealt="1" sum="15"/>
<action no="5" player="Rakki" type="2" sum="30"/>
</round>
<round no="1"><cards type="Pocket" player="Thechosenoonee">X X</cards>
<cards type="Pocket" player="Nonloso6">S4 SJ</cards>
<cards type="Pocket" player="Rakki">S7 H7</cards>
<action no="6" player="Thechosenoonee" type="0" discard="1" dealt="1" sum="0"/>
<action no="7" player="Nonloso6" type="23" discard="1" dealt="1" sum="475"/>
<action no="8" player="Rakki" type="7" sum="255"/>
</round>
<round no="2"><cards type="Flop">H3 HJ C7</cards>
</round>
<round no="3"><cards type="Turn">C10</cards>
</round>
<round no="4"><cards type="River">HQ</cards>
</round>
</game>
<game gamecode="6437166579"><general><startdate>2025-07-25 00:39:06</startdate>
<round>1</round>
<failsafecounter/>
<players><player seat="10" name="Thechosenoonee" chips="725" dealer="0" win="1,360" bet="585" muck="0" rebuy="0" addon="0" merge="0" rebuychips="0" reg_code="5049538195"/>
<player seat="3" name="Nonloso6" chips="190" dealer="1" win="0" bet="190" muck="0" rebuy="0" addon="0" merge="0" rebuychips="0" reg_code="5049536898"/>
<player seat="6" name="Rakki" chips="585" dealer="0" win="0" bet="585" muck="1" rebuy="0" addon="0" merge="0" rebuychips="0" reg_code="5049538086"/>
</players>
</general>
<round no="0"><action no="1" player="Rakki" type="15" sum="5"/>
<action no="2" player="Thechosenoonee" type="15" discard="1" dealt="1" sum="5"/>
<action no="3" player="Nonloso6" type="15" discard="1" dealt="1" sum="5"/>
<action no="4" player="Rakki" type="1" sum="15"/>
<action no="5" player="Thechosenoonee" type="2" discard="1" dealt="1" sum="30"/>
</round>
<round no="1"><cards type="Pocket" player="Nonloso6">S6 C6</cards>
<cards type="Pocket" player="Rakki">DA DQ</cards>
<cards type="Pocket" player="Thechosenoonee">HK SA</cards>
<action no="6" player="Nonloso6" type="23" discard="1" dealt="1" sum="185"/>
<action no="7" player="Rakki" type="23" sum="580"/>
<action no="8" player="Thechosenoonee" type="3" discard="1" dealt="1" sum="550"/>
</round>
<round no="2"><cards type="Flop">CJ C9 H5</cards>
</round>
<round no="3"><cards type="Turn">H10</cards>
</round>
<round no="4"><cards type="River">SQ</cards>
</round>
</game>
</session>
