<?xml version="1.0" encoding="UTF-8"?>
<session sessioncode="5049688844">
<general>
<client_version>25.1.1.16</client_version>
<mode>real</mode>
<gametype>Holdem NL</gametype>
<tablename>Twister €100 SNG, 814621046</tablename>
<tournamentcode>814621045</tournamentcode>
<tournamentname>Twister €100 SNG</tournamentname>
<buyin>€0 + €7 + €93</buyin>
<totalbuyin>€100</totalbuyin>
<rewarddrawn>€300</rewarddrawn>
<tournamentcurrency>EUR</tournamentcurrency>
<currency>EUR</currency>
<nickname>Rakki</nickname>
<gamecount>23</gamecount>
<startdate>2025-07-25 21:43:42</startdate>
<place>2</place>
<win>€0</win>
<tablesize>3</tablesize>
</general>
<game gamecode="6437751462"><general><startdate>2025-07-25 21:43:58</startdate>
<round>1</round>
<failsafecounter/>
<players><player seat="6" name="Rakki" chips="500" dealer="0" win="0" bet="20" muck="1" rebuy="0" addon="0" merge="0" rebuychips="0" reg_code="5049688844"/>
<player seat="10" name="BiagioBiagio93" chips="500" dealer="1" win="0" bet="50" muck="1" rebuy="0" addon="0" merge="0" rebuychips="0" reg_code="5049688866"/>
<player seat="3" name="iICapo9" chips="500" dealer="0" win="120" bet="500" muck="1" rebuy="0" addon="0" merge="0" rebuychips="0" reg_code="5049688790"/>
</players>
</general>
<round no="0"><action no="1" player="iICapo9" type="1" discard="1" dealt="1" sum="10"/>
<action no="2" player="Rakki" type="2" sum="20"/>
</round>
<round no="1"><cards type="Pocket" player="Rakki">H9 D10</cards>
<cards type="Pocket" player="BiagioBiagio93">X X</cards>
<cards type="Pocket" player="iICapo9">X X</cards>
<action no="3" player="BiagioBiagio93" type="23" discard="1" dealt="1" sum="50"/>
<action no="4" player="iICapo9" type="23" discard="1" dealt="1" sum="500"/>
<action no="5" player="Rakki" type="0" sum="0"/>
<action no="6" player="BiagioBiagio93" type="0" discard="1" dealt="1" sum="0"/>
</round>
</game>
<game gamecode="6437751485"><general><startdate>2025-07-25 21:44:11</startdate>
<round>1</round>
<failsafecounter/>
<players><player seat="10" name="BiagioBiagio93" chips="450" dealer="0" win="0" bet="20" muck="1" rebuy="0" addon="0" merge="0" rebuychips="0" reg_code="5049688866"/>
<player seat="3" name="iICapo9" chips="570" dealer="1" win="0" bet="40" muck="1" rebuy="0" addon="0" merge="0" rebuychips="0" reg_code="5049688790"/>
<player seat="6" name="Rakki" chips="480" dealer="0" win="100" bet="480" muck="1" rebuy="0" addon="0" merge="0" rebuychips="0" reg_code="5049688844"/>
</players>
</general>
<round no="0"><action no="1" player="Rakki" type="1" sum="10"/>
<action no="2" player="BiagioBiagio93" type="2" discard="1" dealt="1" sum="20"/>
</round>
<round no="1"><cards type="Pocket" player="BiagioBiagio93">X X</cards>
<cards type="Pocket" player="Rakki">CQ CJ</cards>
<cards type="Pocket" player="iICapo9">X X</cards>
<action no="3" player="iICapo9" type="23" discard="1" dealt="1" sum="40"/>
<action no="4" player="Rakki" type="23" sum="480"/>
<action no="5" player="BiagioBiagio93" type="0" discard="1" dealt="1" sum="0"/>
<action no="6" player="iICapo9" type="0" discard="1" dealt="1" sum="0"/>
</round>
</game>
<game gamecode="6437751507"><general><startdate>2025-07-25 21:44:24</startdate>
<round>1</round>
<failsafecounter/>
<players><player seat="3" name="iICapo9" chips="530" dealer="0" win="0" bet="40" muck="1" rebuy="0" addon="0" merge="0" rebuychips="0" reg_code="5049688790"/>
<player seat="6" name="Rakki" chips="540" dealer="1" win="90" bet="80" muck="1" rebuy="0" addon="0" merge="0" rebuychips="0" reg_code="5049688844"/>
<player seat="10" name="BiagioBiagio93" chips="430" dealer="0" win="0" bet="10" muck="1" rebuy="0" addon="0" merge="0" rebuychips="0" reg_code="5049688866"/>
</players>
</general>
<round no="0"><action no="1" player="BiagioBiagio93" type="1" discard="1" dealt="1" sum="10"/>
<action no="2" player="iICapo9" type="2" discard="1" dealt="1" sum="20"/>
</round>
<round no="1"><cards type="Pocket" player="BiagioBiagio93">X X</cards>
<cards type="Pocket" player="Rakki">DA HK</cards>
<cards type="Pocket" player="iICapo9">X X</cards>
<action no="3" player="Rakki" type="23" sum="40"/>
<action no="4" player="BiagioBiagio93" type="0" discard="1" dealt="1" sum="0"/>
<action no="5" player="iICapo9" type="3" discard="1" dealt="1" sum="20"/>
</round>
<round no="2"><cards type="Flop">D8 CQ C2</cards>
<action no="6" player="iICapo9" type="4" discard="1" dealt="1" sum="0"/>
<action no="7" player="Rakki" type="5" sum="40"/>
<action no="8" player="iICapo9" type="0" discard="1" dealt="1" sum="0"/>
</round>
</game>
<game gamecode="6437751550"><general><startdate>2025-07-25 21:44:52</startdate>
<round>1</round>
<failsafecounter/>
<players><player seat="6" name="Rakki" chips="590" dealer="0" win="0" bet="20" muck="1" rebuy="0" addon="0" merge="0" rebuychips="0" reg_code="5049688844"/>
<player seat="10" name="BiagioBiagio93" chips="420" dealer="1" win="50" bet="50" muck="1" rebuy="0" addon="0" merge="0" rebuychips="0" reg_code="5049688866"/>
<player seat="3" name="iICapo9" chips="490" dealer="0" win="0" bet="10" muck="1" rebuy="0" addon="0" merge="0" rebuychips="0" reg_code="5049688790"/>
</players>
</general>
<round no="0"><action no="1" player="iICapo9" type="1" discard="1" dealt="1" sum="10"/>
<action no="2" player="Rakki" type="2" sum="20"/>
</round>
<round no="1"><cards type="Pocket" player="BiagioBiagio93">X X</cards>
<cards type="Pocket" player="Rakki">H3 H10</cards>
<cards type="Pocket" player="iICapo9">X X</cards>
<action no="3" player="BiagioBiagio93" type="23" discard="1" dealt="1" sum="50"/>
<action no="4" player="iICapo9" type="0" discard="1" dealt="1" sum="0"/>
<action no="5" player="Rakki" type="0" sum="0"/>
</round>
</game>
<game gamecode="6437751574"><general><startdate>2025-07-25 21:45:08</startdate>
<round>1</round>
<failsafecounter/>
<players><player seat="10" name="BiagioBiagio93" chips="450" dealer="0" win="20" bet="20" muck="1" rebuy="0" addon="0" merge="0" rebuychips="0" reg_code="5049688866"/>
<player seat="3" name="iICapo9" chips="480" dealer="1" win="0" bet="0" muck="1" rebuy="0" addon="0" merge="0" rebuychips="0" reg_code="5049688790"/>
<player seat="6" name="Rakki" chips="570" dealer="0" win="0" bet="10" muck="1" rebuy="0" addon="0" merge="0" rebuychips="0" reg_code="5049688844"/>
</players>
</general>
<round no="0"><action no="1" player="Rakki" type="1" sum="10"/>
<action no="2" player="BiagioBiagio93" type="2" discard="1" dealt="1" sum="20"/>
</round>
<round no="1"><cards type="Pocket" player="iICapo9">X X</cards>
<cards type="Pocket" player="Rakki">S4 C2</cards>
<cards type="Pocket" player="BiagioBiagio93">X X</cards>
<action no="3" player="iICapo9" type="0" discard="1" dealt="1" sum="0"/>
<action no="4" player="Rakki" type="0" sum="0"/>
</round>
</game>
<game gamecode="6437751587"><general><startdate>2025-07-25 21:45:18</startdate>
<round>1</round>
<failsafecounter/>
<players><player seat="3" name="iICapo9" chips="480" dealer="0" win="0" bet="69" muck="1" rebuy="0" addon="0" merge="0" rebuychips="0" reg_code="5049688790"/>
<player seat="6" name="Rakki" chips="560" dealer="1" win="148" bet="69" muck="0" rebuy="0" addon="0" merge="0" rebuychips="0" reg_code="5049688844"/>
<player seat="10" name="BiagioBiagio93" chips="460" dealer="0" win="0" bet="10" muck="1" rebuy="0" addon="0" merge="0" rebuychips="0" reg_code="5049688866"/>
</players>
</general>
<round no="0"><action no="1" player="BiagioBiagio93" type="1" discard="1" dealt="1" sum="10"/>
<action no="2" player="iICapo9" type="2" discard="1" dealt="1" sum="20"/>
</round>
<round no="1"><cards type="Pocket" player="Rakki">H10 SK</cards>
<cards type="Pocket" player="iICapo9">SA C6</cards>
<cards type="Pocket" player="BiagioBiagio93">X X</cards>
<action no="3" player="Rakki" type="23" sum="40"/>
<action no="4" player="BiagioBiagio93" type="0" discard="1" dealt="1" sum="0"/>
<action no="5" player="iICapo9" type="3" discard="1" dealt="1" sum="20"/>
</round>
<round no="2"><cards type="Flop">DQ S6 D10</cards>
<action no="6" player="iICapo9" type="4" discard="1" dealt="1" sum="0"/>
<action no="7" player="Rakki" type="5" sum="29"/>
<action no="8" player="iICapo9" type="3" discard="1" dealt="1" sum="29"/>
</round>
<round no="3"><cards type="Turn">DJ</cards>
<action no="9" player="iICapo9" type="4" discard="1" dealt="1" sum="0"/>
<action no="10" player="Rakki" type="4" sum="0"/>
</round>
<round no="4"><cards type="River">S4</cards>
<action no="11" player="iICapo9" type="4" discard="1" dealt="1" sum="0"/>
<action no="12" player="Rakki" type="4" sum="0"/>
</round>
</game>
<game gamecode="6437751620"><general><startdate>2025-07-25 21:45:46</startdate>
<round>1</round>
<failsafecounter/>
<players><player seat="6" name="Rakki" chips="639" dealer="0" win="0" bet="35" muck="1" rebuy="0" addon="0" merge="0" rebuychips="0" reg_code="5049688844"/>
<player seat="10" name="BiagioBiagio93" chips="450" dealer="1" win="90" bet="80" muck="1" rebuy="0" addon="0" merge="0" rebuychips="0" reg_code="5049688866"/>
<player seat="3" name="iICapo9" chips="411" dealer="0" win="0" bet="20" muck="1" rebuy="0" addon="0" merge="0" rebuychips="0" reg_code="5049688790"/>
</players>
</general>
<round no="0"><action no="1" player="iICapo9" type="15" discard="1" dealt="1" sum="5"/>
<action no="2" player="Rakki" type="15" sum="5"/>
<action no="3" player="BiagioBiagio93" type="15" discard="1" dealt="1" sum="5"/>
<action no="4" player="iICapo9" type="1" discard="1" dealt="1" sum="15"/>
<action no="5" player="Rakki" type="2" sum="30"/>
</round>
<round no="1"><cards type="Pocket" player="iICapo9">X X</cards>
<cards type="Pocket" player="BiagioBiagio93">X X</cards>
<cards type="Pocket" player="Rakki">D4 HJ</cards>
<action no="6" player="BiagioBiagio93" type="23" discard="1" dealt="1" sum="75"/>
<action no="7" player="iICapo9" type="0" discard="1" dealt="1" sum="0"/>
<action no="8" player="Rakki" type="0" sum="0"/>
</round>
</game>
<game gamecode="6437751635"><general><startdate>2025-07-25 21:45:57</startdate>
<round>1</round>
<failsafecounter/>
<players><player seat="10" name="BiagioBiagio93" chips="505" dealer="0" win="0" bet="35" muck="1" rebuy="0" addon="0" merge="0" rebuychips="0" reg_code="5049688866"/>
<player seat="3" name="iICapo9" chips="391" dealer="1" win="0" bet="5" muck="1" rebuy="0" addon="0" merge="0" rebuychips="0" reg_code="5049688790"/>
<player seat="6" name="Rakki" chips="604" dealer="0" win="75" bet="72" muck="1" rebuy="0" addon="0" merge="0" rebuychips="0" reg_code="5049688844"/>
</players>
</general>
<round no="0"><action no="1" player="Rakki" type="15" sum="5"/>
<action no="2" player="BiagioBiagio93" type="15" discard="1" dealt="1" sum="5"/>
<action no="3" player="iICapo9" type="15" discard="1" dealt="1" sum="5"/>
<action no="4" player="Rakki" type="1" sum="15"/>
<action no="5" player="BiagioBiagio93" type="2" discard="1" dealt="1" sum="30"/>
</round>
<round no="1"><cards type="Pocket" player="BiagioBiagio93">X X</cards>
<cards type="Pocket" player="Rakki">HJ H5</cards>
<cards type="Pocket" player="iICapo9">X X</cards>
<action no="6" player="iICapo9" type="0" discard="1" dealt="1" sum="0"/>
<action no="7" player="Rakki" type="3" sum="15"/>
<action no="8" player="BiagioBiagio93" type="4" discard="1" dealt="1" sum="0"/>
</round>
<round no="2"><cards type="Flop">D8 DJ S8</cards>
<action no="9" player="Rakki" type="4" sum="0"/>
<action no="10" player="BiagioBiagio93" type="4" discard="1" dealt="1" sum="0"/>
</round>
<round no="3"><cards type="Turn">C8</cards>
<action no="11" player="Rakki" type="5" sum="37"/>
<action no="12" player="BiagioBiagio93" type="0" discard="1" dealt="1" sum="0"/>
</round>
</game>
<game gamecode="6437751678"><general><startdate>2025-07-25 21:46:34</startdate>
<round>1</round>
<failsafecounter/>
<players><player seat="3" name="iICapo9" chips="386" dealer="0" win="45" bet="35" muck="1" rebuy="0" addon="0" merge="0" rebuychips="0" reg_code="5049688790"/>
<player seat="6" name="Rakki" chips="644" dealer="1" win="0" bet="5" muck="1" rebuy="0" addon="0" merge="0" rebuychips="0" reg_code="5049688844"/>
<player seat="10" name="BiagioBiagio93" chips="470" dealer="0" win="0" bet="20" muck="1" rebuy="0" addon="0" merge="0" rebuychips="0" reg_code="5049688866"/>
</players>
</general>
<round no="0"><action no="1" player="BiagioBiagio93" type="15" discard="1" dealt="1" sum="5"/>
<action no="2" player="iICapo9" type="15" discard="1" dealt="1" sum="5"/>
<action no="3" player="Rakki" type="15" sum="5"/>
<action no="4" player="BiagioBiagio93" type="1" discard="1" dealt="1" sum="15"/>
<action no="5" player="iICapo9" type="2" discard="1" dealt="1" sum="30"/>
</round>
<round no="1"><cards type="Pocket" player="iICapo9">X X</cards>
<cards type="Pocket" player="Rakki">D6 C2</cards>
<cards type="Pocket" player="BiagioBiagio93">X X</cards>
<action no="6" player="Rakki" type="0" sum="0"/>
<action no="7" player="BiagioBiagio93" type="0" discard="1" dealt="1" sum="0"/>
</round>
</game>
<game gamecode="6437751688"><general><startdate>2025-07-25 21:46:43</startdate>
<round>1</round>
<failsafecounter/>
<players><player seat="6" name="Rakki" chips="639" dealer="0" win="0" bet="35" muck="1" rebuy="0" addon="0" merge="0" rebuychips="0" reg_code="5049688844"/>
<player seat="10" name="BiagioBiagio93" chips="450" dealer="1" win="90" bet="80" muck="1" rebuy="0" addon="0" merge="0" rebuychips="0" reg_code="5049688866"/>
<player seat="3" name="iICapo9" chips="411" dealer="0" win="0" bet="20" muck="1" rebuy="0" addon="0" merge="0" rebuychips="0" reg_code="5049688790"/>
</players>
</general>
<round no="0"><action no="1" player="iICapo9" type="15" discard="1" dealt="1" sum="5"/>
<action no="2" player="Rakki" type="15" sum="5"/>
<action no="3" player="BiagioBiagio93" type="15" discard="1" dealt="1" sum="5"/>
<action no="4" player="iICapo9" type="1" discard="1" dealt="1" sum="15"/>
<action no="5" player="Rakki" type="2" sum="30"/>
</round>
<round no="1"><cards type="Pocket" player="Rakki">S7 D5</cards>
<cards type="Pocket" player="iICapo9">X X</cards>
<cards type="Pocket" player="BiagioBiagio93">X X</cards>
<action no="6" player="BiagioBiagio93" type="23" discard="1" dealt="1" sum="75"/>
<action no="7" player="iICapo9" type="0" discard="1" dealt="1" sum="0"/>
<action no="8" player="Rakki" type="0" sum="0"/>
</round>
</game>
<game gamecode="6437751709"><general><startdate>2025-07-25 21:46:59</startdate>
<round>1</round>
<failsafecounter/>
<players><player seat="10" name="BiagioBiagio93" chips="505" dealer="0" win="75" bet="65" muck="1" rebuy="0" addon="0" merge="0" rebuychips="0" reg_code="5049688866"/>
<player seat="3" name="iICapo9" chips="391" dealer="1" win="0" bet="5" muck="1" rebuy="0" addon="0" merge="0" rebuychips="0" reg_code="5049688790"/>
<player seat="6" name="Rakki" chips="604" dealer="0" win="0" bet="35" muck="1" rebuy="0" addon="0" merge="0" rebuychips="0" reg_code="5049688844"/>
</players>
</general>
<round no="0"><action no="1" player="Rakki" type="15" sum="5"/>
<action no="2" player="BiagioBiagio93" type="15" discard="1" dealt="1" sum="5"/>
<action no="3" player="iICapo9" type="15" discard="1" dealt="1" sum="5"/>
<action no="4" player="Rakki" type="1" sum="15"/>
<action no="5" player="BiagioBiagio93" type="2" discard="1" dealt="1" sum="30"/>
</round>
<round no="1"><cards type="Pocket" player="iICapo9">X X</cards>
<cards type="Pocket" player="BiagioBiagio93">X X</cards>
<cards type="Pocket" player="Rakki">H5 CJ</cards>
<action no="6" player="iICapo9" type="0" discard="1" dealt="1" sum="0"/>
<action no="7" player="Rakki" type="3" sum="15"/>
<action no="8" player="BiagioBiagio93" type="4" discard="1" dealt="1" sum="0"/>
</round>
<round no="2"><cards type="Flop">S6 S4 SK</cards>
<action no="9" player="Rakki" type="4" sum="0"/>
<action no="10" player="BiagioBiagio93" type="5" discard="1" dealt="1" sum="30"/>
<action no="11" player="Rakki" type="0" sum="0"/>
</round>
</game>
<game gamecode="6437751735"><general><startdate>2025-07-25 21:47:21</startdate>
<round>1</round>
<failsafecounter/>
<players><player seat="3" name="iICapo9" chips="386" dealer="0" win="0" bet="45" muck="1" rebuy="0" addon="0" merge="0" rebuychips="0" reg_code="5049688790"/>
<player seat="6" name="Rakki" chips="569" dealer="1" win="115" bet="569" muck="1" rebuy="0" addon="0" merge="0" rebuychips="0" reg_code="5049688844"/>
<player seat="10" name="BiagioBiagio93" chips="545" dealer="0" win="0" bet="25" muck="1" rebuy="0" addon="0" merge="0" rebuychips="0" reg_code="5049688866"/>
</players>
</general>
<round no="0"><action no="1" player="BiagioBiagio93" type="15" discard="1" dealt="1" sum="5"/>
<action no="2" player="iICapo9" type="15" discard="1" dealt="1" sum="5"/>
<action no="3" player="Rakki" type="15" sum="5"/>
<action no="4" player="BiagioBiagio93" type="1" discard="1" dealt="1" sum="20"/>
<action no="5" player="iICapo9" type="2" discard="1" dealt="1" sum="40"/>
</round>
<round no="1"><cards type="Pocket" player="Rakki">DA HQ</cards>
<cards type="Pocket" player="BiagioBiagio93">X X</cards>
<cards type="Pocket" player="iICapo9">X X</cards>
<action no="6" player="Rakki" type="23" sum="564"/>
<action no="7" player="BiagioBiagio93" type="0" discard="1" dealt="1" sum="0"/>
<action no="8" player="iICapo9" type="0" discard="1" dealt="1" sum="0"/>
</round>
</game>
<game gamecode="6437751758"><general><startdate>2025-07-25 21:47:43</startdate>
<round>1</round>
<failsafecounter/>
<players><player seat="6" name="Rakki" chips="639" dealer="0" win="0" bet="639" muck="1" rebuy="0" addon="0" merge="0" rebuychips="0" reg_code="5049688844"/>
<player seat="10" name="BiagioBiagio93" chips="520" dealer="1" win="0" bet="105" muck="1" rebuy="0" addon="0" merge="0" rebuychips="0" reg_code="5049688866"/>
<player seat="3" name="iICapo9" chips="341" dealer="0" win="787" bet="341" muck="0" rebuy="0" addon="0" merge="0" rebuychips="0" reg_code="5049688790"/>
</players>
</general>
<round no="0"><action no="1" player="iICapo9" type="15" discard="1" dealt="1" sum="5"/>
<action no="2" player="Rakki" type="15" sum="5"/>
<action no="3" player="BiagioBiagio93" type="15" discard="1" dealt="1" sum="5"/>
<action no="4" player="iICapo9" type="1" discard="1" dealt="1" sum="20"/>
<action no="5" player="Rakki" type="2" sum="40"/>
</round>
<round no="1"><cards type="Pocket" player="BiagioBiagio93">X X</cards>
<cards type="Pocket" player="iICapo9">SQ HK</cards>
<cards type="Pocket" player="Rakki">C10 CJ</cards>
<action no="6" player="BiagioBiagio93" type="23" discard="1" dealt="1" sum="100"/>
<action no="7" player="iICapo9" type="23" discard="1" dealt="1" sum="336"/>
<action no="8" player="Rakki" type="23" sum="634"/>
<action no="9" player="BiagioBiagio93" type="0" discard="1" dealt="1" sum="0"/>
</round>
<round no="2"><cards type="Flop">HJ SK HQ</cards>
</round>
<round no="3"><cards type="Turn">CQ</cards>
</round>
<round no="4"><cards type="River">C6</cards>
</round>
</game>
<game gamecode="6437751799"><general><startdate>2025-07-25 21:48:18</startdate>
<round>1</round>
<failsafecounter/>
<players><player seat="10" name="BiagioBiagio93" chips="415" dealer="0" win="0" bet="45" muck="1" rebuy="0" addon="0" merge="0" rebuychips="0" reg_code="5049688866"/>
<player seat="3" name="iICapo9" chips="787" dealer="1" win="0" bet="787" muck="0" rebuy="0" addon="0" merge="0" rebuychips="0" reg_code="5049688790"/>
<player seat="6" name="Rakki" chips="298" dealer="0" win="641" bet="298" muck="0" rebuy="0" addon="0" merge="0" rebuychips="0" reg_code="5049688844"/>
</players>
</general>
<round no="0"><action no="1" player="Rakki" type="15" sum="5"/>
<action no="2" player="BiagioBiagio93" type="15" discard="1" dealt="1" sum="5"/>
<action no="3" player="iICapo9" type="15" discard="1" dealt="1" sum="5"/>
<action no="4" player="Rakki" type="1" sum="20"/>
<action no="5" player="BiagioBiagio93" type="2" discard="1" dealt="1" sum="40"/>
</round>
<round no="1"><cards type="Pocket" player="BiagioBiagio93">X X</cards>
<cards type="Pocket" player="iICapo9">CA S7</cards>
<cards type="Pocket" player="Rakki">SK D10</cards>
<action no="6" player="iICapo9" type="23" discard="1" dealt="1" sum="782"/>
<action no="7" player="Rakki" type="7" sum="273"/>
<action no="8" player="BiagioBiagio93" type="0" discard="1" dealt="1" sum="0"/>
</round>
<round no="2"><cards type="Flop">HK C2 DK</cards>
</round>
<round no="3"><cards type="Turn">DA</cards>
</round>
<round no="4"><cards type="River">CK</cards>
</round>
</game>
<game gamecode="6437751822"><general><startdate>2025-07-25 21:48:39</startdate>
<round>1</round>
<failsafecounter/>
<players><player seat="3" name="iICapo9" chips="489" dealer="0" win="55" bet="45" muck="1" rebuy="0" addon="0" merge="0" rebuychips="0" reg_code="5049688790"/>
<player seat="6" name="Rakki" chips="641" dealer="1" win="0" bet="5" muck="1" rebuy="0" addon="0" merge="0" rebuychips="0" reg_code="5049688844"/>
<player seat="10" name="BiagioBiagio93" chips="370" dealer="0" win="0" bet="25" muck="1" rebuy="0" addon="0" merge="0" rebuychips="0" reg_code="5049688866"/>
</players>
</general>
<round no="0"><action no="1" player="BiagioBiagio93" type="15" discard="1" dealt="1" sum="5"/>
<action no="2" player="iICapo9" type="15" discard="1" dealt="1" sum="5"/>
<action no="3" player="Rakki" type="15" sum="5"/>
<action no="4" player="BiagioBiagio93" type="1" discard="1" dealt="1" sum="20"/>
<action no="5" player="iICapo9" type="2" discard="1" dealt="1" sum="40"/>
</round>
<round no="1"><cards type="Pocket" player="Rakki">H8 SK</cards>
<cards type="Pocket" player="BiagioBiagio93">X X</cards>
<cards type="Pocket" player="iICapo9">X X</cards>
<action no="6" player="Rakki" type="0" sum="0"/>
<action no="7" player="BiagioBiagio93" type="0" discard="1" dealt="1" sum="0"/>
</round>
</game>
<game gamecode="6437751830"><general><startdate>2025-07-25 21:48:47</startdate>
<round>1</round>
<failsafecounter/>
<players><player seat="6" name="Rakki" chips="636" dealer="0" win="0" bet="45" muck="1" rebuy="0" addon="0" merge="0" rebuychips="0" reg_code="5049688844"/>
<player seat="10" name="BiagioBiagio93" chips="345" dealer="1" win="0" bet="5" muck="1" rebuy="0" addon="0" merge="0" rebuychips="0" reg_code="5049688866"/>
<player seat="3" name="iICapo9" chips="519" dealer="0" win="95" bet="519" muck="1" rebuy="0" addon="0" merge="0" rebuychips="0" reg_code="5049688790"/>
</players>
</general>
<round no="0"><action no="1" player="iICapo9" type="15" discard="1" dealt="1" sum="5"/>
<action no="2" player="Rakki" type="15" sum="5"/>
<action no="3" player="BiagioBiagio93" type="15" discard="1" dealt="1" sum="5"/>
<action no="4" player="iICapo9" type="1" discard="1" dealt="1" sum="20"/>
<action no="5" player="Rakki" type="2" sum="40"/>
</round>
<round no="1"><cards type="Pocket" player="iICapo9">X X</cards>
<cards type="Pocket" player="BiagioBiagio93">X X</cards>
<cards type="Pocket" player="Rakki">C7 C3</cards>
<action no="6" player="BiagioBiagio93" type="0" discard="1" dealt="1" sum="0"/>
<action no="7" player="iICapo9" type="23" discard="1" dealt="1" sum="514"/>
<action no="8" player="Rakki" type="0" sum="0"/>
</round>
</game>
<game gamecode="6437751839"><general><startdate>2025-07-25 21:48:58</startdate>
<round>1</round>
<failsafecounter/>
<players><player seat="10" name="BiagioBiagio93" chips="340" dealer="0" win="0" bet="340" muck="0" rebuy="0" addon="0" merge="0" rebuychips="0" reg_code="5049688866"/>
<player seat="3" name="iICapo9" chips="569" dealer="1" win="715" bet="340" muck="0" rebuy="0" addon="0" merge="0" rebuychips="0" reg_code="5049688790"/>
<player seat="6" name="Rakki" chips="591" dealer="0" win="0" bet="35" muck="1" rebuy="0" addon="0" merge="0" rebuychips="0" reg_code="5049688844"/>
</players>
</general>
<round no="0"><action no="1" player="Rakki" type="15" sum="5"/>
<action no="2" player="BiagioBiagio93" type="15" discard="1" dealt="1" sum="5"/>
<action no="3" player="iICapo9" type="15" discard="1" dealt="1" sum="5"/>
<action no="4" player="Rakki" type="1" sum="30"/>
<action no="5" player="BiagioBiagio93" type="2" discard="1" dealt="1" sum="60"/>
</round>
<round no="1"><cards type="Pocket" player="iICapo9">CQ SQ</cards>
<cards type="Pocket" player="Rakki">HJ D3</cards>
<cards type="Pocket" player="BiagioBiagio93">C9 HQ</cards>
<action no="6" player="iICapo9" type="3" discard="1" dealt="1" sum="60"/>
<action no="7" player="Rakki" type="0" sum="0"/>
<action no="8" player="BiagioBiagio93" type="23" discard="1" dealt="1" sum="335"/>
<action no="9" player="iICapo9" type="3" discard="1" dealt="1" sum="275"/>
</round>
<round no="2"><cards type="Flop">D9 H3 H2</cards>
</round>
<round no="3"><cards type="Turn">DJ</cards>
</round>
<round no="4"><cards type="River">S10</cards>
</round>
</game>
<game gamecode="6437751865"><general><startdate>2025-07-25 21:49:26</startdate>
<round>1</round>
<failsafecounter/>
<players><player seat="3" name="iICapo9" chips="944" dealer="0" win="70" bet="65" muck="1" rebuy="0" addon="0" merge="0" rebuychips="0" reg_code="5049688790"/>
<player seat="6" name="Rakki" chips="556" dealer="1" win="0" bet="35" muck="1" rebuy="0" addon="0" merge="0" rebuychips="0" reg_code="5049688844"/>
</players>
</general>
<round no="0"><action no="1" player="Rakki" type="15" sum="5"/>
<action no="2" player="iICapo9" type="15" discard="1" dealt="1" sum="5"/>
<action no="3" player="Rakki" type="1" sum="30"/>
<action no="4" player="iICapo9" type="2" discard="1" dealt="1" sum="60"/>
</round>
<round no="1"><cards type="Pocket" player="Rakki">S3 H9</cards>
<cards type="Pocket" player="iICapo9">X X</cards>
<action no="5" player="Rakki" type="0" sum="0"/>
</round>
</game>
<game gamecode="6437751873"><general><startdate>2025-07-25 21:49:31</startdate>
<round>1</round>
<failsafecounter/>
<players><player seat="6" name="Rakki" chips="521" dealer="0" win="0" bet="65" muck="1" rebuy="0" addon="0" merge="0" rebuychips="0" reg_code="5049688844"/>
<player seat="3" name="iICapo9" chips="979" dealer="1" win="130" bet="192" muck="1" rebuy="0" addon="0" merge="0" rebuychips="0" reg_code="5049688790"/>
</players>
</general>
<round no="0"><action no="1" player="iICapo9" type="15" discard="1" dealt="1" sum="5"/>
<action no="2" player="Rakki" type="15" sum="5"/>
<action no="3" player="iICapo9" type="1" discard="1" dealt="1" sum="30"/>
<action no="4" player="Rakki" type="2" sum="60"/>
</round>
<round no="1"><cards type="Pocket" player="Rakki">SJ S8</cards>
<cards type="Pocket" player="iICapo9">X X</cards>
<action no="5" player="iICapo9" type="3" discard="1" dealt="1" sum="30"/>
<action no="6" player="Rakki" type="4" sum="0"/>
</round>
<round no="2"><cards type="Flop">DA D3 S7</cards>
<action no="7" player="Rakki" type="4" sum="0"/>
<action no="8" player="iICapo9" type="5" discard="1" dealt="1" sum="127"/>
<action no="9" player="Rakki" type="0" sum="0"/>
</round>
</game>
<game gamecode="6437751904"><general><startdate>2025-07-25 21:49:57</startdate>
<round>1</round>
<failsafecounter/>
<players><player seat="3" name="iICapo9" chips="1,044" dealer="0" win="70" bet="65" muck="1" rebuy="0" addon="0" merge="0" rebuychips="0" reg_code="5049688790"/>
<player seat="6" name="Rakki" chips="456" dealer="1" win="0" bet="35" muck="1" rebuy="0" addon="0" merge="0" rebuychips="0" reg_code="5049688844"/>
</players>
</general>
<round no="0"><action no="1" player="Rakki" type="15" sum="5"/>
<action no="2" player="iICapo9" type="15" discard="1" dealt="1" sum="5"/>
<action no="3" player="Rakki" type="1" sum="30"/>
<action no="4" player="iICapo9" type="2" discard="1" dealt="1" sum="60"/>
</round>
<round no="1"><cards type="Pocket" player="Rakki">S2 C5</cards>
<cards type="Pocket" player="iICapo9">X X</cards>
<action no="5" player="Rakki" type="0" sum="0"/>
</round>
</game>
<game gamecode="6437751913"><general><startdate>2025-07-25 21:50:02</startdate>
<round>1</round>
<failsafecounter/>
<players><player seat="6" name="Rakki" chips="421" dealer="0" win="421" bet="421" muck="0" rebuy="0" addon="0" merge="0" rebuychips="0" reg_code="5049688844"/>
<player seat="3" name="iICapo9" chips="1,079" dealer="1" win="421" bet="1,079" muck="0" rebuy="0" addon="0" merge="0" rebuychips="0" reg_code="5049688790"/>
</players>
</general>
<round no="0"><action no="1" player="iICapo9" type="15" discard="1" dealt="1" sum="5"/>
<action no="2" player="Rakki" type="15" sum="5"/>
<action no="3" player="iICapo9" type="1" discard="1" dealt="1" sum="30"/>
<action no="4" player="Rakki" type="2" sum="60"/>
</round>
<round no="1"><cards type="Pocket" player="Rakki">SA D3</cards>
<cards type="Pocket" player="iICapo9">C3 H3</cards>
<action no="5" player="iICapo9" type="23" discard="1" dealt="1" sum="1,074"/>
<action no="6" player="Rakki" type="7" sum="356"/>
</round>
<round no="2"><cards type="Flop">H4 CJ D5</cards>
</round>
<round no="3"><cards type="Turn">HA</cards>
</round>
<round no="4"><cards type="River">D2</cards>
</round>
</game>
<game gamecode="6437751933"><general><startdate>2025-07-25 21:50:21</startdate>
<round>1</round>
<failsafecounter/>
<players><player seat="3" name="iICapo9" chips="1,079" dealer="0" win="70" bet="65" muck="1" rebuy="0" addon="0" merge="0" rebuychips="0" reg_code="5049688790"/>
<player seat="6" name="Rakki" chips="421" dealer="1" win="0" bet="35" muck="1" rebuy="0" addon="0" merge="0" rebuychips="0" reg_code="5049688844"/>
</players>
</general>
<round no="0"><action no="1" player="Rakki" type="15" sum="5"/>
<action no="2" player="iICapo9" type="15" discard="1" dealt="1" sum="5"/>
<action no="3" player="Rakki" type="1" sum="30"/>
<action no="4" player="iICapo9" type="2" discard="1" dealt="1" sum="60"/>
</round>
<round no="1"><cards type="Pocket" player="iICapo9">X X</cards>
<cards type="Pocket" player="Rakki">DJ S2</cards>
<action no="5" player="Rakki" type="0" sum="0"/>
</round>
</game>
<game gamecode="6437751941"><general><startdate>2025-07-25 21:50:28</startdate>
<round>1</round>
<failsafecounter/>
<players><player seat="6" name="Rakki" chips="386" dealer="0" win="0" bet="386" muck="1" rebuy="0" addon="0" merge="0" rebuychips="0" reg_code="5049688844"/>
<player seat="3" name="iICapo9" chips="1,114" dealer="1" win="772" bet="1,114" muck="0" rebuy="0" addon="0" merge="0" rebuychips="0" reg_code="5049688790"/>
</players>
</general>
<round no="0"><action no="1" player="iICapo9" type="15" discard="1" dealt="1" sum="5"/>
<action no="2" player="Rakki" type="15" sum="5"/>
<action no="3" player="iICapo9" type="1" discard="1" dealt="1" sum="30"/>
<action no="4" player="Rakki" type="2" sum="60"/>
</round>
<round no="1"><cards type="Pocket" player="Rakki">DA C10</cards>
<cards type="Pocket" player="iICapo9">D9 S7</cards>
<action no="5" player="iICapo9" type="23" discard="1" dealt="1" sum="1,109"/>
<action no="6" player="Rakki" type="7" sum="321"/>
</round>
<round no="2"><cards type="Flop">C5 H2 H7</cards>
</round>
<round no="3"><cards type="Turn">HQ</cards>
</round>
<round no="4"><cards type="River">D6</cards>
</round>
</game>
</session>
