<?xml version="1.0" encoding="UTF-8"?>
<session sessioncode="5049142487">
<general>
<client_version>25.1.1.16</client_version>
<mode>real</mode>
<gametype>Holdem NL</gametype>
<tablename>Twister €50 SNG, 814462590</tablename>
<tournamentcode>814462589</tournamentcode>
<tournamentname>Twister €50 SNG</tournamentname>
<buyin>€0 + €3.50 + €46.50</buyin>
<totalbuyin>€50</totalbuyin>
<rewarddrawn>€150</rewarddrawn>
<tournamentcurrency>EUR</tournamentcurrency>
<currency>EUR</currency>
<nickname>Rakki</nickname>
<gamecount>22</gamecount>
<startdate>2025-07-23 01:05:20</startdate>
<place>1</place>
<win>€150</win>
<tablesize>3</tablesize>
</general>
<game gamecode="6435570093"><general><startdate>2025-07-23 01:05:36</startdate>
<round>1</round>
<failsafecounter/>
<players><player seat="3" name="1Lmaestr0" chips="500" dealer="0" win="0" bet="20" muck="1" rebuy="0" addon="0" merge="0" rebuychips="0" reg_code="5049142402"/>
<player seat="6" name="Rakki" chips="500" dealer="1" win="50" bet="40" muck="1" rebuy="0" addon="0" merge="0" rebuychips="0" reg_code="5049142487"/>
<player seat="10" name="M31st3rTAsKdp33" chips="500" dealer="0" win="0" bet="10" muck="1" rebuy="0" addon="0" merge="0" rebuychips="0" reg_code="5049142528"/>
</players>
</general>
<round no="0"><action no="1" player="M31st3rTAsKdp33" type="1" discard="1" dealt="1" sum="10"/>
<action no="2" player="1Lmaestr0" type="2" discard="1" dealt="1" sum="20"/>
</round>
<round no="1"><cards type="Pocket" player="1Lmaestr0">X X</cards>
<cards type="Pocket" player="M31st3rTAsKdp33">X X</cards>
<cards type="Pocket" player="Rakki">DA D8</cards>
<action no="3" player="Rakki" type="23" sum="40"/>
<action no="4" player="M31st3rTAsKdp33" type="0" discard="1" dealt="1" sum="0"/>
<action no="5" player="1Lmaestr0" type="0" discard="1" dealt="1" sum="0"/>
</round>
</game>
<game gamecode="6435570123"><general><startdate>2025-07-23 01:05:46</startdate>
<round>1</round>
<failsafecounter/>
<players><player seat="6" name="Rakki" chips="530" dealer="0" win="0" bet="20" muck="1" rebuy="0" addon="0" merge="0" rebuychips="0" reg_code="5049142487"/>
<player seat="10" name="M31st3rTAsKdp33" chips="490" dealer="1" win="0" bet="40" muck="1" rebuy="0" addon="0" merge="0" rebuychips="0" reg_code="5049142528"/>
<player seat="3" name="1Lmaestr0" chips="480" dealer="0" win="100" bet="100" muck="1" rebuy="0" addon="0" merge="0" rebuychips="0" reg_code="5049142402"/>
</players>
</general>
<round no="0"><action no="1" player="1Lmaestr0" type="1" discard="1" dealt="1" sum="10"/>
<action no="2" player="Rakki" type="2" sum="20"/>
</round>
<round no="1"><cards type="Pocket" player="M31st3rTAsKdp33">X X</cards>
<cards type="Pocket" player="1Lmaestr0">X X</cards>
<cards type="Pocket" player="Rakki">H2 HA</cards>
<action no="3" player="M31st3rTAsKdp33" type="23" discard="1" dealt="1" sum="40"/>
<action no="4" player="1Lmaestr0" type="23" discard="1" dealt="1" sum="100"/>
<action no="5" player="Rakki" type="0" sum="0"/>
<action no="6" player="M31st3rTAsKdp33" type="0" discard="1" dealt="1" sum="0"/>
</round>
</game>
<game gamecode="6435570173"><general><startdate>2025-07-23 01:06:02</startdate>
<round>1</round>
<failsafecounter/>
<players><player seat="10" name="M31st3rTAsKdp33" chips="450" dealer="0" win="0" bet="20" muck="1" rebuy="0" addon="0" merge="0" rebuychips="0" reg_code="5049142528"/>
<player seat="3" name="1Lmaestr0" chips="540" dealer="1" win="0" bet="0" muck="1" rebuy="0" addon="0" merge="0" rebuychips="0" reg_code="5049142402"/>
<player seat="6" name="Rakki" chips="510" dealer="0" win="40" bet="100" muck="1" rebuy="0" addon="0" merge="0" rebuychips="0" reg_code="5049142487"/>
</players>
</general>
<round no="0"><action no="1" player="Rakki" type="1" sum="10"/>
<action no="2" player="M31st3rTAsKdp33" type="2" discard="1" dealt="1" sum="20"/>
</round>
<round no="1"><cards type="Pocket" player="M31st3rTAsKdp33">X X</cards>
<cards type="Pocket" player="Rakki">C10 H7</cards>
<cards type="Pocket" player="1Lmaestr0">X X</cards>
<action no="3" player="1Lmaestr0" type="0" discard="1" dealt="1" sum="0"/>
<action no="4" player="Rakki" type="3" sum="10"/>
<action no="5" player="M31st3rTAsKdp33" type="4" discard="1" dealt="1" sum="0"/>
</round>
<round no="2"><cards type="Flop">C8 D2 H6</cards>
<action no="6" player="Rakki" type="4" sum="0"/>
<action no="7" player="M31st3rTAsKdp33" type="4" discard="1" dealt="1" sum="0"/>
</round>
<round no="3"><cards type="Turn">D4</cards>
<action no="8" player="Rakki" type="5" sum="80"/>
<action no="9" player="M31st3rTAsKdp33" type="0" discard="1" dealt="1" sum="0"/>
</round>
</game>
<game gamecode="6435570306"><general><startdate>2025-07-23 01:06:36</startdate>
<round>1</round>
<failsafecounter/>
<players><player seat="3" name="1Lmaestr0" chips="540" dealer="0" win="20" bet="20" muck="1" rebuy="0" addon="0" merge="0" rebuychips="0" reg_code="5049142402"/>
<player seat="6" name="Rakki" chips="530" dealer="1" win="0" bet="0" muck="1" rebuy="0" addon="0" merge="0" rebuychips="0" reg_code="5049142487"/>
<player seat="10" name="M31st3rTAsKdp33" chips="430" dealer="0" win="0" bet="10" muck="1" rebuy="0" addon="0" merge="0" rebuychips="0" reg_code="5049142528"/>
</players>
</general>
<round no="0"><action no="1" player="M31st3rTAsKdp33" type="1" discard="1" dealt="1" sum="10"/>
<action no="2" player="1Lmaestr0" type="2" discard="1" dealt="1" sum="20"/>
</round>
<round no="1"><cards type="Pocket" player="1Lmaestr0">X X</cards>
<cards type="Pocket" player="Rakki">C6 H3</cards>
<cards type="Pocket" player="M31st3rTAsKdp33">X X</cards>
<action no="3" player="Rakki" type="0" sum="0"/>
<action no="4" player="M31st3rTAsKdp33" type="0" discard="1" dealt="1" sum="0"/>
</round>
</game>
<game gamecode="6435570335"><general><startdate>2025-07-23 01:06:44</startdate>
<round>1</round>
<failsafecounter/>
<players><player seat="6" name="Rakki" chips="530" dealer="0" win="40" bet="60" muck="1" rebuy="0" addon="0" merge="0" rebuychips="0" reg_code="5049142487"/>
<player seat="10" name="M31st3rTAsKdp33" chips="420" dealer="1" win="0" bet="0" muck="1" rebuy="0" addon="0" merge="0" rebuychips="0" reg_code="5049142528"/>
<player seat="3" name="1Lmaestr0" chips="550" dealer="0" win="0" bet="20" muck="1" rebuy="0" addon="0" merge="0" rebuychips="0" reg_code="5049142402"/>
</players>
</general>
<round no="0"><action no="1" player="1Lmaestr0" type="1" discard="1" dealt="1" sum="10"/>
<action no="2" player="Rakki" type="2" sum="20"/>
</round>
<round no="1"><cards type="Pocket" player="Rakki">SK H2</cards>
<cards type="Pocket" player="1Lmaestr0">X X</cards>
<cards type="Pocket" player="M31st3rTAsKdp33">X X</cards>
<action no="3" player="M31st3rTAsKdp33" type="0" discard="1" dealt="1" sum="0"/>
<action no="4" player="1Lmaestr0" type="3" discard="1" dealt="1" sum="10"/>
<action no="5" player="Rakki" type="23" sum="60"/>
<action no="6" player="1Lmaestr0" type="0" discard="1" dealt="1" sum="0"/>
</round>
</game>
<game gamecode="6435570408"><general><startdate>2025-07-23 01:07:02</startdate>
<round>1</round>
<failsafecounter/>
<players><player seat="10" name="M31st3rTAsKdp33" chips="420" dealer="0" win="20" bet="20" muck="1" rebuy="0" addon="0" merge="0" rebuychips="0" reg_code="5049142528"/>
<player seat="3" name="1Lmaestr0" chips="530" dealer="1" win="0" bet="0" muck="1" rebuy="0" addon="0" merge="0" rebuychips="0" reg_code="5049142402"/>
<player seat="6" name="Rakki" chips="550" dealer="0" win="0" bet="10" muck="1" rebuy="0" addon="0" merge="0" rebuychips="0" reg_code="5049142487"/>
</players>
</general>
<round no="0"><action no="1" player="Rakki" type="1" sum="10"/>
<action no="2" player="M31st3rTAsKdp33" type="2" discard="1" dealt="1" sum="20"/>
</round>
<round no="1"><cards type="Pocket" player="M31st3rTAsKdp33">X X</cards>
<cards type="Pocket" player="1Lmaestr0">X X</cards>
<cards type="Pocket" player="Rakki">C9 H5</cards>
<action no="3" player="1Lmaestr0" type="0" discard="1" dealt="1" sum="0"/>
<action no="4" player="Rakki" type="0" sum="0"/>
</round>
</game>
<game gamecode="6435570464"><general><startdate>2025-07-23 01:07:16</startdate>
<round>1</round>
<failsafecounter/>
<players><player seat="3" name="1Lmaestr0" chips="530" dealer="0" win="0" bet="35" muck="1" rebuy="0" addon="0" merge="0" rebuychips="0" reg_code="5049142402"/>
<player seat="6" name="Rakki" chips="540" dealer="1" win="0" bet="5" muck="1" rebuy="0" addon="0" merge="0" rebuychips="0" reg_code="5049142487"/>
<player seat="10" name="M31st3rTAsKdp33" chips="430" dealer="0" win="75" bet="430" muck="1" rebuy="0" addon="0" merge="0" rebuychips="0" reg_code="5049142528"/>
</players>
</general>
<round no="0"><action no="1" player="M31st3rTAsKdp33" type="15" discard="1" dealt="1" sum="5"/>
<action no="2" player="1Lmaestr0" type="15" discard="1" dealt="1" sum="5"/>
<action no="3" player="Rakki" type="15" sum="5"/>
<action no="4" player="M31st3rTAsKdp33" type="1" discard="1" dealt="1" sum="15"/>
<action no="5" player="1Lmaestr0" type="2" discard="1" dealt="1" sum="30"/>
</round>
<round no="1"><cards type="Pocket" player="Rakki">C5 C6</cards>
<cards type="Pocket" player="M31st3rTAsKdp33">X X</cards>
<cards type="Pocket" player="1Lmaestr0">X X</cards>
<action no="6" player="Rakki" type="0" sum="0"/>
<action no="7" player="M31st3rTAsKdp33" type="23" discard="1" dealt="1" sum="425"/>
<action no="8" player="1Lmaestr0" type="0" discard="1" dealt="1" sum="0"/>
</round>
</game>
<game gamecode="6435570512"><general><startdate>2025-07-23 01:07:26</startdate>
<round>1</round>
<failsafecounter/>
<players><player seat="6" name="Rakki" chips="535" dealer="0" win="45" bet="35" muck="1" rebuy="0" addon="0" merge="0" rebuychips="0" reg_code="5049142487"/>
<player seat="10" name="M31st3rTAsKdp33" chips="470" dealer="1" win="0" bet="5" muck="1" rebuy="0" addon="0" merge="0" rebuychips="0" reg_code="5049142528"/>
<player seat="3" name="1Lmaestr0" chips="495" dealer="0" win="0" bet="20" muck="1" rebuy="0" addon="0" merge="0" rebuychips="0" reg_code="5049142402"/>
</players>
</general>
<round no="0"><action no="1" player="1Lmaestr0" type="15" discard="1" dealt="1" sum="5"/>
<action no="2" player="Rakki" type="15" sum="5"/>
<action no="3" player="M31st3rTAsKdp33" type="15" discard="1" dealt="1" sum="5"/>
<action no="4" player="1Lmaestr0" type="1" discard="1" dealt="1" sum="15"/>
<action no="5" player="Rakki" type="2" sum="30"/>
</round>
<round no="1"><cards type="Pocket" player="M31st3rTAsKdp33">X X</cards>
<cards type="Pocket" player="1Lmaestr0">X X</cards>
<cards type="Pocket" player="Rakki">C2 DQ</cards>
<action no="6" player="M31st3rTAsKdp33" type="0" discard="1" dealt="1" sum="0"/>
<action no="7" player="1Lmaestr0" type="0" discard="1" dealt="1" sum="0"/>
</round>
</game>
<game gamecode="6435570540"><general><startdate>2025-07-23 01:07:34</startdate>
<round>1</round>
<failsafecounter/>
<players><player seat="10" name="M31st3rTAsKdp33" chips="465" dealer="0" win="0" bet="35" muck="1" rebuy="0" addon="0" merge="0" rebuychips="0" reg_code="5049142528"/>
<player seat="3" name="1Lmaestr0" chips="475" dealer="1" win="0" bet="5" muck="1" rebuy="0" addon="0" merge="0" rebuychips="0" reg_code="5049142402"/>
<player seat="6" name="Rakki" chips="560" dealer="0" win="75" bet="65" muck="1" rebuy="0" addon="0" merge="0" rebuychips="0" reg_code="5049142487"/>
</players>
</general>
<round no="0"><action no="1" player="Rakki" type="15" sum="5"/>
<action no="2" player="M31st3rTAsKdp33" type="15" discard="1" dealt="1" sum="5"/>
<action no="3" player="1Lmaestr0" type="15" discard="1" dealt="1" sum="5"/>
<action no="4" player="Rakki" type="1" sum="15"/>
<action no="5" player="M31st3rTAsKdp33" type="2" discard="1" dealt="1" sum="30"/>
</round>
<round no="1"><cards type="Pocket" player="M31st3rTAsKdp33">X X</cards>
<cards type="Pocket" player="Rakki">SK D8</cards>
<cards type="Pocket" player="1Lmaestr0">X X</cards>
<action no="6" player="1Lmaestr0" type="0" discard="1" dealt="1" sum="0"/>
<action no="7" player="Rakki" type="23" sum="60"/>
<action no="8" player="M31st3rTAsKdp33" type="0" discard="1" dealt="1" sum="0"/>
</round>
</game>
<game gamecode="6435570594"><general><startdate>2025-07-23 01:07:45</startdate>
<round>1</round>
<failsafecounter/>
<players><player seat="3" name="1Lmaestr0" chips="470" dealer="0" win="0" bet="35" muck="1" rebuy="0" addon="0" merge="0" rebuychips="0" reg_code="5049142402"/>
<player seat="6" name="Rakki" chips="600" dealer="1" win="90" bet="600" muck="1" rebuy="0" addon="0" merge="0" rebuychips="0" reg_code="5049142487"/>
<player seat="10" name="M31st3rTAsKdp33" chips="430" dealer="0" win="0" bet="20" muck="1" rebuy="0" addon="0" merge="0" rebuychips="0" reg_code="5049142528"/>
</players>
</general>
<round no="0"><action no="1" player="M31st3rTAsKdp33" type="15" discard="1" dealt="1" sum="5"/>
<action no="2" player="1Lmaestr0" type="15" discard="1" dealt="1" sum="5"/>
<action no="3" player="Rakki" type="15" sum="5"/>
<action no="4" player="M31st3rTAsKdp33" type="1" discard="1" dealt="1" sum="15"/>
<action no="5" player="1Lmaestr0" type="2" discard="1" dealt="1" sum="30"/>
</round>
<round no="1"><cards type="Pocket" player="1Lmaestr0">X X</cards>
<cards type="Pocket" player="Rakki">SA H9</cards>
<cards type="Pocket" player="M31st3rTAsKdp33">X X</cards>
<action no="6" player="Rakki" type="23" sum="595"/>
<action no="7" player="M31st3rTAsKdp33" type="0" discard="1" dealt="1" sum="0"/>
<action no="8" player="1Lmaestr0" type="0" discard="1" dealt="1" sum="0"/>
</round>
</game>
<game gamecode="6435570642"><general><startdate>2025-07-23 01:07:55</startdate>
<round>1</round>
<failsafecounter/>
<players><player seat="6" name="Rakki" chips="655" dealer="0" win="0" bet="35" muck="1" rebuy="0" addon="0" merge="0" rebuychips="0" reg_code="5049142487"/>
<player seat="10" name="M31st3rTAsKdp33" chips="410" dealer="1" win="0" bet="5" muck="1" rebuy="0" addon="0" merge="0" rebuychips="0" reg_code="5049142528"/>
<player seat="3" name="1Lmaestr0" chips="435" dealer="0" win="75" bet="435" muck="1" rebuy="0" addon="0" merge="0" rebuychips="0" reg_code="5049142402"/>
</players>
</general>
<round no="0"><action no="1" player="1Lmaestr0" type="15" discard="1" dealt="1" sum="5"/>
<action no="2" player="Rakki" type="15" sum="5"/>
<action no="3" player="M31st3rTAsKdp33" type="15" discard="1" dealt="1" sum="5"/>
<action no="4" player="1Lmaestr0" type="1" discard="1" dealt="1" sum="15"/>
<action no="5" player="Rakki" type="2" sum="30"/>
</round>
<round no="1"><cards type="Pocket" player="1Lmaestr0">X X</cards>
<cards type="Pocket" player="M31st3rTAsKdp33">X X</cards>
<cards type="Pocket" player="Rakki">C5 D9</cards>
<action no="6" player="M31st3rTAsKdp33" type="0" discard="1" dealt="1" sum="0"/>
<action no="7" player="1Lmaestr0" type="23" discard="1" dealt="1" sum="430"/>
<action no="8" player="Rakki" type="0" sum="0"/>
</round>
</game>
<game gamecode="6435570705"><general><startdate>2025-07-23 01:08:08</startdate>
<round>1</round>
<failsafecounter/>
<players><player seat="10" name="M31st3rTAsKdp33" chips="405" dealer="0" win="150" bet="405" muck="1" rebuy="0" addon="0" merge="0" rebuychips="0" reg_code="5049142528"/>
<player seat="3" name="1Lmaestr0" chips="475" dealer="1" win="0" bet="65" muck="1" rebuy="0" addon="0" merge="0" rebuychips="0" reg_code="5049142402"/>
<player seat="6" name="Rakki" chips="620" dealer="0" win="0" bet="20" muck="1" rebuy="0" addon="0" merge="0" rebuychips="0" reg_code="5049142487"/>
</players>
</general>
<round no="0"><action no="1" player="Rakki" type="15" sum="5"/>
<action no="2" player="M31st3rTAsKdp33" type="15" discard="1" dealt="1" sum="5"/>
<action no="3" player="1Lmaestr0" type="15" discard="1" dealt="1" sum="5"/>
<action no="4" player="Rakki" type="1" sum="15"/>
<action no="5" player="M31st3rTAsKdp33" type="2" discard="1" dealt="1" sum="30"/>
</round>
<round no="1"><cards type="Pocket" player="M31st3rTAsKdp33">X X</cards>
<cards type="Pocket" player="Rakki">D2 H6</cards>
<cards type="Pocket" player="1Lmaestr0">X X</cards>
<action no="6" player="1Lmaestr0" type="23" discard="1" dealt="1" sum="60"/>
<action no="7" player="Rakki" type="0" sum="0"/>
<action no="8" player="M31st3rTAsKdp33" type="23" discard="1" dealt="1" sum="400"/>
<action no="9" player="1Lmaestr0" type="0" discard="1" dealt="1" sum="0"/>
</round>
</game>
<game gamecode="6435570786"><general><startdate>2025-07-23 01:08:25</startdate>
<round>1</round>
<failsafecounter/>
<players><player seat="3" name="1Lmaestr0" chips="410" dealer="0" win="0" bet="410" muck="0" rebuy="0" addon="0" merge="0" rebuychips="0" reg_code="5049142402"/>
<player seat="6" name="Rakki" chips="600" dealer="1" win="0" bet="5" muck="1" rebuy="0" addon="0" merge="0" rebuychips="0" reg_code="5049142487"/>
<player seat="10" name="M31st3rTAsKdp33" chips="490" dealer="0" win="825" bet="490" muck="0" rebuy="0" addon="0" merge="0" rebuychips="0" reg_code="5049142528"/>
</players>
</general>
<round no="0"><action no="1" player="M31st3rTAsKdp33" type="15" discard="1" dealt="1" sum="5"/>
<action no="2" player="1Lmaestr0" type="15" discard="1" dealt="1" sum="5"/>
<action no="3" player="Rakki" type="15" sum="5"/>
<action no="4" player="M31st3rTAsKdp33" type="1" discard="1" dealt="1" sum="15"/>
<action no="5" player="1Lmaestr0" type="2" discard="1" dealt="1" sum="30"/>
</round>
<round no="1"><cards type="Pocket" player="1Lmaestr0">S3 D3</cards>
<cards type="Pocket" player="M31st3rTAsKdp33">C8 C10</cards>
<cards type="Pocket" player="Rakki">DQ S4</cards>
<action no="6" player="Rakki" type="0" sum="0"/>
<action no="7" player="M31st3rTAsKdp33" type="23" discard="1" dealt="1" sum="485"/>
<action no="8" player="1Lmaestr0" type="7" discard="1" dealt="1" sum="375"/>
</round>
<round no="2"><cards type="Flop">H5 H7 S10</cards>
</round>
<round no="3"><cards type="Turn">D2</cards>
</round>
<round no="4"><cards type="River">C7</cards>
</round>
</game>
<game gamecode="6435570851"><general><startdate>2025-07-23 01:08:46</startdate>
<round>1</round>
<failsafecounter/>
<players><player seat="6" name="Rakki" chips="595" dealer="0" win="250" bet="250" muck="1" rebuy="0" addon="0" merge="0" rebuychips="0" reg_code="5049142487"/>
<player seat="10" name="M31st3rTAsKdp33" chips="905" dealer="1" win="0" bet="125" muck="1" rebuy="0" addon="0" merge="0" rebuychips="0" reg_code="5049142528"/>
</players>
</general>
<round no="0"><action no="1" player="M31st3rTAsKdp33" type="15" discard="1" dealt="1" sum="5"/>
<action no="2" player="Rakki" type="15" sum="5"/>
<action no="3" player="M31st3rTAsKdp33" type="1" discard="1" dealt="1" sum="15"/>
<action no="4" player="Rakki" type="2" sum="30"/>
</round>
<round no="1"><cards type="Pocket" player="M31st3rTAsKdp33">X X</cards>
<cards type="Pocket" player="Rakki">C3 C9</cards>
<action no="5" player="M31st3rTAsKdp33" type="3" discard="1" dealt="1" sum="15"/>
<action no="6" player="Rakki" type="4" sum="0"/>
</round>
<round no="2"><cards type="Flop">CQ C6 CK</cards>
<action no="7" player="Rakki" type="4" sum="0"/>
<action no="8" player="M31st3rTAsKdp33" type="5" discard="1" dealt="1" sum="30"/>
<action no="9" player="Rakki" type="23" sum="90"/>
<action no="10" player="M31st3rTAsKdp33" type="3" discard="1" dealt="1" sum="60"/>
</round>
<round no="3"><cards type="Turn">SA</cards>
<action no="11" player="Rakki" type="5" sum="125"/>
<action no="12" player="M31st3rTAsKdp33" type="0" discard="1" dealt="1" sum="0"/>
</round>
</game>
<game gamecode="6435570914"><general><startdate>2025-07-23 01:09:11</startdate>
<round>1</round>
<failsafecounter/>
<players><player seat="10" name="M31st3rTAsKdp33" chips="780" dealer="0" win="0" bet="45" muck="1" rebuy="0" addon="0" merge="0" rebuychips="0" reg_code="5049142528"/>
<player seat="6" name="Rakki" chips="720" dealer="1" win="90" bet="85" muck="1" rebuy="0" addon="0" merge="0" rebuychips="0" reg_code="5049142487"/>
</players>
</general>
<round no="0"><action no="1" player="Rakki" type="15" sum="5"/>
<action no="2" player="M31st3rTAsKdp33" type="15" discard="1" dealt="1" sum="5"/>
<action no="3" player="Rakki" type="1" sum="20"/>
<action no="4" player="M31st3rTAsKdp33" type="2" discard="1" dealt="1" sum="40"/>
</round>
<round no="1"><cards type="Pocket" player="M31st3rTAsKdp33">X X</cards>
<cards type="Pocket" player="Rakki">C3 D10</cards>
<action no="5" player="Rakki" type="3" sum="20"/>
<action no="6" player="M31st3rTAsKdp33" type="4" discard="1" dealt="1" sum="0"/>
</round>
<round no="2"><cards type="Flop">HK SA CJ</cards>
<action no="7" player="M31st3rTAsKdp33" type="4" discard="1" dealt="1" sum="0"/>
<action no="8" player="Rakki" type="5" sum="40"/>
<action no="9" player="M31st3rTAsKdp33" type="0" discard="1" dealt="1" sum="0"/>
</round>
</game>
<game gamecode="6435570940"><general><startdate>2025-07-23 01:09:25</startdate>
<round>1</round>
<failsafecounter/>
<players><player seat="6" name="Rakki" chips="765" dealer="0" win="90" bet="125" muck="1" rebuy="0" addon="0" merge="0" rebuychips="0" reg_code="5049142487"/>
<player seat="10" name="M31st3rTAsKdp33" chips="735" dealer="1" win="0" bet="45" muck="1" rebuy="0" addon="0" merge="0" rebuychips="0" reg_code="5049142528"/>
</players>
</general>
<round no="0"><action no="1" player="M31st3rTAsKdp33" type="15" discard="1" dealt="1" sum="5"/>
<action no="2" player="Rakki" type="15" sum="5"/>
<action no="3" player="M31st3rTAsKdp33" type="1" discard="1" dealt="1" sum="20"/>
<action no="4" player="Rakki" type="2" sum="40"/>
</round>
<round no="1"><cards type="Pocket" player="M31st3rTAsKdp33">X X</cards>
<cards type="Pocket" player="Rakki">SA HJ</cards>
<action no="5" player="M31st3rTAsKdp33" type="3" discard="1" dealt="1" sum="20"/>
<action no="6" player="Rakki" type="23" sum="120"/>
<action no="7" player="M31st3rTAsKdp33" type="0" discard="1" dealt="1" sum="0"/>
</round>
</game>
<game gamecode="6435570969"><general><startdate>2025-07-23 01:09:44</startdate>
<round>1</round>
<failsafecounter/>
<players><player seat="10" name="M31st3rTAsKdp33" chips="690" dealer="0" win="236" bet="236" muck="0" rebuy="0" addon="0" merge="0" rebuychips="0" reg_code="5049142528"/>
<player seat="6" name="Rakki" chips="810" dealer="1" win="236" bet="236" muck="0" rebuy="0" addon="0" merge="0" rebuychips="0" reg_code="5049142487"/>
</players>
</general>
<round no="0"><action no="1" player="Rakki" type="15" sum="5"/>
<action no="2" player="M31st3rTAsKdp33" type="15" discard="1" dealt="1" sum="5"/>
<action no="3" player="Rakki" type="1" sum="20"/>
<action no="4" player="M31st3rTAsKdp33" type="2" discard="1" dealt="1" sum="40"/>
</round>
<round no="1"><cards type="Pocket" player="Rakki">H2 DQ</cards>
<cards type="Pocket" player="M31st3rTAsKdp33">S4 SQ</cards>
<action no="5" player="Rakki" type="3" sum="20"/>
<action no="6" player="M31st3rTAsKdp33" type="4" discard="1" dealt="1" sum="0"/>
</round>
<round no="2"><cards type="Flop">CA HQ D3</cards>
<action no="7" player="M31st3rTAsKdp33" type="4" discard="1" dealt="1" sum="0"/>
<action no="8" player="Rakki" type="5" sum="40"/>
<action no="9" player="M31st3rTAsKdp33" type="3" discard="1" dealt="1" sum="40"/>
</round>
<round no="3"><cards type="Turn">CQ</cards>
<action no="10" player="M31st3rTAsKdp33" type="4" discard="1" dealt="1" sum="0"/>
<action no="11" player="Rakki" type="4" sum="0"/>
</round>
<round no="4"><cards type="River">C9</cards>
<action no="12" player="M31st3rTAsKdp33" type="5" discard="1" dealt="1" sum="151"/>
<action no="13" player="Rakki" type="3" sum="151"/>
</round>
</game>
<game gamecode="6435571049"><general><startdate>2025-07-23 01:10:22</startdate>
<round>1</round>
<failsafecounter/>
<players><player seat="6" name="Rakki" chips="810" dealer="0" win="0" bet="45" muck="1" rebuy="0" addon="0" merge="0" rebuychips="0" reg_code="5049142487"/>
<player seat="10" name="M31st3rTAsKdp33" chips="690" dealer="1" win="90" bet="85" muck="1" rebuy="0" addon="0" merge="0" rebuychips="0" reg_code="5049142528"/>
</players>
</general>
<round no="0"><action no="1" player="M31st3rTAsKdp33" type="15" discard="1" dealt="1" sum="5"/>
<action no="2" player="Rakki" type="15" sum="5"/>
<action no="3" player="M31st3rTAsKdp33" type="1" discard="1" dealt="1" sum="20"/>
<action no="4" player="Rakki" type="2" sum="40"/>
</round>
<round no="1"><cards type="Pocket" player="Rakki">C8 D4</cards>
<cards type="Pocket" player="M31st3rTAsKdp33">X X</cards>
<action no="5" player="M31st3rTAsKdp33" type="3" discard="1" dealt="1" sum="20"/>
<action no="6" player="Rakki" type="4" sum="0"/>
</round>
<round no="2"><cards type="Flop">S6 H3 SA</cards>
<action no="7" player="Rakki" type="4" sum="0"/>
<action no="8" player="M31st3rTAsKdp33" type="5" discard="1" dealt="1" sum="40"/>
<action no="9" player="Rakki" type="0" sum="0"/>
</round>
</game>
<game gamecode="6435571095"><general><startdate>2025-07-23 01:10:44</startdate>
<round>1</round>
<failsafecounter/>
<players><player seat="10" name="M31st3rTAsKdp33" chips="735" dealer="0" win="130" bet="735" muck="1" rebuy="0" addon="0" merge="0" rebuychips="0" reg_code="5049142528"/>
<player seat="6" name="Rakki" chips="765" dealer="1" win="0" bet="65" muck="1" rebuy="0" addon="0" merge="0" rebuychips="0" reg_code="5049142487"/>
</players>
</general>
<round no="0"><action no="1" player="Rakki" type="15" sum="5"/>
<action no="2" player="M31st3rTAsKdp33" type="15" discard="1" dealt="1" sum="5"/>
<action no="3" player="Rakki" type="1" sum="30"/>
<action no="4" player="M31st3rTAsKdp33" type="2" discard="1" dealt="1" sum="60"/>
</round>
<round no="1"><cards type="Pocket" player="M31st3rTAsKdp33">X X</cards>
<cards type="Pocket" player="Rakki">DJ S2</cards>
<action no="5" player="Rakki" type="3" sum="30"/>
<action no="6" player="M31st3rTAsKdp33" type="23" discard="1" dealt="1" sum="730"/>
<action no="7" player="Rakki" type="0" sum="0"/>
</round>
</game>
<game gamecode="6435571124"><general><startdate>2025-07-23 01:10:55</startdate>
<round>1</round>
<failsafecounter/>
<players><player seat="6" name="Rakki" chips="700" dealer="0" win="130" bet="700" muck="1" rebuy="0" addon="0" merge="0" rebuychips="0" reg_code="5049142487"/>
<player seat="10" name="M31st3rTAsKdp33" chips="800" dealer="1" win="0" bet="65" muck="1" rebuy="0" addon="0" merge="0" rebuychips="0" reg_code="5049142528"/>
</players>
</general>
<round no="0"><action no="1" player="M31st3rTAsKdp33" type="15" discard="1" dealt="1" sum="5"/>
<action no="2" player="Rakki" type="15" sum="5"/>
<action no="3" player="M31st3rTAsKdp33" type="1" discard="1" dealt="1" sum="30"/>
<action no="4" player="Rakki" type="2" sum="60"/>
</round>
<round no="1"><cards type="Pocket" player="M31st3rTAsKdp33">X X</cards>
<cards type="Pocket" player="Rakki">H2 HA</cards>
<action no="5" player="M31st3rTAsKdp33" type="3" discard="1" dealt="1" sum="30"/>
<action no="6" player="Rakki" type="23" sum="695"/>
<action no="7" player="M31st3rTAsKdp33" type="0" discard="1" dealt="1" sum="0"/>
</round>
</game>
<game gamecode="6435571147"><general><startdate>2025-07-23 01:11:05</startdate>
<round>1</round>
<failsafecounter/>
<players><player seat="10" name="M31st3rTAsKdp33" chips="735" dealer="0" win="0" bet="65" muck="1" rebuy="0" addon="0" merge="0" rebuychips="0" reg_code="5049142528"/>
<player seat="6" name="Rakki" chips="765" dealer="1" win="130" bet="245" muck="1" rebuy="0" addon="0" merge="0" rebuychips="0" reg_code="5049142487"/>
</players>
</general>
<round no="0"><action no="1" player="Rakki" type="15" sum="5"/>
<action no="2" player="M31st3rTAsKdp33" type="15" discard="1" dealt="1" sum="5"/>
<action no="3" player="Rakki" type="1" sum="30"/>
<action no="4" player="M31st3rTAsKdp33" type="2" discard="1" dealt="1" sum="60"/>
</round>
<round no="1"><cards type="Pocket" player="Rakki">C9 SA</cards>
<cards type="Pocket" player="M31st3rTAsKdp33">X X</cards>
<action no="5" player="Rakki" type="3" sum="30"/>
<action no="6" player="M31st3rTAsKdp33" type="4" discard="1" dealt="1" sum="0"/>
</round>
<round no="2"><cards type="Flop">H7 C7 D5</cards>
<action no="7" player="M31st3rTAsKdp33" type="4" discard="1" dealt="1" sum="0"/>
<action no="8" player="Rakki" type="4" sum="0"/>
</round>
<round no="3"><cards type="Turn">D9</cards>
<action no="9" player="M31st3rTAsKdp33" type="4" discard="1" dealt="1" sum="0"/>
<action no="10" player="Rakki" type="5" sum="180"/>
<action no="11" player="M31st3rTAsKdp33" type="0" discard="1" dealt="1" sum="0"/>
</round>
</game>
<game gamecode="6435571201"><general><startdate>2025-07-23 01:11:30</startdate>
<round>1</round>
<failsafecounter/>
<players><player seat="6" name="Rakki" chips="830" dealer="0" win="1,340" bet="670" muck="0" rebuy="0" addon="0" merge="0" rebuychips="0" reg_code="5049142487"/>
<player seat="10" name="M31st3rTAsKdp33" chips="670" dealer="1" win="0" bet="670" muck="0" rebuy="0" addon="0" merge="0" rebuychips="0" reg_code="5049142528"/>
</players>
</general>
<round no="0"><action no="1" player="M31st3rTAsKdp33" type="15" discard="1" dealt="1" sum="5"/>
<action no="2" player="Rakki" type="15" sum="5"/>
<action no="3" player="M31st3rTAsKdp33" type="1" discard="1" dealt="1" sum="30"/>
<action no="4" player="Rakki" type="2" sum="60"/>
</round>
<round no="1"><cards type="Pocket" player="M31st3rTAsKdp33">C9 DK</cards>
<cards type="Pocket" player="Rakki">S6 D6</cards>
<action no="5" player="M31st3rTAsKdp33" type="23" discard="1" dealt="1" sum="665"/>
<action no="6" player="Rakki" type="3" sum="605"/>
</round>
<round no="2"><cards type="Flop">H6 S7 C8</cards>
</round>
<round no="3"><cards type="Turn">HQ</cards>
</round>
<round no="4"><cards type="River">C7</cards>
</round>
</game>
</session>
