<?xml version="1.0" encoding="UTF-8"?>
<session sessioncode="5049122950">
<general>
<client_version>25.1.1.16</client_version>
<mode>real</mode>
<gametype>Holdem NL</gametype>
<tablename>Twister €50 SNG, 814457380</tablename>
<tournamentcode>814457379</tournamentcode>
<tournamentname>Twister €50 SNG</tournamentname>
<buyin>€0 + €3.50 + €46.50</buyin>
<totalbuyin>€50</totalbuyin>
<rewarddrawn>€100</rewarddrawn>
<tournamentcurrency>EUR</tournamentcurrency>
<currency>EUR</currency>
<nickname>Rakki</nickname>
<gamecount>7</gamecount>
<startdate>2025-07-22 23:45:47</startdate>
<place>2</place>
<win>€0</win>
<tablesize>3</tablesize>
</general>
<game gamecode="6435490436"><general><startdate>2025-07-22 23:46:02</startdate>
<round>1</round>
<failsafecounter/>
<players><player seat="3" name="1Lmaestr0" chips="500" dealer="0" win="120" bet="120" muck="1" rebuy="0" addon="0" merge="0" rebuychips="0" reg_code="5049122787"/>
<player seat="6" name="Rakki" chips="500" dealer="1" win="0" bet="0" muck="1" rebuy="0" addon="0" merge="0" rebuychips="0" reg_code="5049122950"/>
<player seat="10" name="Omeggio" chips="500" dealer="0" win="0" bet="60" muck="1" rebuy="0" addon="0" merge="0" rebuychips="0" reg_code="5049122989"/>
</players>
</general>
<round no="0"><action no="1" player="Omeggio" type="1" discard="1" dealt="1" sum="10"/>
<action no="2" player="1Lmaestr0" type="2" discard="1" dealt="1" sum="20"/>
</round>
<round no="1"><cards type="Pocket" player="1Lmaestr0">X X</cards>
<cards type="Pocket" player="Rakki">D2 H9</cards>
<cards type="Pocket" player="Omeggio">X X</cards>
<action no="3" player="Rakki" type="0" sum="0"/>
<action no="4" player="Omeggio" type="23" discard="1" dealt="1" sum="40"/>
<action no="5" player="1Lmaestr0" type="3" discard="1" dealt="1" sum="20"/>
</round>
<round no="2"><cards type="Flop">D7 S2 H3</cards>
<action no="6" player="Omeggio" type="4" discard="1" dealt="1" sum="0"/>
<action no="7" player="1Lmaestr0" type="5" discard="1" dealt="1" sum="20"/>
<action no="8" player="Omeggio" type="3" discard="1" dealt="1" sum="20"/>
</round>
<round no="3"><cards type="Turn">HQ</cards>
<action no="9" player="Omeggio" type="4" discard="1" dealt="1" sum="0"/>
<action no="10" player="1Lmaestr0" type="5" discard="1" dealt="1" sum="60"/>
<action no="11" player="Omeggio" type="0" discard="1" dealt="1" sum="0"/>
</round>
</game>
<game gamecode="6435490526"><general><startdate>2025-07-22 23:46:47</startdate>
<round>1</round>
<failsafecounter/>
<players><player seat="6" name="Rakki" chips="500" dealer="0" win="210" bet="500" muck="1" rebuy="0" addon="0" merge="0" rebuychips="0" reg_code="5049122950"/>
<player seat="10" name="Omeggio" chips="440" dealer="1" win="0" bet="100" muck="1" rebuy="0" addon="0" merge="0" rebuychips="0" reg_code="5049122989"/>
<player seat="3" name="1Lmaestr0" chips="560" dealer="0" win="0" bet="10" muck="1" rebuy="0" addon="0" merge="0" rebuychips="0" reg_code="5049122787"/>
</players>
</general>
<round no="0"><action no="1" player="1Lmaestr0" type="1" discard="1" dealt="1" sum="10"/>
<action no="2" player="Rakki" type="2" sum="20"/>
</round>
<round no="1"><cards type="Pocket" player="Omeggio">X X</cards>
<cards type="Pocket" player="1Lmaestr0">X X</cards>
<cards type="Pocket" player="Rakki">D9 D8</cards>
<action no="3" player="Omeggio" type="23" discard="1" dealt="1" sum="40"/>
<action no="4" player="1Lmaestr0" type="0" discard="1" dealt="1" sum="0"/>
<action no="5" player="Rakki" type="3" sum="20"/>
</round>
<round no="2"><cards type="Flop">D10 C2 D7</cards>
<action no="6" player="Rakki" type="4" sum="0"/>
<action no="7" player="Omeggio" type="4" discard="1" dealt="1" sum="0"/>
</round>
<round no="3"><cards type="Turn">HQ</cards>
<action no="8" player="Rakki" type="4" sum="0"/>
<action no="9" player="Omeggio" type="4" discard="1" dealt="1" sum="0"/>
</round>
<round no="4"><cards type="River">DA</cards>
<action no="10" player="Rakki" type="4" sum="0"/>
<action no="11" player="Omeggio" type="5" discard="1" dealt="1" sum="60"/>
<action no="12" player="Rakki" type="23" sum="460"/>
<action no="13" player="Omeggio" type="0" discard="1" dealt="1" sum="0"/>
</round>
</game>
<game gamecode="6435490606"><general><startdate>2025-07-22 23:47:26</startdate>
<round>1</round>
<failsafecounter/>
<players><player seat="10" name="Omeggio" chips="340" dealer="0" win="40" bet="340" muck="1" rebuy="0" addon="0" merge="0" rebuychips="0" reg_code="5049122989"/>
<player seat="3" name="1Lmaestr0" chips="550" dealer="1" win="0" bet="0" muck="1" rebuy="0" addon="0" merge="0" rebuychips="0" reg_code="5049122787"/>
<player seat="6" name="Rakki" chips="610" dealer="0" win="0" bet="20" muck="1" rebuy="0" addon="0" merge="0" rebuychips="0" reg_code="5049122950"/>
</players>
</general>
<round no="0"><action no="1" player="Rakki" type="1" sum="10"/>
<action no="2" player="Omeggio" type="2" discard="1" dealt="1" sum="20"/>
</round>
<round no="1"><cards type="Pocket" player="Rakki">S8 DJ</cards>
<cards type="Pocket" player="Omeggio">X X</cards>
<cards type="Pocket" player="1Lmaestr0">X X</cards>
<action no="3" player="1Lmaestr0" type="0" discard="1" dealt="1" sum="0"/>
<action no="4" player="Rakki" type="3" sum="10"/>
<action no="5" player="Omeggio" type="23" discard="1" dealt="1" sum="340"/>
<action no="6" player="Rakki" type="0" sum="0"/>
</round>
</game>
<game gamecode="6435490642"><general><startdate>2025-07-22 23:47:44</startdate>
<round>1</round>
<failsafecounter/>
<players><player seat="3" name="1Lmaestr0" chips="550" dealer="0" win="725" bet="360" muck="0" rebuy="0" addon="0" merge="0" rebuychips="0" reg_code="5049122787"/>
<player seat="6" name="Rakki" chips="590" dealer="1" win="0" bet="5" muck="1" rebuy="0" addon="0" merge="0" rebuychips="0" reg_code="5049122950"/>
<player seat="10" name="Omeggio" chips="360" dealer="0" win="0" bet="360" muck="0" rebuy="0" addon="0" merge="0" rebuychips="0" reg_code="5049122989"/>
</players>
</general>
<round no="0"><action no="1" player="Omeggio" type="15" discard="1" dealt="1" sum="5"/>
<action no="2" player="1Lmaestr0" type="15" discard="1" dealt="1" sum="5"/>
<action no="3" player="Rakki" type="15" sum="5"/>
<action no="4" player="Omeggio" type="1" discard="1" dealt="1" sum="15"/>
<action no="5" player="1Lmaestr0" type="2" discard="1" dealt="1" sum="30"/>
</round>
<round no="1"><cards type="Pocket" player="Rakki">D2 D6</cards>
<cards type="Pocket" player="1Lmaestr0">CK S8</cards>
<cards type="Pocket" player="Omeggio">SK S2</cards>
<action no="6" player="Rakki" type="0" sum="0"/>
<action no="7" player="Omeggio" type="23" discard="1" dealt="1" sum="355"/>
<action no="8" player="1Lmaestr0" type="3" discard="1" dealt="1" sum="325"/>
</round>
<round no="2"><cards type="Flop">C8 S3 HJ</cards>
</round>
<round no="3"><cards type="Turn">C7</cards>
</round>
<round no="4"><cards type="River">CA</cards>
</round>
</game>
<game gamecode="6435490693"><general><startdate>2025-07-22 23:48:11</startdate>
<round>1</round>
<failsafecounter/>
<players><player seat="6" name="Rakki" chips="585" dealer="0" win="460" bet="585" muck="1" rebuy="0" addon="0" merge="0" rebuychips="0" reg_code="5049122950"/>
<player seat="3" name="1Lmaestr0" chips="915" dealer="1" win="0" bet="230" muck="1" rebuy="0" addon="0" merge="0" rebuychips="0" reg_code="5049122787"/>
</players>
</general>
<round no="0"><action no="1" player="1Lmaestr0" type="15" discard="1" dealt="1" sum="5"/>
<action no="2" player="Rakki" type="15" sum="5"/>
<action no="3" player="1Lmaestr0" type="1" discard="1" dealt="1" sum="15"/>
<action no="4" player="Rakki" type="2" sum="30"/>
</round>
<round no="1"><cards type="Pocket" player="Rakki">CJ HK</cards>
<cards type="Pocket" player="1Lmaestr0">X X</cards>
<action no="5" player="1Lmaestr0" type="3" discard="1" dealt="1" sum="15"/>
<action no="6" player="Rakki" type="23" sum="90"/>
<action no="7" player="1Lmaestr0" type="3" discard="1" dealt="1" sum="60"/>
</round>
<round no="2"><cards type="Flop">H5 DA H7</cards>
<action no="8" player="Rakki" type="5" sum="45"/>
<action no="9" player="1Lmaestr0" type="3" discard="1" dealt="1" sum="45"/>
</round>
<round no="3"><cards type="Turn">H4</cards>
<action no="10" player="Rakki" type="4" sum="0"/>
<action no="11" player="1Lmaestr0" type="5" discard="1" dealt="1" sum="90"/>
<action no="12" player="Rakki" type="23" sum="445"/>
<action no="13" player="1Lmaestr0" type="0" discard="1" dealt="1" sum="0"/>
</round>
</game>
<game gamecode="6435498926"><general><startdate>2025-07-22 23:49:11</startdate>
<round>1</round>
<failsafecounter/>
<players><player seat="3" name="1Lmaestr0" chips="685" dealer="0" win="190" bet="185" muck="1" rebuy="0" addon="0" merge="0" rebuychips="0" reg_code="5049122787"/>
<player seat="6" name="Rakki" chips="815" dealer="1" win="0" bet="95" muck="1" rebuy="0" addon="0" merge="0" rebuychips="0" reg_code="5049122950"/>
</players>
</general>
<round no="0"><action no="1" player="Rakki" type="15" sum="5"/>
<action no="2" player="1Lmaestr0" type="15" discard="1" dealt="1" sum="5"/>
<action no="3" player="Rakki" type="1" sum="15"/>
<action no="4" player="1Lmaestr0" type="2" discard="1" dealt="1" sum="30"/>
</round>
<round no="1"><cards type="Pocket" player="1Lmaestr0">X X</cards>
<cards type="Pocket" player="Rakki">H3 HA</cards>
<action no="5" player="Rakki" type="3" sum="15"/>
<action no="6" player="1Lmaestr0" type="23" discard="1" dealt="1" sum="90"/>
<action no="7" player="Rakki" type="3" sum="60"/>
</round>
<round no="2"><cards type="Flop">C6 CJ D8</cards>
<action no="8" player="1Lmaestr0" type="5" discard="1" dealt="1" sum="90"/>
<action no="9" player="Rakki" type="0" sum="0"/>
</round>
</game>
<game gamecode="6435498967"><general><startdate>2025-07-22 23:49:33</startdate>
<round>1</round>
<failsafecounter/>
<players><player seat="6" name="Rakki" chips="720" dealer="0" win="0" bet="720" muck="0" rebuy="0" addon="0" merge="0" rebuychips="0" reg_code="5049122950"/>
<player seat="3" name="1Lmaestr0" chips="780" dealer="1" win="1,440" bet="720" muck="0" rebuy="0" addon="0" merge="0" rebuychips="0" reg_code="5049122787"/>
</players>
</general>
<round no="0"><action no="1" player="1Lmaestr0" type="15" discard="1" dealt="1" sum="5"/>
<action no="2" player="Rakki" type="15" sum="5"/>
<action no="3" player="1Lmaestr0" type="1" discard="1" dealt="1" sum="20"/>
<action no="4" player="Rakki" type="2" sum="40"/>
</round>
<round no="1"><cards type="Pocket" player="1Lmaestr0">SA CQ</cards>
<cards type="Pocket" player="Rakki">S6 D6</cards>
<action no="5" player="1Lmaestr0" type="3" discard="1" dealt="1" sum="20"/>
<action no="6" player="Rakki" type="23" sum="715"/>
<action no="7" player="1Lmaestr0" type="3" discard="1" dealt="1" sum="675"/>
</round>
<round no="2"><cards type="Flop">S3 CA D7</cards>
</round>
<round no="3"><cards type="Turn">D10</cards>
</round>
<round no="4"><cards type="River">DQ</cards>
</round>
</game>
</session>
