<?xml version="1.0" encoding="UTF-8"?>
<session sessioncode="5049151011">
<general>
<client_version>25.1.1.16</client_version>
<mode>real</mode>
<gametype>Holdem NL</gametype>
<tablename>Twister €100 SNG, 814463500</tablename>
<tournamentcode>814463499</tournamentcode>
<tournamentname>Twister €100 SNG</tournamentname>
<buyin>€0 + €7 + €93</buyin>
<totalbuyin>€100</totalbuyin>
<rewarddrawn>€200</rewarddrawn>
<tournamentcurrency>EUR</tournamentcurrency>
<currency>EUR</currency>
<nickname>Rakki</nickname>
<gamecount>15</gamecount>
<startdate>2025-07-23 01:54:44</startdate>
<place>2</place>
<win>€0</win>
<tablesize>3</tablesize>
</general>
<game gamecode="6435601275"><general><startdate>2025-07-23 01:55:00</startdate>
<round>1</round>
<failsafecounter/>
<players><player seat="10" name="Marti505" chips="500" dealer="0" win="0" bet="150" muck="1" rebuy="0" addon="0" merge="0" rebuychips="0" reg_code="5049151778"/>
<player seat="3" name="Rakki" chips="500" dealer="1" win="0" bet="0" muck="1" rebuy="0" addon="0" merge="0" rebuychips="0" reg_code="5049151011"/>
<player seat="6" name="mocciolocaldo" chips="500" dealer="0" win="300" bet="150" muck="0" rebuy="0" addon="0" merge="0" rebuychips="0" reg_code="5049151296"/>
</players>
</general>
<round no="0"><action no="1" player="mocciolocaldo" type="1" discard="1" dealt="1" sum="10"/>
<action no="2" player="Marti505" type="2" discard="1" dealt="1" sum="20"/>
</round>
<round no="1"><cards type="Pocket" player="Rakki">H6 CJ</cards>
<cards type="Pocket" player="Marti505">S2 H5</cards>
<cards type="Pocket" player="mocciolocaldo">H4 H10</cards>
<action no="3" player="Rakki" type="0" sum="0"/>
<action no="4" player="mocciolocaldo" type="3" discard="1" dealt="1" sum="10"/>
<action no="5" player="Marti505" type="4" discard="1" dealt="1" sum="0"/>
</round>
<round no="2"><cards type="Flop">D5 S3 D10</cards>
<action no="6" player="mocciolocaldo" type="4" discard="1" dealt="1" sum="0"/>
<action no="7" player="Marti505" type="5" discard="1" dealt="1" sum="20"/>
<action no="8" player="mocciolocaldo" type="3" discard="1" dealt="1" sum="20"/>
</round>
<round no="3"><cards type="Turn">H9</cards>
<action no="9" player="mocciolocaldo" type="5" discard="1" dealt="1" sum="60"/>
<action no="10" player="Marti505" type="3" discard="1" dealt="1" sum="60"/>
</round>
<round no="4"><cards type="River">HK</cards>
<action no="11" player="mocciolocaldo" type="5" discard="1" dealt="1" sum="50"/>
<action no="12" player="Marti505" type="3" discard="1" dealt="1" sum="50"/>
</round>
</game>
<game gamecode="6435601332"><general><startdate>2025-07-23 01:55:42</startdate>
<round>1</round>
<failsafecounter/>
<players><player seat="3" name="Rakki" chips="500" dealer="0" win="0" bet="20" muck="1" rebuy="0" addon="0" merge="0" rebuychips="0" reg_code="5049151011"/>
<player seat="6" name="mocciolocaldo" chips="650" dealer="1" win="0" bet="0" muck="1" rebuy="0" addon="0" merge="0" rebuychips="0" reg_code="5049151296"/>
<player seat="10" name="Marti505" chips="350" dealer="0" win="40" bet="350" muck="1" rebuy="0" addon="0" merge="0" rebuychips="0" reg_code="5049151778"/>
</players>
</general>
<round no="0"><action no="1" player="Marti505" type="1" discard="1" dealt="1" sum="10"/>
<action no="2" player="Rakki" type="2" sum="20"/>
</round>
<round no="1"><cards type="Pocket" player="mocciolocaldo">X X</cards>
<cards type="Pocket" player="Marti505">X X</cards>
<cards type="Pocket" player="Rakki">H4 S9</cards>
<action no="3" player="mocciolocaldo" type="0" discard="1" dealt="1" sum="0"/>
<action no="4" player="Marti505" type="23" discard="1" dealt="1" sum="350"/>
<action no="5" player="Rakki" type="0" sum="0"/>
</round>
</game>
<game gamecode="6435601346"><general><startdate>2025-07-23 01:55:54</startdate>
<round>1</round>
<failsafecounter/>
<players><player seat="6" name="mocciolocaldo" chips="650" dealer="0" win="0" bet="40" muck="1" rebuy="0" addon="0" merge="0" rebuychips="0" reg_code="5049151296"/>
<player seat="10" name="Marti505" chips="370" dealer="1" win="90" bet="370" muck="1" rebuy="0" addon="0" merge="0" rebuychips="0" reg_code="5049151778"/>
<player seat="3" name="Rakki" chips="480" dealer="0" win="0" bet="10" muck="1" rebuy="0" addon="0" merge="0" rebuychips="0" reg_code="5049151011"/>
</players>
</general>
<round no="0"><action no="1" player="Rakki" type="1" sum="10"/>
<action no="2" player="mocciolocaldo" type="2" discard="1" dealt="1" sum="20"/>
</round>
<round no="1"><cards type="Pocket" player="mocciolocaldo">X X</cards>
<cards type="Pocket" player="Rakki">D9 D7</cards>
<cards type="Pocket" player="Marti505">X X</cards>
<action no="3" player="Marti505" type="23" discard="1" dealt="1" sum="40"/>
<action no="4" player="Rakki" type="0" sum="0"/>
<action no="5" player="mocciolocaldo" type="3" discard="1" dealt="1" sum="20"/>
</round>
<round no="2"><cards type="Flop">S3 S10 D10</cards>
<action no="6" player="mocciolocaldo" type="4" discard="1" dealt="1" sum="0"/>
<action no="7" player="Marti505" type="5" discard="1" dealt="1" sum="330"/>
<action no="8" player="mocciolocaldo" type="0" discard="1" dealt="1" sum="0"/>
</round>
</game>
<game gamecode="6435601371"><general><startdate>2025-07-23 01:56:16</startdate>
<round>1</round>
<failsafecounter/>
<players><player seat="10" name="Marti505" chips="420" dealer="0" win="0" bet="20" muck="1" rebuy="0" addon="0" merge="0" rebuychips="0" reg_code="5049151778"/>
<player seat="3" name="Rakki" chips="470" dealer="1" win="50" bet="40" muck="1" rebuy="0" addon="0" merge="0" rebuychips="0" reg_code="5049151011"/>
<player seat="6" name="mocciolocaldo" chips="610" dealer="0" win="0" bet="10" muck="1" rebuy="0" addon="0" merge="0" rebuychips="0" reg_code="5049151296"/>
</players>
</general>
<round no="0"><action no="1" player="mocciolocaldo" type="1" discard="1" dealt="1" sum="10"/>
<action no="2" player="Marti505" type="2" discard="1" dealt="1" sum="20"/>
</round>
<round no="1"><cards type="Pocket" player="mocciolocaldo">X X</cards>
<cards type="Pocket" player="Marti505">X X</cards>
<cards type="Pocket" player="Rakki">S4 CA</cards>
<action no="3" player="Rakki" type="23" sum="40"/>
<action no="4" player="mocciolocaldo" type="0" discard="1" dealt="1" sum="0"/>
<action no="5" player="Marti505" type="0" discard="1" dealt="1" sum="0"/>
</round>
</game>
<game gamecode="6435601387"><general><startdate>2025-07-23 01:56:26</startdate>
<round>1</round>
<failsafecounter/>
<players><player seat="3" name="Rakki" chips="500" dealer="0" win="0" bet="40" muck="1" rebuy="0" addon="0" merge="0" rebuychips="0" reg_code="5049151011"/>
<player seat="6" name="mocciolocaldo" chips="600" dealer="1" win="90" bet="60" muck="1" rebuy="0" addon="0" merge="0" rebuychips="0" reg_code="5049151296"/>
<player seat="10" name="Marti505" chips="400" dealer="0" win="0" bet="10" muck="1" rebuy="0" addon="0" merge="0" rebuychips="0" reg_code="5049151778"/>
</players>
</general>
<round no="0"><action no="1" player="Marti505" type="1" discard="1" dealt="1" sum="10"/>
<action no="2" player="Rakki" type="2" sum="20"/>
</round>
<round no="1"><cards type="Pocket" player="Rakki">DQ D8</cards>
<cards type="Pocket" player="Marti505">X X</cards>
<cards type="Pocket" player="mocciolocaldo">X X</cards>
<action no="3" player="mocciolocaldo" type="23" discard="1" dealt="1" sum="40"/>
<action no="4" player="Marti505" type="0" discard="1" dealt="1" sum="0"/>
<action no="5" player="Rakki" type="3" sum="20"/>
</round>
<round no="2"><cards type="Flop">H4 HA C4</cards>
<action no="6" player="Rakki" type="4" sum="0"/>
<action no="7" player="mocciolocaldo" type="5" discard="1" dealt="1" sum="20"/>
<action no="8" player="Rakki" type="0" sum="0"/>
</round>
</game>
<game gamecode="6435601407"><general><startdate>2025-07-23 01:56:45</startdate>
<round>1</round>
<failsafecounter/>
<players><player seat="6" name="mocciolocaldo" chips="650" dealer="0" win="0" bet="650" muck="1" rebuy="0" addon="0" merge="0" rebuychips="0" reg_code="5049151296"/>
<player seat="10" name="Marti505" chips="390" dealer="1" win="815" bet="390" muck="0" rebuy="0" addon="0" merge="0" rebuychips="0" reg_code="5049151778"/>
<player seat="3" name="Rakki" chips="460" dealer="0" win="0" bet="35" muck="1" rebuy="0" addon="0" merge="0" rebuychips="0" reg_code="5049151011"/>
</players>
</general>
<round no="0"><action no="1" player="Rakki" type="15" sum="5"/>
<action no="2" player="mocciolocaldo" type="15" discard="1" dealt="1" sum="5"/>
<action no="3" player="Marti505" type="15" discard="1" dealt="1" sum="5"/>
<action no="4" player="Rakki" type="1" sum="15"/>
<action no="5" player="mocciolocaldo" type="2" discard="1" dealt="1" sum="30"/>
</round>
<round no="1"><cards type="Pocket" player="mocciolocaldo">H6 D6</cards>
<cards type="Pocket" player="Marti505">HK DA</cards>
<cards type="Pocket" player="Rakki">CQ H2</cards>
<action no="6" player="Marti505" type="3" discard="1" dealt="1" sum="30"/>
<action no="7" player="Rakki" type="3" sum="15"/>
<action no="8" player="mocciolocaldo" type="23" discard="1" dealt="1" sum="645"/>
<action no="9" player="Marti505" type="7" discard="1" dealt="1" sum="355"/>
<action no="10" player="Rakki" type="0" sum="0"/>
</round>
<round no="2"><cards type="Flop">S9 DK HJ</cards>
</round>
<round no="3"><cards type="Turn">H8</cards>
</round>
<round no="4"><cards type="River">H7</cards>
</round>
</game>
<game gamecode="6435601444"><general><startdate>2025-07-23 01:57:15</startdate>
<round>1</round>
<failsafecounter/>
<players><player seat="10" name="Marti505" chips="815" dealer="0" win="0" bet="35" muck="1" rebuy="0" addon="0" merge="0" rebuychips="0" reg_code="5049151778"/>
<player seat="3" name="Rakki" chips="425" dealer="1" win="0" bet="5" muck="1" rebuy="0" addon="0" merge="0" rebuychips="0" reg_code="5049151011"/>
<player seat="6" name="mocciolocaldo" chips="260" dealer="0" win="75" bet="260" muck="1" rebuy="0" addon="0" merge="0" rebuychips="0" reg_code="5049151296"/>
</players>
</general>
<round no="0"><action no="1" player="mocciolocaldo" type="15" discard="1" dealt="1" sum="5"/>
<action no="2" player="Marti505" type="15" discard="1" dealt="1" sum="5"/>
<action no="3" player="Rakki" type="15" sum="5"/>
<action no="4" player="mocciolocaldo" type="1" discard="1" dealt="1" sum="15"/>
<action no="5" player="Marti505" type="2" discard="1" dealt="1" sum="30"/>
</round>
<round no="1"><cards type="Pocket" player="Marti505">X X</cards>
<cards type="Pocket" player="mocciolocaldo">X X</cards>
<cards type="Pocket" player="Rakki">D6 D8</cards>
<action no="6" player="Rakki" type="0" sum="0"/>
<action no="7" player="mocciolocaldo" type="23" discard="1" dealt="1" sum="255"/>
<action no="8" player="Marti505" type="0" discard="1" dealt="1" sum="0"/>
</round>
</game>
<game gamecode="6435601463"><general><startdate>2025-07-23 01:57:28</startdate>
<round>1</round>
<failsafecounter/>
<players><player seat="3" name="Rakki" chips="420" dealer="0" win="0" bet="35" muck="1" rebuy="0" addon="0" merge="0" rebuychips="0" reg_code="5049151011"/>
<player seat="6" name="mocciolocaldo" chips="300" dealer="1" win="90" bet="300" muck="1" rebuy="0" addon="0" merge="0" rebuychips="0" reg_code="5049151296"/>
<player seat="10" name="Marti505" chips="780" dealer="0" win="0" bet="20" muck="1" rebuy="0" addon="0" merge="0" rebuychips="0" reg_code="5049151778"/>
</players>
</general>
<round no="0"><action no="1" player="Marti505" type="15" discard="1" dealt="1" sum="5"/>
<action no="2" player="Rakki" type="15" sum="5"/>
<action no="3" player="mocciolocaldo" type="15" discard="1" dealt="1" sum="5"/>
<action no="4" player="Marti505" type="1" discard="1" dealt="1" sum="15"/>
<action no="5" player="Rakki" type="2" sum="30"/>
</round>
<round no="1"><cards type="Pocket" player="Marti505">X X</cards>
<cards type="Pocket" player="Rakki">S7 H2</cards>
<cards type="Pocket" player="mocciolocaldo">X X</cards>
<action no="6" player="mocciolocaldo" type="23" discard="1" dealt="1" sum="295"/>
<action no="7" player="Marti505" type="0" discard="1" dealt="1" sum="0"/>
<action no="8" player="Rakki" type="0" sum="0"/>
</round>
</game>
<game gamecode="6435601478"><general><startdate>2025-07-23 01:57:37</startdate>
<round>1</round>
<failsafecounter/>
<players><player seat="6" name="mocciolocaldo" chips="355" dealer="0" win="0" bet="35" muck="1" rebuy="0" addon="0" merge="0" rebuychips="0" reg_code="5049151296"/>
<player seat="10" name="Marti505" chips="760" dealer="1" win="0" bet="5" muck="1" rebuy="0" addon="0" merge="0" rebuychips="0" reg_code="5049151778"/>
<player seat="3" name="Rakki" chips="385" dealer="0" win="75" bet="385" muck="1" rebuy="0" addon="0" merge="0" rebuychips="0" reg_code="5049151011"/>
</players>
</general>
<round no="0"><action no="1" player="Rakki" type="15" sum="5"/>
<action no="2" player="mocciolocaldo" type="15" discard="1" dealt="1" sum="5"/>
<action no="3" player="Marti505" type="15" discard="1" dealt="1" sum="5"/>
<action no="4" player="Rakki" type="1" sum="15"/>
<action no="5" player="mocciolocaldo" type="2" discard="1" dealt="1" sum="30"/>
</round>
<round no="1"><cards type="Pocket" player="Marti505">X X</cards>
<cards type="Pocket" player="mocciolocaldo">X X</cards>
<cards type="Pocket" player="Rakki">S10 DA</cards>
<action no="6" player="Marti505" type="0" discard="1" dealt="1" sum="0"/>
<action no="7" player="Rakki" type="23" sum="380"/>
<action no="8" player="mocciolocaldo" type="0" discard="1" dealt="1" sum="0"/>
</round>
</game>
<game gamecode="6435601487"><general><startdate>2025-07-23 01:57:47</startdate>
<round>1</round>
<failsafecounter/>
<players><player seat="10" name="Marti505" chips="755" dealer="0" win="45" bet="35" muck="1" rebuy="0" addon="0" merge="0" rebuychips="0" reg_code="5049151778"/>
<player seat="3" name="Rakki" chips="425" dealer="1" win="0" bet="5" muck="1" rebuy="0" addon="0" merge="0" rebuychips="0" reg_code="5049151011"/>
<player seat="6" name="mocciolocaldo" chips="320" dealer="0" win="0" bet="20" muck="1" rebuy="0" addon="0" merge="0" rebuychips="0" reg_code="5049151296"/>
</players>
</general>
<round no="0"><action no="1" player="mocciolocaldo" type="15" discard="1" dealt="1" sum="5"/>
<action no="2" player="Marti505" type="15" discard="1" dealt="1" sum="5"/>
<action no="3" player="Rakki" type="15" sum="5"/>
<action no="4" player="mocciolocaldo" type="1" discard="1" dealt="1" sum="15"/>
<action no="5" player="Marti505" type="2" discard="1" dealt="1" sum="30"/>
</round>
<round no="1"><cards type="Pocket" player="mocciolocaldo">X X</cards>
<cards type="Pocket" player="Rakki">DQ S6</cards>
<cards type="Pocket" player="Marti505">X X</cards>
<action no="6" player="Rakki" type="0" sum="0"/>
<action no="7" player="mocciolocaldo" type="0" discard="1" dealt="1" sum="0"/>
</round>
</game>
<game gamecode="6435601498"><general><startdate>2025-07-23 01:57:56</startdate>
<round>1</round>
<failsafecounter/>
<players><player seat="3" name="Rakki" chips="420" dealer="0" win="45" bet="35" muck="1" rebuy="0" addon="0" merge="0" rebuychips="0" reg_code="5049151011"/>
<player seat="6" name="mocciolocaldo" chips="300" dealer="1" win="0" bet="5" muck="1" rebuy="0" addon="0" merge="0" rebuychips="0" reg_code="5049151296"/>
<player seat="10" name="Marti505" chips="780" dealer="0" win="0" bet="20" muck="1" rebuy="0" addon="0" merge="0" rebuychips="0" reg_code="5049151778"/>
</players>
</general>
<round no="0"><action no="1" player="Marti505" type="15" discard="1" dealt="1" sum="5"/>
<action no="2" player="Rakki" type="15" sum="5"/>
<action no="3" player="mocciolocaldo" type="15" discard="1" dealt="1" sum="5"/>
<action no="4" player="Marti505" type="1" discard="1" dealt="1" sum="15"/>
<action no="5" player="Rakki" type="2" sum="30"/>
</round>
<round no="1"><cards type="Pocket" player="Marti505">X X</cards>
<cards type="Pocket" player="mocciolocaldo">X X</cards>
<cards type="Pocket" player="Rakki">C7 C9</cards>
<action no="6" player="mocciolocaldo" type="0" discard="1" dealt="1" sum="0"/>
<action no="7" player="Marti505" type="0" discard="1" dealt="1" sum="0"/>
</round>
</game>
<game gamecode="6435601521"><general><startdate>2025-07-23 01:58:15</startdate>
<round>1</round>
<failsafecounter/>
<players><player seat="6" name="mocciolocaldo" chips="295" dealer="0" win="0" bet="295" muck="1" rebuy="0" addon="0" merge="0" rebuychips="0" reg_code="5049151296"/>
<player seat="10" name="Marti505" chips="760" dealer="1" win="625" bet="760" muck="0" rebuy="0" addon="0" merge="0" rebuychips="0" reg_code="5049151778"/>
<player seat="3" name="Rakki" chips="445" dealer="0" win="0" bet="35" muck="1" rebuy="0" addon="0" merge="0" rebuychips="0" reg_code="5049151011"/>
</players>
</general>
<round no="0"><action no="1" player="Rakki" type="15" sum="5"/>
<action no="2" player="mocciolocaldo" type="15" discard="1" dealt="1" sum="5"/>
<action no="3" player="Marti505" type="15" discard="1" dealt="1" sum="5"/>
<action no="4" player="Rakki" type="1" sum="15"/>
<action no="5" player="mocciolocaldo" type="2" discard="1" dealt="1" sum="30"/>
</round>
<round no="1"><cards type="Pocket" player="mocciolocaldo">S7 SA</cards>
<cards type="Pocket" player="Marti505">SQ HA</cards>
<cards type="Pocket" player="Rakki">DQ H8</cards>
<action no="6" player="Marti505" type="3" discard="1" dealt="1" sum="30"/>
<action no="7" player="Rakki" type="3" sum="15"/>
<action no="8" player="mocciolocaldo" type="23" discard="1" dealt="1" sum="290"/>
<action no="9" player="Marti505" type="23" discard="1" dealt="1" sum="755"/>
<action no="10" player="Rakki" type="0" sum="0"/>
</round>
<round no="2"><cards type="Flop">C9 HK D9</cards>
</round>
<round no="3"><cards type="Turn">C3</cards>
</round>
<round no="4"><cards type="River">C8</cards>
</round>
</game>
<game gamecode="6435601553"><general><startdate>2025-07-23 01:58:38</startdate>
<round>1</round>
<failsafecounter/>
<players><player seat="10" name="Marti505" chips="1,090" dealer="0" win="90" bet="1,090" muck="1" rebuy="0" addon="0" merge="0" rebuychips="0" reg_code="5049151778"/>
<player seat="3" name="Rakki" chips="410" dealer="1" win="0" bet="45" muck="1" rebuy="0" addon="0" merge="0" rebuychips="0" reg_code="5049151011"/>
</players>
</general>
<round no="0"><action no="1" player="Rakki" type="15" sum="5"/>
<action no="2" player="Marti505" type="15" discard="1" dealt="1" sum="5"/>
<action no="3" player="Rakki" type="1" sum="20"/>
<action no="4" player="Marti505" type="2" discard="1" dealt="1" sum="40"/>
</round>
<round no="1"><cards type="Pocket" player="Rakki">S2 HJ</cards>
<cards type="Pocket" player="Marti505">X X</cards>
<action no="5" player="Rakki" type="3" sum="20"/>
<action no="6" player="Marti505" type="4" discard="1" dealt="1" sum="0"/>
</round>
<round no="2"><cards type="Flop">C7 D5 D3</cards>
<action no="7" player="Marti505" type="5" discard="1" dealt="1" sum="1,045"/>
<action no="8" player="Rakki" type="0" sum="0"/>
</round>
</game>
<game gamecode="6435607656"><general><startdate>2025-07-23 01:59:10</startdate>
<round>1</round>
<failsafecounter/>
<players><player seat="3" name="Rakki" chips="365" dealer="0" win="50" bet="45" muck="1" rebuy="0" addon="0" merge="0" rebuychips="0" reg_code="5049151011"/>
<player seat="10" name="Marti505" chips="1,135" dealer="1" win="0" bet="25" muck="1" rebuy="0" addon="0" merge="0" rebuychips="0" reg_code="5049151778"/>
</players>
</general>
<round no="0"><action no="1" player="Marti505" type="15" discard="1" dealt="1" sum="5"/>
<action no="2" player="Rakki" type="15" sum="5"/>
<action no="3" player="Marti505" type="1" discard="1" dealt="1" sum="20"/>
<action no="4" player="Rakki" type="2" sum="40"/>
</round>
<round no="1"><cards type="Pocket" player="Marti505">X X</cards>
<cards type="Pocket" player="Rakki">D5 DJ</cards>
<action no="5" player="Marti505" type="0" discard="1" dealt="1" sum="0"/>
</round>
</game>
<game gamecode="6435607664"><general><startdate>2025-07-23 01:59:16</startdate>
<round>1</round>
<failsafecounter/>
<players><player seat="10" name="Marti505" chips="1,110" dealer="0" win="780" bet="390" muck="0" rebuy="0" addon="0" merge="0" rebuychips="0" reg_code="5049151778"/>
<player seat="3" name="Rakki" chips="390" dealer="1" win="0" bet="390" muck="0" rebuy="0" addon="0" merge="0" rebuychips="0" reg_code="5049151011"/>
</players>
</general>
<round no="0"><action no="1" player="Rakki" type="15" sum="5"/>
<action no="2" player="Marti505" type="15" discard="1" dealt="1" sum="5"/>
<action no="3" player="Rakki" type="1" sum="20"/>
<action no="4" player="Marti505" type="2" discard="1" dealt="1" sum="40"/>
</round>
<round no="1"><cards type="Pocket" player="Marti505">C9 CJ</cards>
<cards type="Pocket" player="Rakki">SK HJ</cards>
<action no="5" player="Rakki" type="3" sum="20"/>
<action no="6" player="Marti505" type="23" discard="1" dealt="1" sum="80"/>
<action no="7" player="Rakki" type="23" sum="385"/>
<action no="8" player="Marti505" type="3" discard="1" dealt="1" sum="305"/>
</round>
<round no="2"><cards type="Flop">DJ D9 SQ</cards>
</round>
<round no="3"><cards type="Turn">S3</cards>
</round>
<round no="4"><cards type="River">D3</cards>
</round>
</game>
</session>
