<?xml version="1.0" encoding="UTF-8"?>
<session sessioncode="5049114049">
<general>
<client_version>25.1.1.16</client_version>
<mode>real</mode>
<gametype>Holdem NL</gametype>
<tablename>Twister €50 SNG, 814454552</tablename>
<tournamentcode>814454551</tournamentcode>
<tournamentname>Twister €50 SNG</tournamentname>
<buyin>€0 + €3.50 + €46.50</buyin>
<totalbuyin>€50</totalbuyin>
<rewarddrawn>€200</rewarddrawn>
<tournamentcurrency>EUR</tournamentcurrency>
<currency>EUR</currency>
<nickname>Rakki</nickname>
<gamecount>12</gamecount>
<startdate>2025-07-22 23:10:27</startdate>
<place>1</place>
<win>€200</win>
<tablesize>3</tablesize>
</general>
<game gamecode="6435453036"><general><startdate>2025-07-22 23:10:42</startdate>
<round>1</round>
<failsafecounter/>
<players><player seat="10" name="Rakki" chips="500" dealer="0" win="0" bet="20" muck="1" rebuy="0" addon="0" merge="0" rebuychips="0" reg_code="5049114049"/>
<player seat="3" name="Vvbhhhjj" chips="500" dealer="1" win="50" bet="60" muck="1" rebuy="0" addon="0" merge="0" rebuychips="0" reg_code="5049113745"/>
<player seat="6" name="1Lmaestr0" chips="500" dealer="0" win="0" bet="10" muck="1" rebuy="0" addon="0" merge="0" rebuychips="0" reg_code="5049113972"/>
</players>
</general>
<round no="0"><action no="1" player="1Lmaestr0" type="1" discard="1" dealt="1" sum="10"/>
<action no="2" player="Rakki" type="2" sum="20"/>
</round>
<round no="1"><cards type="Pocket" player="1Lmaestr0">X X</cards>
<cards type="Pocket" player="Vvbhhhjj">X X</cards>
<cards type="Pocket" player="Rakki">D10 H5</cards>
<action no="3" player="Vvbhhhjj" type="3" discard="1" dealt="1" sum="20"/>
<action no="4" player="1Lmaestr0" type="0" discard="1" dealt="1" sum="0"/>
<action no="5" player="Rakki" type="4" sum="0"/>
</round>
<round no="2"><cards type="Flop">S6 D4 DK</cards>
<action no="6" player="Rakki" type="4" sum="0"/>
<action no="7" player="Vvbhhhjj" type="5" discard="1" dealt="1" sum="40"/>
<action no="8" player="Rakki" type="0" sum="0"/>
</round>
</game>
<game gamecode="6435453073"><general><startdate>2025-07-22 23:11:04</startdate>
<round>1</round>
<failsafecounter/>
<players><player seat="3" name="Vvbhhhjj" chips="530" dealer="0" win="0" bet="20" muck="1" rebuy="0" addon="0" merge="0" rebuychips="0" reg_code="5049113745"/>
<player seat="6" name="1Lmaestr0" chips="490" dealer="1" win="0" bet="0" muck="1" rebuy="0" addon="0" merge="0" rebuychips="0" reg_code="5049113972"/>
<player seat="10" name="Rakki" chips="480" dealer="0" win="40" bet="20" muck="0" rebuy="0" addon="0" merge="0" rebuychips="0" reg_code="5049114049"/>
</players>
</general>
<round no="0"><action no="1" player="Rakki" type="1" sum="10"/>
<action no="2" player="Vvbhhhjj" type="2" discard="1" dealt="1" sum="20"/>
</round>
<round no="1"><cards type="Pocket" player="Rakki">SA D10</cards>
<cards type="Pocket" player="Vvbhhhjj">C2 H10</cards>
<cards type="Pocket" player="1Lmaestr0">X X</cards>
<action no="3" player="1Lmaestr0" type="0" discard="1" dealt="1" sum="0"/>
<action no="4" player="Rakki" type="3" sum="10"/>
<action no="5" player="Vvbhhhjj" type="4" discard="1" dealt="1" sum="0"/>
</round>
<round no="2"><cards type="Flop">C8 D3 HQ</cards>
<action no="6" player="Rakki" type="4" sum="0"/>
<action no="7" player="Vvbhhhjj" type="4" discard="1" dealt="1" sum="0"/>
</round>
<round no="3"><cards type="Turn">S8</cards>
<action no="8" player="Rakki" type="4" sum="0"/>
<action no="9" player="Vvbhhhjj" type="4" discard="1" dealt="1" sum="0"/>
</round>
<round no="4"><cards type="River">SQ</cards>
<action no="10" player="Rakki" type="4" sum="0"/>
<action no="11" player="Vvbhhhjj" type="4" discard="1" dealt="1" sum="0"/>
</round>
</game>
<game gamecode="6435453106"><general><startdate>2025-07-22 23:11:26</startdate>
<round>1</round>
<failsafecounter/>
<players><player seat="6" name="1Lmaestr0" chips="490" dealer="0" win="0" bet="300" muck="1" rebuy="0" addon="0" merge="0" rebuychips="0" reg_code="5049113972"/>
<player seat="10" name="Rakki" chips="500" dealer="1" win="0" bet="0" muck="1" rebuy="0" addon="0" merge="0" rebuychips="0" reg_code="5049114049"/>
<player seat="3" name="Vvbhhhjj" chips="510" dealer="0" win="600" bet="300" muck="0" rebuy="0" addon="0" merge="0" rebuychips="0" reg_code="5049113745"/>
</players>
</general>
<round no="0"><action no="1" player="Vvbhhhjj" type="1" discard="1" dealt="1" sum="10"/>
<action no="2" player="1Lmaestr0" type="2" discard="1" dealt="1" sum="20"/>
</round>
<round no="1"><cards type="Pocket" player="1Lmaestr0">DK S7</cards>
<cards type="Pocket" player="Rakki">D5 H7</cards>
<cards type="Pocket" player="Vvbhhhjj">DA SA</cards>
<action no="3" player="Rakki" type="0" sum="0"/>
<action no="4" player="Vvbhhhjj" type="23" discard="1" dealt="1" sum="40"/>
<action no="5" player="1Lmaestr0" type="3" discard="1" dealt="1" sum="20"/>
</round>
<round no="2"><cards type="Flop">SJ D9 HK</cards>
<action no="6" player="Vvbhhhjj" type="5" discard="1" dealt="1" sum="40"/>
<action no="7" player="1Lmaestr0" type="3" discard="1" dealt="1" sum="40"/>
</round>
<round no="3"><cards type="Turn">CA</cards>
<action no="8" player="Vvbhhhjj" type="5" discard="1" dealt="1" sum="60"/>
<action no="9" player="1Lmaestr0" type="3" discard="1" dealt="1" sum="60"/>
</round>
<round no="4"><cards type="River">C6</cards>
<action no="10" player="Vvbhhhjj" type="5" discard="1" dealt="1" sum="160"/>
<action no="11" player="1Lmaestr0" type="3" discard="1" dealt="1" sum="160"/>
</round>
</game>
<game gamecode="6435453161"><general><startdate>2025-07-22 23:11:58</startdate>
<round>1</round>
<failsafecounter/>
<players><player seat="10" name="Rakki" chips="500" dealer="0" win="0" bet="20" muck="1" rebuy="0" addon="0" merge="0" rebuychips="0" reg_code="5049114049"/>
<player seat="3" name="Vvbhhhjj" chips="810" dealer="1" win="50" bet="60" muck="1" rebuy="0" addon="0" merge="0" rebuychips="0" reg_code="5049113745"/>
<player seat="6" name="1Lmaestr0" chips="190" dealer="0" win="0" bet="10" muck="1" rebuy="0" addon="0" merge="0" rebuychips="0" reg_code="5049113972"/>
</players>
</general>
<round no="0"><action no="1" player="1Lmaestr0" type="1" discard="1" dealt="1" sum="10"/>
<action no="2" player="Rakki" type="2" sum="20"/>
</round>
<round no="1"><cards type="Pocket" player="Vvbhhhjj">X X</cards>
<cards type="Pocket" player="Rakki">SK H7</cards>
<cards type="Pocket" player="1Lmaestr0">X X</cards>
<action no="3" player="Vvbhhhjj" type="3" discard="1" dealt="1" sum="20"/>
<action no="4" player="1Lmaestr0" type="0" discard="1" dealt="1" sum="0"/>
<action no="5" player="Rakki" type="4" sum="0"/>
</round>
<round no="2"><cards type="Flop">SA DA H10</cards>
<action no="6" player="Rakki" type="4" sum="0"/>
<action no="7" player="Vvbhhhjj" type="4" discard="1" dealt="1" sum="0"/>
</round>
<round no="3"><cards type="Turn">H2</cards>
<action no="8" player="Rakki" type="4" sum="0"/>
<action no="9" player="Vvbhhhjj" type="4" discard="1" dealt="1" sum="0"/>
</round>
<round no="4"><cards type="River">S6</cards>
<action no="10" player="Rakki" type="4" sum="0"/>
<action no="11" player="Vvbhhhjj" type="5" discard="1" dealt="1" sum="40"/>
<action no="12" player="Rakki" type="0" sum="0"/>
</round>
</game>
<game gamecode="6435453216"><general><startdate>2025-07-22 23:12:30</startdate>
<round>1</round>
<failsafecounter/>
<players><player seat="3" name="Vvbhhhjj" chips="840" dealer="0" win="0" bet="20" muck="1" rebuy="0" addon="0" merge="0" rebuychips="0" reg_code="5049113745"/>
<player seat="6" name="1Lmaestr0" chips="180" dealer="1" win="50" bet="180" muck="1" rebuy="0" addon="0" merge="0" rebuychips="0" reg_code="5049113972"/>
<player seat="10" name="Rakki" chips="480" dealer="0" win="0" bet="10" muck="1" rebuy="0" addon="0" merge="0" rebuychips="0" reg_code="5049114049"/>
</players>
</general>
<round no="0"><action no="1" player="Rakki" type="1" sum="10"/>
<action no="2" player="Vvbhhhjj" type="2" discard="1" dealt="1" sum="20"/>
</round>
<round no="1"><cards type="Pocket" player="Rakki">S8 DQ</cards>
<cards type="Pocket" player="Vvbhhhjj">X X</cards>
<cards type="Pocket" player="1Lmaestr0">X X</cards>
<action no="3" player="1Lmaestr0" type="23" discard="1" dealt="1" sum="180"/>
<action no="4" player="Rakki" type="0" sum="0"/>
<action no="5" player="Vvbhhhjj" type="0" discard="1" dealt="1" sum="0"/>
</round>
</game>
<game gamecode="6435453237"><general><startdate>2025-07-22 23:12:41</startdate>
<round>1</round>
<failsafecounter/>
<players><player seat="6" name="1Lmaestr0" chips="210" dealer="0" win="0" bet="65" muck="1" rebuy="0" addon="0" merge="0" rebuychips="0" reg_code="5049113972"/>
<player seat="10" name="Rakki" chips="470" dealer="1" win="150" bet="95" muck="1" rebuy="0" addon="0" merge="0" rebuychips="0" reg_code="5049114049"/>
<player seat="3" name="Vvbhhhjj" chips="820" dealer="0" win="0" bet="20" muck="1" rebuy="0" addon="0" merge="0" rebuychips="0" reg_code="5049113745"/>
</players>
</general>
<round no="0"><action no="1" player="Vvbhhhjj" type="15" discard="1" dealt="1" sum="5"/>
<action no="2" player="1Lmaestr0" type="15" discard="1" dealt="1" sum="5"/>
<action no="3" player="Rakki" type="15" sum="5"/>
<action no="4" player="Vvbhhhjj" type="1" discard="1" dealt="1" sum="15"/>
<action no="5" player="1Lmaestr0" type="2" discard="1" dealt="1" sum="30"/>
</round>
<round no="1"><cards type="Pocket" player="1Lmaestr0">X X</cards>
<cards type="Pocket" player="Rakki">D10 DA</cards>
<cards type="Pocket" player="Vvbhhhjj">X X</cards>
<action no="6" player="Rakki" type="23" sum="60"/>
<action no="7" player="Vvbhhhjj" type="0" discard="1" dealt="1" sum="0"/>
<action no="8" player="1Lmaestr0" type="3" discard="1" dealt="1" sum="30"/>
</round>
<round no="2"><cards type="Flop">D2 C10 DQ</cards>
<action no="9" player="1Lmaestr0" type="4" discard="1" dealt="1" sum="0"/>
<action no="10" player="Rakki" type="5" sum="30"/>
<action no="11" player="1Lmaestr0" type="0" discard="1" dealt="1" sum="0"/>
</round>
</game>
<game gamecode="6435453290"><general><startdate>2025-07-22 23:13:18</startdate>
<round>1</round>
<failsafecounter/>
<players><player seat="10" name="Rakki" chips="555" dealer="0" win="295" bet="145" muck="0" rebuy="0" addon="0" merge="0" rebuychips="0" reg_code="5049114049"/>
<player seat="3" name="Vvbhhhjj" chips="800" dealer="1" win="0" bet="5" muck="1" rebuy="0" addon="0" merge="0" rebuychips="0" reg_code="5049113745"/>
<player seat="6" name="1Lmaestr0" chips="145" dealer="0" win="0" bet="145" muck="0" rebuy="0" addon="0" merge="0" rebuychips="0" reg_code="5049113972"/>
</players>
</general>
<round no="0"><action no="1" player="1Lmaestr0" type="15" discard="1" dealt="1" sum="5"/>
<action no="2" player="Rakki" type="15" sum="5"/>
<action no="3" player="Vvbhhhjj" type="15" discard="1" dealt="1" sum="5"/>
<action no="4" player="1Lmaestr0" type="1" discard="1" dealt="1" sum="15"/>
<action no="5" player="Rakki" type="2" sum="30"/>
</round>
<round no="1"><cards type="Pocket" player="1Lmaestr0">CQ DJ</cards>
<cards type="Pocket" player="Rakki">D2 C2</cards>
<cards type="Pocket" player="Vvbhhhjj">X X</cards>
<action no="6" player="Vvbhhhjj" type="0" discard="1" dealt="1" sum="0"/>
<action no="7" player="1Lmaestr0" type="23" discard="1" dealt="1" sum="140"/>
<action no="8" player="Rakki" type="3" sum="110"/>
</round>
<round no="2"><cards type="Flop">CK H6 S7</cards>
</round>
<round no="3"><cards type="Turn">SA</cards>
</round>
<round no="4"><cards type="River">S5</cards>
</round>
</game>
<game gamecode="6435453318"><general><startdate>2025-07-22 23:13:36</startdate>
<round>1</round>
<failsafecounter/>
<players><player seat="3" name="Vvbhhhjj" chips="795" dealer="0" win="0" bet="35" muck="1" rebuy="0" addon="0" merge="0" rebuychips="0" reg_code="5049113745"/>
<player seat="10" name="Rakki" chips="705" dealer="1" win="70" bet="65" muck="1" rebuy="0" addon="0" merge="0" rebuychips="0" reg_code="5049114049"/>
</players>
</general>
<round no="0"><action no="1" player="Rakki" type="15" sum="5"/>
<action no="2" player="Vvbhhhjj" type="15" discard="1" dealt="1" sum="5"/>
<action no="3" player="Rakki" type="1" sum="15"/>
<action no="4" player="Vvbhhhjj" type="2" discard="1" dealt="1" sum="30"/>
</round>
<round no="1"><cards type="Pocket" player="Vvbhhhjj">X X</cards>
<cards type="Pocket" player="Rakki">SK D4</cards>
<action no="5" player="Rakki" type="3" sum="15"/>
<action no="6" player="Vvbhhhjj" type="4" discard="1" dealt="1" sum="0"/>
</round>
<round no="2"><cards type="Flop">C9 H8 S5</cards>
<action no="7" player="Vvbhhhjj" type="4" discard="1" dealt="1" sum="0"/>
<action no="8" player="Rakki" type="4" sum="0"/>
</round>
<round no="3"><cards type="Turn">D8</cards>
<action no="9" player="Vvbhhhjj" type="4" discard="1" dealt="1" sum="0"/>
<action no="10" player="Rakki" type="4" sum="0"/>
</round>
<round no="4"><cards type="River">H4</cards>
<action no="11" player="Vvbhhhjj" type="4" discard="1" dealt="1" sum="0"/>
<action no="12" player="Rakki" type="5" sum="30"/>
<action no="13" player="Vvbhhhjj" type="0" discard="1" dealt="1" sum="0"/>
</round>
</game>
<game gamecode="6435453361"><general><startdate>2025-07-22 23:14:04</startdate>
<round>1</round>
<failsafecounter/>
<players><player seat="10" name="Rakki" chips="740" dealer="0" win="740" bet="370" muck="0" rebuy="0" addon="0" merge="0" rebuychips="0" reg_code="5049114049"/>
<player seat="3" name="Vvbhhhjj" chips="760" dealer="1" win="0" bet="370" muck="1" rebuy="0" addon="0" merge="0" rebuychips="0" reg_code="5049113745"/>
</players>
</general>
<round no="0"><action no="1" player="Vvbhhhjj" type="15" discard="1" dealt="1" sum="5"/>
<action no="2" player="Rakki" type="15" sum="5"/>
<action no="3" player="Vvbhhhjj" type="1" discard="1" dealt="1" sum="15"/>
<action no="4" player="Rakki" type="2" sum="30"/>
</round>
<round no="1"><cards type="Pocket" player="Rakki">C9 HK</cards>
<cards type="Pocket" player="Vvbhhhjj">H8 SA</cards>
<action no="5" player="Vvbhhhjj" type="23" discard="1" dealt="1" sum="90"/>
<action no="6" player="Rakki" type="3" sum="60"/>
</round>
<round no="2"><cards type="Flop">D8 CK S4</cards>
<action no="7" player="Rakki" type="4" sum="0"/>
<action no="8" player="Vvbhhhjj" type="5" discard="1" dealt="1" sum="90"/>
<action no="9" player="Rakki" type="3" sum="90"/>
</round>
<round no="3"><cards type="Turn">H3</cards>
<action no="10" player="Rakki" type="4" sum="0"/>
<action no="11" player="Vvbhhhjj" type="4" discard="1" dealt="1" sum="0"/>
</round>
<round no="4"><cards type="River">DQ</cards>
<action no="12" player="Rakki" type="5" sum="185"/>
<action no="13" player="Vvbhhhjj" type="3" discard="1" dealt="1" sum="185"/>
</round>
</game>
<game gamecode="6435453402"><general><startdate>2025-07-22 23:14:26</startdate>
<round>1</round>
<failsafecounter/>
<players><player seat="3" name="Vvbhhhjj" chips="390" dealer="0" win="130" bet="65" muck="0" rebuy="0" addon="0" merge="0" rebuychips="0" reg_code="5049113745"/>
<player seat="10" name="Rakki" chips="1,110" dealer="1" win="0" bet="65" muck="1" rebuy="0" addon="0" merge="0" rebuychips="0" reg_code="5049114049"/>
</players>
</general>
<round no="0"><action no="1" player="Rakki" type="15" sum="5"/>
<action no="2" player="Vvbhhhjj" type="15" discard="1" dealt="1" sum="5"/>
<action no="3" player="Rakki" type="1" sum="15"/>
<action no="4" player="Vvbhhhjj" type="2" discard="1" dealt="1" sum="30"/>
</round>
<round no="1"><cards type="Pocket" player="Vvbhhhjj">HK S5</cards>
<cards type="Pocket" player="Rakki">S9 S8</cards>
<action no="5" player="Rakki" type="3" sum="15"/>
<action no="6" player="Vvbhhhjj" type="4" discard="1" dealt="1" sum="0"/>
</round>
<round no="2"><cards type="Flop">SQ H5 DJ</cards>
<action no="7" player="Vvbhhhjj" type="4" discard="1" dealt="1" sum="0"/>
<action no="8" player="Rakki" type="5" sum="30"/>
<action no="9" player="Vvbhhhjj" type="3" discard="1" dealt="1" sum="30"/>
</round>
<round no="3"><cards type="Turn">S4</cards>
<action no="10" player="Vvbhhhjj" type="4" discard="1" dealt="1" sum="0"/>
<action no="11" player="Rakki" type="4" sum="0"/>
</round>
<round no="4"><cards type="River">HQ</cards>
<action no="12" player="Vvbhhhjj" type="4" discard="1" dealt="1" sum="0"/>
<action no="13" player="Rakki" type="4" sum="0"/>
</round>
</game>
<game gamecode="6435453450"><general><startdate>2025-07-22 23:14:56</startdate>
<round>1</round>
<failsafecounter/>
<players><player seat="10" name="Rakki" chips="1,045" dealer="0" win="90" bet="1,045" muck="1" rebuy="0" addon="0" merge="0" rebuychips="0" reg_code="5049114049"/>
<player seat="3" name="Vvbhhhjj" chips="455" dealer="1" win="0" bet="45" muck="1" rebuy="0" addon="0" merge="0" rebuychips="0" reg_code="5049113745"/>
</players>
</general>
<round no="0"><action no="1" player="Vvbhhhjj" type="15" discard="1" dealt="1" sum="5"/>
<action no="2" player="Rakki" type="15" sum="5"/>
<action no="3" player="Vvbhhhjj" type="1" discard="1" dealt="1" sum="20"/>
<action no="4" player="Rakki" type="2" sum="40"/>
</round>
<round no="1"><cards type="Pocket" player="Rakki">C6 HA</cards>
<cards type="Pocket" player="Vvbhhhjj">X X</cards>
<action no="5" player="Vvbhhhjj" type="3" discard="1" dealt="1" sum="20"/>
<action no="6" player="Rakki" type="23" sum="1,040"/>
<action no="7" player="Vvbhhhjj" type="0" discard="1" dealt="1" sum="0"/>
</round>
</game>
<game gamecode="6435453464"><general><startdate>2025-07-22 23:15:05</startdate>
<round>1</round>
<failsafecounter/>
<players><player seat="3" name="Vvbhhhjj" chips="410" dealer="0" win="0" bet="410" muck="0" rebuy="0" addon="0" merge="0" rebuychips="0" reg_code="5049113745"/>
<player seat="10" name="Rakki" chips="1,090" dealer="1" win="820" bet="530" muck="0" rebuy="0" addon="0" merge="0" rebuychips="0" reg_code="5049114049"/>
</players>
</general>
<round no="0"><action no="1" player="Rakki" type="15" sum="5"/>
<action no="2" player="Vvbhhhjj" type="15" discard="1" dealt="1" sum="5"/>
<action no="3" player="Rakki" type="1" sum="20"/>
<action no="4" player="Vvbhhhjj" type="2" discard="1" dealt="1" sum="40"/>
</round>
<round no="1"><cards type="Pocket" player="Vvbhhhjj">DK S6</cards>
<cards type="Pocket" player="Rakki">CJ CK</cards>
<action no="5" player="Rakki" type="3" sum="20"/>
<action no="6" player="Vvbhhhjj" type="23" discard="1" dealt="1" sum="120"/>
<action no="7" player="Rakki" type="3" sum="80"/>
</round>
<round no="2"><cards type="Flop">S2 H3 HK</cards>
<action no="8" player="Vvbhhhjj" type="4" discard="1" dealt="1" sum="0"/>
<action no="9" player="Rakki" type="4" sum="0"/>
</round>
<round no="3"><cards type="Turn">D5</cards>
<action no="10" player="Vvbhhhjj" type="5" discard="1" dealt="1" sum="80"/>
<action no="11" player="Rakki" type="3" sum="80"/>
</round>
<round no="4"><cards type="River">S3</cards>
<action no="12" player="Vvbhhhjj" type="5" discard="1" dealt="1" sum="80"/>
<action no="13" player="Rakki" type="23" sum="325"/>
<action no="14" player="Vvbhhhjj" type="7" discard="1" dealt="1" sum="125"/>
</round>
</game>
</session>
