<?xml version="1.0" encoding="UTF-8"?>
<session sessioncode="5049360626">
<general>
<client_version>25.1.1.16</client_version>
<mode>real</mode>
<gametype>Holdem NL</gametype>
<tablename>Twister €100 SNG, 814525266</tablename>
<tournamentcode>814525265</tournamentcode>
<tournamentname>Twister €100 SNG</tournamentname>
<buyin>€0 + €7 + €93</buyin>
<totalbuyin>€100</totalbuyin>
<rewarddrawn>€200</rewarddrawn>
<tournamentcurrency>EUR</tournamentcurrency>
<currency>EUR</currency>
<nickname>Rakki</nickname>
<gamecount>1</gamecount>
<startdate>2025-07-24 02:20:02</startdate>
<place>3</place>
<win>€0</win>
<tablesize>3</tablesize>
</general>
<game gamecode="6436475407"><general><startdate>2025-07-24 02:20:17</startdate>
<round>1</round>
<failsafecounter/>
<players><player seat="6" name="Rakki" chips="500" dealer="0" win="0" bet="500" muck="1" rebuy="0" addon="0" merge="0" rebuychips="0" reg_code="5049360626"/>
<player seat="10" name="zzzzzzT1" chips="500" dealer="1" win="0" bet="0" muck="1" rebuy="0" addon="0" merge="0" rebuychips="0" reg_code="5049361469"/>
<player seat="3" name="LolloCausto" chips="500" dealer="0" win="1,000" bet="500" muck="0" rebuy="0" addon="0" merge="0" rebuychips="0" reg_code="5049360525"/>
</players>
</general>
<round no="0"><action no="1" player="LolloCausto" type="1" discard="1" dealt="1" sum="10"/>
<action no="2" player="Rakki" type="2" sum="20"/>
</round>
<round no="1"><cards type="Pocket" player="zzzzzzT1">X X</cards>
<cards type="Pocket" player="LolloCausto">HQ C8</cards>
<cards type="Pocket" player="Rakki">CJ C5</cards>
<action no="3" player="zzzzzzT1" type="0" discard="1" dealt="1" sum="0"/>
<action no="4" player="LolloCausto" type="23" discard="1" dealt="1" sum="40"/>
<action no="5" player="Rakki" type="3" sum="20"/>
</round>
<round no="2"><cards type="Flop">H7 D5 D4</cards>
<action no="6" player="LolloCausto" type="5" discard="1" dealt="1" sum="21"/>
<action no="7" player="Rakki" type="23" sum="62"/>
<action no="8" player="LolloCausto" type="3" discard="1" dealt="1" sum="41"/>
</round>
<round no="3"><cards type="Turn">S2</cards>
<action no="9" player="LolloCausto" type="4" discard="1" dealt="1" sum="0"/>
<action no="10" player="Rakki" type="5" sum="80"/>
<action no="11" player="LolloCausto" type="3" discard="1" dealt="1" sum="80"/>
</round>
<round no="4"><cards type="River">S6</cards>
<action no="12" player="LolloCausto" type="4" discard="1" dealt="1" sum="0"/>
<action no="13" player="Rakki" type="5" sum="318"/>
<action no="14" player="LolloCausto" type="7" discard="1" dealt="1" sum="318"/>
</round>
</game>
</session>
