<?xml version="1.0" encoding="UTF-8"?>
<session sessioncode="5049322707">
<general>
<client_version>25.1.1.16</client_version>
<mode>real</mode>
<gametype>Holdem NL</gametype>
<tablename>Twister €100 SNG, 814513812</tablename>
<tournamentcode>814513811</tournamentcode>
<tournamentname>Twister €100 SNG</tournamentname>
<buyin>€0 + €7 + €93</buyin>
<totalbuyin>€100</totalbuyin>
<rewarddrawn>€200</rewarddrawn>
<tournamentcurrency>EUR</tournamentcurrency>
<currency>EUR</currency>
<nickname>Rakki</nickname>
<gamecount>15</gamecount>
<startdate>2025-07-23 22:57:53</startdate>
<place>3</place>
<win>€0</win>
<tablesize>3</tablesize>
</general>
<game gamecode="6436306195"><general><startdate>2025-07-23 22:58:09</startdate>
<round>1</round>
<failsafecounter/>
<players><player seat="3" name="L1mltless" chips="500" dealer="0" win="200" bet="204" muck="1" rebuy="0" addon="0" merge="0" rebuychips="0" reg_code="5049322649"/>
<player seat="6" name="Rakki" chips="500" dealer="1" win="0" bet="0" muck="1" rebuy="0" addon="0" merge="0" rebuychips="0" reg_code="5049322707"/>
<player seat="10" name="pietromin1978" chips="500" dealer="0" win="0" bet="100" muck="1" rebuy="0" addon="0" merge="0" rebuychips="0" reg_code="5049322799"/>
</players>
</general>
<round no="0"><action no="1" player="pietromin1978" type="1" discard="1" dealt="1" sum="10"/>
<action no="2" player="L1mltless" type="2" discard="1" dealt="1" sum="20"/>
</round>
<round no="1"><cards type="Pocket" player="L1mltless">X X</cards>
<cards type="Pocket" player="pietromin1978">X X</cards>
<cards type="Pocket" player="Rakki">C6 D10</cards>
<action no="3" player="Rakki" type="0" sum="0"/>
<action no="4" player="pietromin1978" type="3" discard="1" dealt="1" sum="10"/>
<action no="5" player="L1mltless" type="23" discard="1" dealt="1" sum="60"/>
<action no="6" player="pietromin1978" type="3" discard="1" dealt="1" sum="40"/>
</round>
<round no="2"><cards type="Flop">C4 CA D2</cards>
<action no="7" player="pietromin1978" type="4" discard="1" dealt="1" sum="0"/>
<action no="8" player="L1mltless" type="5" discard="1" dealt="1" sum="40"/>
<action no="9" player="pietromin1978" type="3" discard="1" dealt="1" sum="40"/>
</round>
<round no="3"><cards type="Turn">HA</cards>
<action no="10" player="pietromin1978" type="4" discard="1" dealt="1" sum="0"/>
<action no="11" player="L1mltless" type="5" discard="1" dealt="1" sum="104"/>
<action no="12" player="pietromin1978" type="0" discard="1" dealt="1" sum="0"/>
</round>
</game>
<game gamecode="6436306231"><general><startdate>2025-07-23 22:58:32</startdate>
<round>1</round>
<failsafecounter/>
<players><player seat="6" name="Rakki" chips="500" dealer="0" win="0" bet="20" muck="1" rebuy="0" addon="0" merge="0" rebuychips="0" reg_code="5049322707"/>
<player seat="10" name="pietromin1978" chips="400" dealer="1" win="0" bet="80" muck="1" rebuy="0" addon="0" merge="0" rebuychips="0" reg_code="5049322799"/>
<player seat="3" name="L1mltless" chips="600" dealer="0" win="180" bet="80" muck="0" rebuy="0" addon="0" merge="0" rebuychips="0" reg_code="5049322649"/>
</players>
</general>
<round no="0"><action no="1" player="L1mltless" type="1" discard="1" dealt="1" sum="10"/>
<action no="2" player="Rakki" type="2" sum="20"/>
</round>
<round no="1"><cards type="Pocket" player="L1mltless">H8 HQ</cards>
<cards type="Pocket" player="pietromin1978">D4 HK</cards>
<cards type="Pocket" player="Rakki">D9 H2</cards>
<action no="3" player="pietromin1978" type="3" discard="1" dealt="1" sum="20"/>
<action no="4" player="L1mltless" type="3" discard="1" dealt="1" sum="10"/>
<action no="5" player="Rakki" type="4" sum="0"/>
</round>
<round no="2"><cards type="Flop">DQ S7 S4</cards>
<action no="6" player="L1mltless" type="4" discard="1" dealt="1" sum="0"/>
<action no="7" player="Rakki" type="4" sum="0"/>
<action no="8" player="pietromin1978" type="5" discard="1" dealt="1" sum="60"/>
<action no="9" player="L1mltless" type="3" discard="1" dealt="1" sum="60"/>
<action no="10" player="Rakki" type="0" sum="0"/>
</round>
<round no="3"><cards type="Turn">D8</cards>
<action no="11" player="L1mltless" type="4" discard="1" dealt="1" sum="0"/>
<action no="12" player="pietromin1978" type="4" discard="1" dealt="1" sum="0"/>
</round>
<round no="4"><cards type="River">H5</cards>
<action no="13" player="L1mltless" type="4" discard="1" dealt="1" sum="0"/>
<action no="14" player="pietromin1978" type="4" discard="1" dealt="1" sum="0"/>
</round>
</game>
<game gamecode="6436306316"><general><startdate>2025-07-23 22:59:19</startdate>
<round>1</round>
<failsafecounter/>
<players><player seat="10" name="pietromin1978" chips="320" dealer="0" win="0" bet="20" muck="1" rebuy="0" addon="0" merge="0" rebuychips="0" reg_code="5049322799"/>
<player seat="3" name="L1mltless" chips="700" dealer="1" win="0" bet="0" muck="1" rebuy="0" addon="0" merge="0" rebuychips="0" reg_code="5049322649"/>
<player seat="6" name="Rakki" chips="480" dealer="0" win="40" bet="480" muck="1" rebuy="0" addon="0" merge="0" rebuychips="0" reg_code="5049322707"/>
</players>
</general>
<round no="0"><action no="1" player="Rakki" type="1" sum="10"/>
<action no="2" player="pietromin1978" type="2" discard="1" dealt="1" sum="20"/>
</round>
<round no="1"><cards type="Pocket" player="Rakki">CA D2</cards>
<cards type="Pocket" player="pietromin1978">X X</cards>
<cards type="Pocket" player="L1mltless">X X</cards>
<action no="3" player="L1mltless" type="0" discard="1" dealt="1" sum="0"/>
<action no="4" player="Rakki" type="23" sum="480"/>
<action no="5" player="pietromin1978" type="0" discard="1" dealt="1" sum="0"/>
</round>
</game>
<game gamecode="6436306337"><general><startdate>2025-07-23 22:59:31</startdate>
<round>1</round>
<failsafecounter/>
<players><player seat="3" name="L1mltless" chips="700" dealer="0" win="80" bet="80" muck="1" rebuy="0" addon="0" merge="0" rebuychips="0" reg_code="5049322649"/>
<player seat="6" name="Rakki" chips="500" dealer="1" win="0" bet="0" muck="1" rebuy="0" addon="0" merge="0" rebuychips="0" reg_code="5049322707"/>
<player seat="10" name="pietromin1978" chips="300" dealer="0" win="0" bet="40" muck="1" rebuy="0" addon="0" merge="0" rebuychips="0" reg_code="5049322799"/>
</players>
</general>
<round no="0"><action no="1" player="pietromin1978" type="1" discard="1" dealt="1" sum="10"/>
<action no="2" player="L1mltless" type="2" discard="1" dealt="1" sum="20"/>
</round>
<round no="1"><cards type="Pocket" player="pietromin1978">X X</cards>
<cards type="Pocket" player="L1mltless">X X</cards>
<cards type="Pocket" player="Rakki">S4 H7</cards>
<action no="3" player="Rakki" type="0" sum="0"/>
<action no="4" player="pietromin1978" type="3" discard="1" dealt="1" sum="10"/>
<action no="5" player="L1mltless" type="4" discard="1" dealt="1" sum="0"/>
</round>
<round no="2"><cards type="Flop">H3 C6 DA</cards>
<action no="6" player="pietromin1978" type="4" discard="1" dealt="1" sum="0"/>
<action no="7" player="L1mltless" type="5" discard="1" dealt="1" sum="20"/>
<action no="8" player="pietromin1978" type="3" discard="1" dealt="1" sum="20"/>
</round>
<round no="3"><cards type="Turn">SK</cards>
<action no="9" player="pietromin1978" type="4" discard="1" dealt="1" sum="0"/>
<action no="10" player="L1mltless" type="5" discard="1" dealt="1" sum="40"/>
<action no="11" player="pietromin1978" type="0" discard="1" dealt="1" sum="0"/>
</round>
</game>
<game gamecode="6436306404"><general><startdate>2025-07-23 23:00:09</startdate>
<round>1</round>
<failsafecounter/>
<players><player seat="6" name="Rakki" chips="500" dealer="0" win="0" bet="35" muck="1" rebuy="0" addon="0" merge="0" rebuychips="0" reg_code="5049322707"/>
<player seat="10" name="pietromin1978" chips="260" dealer="1" win="105" bet="140" muck="1" rebuy="0" addon="0" merge="0" rebuychips="0" reg_code="5049322799"/>
<player seat="3" name="L1mltless" chips="740" dealer="0" win="0" bet="35" muck="1" rebuy="0" addon="0" merge="0" rebuychips="0" reg_code="5049322649"/>
</players>
</general>
<round no="0"><action no="1" player="L1mltless" type="15" discard="1" dealt="1" sum="5"/>
<action no="2" player="Rakki" type="15" sum="5"/>
<action no="3" player="pietromin1978" type="15" discard="1" dealt="1" sum="5"/>
<action no="4" player="L1mltless" type="1" discard="1" dealt="1" sum="15"/>
<action no="5" player="Rakki" type="2" sum="30"/>
</round>
<round no="1"><cards type="Pocket" player="pietromin1978">X X</cards>
<cards type="Pocket" player="L1mltless">X X</cards>
<cards type="Pocket" player="Rakki">H7 H5</cards>
<action no="6" player="pietromin1978" type="3" discard="1" dealt="1" sum="30"/>
<action no="7" player="L1mltless" type="3" discard="1" dealt="1" sum="15"/>
<action no="8" player="Rakki" type="4" sum="0"/>
</round>
<round no="2"><cards type="Flop">DK SK C8</cards>
<action no="9" player="L1mltless" type="4" discard="1" dealt="1" sum="0"/>
<action no="10" player="Rakki" type="4" sum="0"/>
<action no="11" player="pietromin1978" type="5" discard="1" dealt="1" sum="105"/>
<action no="12" player="L1mltless" type="0" discard="1" dealt="1" sum="0"/>
<action no="13" player="Rakki" type="0" sum="0"/>
</round>
</game>
<game gamecode="6436306453"><general><startdate>2025-07-23 23:00:37</startdate>
<round>1</round>
<failsafecounter/>
<players><player seat="10" name="pietromin1978" chips="330" dealer="0" win="45" bet="35" muck="1" rebuy="0" addon="0" merge="0" rebuychips="0" reg_code="5049322799"/>
<player seat="3" name="L1mltless" chips="705" dealer="1" win="0" bet="5" muck="1" rebuy="0" addon="0" merge="0" rebuychips="0" reg_code="5049322649"/>
<player seat="6" name="Rakki" chips="465" dealer="0" win="0" bet="20" muck="1" rebuy="0" addon="0" merge="0" rebuychips="0" reg_code="5049322707"/>
</players>
</general>
<round no="0"><action no="1" player="Rakki" type="15" sum="5"/>
<action no="2" player="pietromin1978" type="15" discard="1" dealt="1" sum="5"/>
<action no="3" player="L1mltless" type="15" discard="1" dealt="1" sum="5"/>
<action no="4" player="Rakki" type="1" sum="15"/>
<action no="5" player="pietromin1978" type="2" discard="1" dealt="1" sum="30"/>
</round>
<round no="1"><cards type="Pocket" player="pietromin1978">X X</cards>
<cards type="Pocket" player="Rakki">H4 CJ</cards>
<cards type="Pocket" player="L1mltless">X X</cards>
<action no="6" player="L1mltless" type="0" discard="1" dealt="1" sum="0"/>
<action no="7" player="Rakki" type="0" sum="0"/>
</round>
</game>
<game gamecode="6436306471"><general><startdate>2025-07-23 23:00:46</startdate>
<round>1</round>
<failsafecounter/>
<players><player seat="3" name="L1mltless" chips="700" dealer="0" win="0" bet="35" muck="1" rebuy="0" addon="0" merge="0" rebuychips="0" reg_code="5049322649"/>
<player seat="6" name="Rakki" chips="445" dealer="1" win="90" bet="445" muck="1" rebuy="0" addon="0" merge="0" rebuychips="0" reg_code="5049322707"/>
<player seat="10" name="pietromin1978" chips="355" dealer="0" win="0" bet="20" muck="1" rebuy="0" addon="0" merge="0" rebuychips="0" reg_code="5049322799"/>
</players>
</general>
<round no="0"><action no="1" player="pietromin1978" type="15" discard="1" dealt="1" sum="5"/>
<action no="2" player="L1mltless" type="15" discard="1" dealt="1" sum="5"/>
<action no="3" player="Rakki" type="15" sum="5"/>
<action no="4" player="pietromin1978" type="1" discard="1" dealt="1" sum="15"/>
<action no="5" player="L1mltless" type="2" discard="1" dealt="1" sum="30"/>
</round>
<round no="1"><cards type="Pocket" player="Rakki">H8 CA</cards>
<cards type="Pocket" player="pietromin1978">X X</cards>
<cards type="Pocket" player="L1mltless">X X</cards>
<action no="6" player="Rakki" type="23" sum="440"/>
<action no="7" player="pietromin1978" type="0" discard="1" dealt="1" sum="0"/>
<action no="8" player="L1mltless" type="0" discard="1" dealt="1" sum="0"/>
</round>
</game>
<game gamecode="6436306481"><general><startdate>2025-07-23 23:00:54</startdate>
<round>1</round>
<failsafecounter/>
<players><player seat="6" name="Rakki" chips="500" dealer="0" win="0" bet="35" muck="1" rebuy="0" addon="0" merge="0" rebuychips="0" reg_code="5049322707"/>
<player seat="10" name="pietromin1978" chips="335" dealer="1" win="705" bet="335" muck="0" rebuy="0" addon="0" merge="0" rebuychips="0" reg_code="5049322799"/>
<player seat="3" name="L1mltless" chips="665" dealer="0" win="0" bet="665" muck="1" rebuy="0" addon="0" merge="0" rebuychips="0" reg_code="5049322649"/>
</players>
</general>
<round no="0"><action no="1" player="L1mltless" type="15" discard="1" dealt="1" sum="5"/>
<action no="2" player="Rakki" type="15" sum="5"/>
<action no="3" player="pietromin1978" type="15" discard="1" dealt="1" sum="5"/>
<action no="4" player="L1mltless" type="1" discard="1" dealt="1" sum="15"/>
<action no="5" player="Rakki" type="2" sum="30"/>
</round>
<round no="1"><cards type="Pocket" player="L1mltless">S7 D7</cards>
<cards type="Pocket" player="pietromin1978">DA C8</cards>
<cards type="Pocket" player="Rakki">C9 C10</cards>
<action no="6" player="pietromin1978" type="3" discard="1" dealt="1" sum="30"/>
<action no="7" player="L1mltless" type="23" discard="1" dealt="1" sum="660"/>
<action no="8" player="Rakki" type="0" sum="0"/>
<action no="9" player="pietromin1978" type="7" discard="1" dealt="1" sum="300"/>
</round>
<round no="2"><cards type="Flop">CA H5 SK</cards>
</round>
<round no="3"><cards type="Turn">C4</cards>
</round>
<round no="4"><cards type="River">C5</cards>
</round>
</game>
<game gamecode="6436306521"><general><startdate>2025-07-23 23:01:15</startdate>
<round>1</round>
<failsafecounter/>
<players><player seat="10" name="pietromin1978" chips="705" dealer="0" win="0" bet="35" muck="1" rebuy="0" addon="0" merge="0" rebuychips="0" reg_code="5049322799"/>
<player seat="3" name="L1mltless" chips="330" dealer="1" win="90" bet="330" muck="1" rebuy="0" addon="0" merge="0" rebuychips="0" reg_code="5049322649"/>
<player seat="6" name="Rakki" chips="465" dealer="0" win="0" bet="20" muck="1" rebuy="0" addon="0" merge="0" rebuychips="0" reg_code="5049322707"/>
</players>
</general>
<round no="0"><action no="1" player="Rakki" type="15" sum="5"/>
<action no="2" player="pietromin1978" type="15" discard="1" dealt="1" sum="5"/>
<action no="3" player="L1mltless" type="15" discard="1" dealt="1" sum="5"/>
<action no="4" player="Rakki" type="1" sum="15"/>
<action no="5" player="pietromin1978" type="2" discard="1" dealt="1" sum="30"/>
</round>
<round no="1"><cards type="Pocket" player="pietromin1978">X X</cards>
<cards type="Pocket" player="Rakki">H2 SQ</cards>
<cards type="Pocket" player="L1mltless">X X</cards>
<action no="6" player="L1mltless" type="23" discard="1" dealt="1" sum="325"/>
<action no="7" player="Rakki" type="0" sum="0"/>
<action no="8" player="pietromin1978" type="0" discard="1" dealt="1" sum="0"/>
</round>
</game>
<game gamecode="6436306544"><general><startdate>2025-07-23 23:01:25</startdate>
<round>1</round>
<failsafecounter/>
<players><player seat="3" name="L1mltless" chips="385" dealer="0" win="195" bet="385" muck="1" rebuy="0" addon="0" merge="0" rebuychips="0" reg_code="5049322649"/>
<player seat="6" name="Rakki" chips="445" dealer="1" win="0" bet="65" muck="1" rebuy="0" addon="0" merge="0" rebuychips="0" reg_code="5049322707"/>
<player seat="10" name="pietromin1978" chips="670" dealer="0" win="0" bet="65" muck="1" rebuy="0" addon="0" merge="0" rebuychips="0" reg_code="5049322799"/>
</players>
</general>
<round no="0"><action no="1" player="pietromin1978" type="15" discard="1" dealt="1" sum="5"/>
<action no="2" player="L1mltless" type="15" discard="1" dealt="1" sum="5"/>
<action no="3" player="Rakki" type="15" sum="5"/>
<action no="4" player="pietromin1978" type="1" discard="1" dealt="1" sum="15"/>
<action no="5" player="L1mltless" type="2" discard="1" dealt="1" sum="30"/>
</round>
<round no="1"><cards type="Pocket" player="L1mltless">X X</cards>
<cards type="Pocket" player="pietromin1978">X X</cards>
<cards type="Pocket" player="Rakki">CK C7</cards>
<action no="6" player="Rakki" type="23" sum="60"/>
<action no="7" player="pietromin1978" type="3" discard="1" dealt="1" sum="45"/>
<action no="8" player="L1mltless" type="23" discard="1" dealt="1" sum="380"/>
<action no="9" player="Rakki" type="0" sum="0"/>
<action no="10" player="pietromin1978" type="0" discard="1" dealt="1" sum="0"/>
</round>
</game>
<game gamecode="6436306564"><general><startdate>2025-07-23 23:01:38</startdate>
<round>1</round>
<failsafecounter/>
<players><player seat="6" name="Rakki" chips="380" dealer="0" win="55" bet="45" muck="1" rebuy="0" addon="0" merge="0" rebuychips="0" reg_code="5049322707"/>
<player seat="10" name="pietromin1978" chips="605" dealer="1" win="0" bet="5" muck="1" rebuy="0" addon="0" merge="0" rebuychips="0" reg_code="5049322799"/>
<player seat="3" name="L1mltless" chips="515" dealer="0" win="0" bet="25" muck="1" rebuy="0" addon="0" merge="0" rebuychips="0" reg_code="5049322649"/>
</players>
</general>
<round no="0"><action no="1" player="L1mltless" type="15" discard="1" dealt="1" sum="5"/>
<action no="2" player="Rakki" type="15" sum="5"/>
<action no="3" player="pietromin1978" type="15" discard="1" dealt="1" sum="5"/>
<action no="4" player="L1mltless" type="1" discard="1" dealt="1" sum="20"/>
<action no="5" player="Rakki" type="2" sum="40"/>
</round>
<round no="1"><cards type="Pocket" player="Rakki">S7 DQ</cards>
<cards type="Pocket" player="pietromin1978">X X</cards>
<cards type="Pocket" player="L1mltless">X X</cards>
<action no="6" player="pietromin1978" type="0" discard="1" dealt="1" sum="0"/>
<action no="7" player="L1mltless" type="0" discard="1" dealt="1" sum="0"/>
</round>
</game>
<game gamecode="6436306580"><general><startdate>2025-07-23 23:01:48</startdate>
<round>1</round>
<failsafecounter/>
<players><player seat="10" name="pietromin1978" chips="600" dealer="0" win="0" bet="45" muck="1" rebuy="0" addon="0" merge="0" rebuychips="0" reg_code="5049322799"/>
<player seat="3" name="L1mltless" chips="490" dealer="1" win="115" bet="490" muck="1" rebuy="0" addon="0" merge="0" rebuychips="0" reg_code="5049322649"/>
<player seat="6" name="Rakki" chips="410" dealer="0" win="0" bet="25" muck="1" rebuy="0" addon="0" merge="0" rebuychips="0" reg_code="5049322707"/>
</players>
</general>
<round no="0"><action no="1" player="Rakki" type="15" sum="5"/>
<action no="2" player="pietromin1978" type="15" discard="1" dealt="1" sum="5"/>
<action no="3" player="L1mltless" type="15" discard="1" dealt="1" sum="5"/>
<action no="4" player="Rakki" type="1" sum="20"/>
<action no="5" player="pietromin1978" type="2" discard="1" dealt="1" sum="40"/>
</round>
<round no="1"><cards type="Pocket" player="Rakki">D5 H9</cards>
<cards type="Pocket" player="pietromin1978">X X</cards>
<cards type="Pocket" player="L1mltless">X X</cards>
<action no="6" player="L1mltless" type="23" discard="1" dealt="1" sum="485"/>
<action no="7" player="Rakki" type="0" sum="0"/>
<action no="8" player="pietromin1978" type="0" discard="1" dealt="1" sum="0"/>
</round>
</game>
<game gamecode="6436306591"><general><startdate>2025-07-23 23:01:56</startdate>
<round>1</round>
<failsafecounter/>
<players><player seat="3" name="L1mltless" chips="560" dealer="0" win="0" bet="45" muck="1" rebuy="0" addon="0" merge="0" rebuychips="0" reg_code="5049322649"/>
<player seat="6" name="Rakki" chips="385" dealer="1" win="115" bet="385" muck="1" rebuy="0" addon="0" merge="0" rebuychips="0" reg_code="5049322707"/>
<player seat="10" name="pietromin1978" chips="555" dealer="0" win="0" bet="25" muck="1" rebuy="0" addon="0" merge="0" rebuychips="0" reg_code="5049322799"/>
</players>
</general>
<round no="0"><action no="1" player="pietromin1978" type="15" discard="1" dealt="1" sum="5"/>
<action no="2" player="L1mltless" type="15" discard="1" dealt="1" sum="5"/>
<action no="3" player="Rakki" type="15" sum="5"/>
<action no="4" player="pietromin1978" type="1" discard="1" dealt="1" sum="20"/>
<action no="5" player="L1mltless" type="2" discard="1" dealt="1" sum="40"/>
</round>
<round no="1"><cards type="Pocket" player="L1mltless">X X</cards>
<cards type="Pocket" player="Rakki">CA H2</cards>
<cards type="Pocket" player="pietromin1978">X X</cards>
<action no="6" player="Rakki" type="23" sum="380"/>
<action no="7" player="pietromin1978" type="0" discard="1" dealt="1" sum="0"/>
<action no="8" player="L1mltless" type="0" discard="1" dealt="1" sum="0"/>
</round>
</game>
<game gamecode="6436306610"><general><startdate>2025-07-23 23:02:07</startdate>
<round>1</round>
<failsafecounter/>
<players><player seat="6" name="Rakki" chips="455" dealer="0" win="55" bet="45" muck="1" rebuy="0" addon="0" merge="0" rebuychips="0" reg_code="5049322707"/>
<player seat="10" name="pietromin1978" chips="530" dealer="1" win="0" bet="5" muck="1" rebuy="0" addon="0" merge="0" rebuychips="0" reg_code="5049322799"/>
<player seat="3" name="L1mltless" chips="515" dealer="0" win="0" bet="25" muck="1" rebuy="0" addon="0" merge="0" rebuychips="0" reg_code="5049322649"/>
</players>
</general>
<round no="0"><action no="1" player="L1mltless" type="15" discard="1" dealt="1" sum="5"/>
<action no="2" player="Rakki" type="15" sum="5"/>
<action no="3" player="pietromin1978" type="15" discard="1" dealt="1" sum="5"/>
<action no="4" player="L1mltless" type="1" discard="1" dealt="1" sum="20"/>
<action no="5" player="Rakki" type="2" sum="40"/>
</round>
<round no="1"><cards type="Pocket" player="Rakki">C2 CA</cards>
<cards type="Pocket" player="L1mltless">X X</cards>
<cards type="Pocket" player="pietromin1978">X X</cards>
<action no="6" player="pietromin1978" type="0" discard="1" dealt="1" sum="0"/>
<action no="7" player="L1mltless" type="0" discard="1" dealt="1" sum="0"/>
</round>
</game>
<game gamecode="6436306628"><general><startdate>2025-07-23 23:02:17</startdate>
<round>1</round>
<failsafecounter/>
<players><player seat="10" name="pietromin1978" chips="525" dealer="0" win="0" bet="45" muck="1" rebuy="0" addon="0" merge="0" rebuychips="0" reg_code="5049322799"/>
<player seat="3" name="L1mltless" chips="490" dealer="1" win="1,015" bet="490" muck="0" rebuy="0" addon="0" merge="0" rebuychips="0" reg_code="5049322649"/>
<player seat="6" name="Rakki" chips="485" dealer="0" win="0" bet="485" muck="1" rebuy="0" addon="0" merge="0" rebuychips="0" reg_code="5049322707"/>
</players>
</general>
<round no="0"><action no="1" player="Rakki" type="15" sum="5"/>
<action no="2" player="pietromin1978" type="15" discard="1" dealt="1" sum="5"/>
<action no="3" player="L1mltless" type="15" discard="1" dealt="1" sum="5"/>
<action no="4" player="Rakki" type="1" sum="20"/>
<action no="5" player="pietromin1978" type="2" discard="1" dealt="1" sum="40"/>
</round>
<round no="1"><cards type="Pocket" player="pietromin1978">X X</cards>
<cards type="Pocket" player="L1mltless">CA D8</cards>
<cards type="Pocket" player="Rakki">C9 CK</cards>
<action no="6" player="L1mltless" type="23" discard="1" dealt="1" sum="485"/>
<action no="7" player="Rakki" type="7" sum="460"/>
<action no="8" player="pietromin1978" type="0" discard="1" dealt="1" sum="0"/>
</round>
<round no="2"><cards type="Flop">D3 D5 HJ</cards>
</round>
<round no="3"><cards type="Turn">S6</cards>
</round>
<round no="4"><cards type="River">D6</cards>
</round>
</game>
</session>
