<?xml version="1.0" encoding="UTF-8"?>
<session sessioncode="5049133883">
<general>
<client_version>25.1.1.16</client_version>
<mode>real</mode>
<gametype>Holdem NL</gametype>
<tablename>Twister €100 SNG, 814458419</tablename>
<tournamentcode>814458417</tournamentcode>
<tournamentname>Twister €100 SNG</tournamentname>
<buyin>€0 + €7 + €93</buyin>
<totalbuyin>€100</totalbuyin>
<rewarddrawn>€400</rewarddrawn>
<tournamentcurrency>EUR</tournamentcurrency>
<currency>EUR</currency>
<nickname>Rakki</nickname>
<gamecount>13</gamecount>
<startdate>2025-07-23 00:39:47</startdate>
<place>1</place>
<win>€400</win>
<tablesize>3</tablesize>
</general>
<game gamecode="6435542592"><general><startdate>2025-07-23 00:40:02</startdate>
<round>1</round>
<failsafecounter/>
<players><player seat="10" name="mocciolocaldo" chips="500" dealer="0" win="90" bet="120" muck="1" rebuy="0" addon="0" merge="0" rebuychips="0" reg_code="5049136876"/>
<player seat="3" name="Linus682" chips="500" dealer="1" win="0" bet="40" muck="1" rebuy="0" addon="0" merge="0" rebuychips="0" reg_code="5049136035"/>
<player seat="6" name="Rakki" chips="500" dealer="0" win="0" bet="10" muck="1" rebuy="0" addon="0" merge="0" rebuychips="0" reg_code="5049133883"/>
</players>
</general>
<round no="0"><action no="1" player="Rakki" type="1" sum="10"/>
<action no="2" player="mocciolocaldo" type="2" discard="1" dealt="1" sum="20"/>
</round>
<round no="1"><cards type="Pocket" player="Linus682">X X</cards>
<cards type="Pocket" player="Rakki">D3 S4</cards>
<cards type="Pocket" player="mocciolocaldo">X X</cards>
<action no="3" player="Linus682" type="23" discard="1" dealt="1" sum="40"/>
<action no="4" player="Rakki" type="0" sum="0"/>
<action no="5" player="mocciolocaldo" type="23" discard="1" dealt="1" sum="120"/>
<action no="6" player="Linus682" type="0" discard="1" dealt="1" sum="0"/>
</round>
</game>
<game gamecode="6435542620"><general><startdate>2025-07-23 00:40:15</startdate>
<round>1</round>
<failsafecounter/>
<players><player seat="3" name="Linus682" chips="460" dealer="0" win="80" bet="80" muck="1" rebuy="0" addon="0" merge="0" rebuychips="0" reg_code="5049136035"/>
<player seat="6" name="Rakki" chips="490" dealer="1" win="0" bet="0" muck="1" rebuy="0" addon="0" merge="0" rebuychips="0" reg_code="5049133883"/>
<player seat="10" name="mocciolocaldo" chips="550" dealer="0" win="0" bet="40" muck="1" rebuy="0" addon="0" merge="0" rebuychips="0" reg_code="5049136876"/>
</players>
</general>
<round no="0"><action no="1" player="mocciolocaldo" type="1" discard="1" dealt="1" sum="10"/>
<action no="2" player="Linus682" type="2" discard="1" dealt="1" sum="20"/>
</round>
<round no="1"><cards type="Pocket" player="mocciolocaldo">X X</cards>
<cards type="Pocket" player="Linus682">X X</cards>
<cards type="Pocket" player="Rakki">HJ S3</cards>
<action no="3" player="Rakki" type="0" sum="0"/>
<action no="4" player="mocciolocaldo" type="3" discard="1" dealt="1" sum="10"/>
<action no="5" player="Linus682" type="23" discard="1" dealt="1" sum="40"/>
<action no="6" player="mocciolocaldo" type="3" discard="1" dealt="1" sum="20"/>
</round>
<round no="2"><cards type="Flop">HQ D2 CA</cards>
<action no="7" player="mocciolocaldo" type="4" discard="1" dealt="1" sum="0"/>
<action no="8" player="Linus682" type="5" discard="1" dealt="1" sum="40"/>
<action no="9" player="mocciolocaldo" type="0" discard="1" dealt="1" sum="0"/>
</round>
</game>
<game gamecode="6435542669"><general><startdate>2025-07-23 00:40:41</startdate>
<round>1</round>
<failsafecounter/>
<players><player seat="6" name="Rakki" chips="490" dealer="0" win="0" bet="80" muck="1" rebuy="0" addon="0" merge="0" rebuychips="0" reg_code="5049133883"/>
<player seat="10" name="mocciolocaldo" chips="510" dealer="1" win="0" bet="0" muck="1" rebuy="0" addon="0" merge="0" rebuychips="0" reg_code="5049136876"/>
<player seat="3" name="Linus682" chips="500" dealer="0" win="160" bet="240" muck="1" rebuy="0" addon="0" merge="0" rebuychips="0" reg_code="5049136035"/>
</players>
</general>
<round no="0"><action no="1" player="Linus682" type="1" discard="1" dealt="1" sum="10"/>
<action no="2" player="Rakki" type="2" sum="20"/>
</round>
<round no="1"><cards type="Pocket" player="Linus682">X X</cards>
<cards type="Pocket" player="Rakki">D9 S10</cards>
<cards type="Pocket" player="mocciolocaldo">X X</cards>
<action no="3" player="mocciolocaldo" type="0" discard="1" dealt="1" sum="0"/>
<action no="4" player="Linus682" type="23" discard="1" dealt="1" sum="40"/>
<action no="5" player="Rakki" type="3" sum="20"/>
</round>
<round no="2"><cards type="Flop">S9 HJ CA</cards>
<action no="6" player="Linus682" type="5" discard="1" dealt="1" sum="40"/>
<action no="7" player="Rakki" type="3" sum="40"/>
</round>
<round no="3"><cards type="Turn">S7</cards>
<action no="8" player="Linus682" type="4" discard="1" dealt="1" sum="0"/>
<action no="9" player="Rakki" type="4" sum="0"/>
</round>
<round no="4"><cards type="River">D7</cards>
<action no="10" player="Linus682" type="5" discard="1" dealt="1" sum="160"/>
<action no="11" player="Rakki" type="0" sum="0"/>
</round>
</game>
<game gamecode="6435542726"><general><startdate>2025-07-23 00:41:12</startdate>
<round>1</round>
<failsafecounter/>
<players><player seat="10" name="mocciolocaldo" chips="510" dealer="0" win="20" bet="20" muck="1" rebuy="0" addon="0" merge="0" rebuychips="0" reg_code="5049136876"/>
<player seat="3" name="Linus682" chips="580" dealer="1" win="0" bet="0" muck="1" rebuy="0" addon="0" merge="0" rebuychips="0" reg_code="5049136035"/>
<player seat="6" name="Rakki" chips="410" dealer="0" win="0" bet="10" muck="1" rebuy="0" addon="0" merge="0" rebuychips="0" reg_code="5049133883"/>
</players>
</general>
<round no="0"><action no="1" player="Rakki" type="1" sum="10"/>
<action no="2" player="mocciolocaldo" type="2" discard="1" dealt="1" sum="20"/>
</round>
<round no="1"><cards type="Pocket" player="mocciolocaldo">X X</cards>
<cards type="Pocket" player="Linus682">X X</cards>
<cards type="Pocket" player="Rakki">S10 C5</cards>
<action no="3" player="Linus682" type="0" discard="1" dealt="1" sum="0"/>
<action no="4" player="Rakki" type="0" sum="0"/>
</round>
</game>
<game gamecode="6435542744"><general><startdate>2025-07-23 00:41:20</startdate>
<round>1</round>
<failsafecounter/>
<players><player seat="3" name="Linus682" chips="580" dealer="0" win="20" bet="20" muck="1" rebuy="0" addon="0" merge="0" rebuychips="0" reg_code="5049136035"/>
<player seat="6" name="Rakki" chips="400" dealer="1" win="0" bet="0" muck="1" rebuy="0" addon="0" merge="0" rebuychips="0" reg_code="5049133883"/>
<player seat="10" name="mocciolocaldo" chips="520" dealer="0" win="0" bet="10" muck="1" rebuy="0" addon="0" merge="0" rebuychips="0" reg_code="5049136876"/>
</players>
</general>
<round no="0"><action no="1" player="mocciolocaldo" type="1" discard="1" dealt="1" sum="10"/>
<action no="2" player="Linus682" type="2" discard="1" dealt="1" sum="20"/>
</round>
<round no="1"><cards type="Pocket" player="Linus682">X X</cards>
<cards type="Pocket" player="mocciolocaldo">X X</cards>
<cards type="Pocket" player="Rakki">S3 SJ</cards>
<action no="3" player="Rakki" type="0" sum="0"/>
<action no="4" player="mocciolocaldo" type="0" discard="1" dealt="1" sum="0"/>
</round>
</game>
<game gamecode="6435542770"><general><startdate>2025-07-23 00:41:34</startdate>
<round>1</round>
<failsafecounter/>
<players><player seat="6" name="Rakki" chips="400" dealer="0" win="130" bet="120" muck="1" rebuy="0" addon="0" merge="0" rebuychips="0" reg_code="5049133883"/>
<player seat="10" name="mocciolocaldo" chips="510" dealer="1" win="0" bet="60" muck="1" rebuy="0" addon="0" merge="0" rebuychips="0" reg_code="5049136876"/>
<player seat="3" name="Linus682" chips="590" dealer="0" win="0" bet="10" muck="1" rebuy="0" addon="0" merge="0" rebuychips="0" reg_code="5049136035"/>
</players>
</general>
<round no="0"><action no="1" player="Linus682" type="1" discard="1" dealt="1" sum="10"/>
<action no="2" player="Rakki" type="2" sum="20"/>
</round>
<round no="1"><cards type="Pocket" player="Rakki">D5 D7</cards>
<cards type="Pocket" player="mocciolocaldo">X X</cards>
<cards type="Pocket" player="Linus682">X X</cards>
<action no="3" player="mocciolocaldo" type="23" discard="1" dealt="1" sum="40"/>
<action no="4" player="Linus682" type="0" discard="1" dealt="1" sum="0"/>
<action no="5" player="Rakki" type="3" sum="20"/>
</round>
<round no="2"><cards type="Flop">HK D6 D9</cards>
<action no="6" player="Rakki" type="4" sum="0"/>
<action no="7" player="mocciolocaldo" type="5" discard="1" dealt="1" sum="20"/>
<action no="8" player="Rakki" type="23" sum="80"/>
<action no="9" player="mocciolocaldo" type="0" discard="1" dealt="1" sum="0"/>
</round>
</game>
<game gamecode="6435551942"><general><startdate>2025-07-23 00:41:54</startdate>
<round>1</round>
<failsafecounter/>
<players><player seat="10" name="mocciolocaldo" chips="450" dealer="0" win="0" bet="40" muck="1" rebuy="0" addon="0" merge="0" rebuychips="0" reg_code="5049136876"/>
<player seat="3" name="Linus682" chips="580" dealer="1" win="90" bet="80" muck="1" rebuy="0" addon="0" merge="0" rebuychips="0" reg_code="5049136035"/>
<player seat="6" name="Rakki" chips="470" dealer="0" win="0" bet="10" muck="1" rebuy="0" addon="0" merge="0" rebuychips="0" reg_code="5049133883"/>
</players>
</general>
<round no="0"><action no="1" player="Rakki" type="1" sum="10"/>
<action no="2" player="mocciolocaldo" type="2" discard="1" dealt="1" sum="20"/>
</round>
<round no="1"><cards type="Pocket" player="Linus682">X X</cards>
<cards type="Pocket" player="Rakki">HJ C9</cards>
<cards type="Pocket" player="mocciolocaldo">X X</cards>
<action no="3" player="Linus682" type="23" discard="1" dealt="1" sum="40"/>
<action no="4" player="Rakki" type="0" sum="0"/>
<action no="5" player="mocciolocaldo" type="3" discard="1" dealt="1" sum="20"/>
</round>
<round no="2"><cards type="Flop">SA D5 HK</cards>
<action no="6" player="mocciolocaldo" type="4" discard="1" dealt="1" sum="0"/>
<action no="7" player="Linus682" type="5" discard="1" dealt="1" sum="40"/>
<action no="8" player="mocciolocaldo" type="0" discard="1" dealt="1" sum="0"/>
</round>
</game>
<game gamecode="6435551970"><general><startdate>2025-07-23 00:42:13</startdate>
<round>1</round>
<failsafecounter/>
<players><player seat="3" name="Linus682" chips="630" dealer="0" win="412" bet="410" muck="0" rebuy="0" addon="0" merge="0" rebuychips="0" reg_code="5049136035"/>
<player seat="6" name="Rakki" chips="460" dealer="1" win="0" bet="5" muck="1" rebuy="0" addon="0" merge="0" rebuychips="0" reg_code="5049133883"/>
<player seat="10" name="mocciolocaldo" chips="410" dealer="0" win="413" bet="410" muck="0" rebuy="0" addon="0" merge="0" rebuychips="0" reg_code="5049136876"/>
</players>
</general>
<round no="0"><action no="1" player="mocciolocaldo" type="15" discard="1" dealt="1" sum="5"/>
<action no="2" player="Linus682" type="15" discard="1" dealt="1" sum="5"/>
<action no="3" player="Rakki" type="15" sum="5"/>
<action no="4" player="mocciolocaldo" type="1" discard="1" dealt="1" sum="15"/>
<action no="5" player="Linus682" type="2" discard="1" dealt="1" sum="30"/>
</round>
<round no="1"><cards type="Pocket" player="Linus682">S3 C7</cards>
<cards type="Pocket" player="mocciolocaldo">S7 S9</cards>
<cards type="Pocket" player="Rakki">H9 D7</cards>
<action no="6" player="Rakki" type="0" sum="0"/>
<action no="7" player="mocciolocaldo" type="3" discard="1" dealt="1" sum="15"/>
<action no="8" player="Linus682" type="4" discard="1" dealt="1" sum="0"/>
</round>
<round no="2"><cards type="Flop">D10 C6 C4</cards>
<action no="9" player="mocciolocaldo" type="5" discard="1" dealt="1" sum="30"/>
<action no="10" player="Linus682" type="3" discard="1" dealt="1" sum="30"/>
</round>
<round no="3"><cards type="Turn">C8</cards>
<action no="11" player="mocciolocaldo" type="5" discard="1" dealt="1" sum="111"/>
<action no="12" player="Linus682" type="3" discard="1" dealt="1" sum="111"/>
</round>
<round no="4"><cards type="River">D9</cards>
<action no="13" player="mocciolocaldo" type="5" discard="1" dealt="1" sum="234"/>
<action no="14" player="Linus682" type="3" discard="1" dealt="1" sum="234"/>
</round>
</game>
<game gamecode="6435552031"><general><startdate>2025-07-23 00:42:47</startdate>
<round>1</round>
<failsafecounter/>
<players><player seat="6" name="Rakki" chips="455" dealer="0" win="45" bet="35" muck="1" rebuy="0" addon="0" merge="0" rebuychips="0" reg_code="5049133883"/>
<player seat="10" name="mocciolocaldo" chips="413" dealer="1" win="0" bet="5" muck="1" rebuy="0" addon="0" merge="0" rebuychips="0" reg_code="5049136876"/>
<player seat="3" name="Linus682" chips="632" dealer="0" win="0" bet="20" muck="1" rebuy="0" addon="0" merge="0" rebuychips="0" reg_code="5049136035"/>
</players>
</general>
<round no="0"><action no="1" player="Linus682" type="15" discard="1" dealt="1" sum="5"/>
<action no="2" player="Rakki" type="15" sum="5"/>
<action no="3" player="mocciolocaldo" type="15" discard="1" dealt="1" sum="5"/>
<action no="4" player="Linus682" type="1" discard="1" dealt="1" sum="15"/>
<action no="5" player="Rakki" type="2" sum="30"/>
</round>
<round no="1"><cards type="Pocket" player="mocciolocaldo">X X</cards>
<cards type="Pocket" player="Linus682">X X</cards>
<cards type="Pocket" player="Rakki">C6 H10</cards>
<action no="6" player="mocciolocaldo" type="0" discard="1" dealt="1" sum="0"/>
<action no="7" player="Linus682" type="0" discard="1" dealt="1" sum="0"/>
</round>
</game>
<game gamecode="6435552050"><general><startdate>2025-07-23 00:42:57</startdate>
<round>1</round>
<failsafecounter/>
<players><player seat="10" name="mocciolocaldo" chips="408" dealer="0" win="0" bet="35" muck="1" rebuy="0" addon="0" merge="0" rebuychips="0" reg_code="5049136876"/>
<player seat="3" name="Linus682" chips="612" dealer="1" win="90" bet="95" muck="1" rebuy="0" addon="0" merge="0" rebuychips="0" reg_code="5049136035"/>
<player seat="6" name="Rakki" chips="480" dealer="0" win="0" bet="20" muck="1" rebuy="0" addon="0" merge="0" rebuychips="0" reg_code="5049133883"/>
</players>
</general>
<round no="0"><action no="1" player="Rakki" type="15" sum="5"/>
<action no="2" player="mocciolocaldo" type="15" discard="1" dealt="1" sum="5"/>
<action no="3" player="Linus682" type="15" discard="1" dealt="1" sum="5"/>
<action no="4" player="Rakki" type="1" sum="15"/>
<action no="5" player="mocciolocaldo" type="2" discard="1" dealt="1" sum="30"/>
</round>
<round no="1"><cards type="Pocket" player="Linus682">X X</cards>
<cards type="Pocket" player="mocciolocaldo">X X</cards>
<cards type="Pocket" player="Rakki">C7 SK</cards>
<action no="6" player="Linus682" type="23" discard="1" dealt="1" sum="90"/>
<action no="7" player="Rakki" type="0" sum="0"/>
<action no="8" player="mocciolocaldo" type="0" discard="1" dealt="1" sum="0"/>
</round>
</game>
<game gamecode="6435552072"><general><startdate>2025-07-23 00:43:11</startdate>
<round>1</round>
<failsafecounter/>
<players><player seat="3" name="Linus682" chips="667" dealer="0" win="0" bet="35" muck="1" rebuy="0" addon="0" merge="0" rebuychips="0" reg_code="5049136035"/>
<player seat="6" name="Rakki" chips="460" dealer="1" win="90" bet="460" muck="1" rebuy="0" addon="0" merge="0" rebuychips="0" reg_code="5049133883"/>
<player seat="10" name="mocciolocaldo" chips="373" dealer="0" win="0" bet="20" muck="1" rebuy="0" addon="0" merge="0" rebuychips="0" reg_code="5049136876"/>
</players>
</general>
<round no="0"><action no="1" player="mocciolocaldo" type="15" discard="1" dealt="1" sum="5"/>
<action no="2" player="Linus682" type="15" discard="1" dealt="1" sum="5"/>
<action no="3" player="Rakki" type="15" sum="5"/>
<action no="4" player="mocciolocaldo" type="1" discard="1" dealt="1" sum="15"/>
<action no="5" player="Linus682" type="2" discard="1" dealt="1" sum="30"/>
</round>
<round no="1"><cards type="Pocket" player="Linus682">X X</cards>
<cards type="Pocket" player="Rakki">SQ CK</cards>
<cards type="Pocket" player="mocciolocaldo">X X</cards>
<action no="6" player="Rakki" type="23" sum="455"/>
<action no="7" player="mocciolocaldo" type="0" discard="1" dealt="1" sum="0"/>
<action no="8" player="Linus682" type="0" discard="1" dealt="1" sum="0"/>
</round>
</game>
<game gamecode="6435552089"><general><startdate>2025-07-23 00:43:21</startdate>
<round>1</round>
<failsafecounter/>
<players><player seat="6" name="Rakki" chips="515" dealer="0" win="1,383" bet="515" muck="0" rebuy="0" addon="0" merge="0" rebuychips="0" reg_code="5049133883"/>
<player seat="10" name="mocciolocaldo" chips="353" dealer="1" win="0" bet="353" muck="0" rebuy="0" addon="0" merge="0" rebuychips="0" reg_code="5049136876"/>
<player seat="3" name="Linus682" chips="632" dealer="0" win="0" bet="632" muck="1" rebuy="0" addon="0" merge="0" rebuychips="0" reg_code="5049136035"/>
</players>
</general>
<round no="0"><action no="1" player="Linus682" type="15" discard="1" dealt="1" sum="5"/>
<action no="2" player="Rakki" type="15" sum="5"/>
<action no="3" player="mocciolocaldo" type="15" discard="1" dealt="1" sum="5"/>
<action no="4" player="Linus682" type="1" discard="1" dealt="1" sum="15"/>
<action no="5" player="Rakki" type="2" sum="30"/>
</round>
<round no="1"><cards type="Pocket" player="Linus682">D4 CA</cards>
<cards type="Pocket" player="Rakki">DA HJ</cards>
<cards type="Pocket" player="mocciolocaldo">S7 S8</cards>
<action no="6" player="mocciolocaldo" type="23" discard="1" dealt="1" sum="348"/>
<action no="7" player="Linus682" type="7" discard="1" dealt="1" sum="612"/>
<action no="8" player="Rakki" type="7" sum="480"/>
</round>
<round no="2"><cards type="Flop">H9 H10 D5</cards>
</round>
<round no="3"><cards type="Turn">HQ</cards>
</round>
<round no="4"><cards type="River">H3</cards>
</round>
</game>
<game gamecode="6435552128"><general><startdate>2025-07-23 00:43:43</startdate>
<round>1</round>
<failsafecounter/>
<players><player seat="6" name="Rakki" chips="1,383" dealer="0" win="234" bet="117" muck="0" rebuy="0" addon="0" merge="0" rebuychips="0" reg_code="5049133883"/>
<player seat="3" name="Linus682" chips="117" dealer="1" win="0" bet="117" muck="0" rebuy="0" addon="0" merge="0" rebuychips="0" reg_code="5049136035"/>
</players>
</general>
<round no="0"><action no="1" player="Linus682" type="15" discard="1" dealt="1" sum="5"/>
<action no="2" player="Rakki" type="15" sum="5"/>
<action no="3" player="Linus682" type="1" discard="1" dealt="1" sum="15"/>
<action no="4" player="Rakki" type="2" sum="30"/>
</round>
<round no="1"><cards type="Pocket" player="Linus682">C7 S2</cards>
<cards type="Pocket" player="Rakki">H4 HA</cards>
<action no="5" player="Linus682" type="23" discard="1" dealt="1" sum="112"/>
<action no="6" player="Rakki" type="3" sum="82"/>
</round>
<round no="2"><cards type="Flop">DA CQ H6</cards>
</round>
<round no="3"><cards type="Turn">CJ</cards>
</round>
<round no="4"><cards type="River">D2</cards>
</round>
</game>
</session>
