<?xml version="1.0" encoding="UTF-8"?>
<session sessioncode="5049693303">
<general>
<client_version>25.1.1.16</client_version>
<mode>real</mode>
<gametype>Holdem NL</gametype>
<tablename>Twister €100 SNG, 814622190</tablename>
<tournamentcode>814622189</tournamentcode>
<tournamentname>Twister €100 SNG</tournamentname>
<buyin>€0 + €7 + €93</buyin>
<totalbuyin>€100</totalbuyin>
<rewarddrawn>€300</rewarddrawn>
<tournamentcurrency>EUR</tournamentcurrency>
<currency>EUR</currency>
<nickname>Rakki</nickname>
<gamecount>4</gamecount>
<startdate>2025-07-25 22:01:58</startdate>
<place>2</place>
<win>€0</win>
<tablesize>3</tablesize>
</general>
<game gamecode="6437761770"><general><startdate>2025-07-25 22:02:13</startdate>
<round>1</round>
<failsafecounter/>
<players><player seat="3" name="Thechosenoonee" chips="500" dealer="0" win="40" bet="60" muck="1" rebuy="0" addon="0" merge="0" rebuychips="0" reg_code="5049692668"/>
<player seat="6" name="Rakki" chips="500" dealer="1" win="0" bet="0" muck="1" rebuy="0" addon="0" merge="0" rebuychips="0" reg_code="5049693303"/>
<player seat="10" name="Vvbhhhjj" chips="500" dealer="0" win="0" bet="20" muck="1" rebuy="0" addon="0" merge="0" rebuychips="0" reg_code="5049693626"/>
</players>
</general>
<round no="0"><action no="1" player="Vvbhhhjj" type="1" discard="1" dealt="1" sum="10"/>
<action no="2" player="Thechosenoonee" type="2" discard="1" dealt="1" sum="20"/>
</round>
<round no="1"><cards type="Pocket" player="Vvbhhhjj">X X</cards>
<cards type="Pocket" player="Thechosenoonee">X X</cards>
<cards type="Pocket" player="Rakki">CQ H4</cards>
<action no="3" player="Rakki" type="0" sum="0"/>
<action no="4" player="Vvbhhhjj" type="3" discard="1" dealt="1" sum="10"/>
<action no="5" player="Thechosenoonee" type="23" discard="1" dealt="1" sum="60"/>
<action no="6" player="Vvbhhhjj" type="0" discard="1" dealt="1" sum="0"/>
</round>
</game>
<game gamecode="6437761783"><general><startdate>2025-07-25 22:02:25</startdate>
<round>1</round>
<failsafecounter/>
<players><player seat="6" name="Rakki" chips="500" dealer="0" win="0" bet="20" muck="1" rebuy="0" addon="0" merge="0" rebuychips="0" reg_code="5049693303"/>
<player seat="10" name="Vvbhhhjj" chips="480" dealer="1" win="50" bet="60" muck="1" rebuy="0" addon="0" merge="0" rebuychips="0" reg_code="5049693626"/>
<player seat="3" name="Thechosenoonee" chips="520" dealer="0" win="0" bet="10" muck="1" rebuy="0" addon="0" merge="0" rebuychips="0" reg_code="5049692668"/>
</players>
</general>
<round no="0"><action no="1" player="Thechosenoonee" type="1" discard="1" dealt="1" sum="10"/>
<action no="2" player="Rakki" type="2" sum="20"/>
</round>
<round no="1"><cards type="Pocket" player="Vvbhhhjj">X X</cards>
<cards type="Pocket" player="Rakki">HK D5</cards>
<cards type="Pocket" player="Thechosenoonee">X X</cards>
<action no="3" player="Vvbhhhjj" type="23" discard="1" dealt="1" sum="60"/>
<action no="4" player="Thechosenoonee" type="0" discard="1" dealt="1" sum="0"/>
<action no="5" player="Rakki" type="0" sum="0"/>
</round>
</game>
<game gamecode="6437761803"><general><startdate>2025-07-25 22:02:39</startdate>
<round>1</round>
<failsafecounter/>
<players><player seat="10" name="Vvbhhhjj" chips="510" dealer="0" win="0" bet="510" muck="0" rebuy="0" addon="0" merge="0" rebuychips="0" reg_code="5049693626"/>
<player seat="3" name="Thechosenoonee" chips="510" dealer="1" win="1,030" bet="510" muck="0" rebuy="0" addon="0" merge="0" rebuychips="0" reg_code="5049692668"/>
<player seat="6" name="Rakki" chips="480" dealer="0" win="0" bet="10" muck="1" rebuy="0" addon="0" merge="0" rebuychips="0" reg_code="5049693303"/>
</players>
</general>
<round no="0"><action no="1" player="Rakki" type="1" sum="10"/>
<action no="2" player="Vvbhhhjj" type="2" discard="1" dealt="1" sum="20"/>
</round>
<round no="1"><cards type="Pocket" player="Vvbhhhjj">S9 DQ</cards>
<cards type="Pocket" player="Rakki">H2 S10</cards>
<cards type="Pocket" player="Thechosenoonee">S4 S5</cards>
<action no="3" player="Thechosenoonee" type="23" discard="1" dealt="1" sum="40"/>
<action no="4" player="Rakki" type="0" sum="0"/>
<action no="5" player="Vvbhhhjj" type="3" discard="1" dealt="1" sum="20"/>
</round>
<round no="2"><cards type="Flop">CK C2 SQ</cards>
<action no="6" player="Vvbhhhjj" type="4" discard="1" dealt="1" sum="0"/>
<action no="7" player="Thechosenoonee" type="5" discard="1" dealt="1" sum="22"/>
<action no="8" player="Vvbhhhjj" type="3" discard="1" dealt="1" sum="22"/>
</round>
<round no="3"><cards type="Turn">S7</cards>
<action no="9" player="Vvbhhhjj" type="4" discard="1" dealt="1" sum="0"/>
<action no="10" player="Thechosenoonee" type="5" discard="1" dealt="1" sum="100"/>
<action no="11" player="Vvbhhhjj" type="3" discard="1" dealt="1" sum="100"/>
</round>
<round no="4"><cards type="River">S6</cards>
<action no="12" player="Vvbhhhjj" type="4" discard="1" dealt="1" sum="0"/>
<action no="13" player="Thechosenoonee" type="5" discard="1" dealt="1" sum="348"/>
<action no="14" player="Vvbhhhjj" type="7" discard="1" dealt="1" sum="348"/>
</round>
</game>
<game gamecode="6437761874"><general><startdate>2025-07-25 22:03:34</startdate>
<round>1</round>
<failsafecounter/>
<players><player seat="3" name="Thechosenoonee" chips="1,030" dealer="0" win="940" bet="1,030" muck="0" rebuy="0" addon="0" merge="0" rebuychips="0" reg_code="5049692668"/>
<player seat="6" name="Rakki" chips="470" dealer="1" win="0" bet="470" muck="1" rebuy="0" addon="0" merge="0" rebuychips="0" reg_code="5049693303"/>
</players>
</general>
<round no="0"><action no="1" player="Rakki" type="1" sum="10"/>
<action no="2" player="Thechosenoonee" type="2" discard="1" dealt="1" sum="20"/>
</round>
<round no="1"><cards type="Pocket" player="Thechosenoonee">SJ HA</cards>
<cards type="Pocket" player="Rakki">D10 DJ</cards>
<action no="3" player="Rakki" type="23" sum="40"/>
<action no="4" player="Thechosenoonee" type="23" discard="1" dealt="1" sum="1,030"/>
<action no="5" player="Rakki" type="7" sum="430"/>
</round>
<round no="2"><cards type="Flop">D2 S7 H5</cards>
</round>
<round no="3"><cards type="Turn">C3</cards>
</round>
<round no="4"><cards type="River">S2</cards>
</round>
</game>
</session>
