<?xml version="1.0" encoding="UTF-8"?>
<session sessioncode="5049031395">
<general>
<client_version>25.1.1.16</client_version>
<mode>real</mode>
<gametype>Holdem NL</gametype>
<tablename>Twister €50 SNG, 814432241</tablename>
<tournamentcode>814432240</tournamentcode>
<tournamentname>Twister €50 SNG</tournamentname>
<buyin>€0 + €3.50 + €46.50</buyin>
<totalbuyin>€50</totalbuyin>
<rewarddrawn>€100</rewarddrawn>
<tournamentcurrency>EUR</tournamentcurrency>
<currency>EUR</currency>
<nickname>Rakki</nickname>
<gamecount>15</gamecount>
<startdate>2025-07-22 17:22:04</startdate>
<place>2</place>
<win>€0</win>
<tablesize>3</tablesize>
</general>
<game gamecode="6435161416"><general><startdate>2025-07-22 17:22:19</startdate>
<round>1</round>
<failsafecounter/>
<players><player seat="10" name="Sh4d0wb0x1ng" chips="500" dealer="0" win="80" bet="120" muck="1" rebuy="0" addon="0" merge="0" rebuychips="0" reg_code="5049031408"/>
<player seat="3" name="Rakki" chips="500" dealer="1" win="0" bet="0" muck="1" rebuy="0" addon="0" merge="0" rebuychips="0" reg_code="5049031395"/>
<player seat="6" name="Pdor88" chips="500" dealer="0" win="0" bet="40" muck="1" rebuy="0" addon="0" merge="0" rebuychips="0" reg_code="5049031134"/>
</players>
</general>
<round no="0"><action no="1" player="Pdor88" type="1" discard="1" dealt="1" sum="10"/>
<action no="2" player="Sh4d0wb0x1ng" type="2" discard="1" dealt="1" sum="20"/>
</round>
<round no="1"><cards type="Pocket" player="Pdor88">X X</cards>
<cards type="Pocket" player="Sh4d0wb0x1ng">X X</cards>
<cards type="Pocket" player="Rakki">S8 C7</cards>
<action no="3" player="Rakki" type="0" sum="0"/>
<action no="4" player="Pdor88" type="3" discard="1" dealt="1" sum="10"/>
<action no="5" player="Sh4d0wb0x1ng" type="4" discard="1" dealt="1" sum="0"/>
</round>
<round no="2"><cards type="Flop">C2 S5 H8</cards>
<action no="6" player="Pdor88" type="4" discard="1" dealt="1" sum="0"/>
<action no="7" player="Sh4d0wb0x1ng" type="5" discard="1" dealt="1" sum="20"/>
<action no="8" player="Pdor88" type="3" discard="1" dealt="1" sum="20"/>
</round>
<round no="3"><cards type="Turn">D8</cards>
<action no="9" player="Pdor88" type="4" discard="1" dealt="1" sum="0"/>
<action no="10" player="Sh4d0wb0x1ng" type="5" discard="1" dealt="1" sum="80"/>
<action no="11" player="Pdor88" type="0" discard="1" dealt="1" sum="0"/>
</round>
</game>
<game gamecode="6435161455"><general><startdate>2025-07-22 17:22:43</startdate>
<round>1</round>
<failsafecounter/>
<players><player seat="3" name="Rakki" chips="500" dealer="0" win="100" bet="500" muck="1" rebuy="0" addon="0" merge="0" rebuychips="0" reg_code="5049031395"/>
<player seat="6" name="Pdor88" chips="460" dealer="1" win="0" bet="0" muck="1" rebuy="0" addon="0" merge="0" rebuychips="0" reg_code="5049031134"/>
<player seat="10" name="Sh4d0wb0x1ng" chips="540" dealer="0" win="0" bet="50" muck="1" rebuy="0" addon="0" merge="0" rebuychips="0" reg_code="5049031408"/>
</players>
</general>
<round no="0"><action no="1" player="Sh4d0wb0x1ng" type="1" discard="1" dealt="1" sum="10"/>
<action no="2" player="Rakki" type="2" sum="20"/>
</round>
<round no="1"><cards type="Pocket" player="Pdor88">X X</cards>
<cards type="Pocket" player="Sh4d0wb0x1ng">X X</cards>
<cards type="Pocket" player="Rakki">H8 S8</cards>
<action no="3" player="Pdor88" type="0" discard="1" dealt="1" sum="0"/>
<action no="4" player="Sh4d0wb0x1ng" type="23" discard="1" dealt="1" sum="50"/>
<action no="5" player="Rakki" type="23" sum="500"/>
<action no="6" player="Sh4d0wb0x1ng" type="0" discard="1" dealt="1" sum="0"/>
</round>
</game>
<game gamecode="6435161477"><general><startdate>2025-07-22 17:22:57</startdate>
<round>1</round>
<failsafecounter/>
<players><player seat="6" name="Pdor88" chips="460" dealer="0" win="0" bet="40" muck="1" rebuy="0" addon="0" merge="0" rebuychips="0" reg_code="5049031134"/>
<player seat="10" name="Sh4d0wb0x1ng" chips="490" dealer="1" win="90" bet="85" muck="1" rebuy="0" addon="0" merge="0" rebuychips="0" reg_code="5049031408"/>
<player seat="3" name="Rakki" chips="550" dealer="0" win="0" bet="10" muck="1" rebuy="0" addon="0" merge="0" rebuychips="0" reg_code="5049031395"/>
</players>
</general>
<round no="0"><action no="1" player="Rakki" type="1" sum="10"/>
<action no="2" player="Pdor88" type="2" discard="1" dealt="1" sum="20"/>
</round>
<round no="1"><cards type="Pocket" player="Pdor88">X X</cards>
<cards type="Pocket" player="Sh4d0wb0x1ng">X X</cards>
<cards type="Pocket" player="Rakki">S8 C9</cards>
<action no="3" player="Sh4d0wb0x1ng" type="23" discard="1" dealt="1" sum="40"/>
<action no="4" player="Rakki" type="0" sum="0"/>
<action no="5" player="Pdor88" type="3" discard="1" dealt="1" sum="20"/>
</round>
<round no="2"><cards type="Flop">CA C4 DK</cards>
<action no="6" player="Pdor88" type="4" discard="1" dealt="1" sum="0"/>
<action no="7" player="Sh4d0wb0x1ng" type="5" discard="1" dealt="1" sum="45"/>
<action no="8" player="Pdor88" type="0" discard="1" dealt="1" sum="0"/>
</round>
</game>
<game gamecode="6435161510"><general><startdate>2025-07-22 17:23:14</startdate>
<round>1</round>
<failsafecounter/>
<players><player seat="10" name="Sh4d0wb0x1ng" chips="540" dealer="0" win="80" bet="88" muck="1" rebuy="0" addon="0" merge="0" rebuychips="0" reg_code="5049031408"/>
<player seat="3" name="Rakki" chips="540" dealer="1" win="0" bet="0" muck="1" rebuy="0" addon="0" merge="0" rebuychips="0" reg_code="5049031395"/>
<player seat="6" name="Pdor88" chips="420" dealer="0" win="0" bet="40" muck="1" rebuy="0" addon="0" merge="0" rebuychips="0" reg_code="5049031134"/>
</players>
</general>
<round no="0"><action no="1" player="Pdor88" type="1" discard="1" dealt="1" sum="10"/>
<action no="2" player="Sh4d0wb0x1ng" type="2" discard="1" dealt="1" sum="20"/>
</round>
<round no="1"><cards type="Pocket" player="Sh4d0wb0x1ng">X X</cards>
<cards type="Pocket" player="Pdor88">X X</cards>
<cards type="Pocket" player="Rakki">D5 DJ</cards>
<action no="3" player="Rakki" type="0" sum="0"/>
<action no="4" player="Pdor88" type="3" discard="1" dealt="1" sum="10"/>
<action no="5" player="Sh4d0wb0x1ng" type="4" discard="1" dealt="1" sum="0"/>
</round>
<round no="2"><cards type="Flop">H9 CK S6</cards>
<action no="6" player="Pdor88" type="4" discard="1" dealt="1" sum="0"/>
<action no="7" player="Sh4d0wb0x1ng" type="5" discard="1" dealt="1" sum="20"/>
<action no="8" player="Pdor88" type="3" discard="1" dealt="1" sum="20"/>
</round>
<round no="3"><cards type="Turn">H7</cards>
<action no="9" player="Pdor88" type="4" discard="1" dealt="1" sum="0"/>
<action no="10" player="Sh4d0wb0x1ng" type="5" discard="1" dealt="1" sum="48"/>
<action no="11" player="Pdor88" type="0" discard="1" dealt="1" sum="0"/>
</round>
</game>
<game gamecode="6435161570"><general><startdate>2025-07-22 17:23:47</startdate>
<round>1</round>
<failsafecounter/>
<players><player seat="3" name="Rakki" chips="540" dealer="0" win="770" bet="540" muck="0" rebuy="0" addon="0" merge="0" rebuychips="0" reg_code="5049031395"/>
<player seat="6" name="Pdor88" chips="380" dealer="1" win="0" bet="380" muck="1" rebuy="0" addon="0" merge="0" rebuychips="0" reg_code="5049031134"/>
<player seat="10" name="Sh4d0wb0x1ng" chips="580" dealer="0" win="0" bet="10" muck="1" rebuy="0" addon="0" merge="0" rebuychips="0" reg_code="5049031408"/>
</players>
</general>
<round no="0"><action no="1" player="Sh4d0wb0x1ng" type="1" discard="1" dealt="1" sum="10"/>
<action no="2" player="Rakki" type="2" sum="20"/>
</round>
<round no="1"><cards type="Pocket" player="Sh4d0wb0x1ng">X X</cards>
<cards type="Pocket" player="Rakki">DQ D4</cards>
<cards type="Pocket" player="Pdor88">C8 HJ</cards>
<action no="3" player="Pdor88" type="3" discard="1" dealt="1" sum="20"/>
<action no="4" player="Sh4d0wb0x1ng" type="0" discard="1" dealt="1" sum="0"/>
<action no="5" player="Rakki" type="4" sum="0"/>
</round>
<round no="2"><cards type="Flop">SJ SQ S9</cards>
<action no="6" player="Rakki" type="4" sum="0"/>
<action no="7" player="Pdor88" type="5" discard="1" dealt="1" sum="40"/>
<action no="8" player="Rakki" type="3" sum="40"/>
</round>
<round no="3"><cards type="Turn">D2</cards>
<action no="9" player="Rakki" type="4" sum="0"/>
<action no="10" player="Pdor88" type="5" discard="1" dealt="1" sum="60"/>
<action no="11" player="Rakki" type="3" sum="60"/>
</round>
<round no="4"><cards type="River">H4</cards>
<action no="12" player="Rakki" type="5" sum="420"/>
<action no="13" player="Pdor88" type="7" discard="1" dealt="1" sum="260"/>
</round>
</game>
<game gamecode="6435161662"><general><startdate>2025-07-22 17:24:36</startdate>
<round>1</round>
<failsafecounter/>
<players><player seat="3" name="Rakki" chips="930" dealer="0" win="130" bet="95" muck="1" rebuy="0" addon="0" merge="0" rebuychips="0" reg_code="5049031395"/>
<player seat="10" name="Sh4d0wb0x1ng" chips="570" dealer="1" win="0" bet="65" muck="1" rebuy="0" addon="0" merge="0" rebuychips="0" reg_code="5049031408"/>
</players>
</general>
<round no="0"><action no="1" player="Sh4d0wb0x1ng" type="15" discard="1" dealt="1" sum="5"/>
<action no="2" player="Rakki" type="15" sum="5"/>
<action no="3" player="Sh4d0wb0x1ng" type="1" discard="1" dealt="1" sum="15"/>
<action no="4" player="Rakki" type="2" sum="30"/>
</round>
<round no="1"><cards type="Pocket" player="Rakki">S2 CQ</cards>
<cards type="Pocket" player="Sh4d0wb0x1ng">X X</cards>
<action no="5" player="Sh4d0wb0x1ng" type="3" discard="1" dealt="1" sum="15"/>
<action no="6" player="Rakki" type="4" sum="0"/>
</round>
<round no="2"><cards type="Flop">S3 DQ DA</cards>
<action no="7" player="Rakki" type="4" sum="0"/>
<action no="8" player="Sh4d0wb0x1ng" type="5" discard="1" dealt="1" sum="30"/>
<action no="9" player="Rakki" type="3" sum="30"/>
</round>
<round no="3"><cards type="Turn">DK</cards>
<action no="10" player="Rakki" type="4" sum="0"/>
<action no="11" player="Sh4d0wb0x1ng" type="4" discard="1" dealt="1" sum="0"/>
</round>
<round no="4"><cards type="River">SK</cards>
<action no="12" player="Rakki" type="5" sum="30"/>
<action no="13" player="Sh4d0wb0x1ng" type="0" discard="1" dealt="1" sum="0"/>
</round>
</game>
<game gamecode="6435161714"><general><startdate>2025-07-22 17:25:03</startdate>
<round>1</round>
<failsafecounter/>
<players><player seat="10" name="Sh4d0wb0x1ng" chips="505" dealer="0" win="70" bet="155" muck="1" rebuy="0" addon="0" merge="0" rebuychips="0" reg_code="5049031408"/>
<player seat="3" name="Rakki" chips="995" dealer="1" win="0" bet="35" muck="1" rebuy="0" addon="0" merge="0" rebuychips="0" reg_code="5049031395"/>
</players>
</general>
<round no="0"><action no="1" player="Rakki" type="15" sum="5"/>
<action no="2" player="Sh4d0wb0x1ng" type="15" discard="1" dealt="1" sum="5"/>
<action no="3" player="Rakki" type="1" sum="15"/>
<action no="4" player="Sh4d0wb0x1ng" type="2" discard="1" dealt="1" sum="30"/>
</round>
<round no="1"><cards type="Pocket" player="Sh4d0wb0x1ng">X X</cards>
<cards type="Pocket" player="Rakki">C3 S9</cards>
<action no="5" player="Rakki" type="3" sum="15"/>
<action no="6" player="Sh4d0wb0x1ng" type="4" discard="1" dealt="1" sum="0"/>
</round>
<round no="2"><cards type="Flop">S3 C6 S6</cards>
<action no="7" player="Sh4d0wb0x1ng" type="4" discard="1" dealt="1" sum="0"/>
<action no="8" player="Rakki" type="4" sum="0"/>
</round>
<round no="3"><cards type="Turn">H5</cards>
<action no="9" player="Sh4d0wb0x1ng" type="5" discard="1" dealt="1" sum="120"/>
<action no="10" player="Rakki" type="0" sum="0"/>
</round>
</game>
<game gamecode="6435161739"><general><startdate>2025-07-22 17:25:17</startdate>
<round>1</round>
<failsafecounter/>
<players><player seat="3" name="Rakki" chips="960" dealer="0" win="0" bet="35" muck="1" rebuy="0" addon="0" merge="0" rebuychips="0" reg_code="5049031395"/>
<player seat="10" name="Sh4d0wb0x1ng" chips="540" dealer="1" win="70" bet="65" muck="1" rebuy="0" addon="0" merge="0" rebuychips="0" reg_code="5049031408"/>
</players>
</general>
<round no="0"><action no="1" player="Sh4d0wb0x1ng" type="15" discard="1" dealt="1" sum="5"/>
<action no="2" player="Rakki" type="15" sum="5"/>
<action no="3" player="Sh4d0wb0x1ng" type="1" discard="1" dealt="1" sum="15"/>
<action no="4" player="Rakki" type="2" sum="30"/>
</round>
<round no="1"><cards type="Pocket" player="Rakki">C10 S6</cards>
<cards type="Pocket" player="Sh4d0wb0x1ng">X X</cards>
<action no="5" player="Sh4d0wb0x1ng" type="3" discard="1" dealt="1" sum="15"/>
<action no="6" player="Rakki" type="4" sum="0"/>
</round>
<round no="2"><cards type="Flop">C8 DJ CK</cards>
<action no="7" player="Rakki" type="4" sum="0"/>
<action no="8" player="Sh4d0wb0x1ng" type="5" discard="1" dealt="1" sum="30"/>
<action no="9" player="Rakki" type="0" sum="0"/>
</round>
</game>
<game gamecode="6435161758"><general><startdate>2025-07-22 17:25:29</startdate>
<round>1</round>
<failsafecounter/>
<players><player seat="10" name="Sh4d0wb0x1ng" chips="575" dealer="0" win="575" bet="575" muck="0" rebuy="0" addon="0" merge="0" rebuychips="0" reg_code="5049031408"/>
<player seat="3" name="Rakki" chips="925" dealer="1" win="575" bet="575" muck="0" rebuy="0" addon="0" merge="0" rebuychips="0" reg_code="5049031395"/>
</players>
</general>
<round no="0"><action no="1" player="Rakki" type="15" sum="5"/>
<action no="2" player="Sh4d0wb0x1ng" type="15" discard="1" dealt="1" sum="5"/>
<action no="3" player="Rakki" type="1" sum="15"/>
<action no="4" player="Sh4d0wb0x1ng" type="2" discard="1" dealt="1" sum="30"/>
</round>
<round no="1"><cards type="Pocket" player="Sh4d0wb0x1ng">S8 D6</cards>
<cards type="Pocket" player="Rakki">S6 S3</cards>
<action no="5" player="Rakki" type="23" sum="60"/>
<action no="6" player="Sh4d0wb0x1ng" type="3" discard="1" dealt="1" sum="30"/>
</round>
<round no="2"><cards type="Flop">S5 H7 D8</cards>
<action no="7" player="Sh4d0wb0x1ng" type="5" discard="1" dealt="1" sum="42"/>
<action no="8" player="Rakki" type="3" sum="42"/>
</round>
<round no="3"><cards type="Turn">S4</cards>
<action no="9" player="Sh4d0wb0x1ng" type="5" discard="1" dealt="1" sum="109"/>
<action no="10" player="Rakki" type="3" sum="109"/>
</round>
<round no="4"><cards type="River">D4</cards>
<action no="11" player="Sh4d0wb0x1ng" type="5" discard="1" dealt="1" sum="359"/>
<action no="12" player="Rakki" type="3" sum="359"/>
</round>
</game>
<game gamecode="6435161805"><general><startdate>2025-07-22 17:25:58</startdate>
<round>1</round>
<failsafecounter/>
<players><player seat="3" name="Rakki" chips="925" dealer="0" win="0" bet="575" muck="1" rebuy="0" addon="0" merge="0" rebuychips="0" reg_code="5049031395"/>
<player seat="10" name="Sh4d0wb0x1ng" chips="575" dealer="1" win="1,150" bet="575" muck="0" rebuy="0" addon="0" merge="0" rebuychips="0" reg_code="5049031408"/>
</players>
</general>
<round no="0"><action no="1" player="Sh4d0wb0x1ng" type="15" discard="1" dealt="1" sum="5"/>
<action no="2" player="Rakki" type="15" sum="5"/>
<action no="3" player="Sh4d0wb0x1ng" type="1" discard="1" dealt="1" sum="20"/>
<action no="4" player="Rakki" type="2" sum="40"/>
</round>
<round no="1"><cards type="Pocket" player="Sh4d0wb0x1ng">CJ CQ</cards>
<cards type="Pocket" player="Rakki">D8 S8</cards>
<action no="5" player="Sh4d0wb0x1ng" type="3" discard="1" dealt="1" sum="20"/>
<action no="6" player="Rakki" type="23" sum="200"/>
<action no="7" player="Sh4d0wb0x1ng" type="3" discard="1" dealt="1" sum="160"/>
</round>
<round no="2"><cards type="Flop">CA S3 HQ</cards>
<action no="8" player="Rakki" type="5" sum="72"/>
<action no="9" player="Sh4d0wb0x1ng" type="3" discard="1" dealt="1" sum="72"/>
</round>
<round no="3"><cards type="Turn">H6</cards>
<action no="10" player="Rakki" type="4" sum="0"/>
<action no="11" player="Sh4d0wb0x1ng" type="4" discard="1" dealt="1" sum="0"/>
</round>
<round no="4"><cards type="River">S9</cards>
<action no="12" player="Rakki" type="4" sum="0"/>
<action no="13" player="Sh4d0wb0x1ng" type="5" discard="1" dealt="1" sum="298"/>
<action no="14" player="Rakki" type="3" sum="298"/>
</round>
</game>
<game gamecode="6435161899"><general><startdate>2025-07-22 17:26:48</startdate>
<round>1</round>
<failsafecounter/>
<players><player seat="10" name="Sh4d0wb0x1ng" chips="1,150" dealer="0" win="50" bet="45" muck="1" rebuy="0" addon="0" merge="0" rebuychips="0" reg_code="5049031408"/>
<player seat="3" name="Rakki" chips="350" dealer="1" win="0" bet="25" muck="1" rebuy="0" addon="0" merge="0" rebuychips="0" reg_code="5049031395"/>
</players>
</general>
<round no="0"><action no="1" player="Rakki" type="15" sum="5"/>
<action no="2" player="Sh4d0wb0x1ng" type="15" discard="1" dealt="1" sum="5"/>
<action no="3" player="Rakki" type="1" sum="20"/>
<action no="4" player="Sh4d0wb0x1ng" type="2" discard="1" dealt="1" sum="40"/>
</round>
<round no="1"><cards type="Pocket" player="Sh4d0wb0x1ng">X X</cards>
<cards type="Pocket" player="Rakki">H3 C10</cards>
<action no="5" player="Rakki" type="0" sum="0"/>
</round>
</game>
<game gamecode="6435161907"><general><startdate>2025-07-22 17:26:54</startdate>
<round>1</round>
<failsafecounter/>
<players><player seat="3" name="Rakki" chips="325" dealer="0" win="50" bet="45" muck="1" rebuy="0" addon="0" merge="0" rebuychips="0" reg_code="5049031395"/>
<player seat="10" name="Sh4d0wb0x1ng" chips="1,175" dealer="1" win="0" bet="25" muck="1" rebuy="0" addon="0" merge="0" rebuychips="0" reg_code="5049031408"/>
</players>
</general>
<round no="0"><action no="1" player="Sh4d0wb0x1ng" type="15" discard="1" dealt="1" sum="5"/>
<action no="2" player="Rakki" type="15" sum="5"/>
<action no="3" player="Sh4d0wb0x1ng" type="1" discard="1" dealt="1" sum="20"/>
<action no="4" player="Rakki" type="2" sum="40"/>
</round>
<round no="1"><cards type="Pocket" player="Sh4d0wb0x1ng">X X</cards>
<cards type="Pocket" player="Rakki">C8 C4</cards>
<action no="5" player="Sh4d0wb0x1ng" type="0" discard="1" dealt="1" sum="0"/>
</round>
</game>
<game gamecode="6435161917"><general><startdate>2025-07-22 17:26:59</startdate>
<round>1</round>
<failsafecounter/>
<players><player seat="10" name="Sh4d0wb0x1ng" chips="1,150" dealer="0" win="50" bet="45" muck="1" rebuy="0" addon="0" merge="0" rebuychips="0" reg_code="5049031408"/>
<player seat="3" name="Rakki" chips="350" dealer="1" win="0" bet="25" muck="1" rebuy="0" addon="0" merge="0" rebuychips="0" reg_code="5049031395"/>
</players>
</general>
<round no="0"><action no="1" player="Rakki" type="15" sum="5"/>
<action no="2" player="Sh4d0wb0x1ng" type="15" discard="1" dealt="1" sum="5"/>
<action no="3" player="Rakki" type="1" sum="20"/>
<action no="4" player="Sh4d0wb0x1ng" type="2" discard="1" dealt="1" sum="40"/>
</round>
<round no="1"><cards type="Pocket" player="Rakki">D6 C3</cards>
<cards type="Pocket" player="Sh4d0wb0x1ng">X X</cards>
<action no="5" player="Rakki" type="0" sum="0"/>
</round>
</game>
<game gamecode="6435169686"><general><startdate>2025-07-22 17:27:04</startdate>
<round>1</round>
<failsafecounter/>
<players><player seat="3" name="Rakki" chips="325" dealer="0" win="0" bet="45" muck="1" rebuy="0" addon="0" merge="0" rebuychips="0" reg_code="5049031395"/>
<player seat="10" name="Sh4d0wb0x1ng" chips="1,175" dealer="1" win="90" bet="1,175" muck="1" rebuy="0" addon="0" merge="0" rebuychips="0" reg_code="5049031408"/>
</players>
</general>
<round no="0"><action no="1" player="Sh4d0wb0x1ng" type="15" discard="1" dealt="1" sum="5"/>
<action no="2" player="Rakki" type="15" sum="5"/>
<action no="3" player="Sh4d0wb0x1ng" type="1" discard="1" dealt="1" sum="20"/>
<action no="4" player="Rakki" type="2" sum="40"/>
</round>
<round no="1"><cards type="Pocket" player="Sh4d0wb0x1ng">X X</cards>
<cards type="Pocket" player="Rakki">H10 S9</cards>
<action no="5" player="Sh4d0wb0x1ng" type="23" discard="1" dealt="1" sum="1,170"/>
<action no="6" player="Rakki" type="0" sum="0"/>
</round>
</game>
<game gamecode="6435169718"><general><startdate>2025-07-22 17:27:16</startdate>
<round>1</round>
<failsafecounter/>
<players><player seat="10" name="Sh4d0wb0x1ng" chips="1,220" dealer="0" win="560" bet="280" muck="0" rebuy="0" addon="0" merge="0" rebuychips="0" reg_code="5049031408"/>
<player seat="3" name="Rakki" chips="280" dealer="1" win="0" bet="280" muck="0" rebuy="0" addon="0" merge="0" rebuychips="0" reg_code="5049031395"/>
</players>
</general>
<round no="0"><action no="1" player="Rakki" type="15" sum="5"/>
<action no="2" player="Sh4d0wb0x1ng" type="15" discard="1" dealt="1" sum="5"/>
<action no="3" player="Rakki" type="1" sum="20"/>
<action no="4" player="Sh4d0wb0x1ng" type="2" discard="1" dealt="1" sum="40"/>
</round>
<round no="1"><cards type="Pocket" player="Sh4d0wb0x1ng">D10 H10</cards>
<cards type="Pocket" player="Rakki">DA D5</cards>
<action no="5" player="Rakki" type="23" sum="275"/>
<action no="6" player="Sh4d0wb0x1ng" type="3" discard="1" dealt="1" sum="235"/>
</round>
<round no="2"><cards type="Flop">C6 C7 S5</cards>
</round>
<round no="3"><cards type="Turn">DJ</cards>
</round>
<round no="4"><cards type="River">S3</cards>
</round>
</game>
</session>
