<?xml version="1.0" encoding="UTF-8"?>
<session sessioncode="5049324165">
<general>
<client_version>25.1.1.16</client_version>
<mode>real</mode>
<gametype>Holdem NL</gametype>
<tablename>Twister €100 SNG, 814514290</tablename>
<tournamentcode>814514289</tournamentcode>
<tournamentname>Twister €100 SNG</tournamentname>
<buyin>€0 + €7 + €93</buyin>
<totalbuyin>€100</totalbuyin>
<rewarddrawn>€200</rewarddrawn>
<tournamentcurrency>EUR</tournamentcurrency>
<currency>EUR</currency>
<nickname>Rakki</nickname>
<gamecount>12</gamecount>
<startdate>2025-07-23 23:05:54</startdate>
<place>3</place>
<win>€0</win>
<tablesize>3</tablesize>
</general>
<game gamecode="6436306997"><general><startdate>2025-07-23 23:06:09</startdate>
<round>1</round>
<failsafecounter/>
<players><player seat="6" name="L1mltless" chips="500" dealer="0" win="140" bet="116" muck="1" rebuy="0" addon="0" merge="0" rebuychips="0" reg_code="5049324829"/>
<player seat="10" name="Aleiva" chips="500" dealer="1" win="0" bet="0" muck="1" rebuy="0" addon="0" merge="0" rebuychips="0" reg_code="5049324850"/>
<player seat="3" name="Rakki" chips="500" dealer="0" win="0" bet="70" muck="1" rebuy="0" addon="0" merge="0" rebuychips="0" reg_code="5049324165"/>
</players>
</general>
<round no="0"><action no="1" player="Rakki" type="1" sum="10"/>
<action no="2" player="L1mltless" type="2" discard="1" dealt="1" sum="20"/>
</round>
<round no="1"><cards type="Pocket" player="Aleiva">X X</cards>
<cards type="Pocket" player="Rakki">S5 S6</cards>
<cards type="Pocket" player="L1mltless">X X</cards>
<action no="3" player="Aleiva" type="0" discard="1" dealt="1" sum="0"/>
<action no="4" player="Rakki" type="23" sum="50"/>
<action no="5" player="L1mltless" type="3" discard="1" dealt="1" sum="30"/>
</round>
<round no="2"><cards type="Flop">D2 DJ DQ</cards>
<action no="6" player="Rakki" type="5" sum="20"/>
<action no="7" player="L1mltless" type="3" discard="1" dealt="1" sum="20"/>
</round>
<round no="3"><cards type="Turn">SJ</cards>
<action no="8" player="Rakki" type="4" sum="0"/>
<action no="9" player="L1mltless" type="5" discard="1" dealt="1" sum="46"/>
<action no="10" player="Rakki" type="0" sum="0"/>
</round>
</game>
<game gamecode="6436318309"><general><startdate>2025-07-23 23:06:53</startdate>
<round>1</round>
<failsafecounter/>
<players><player seat="10" name="Aleiva" chips="500" dealer="0" win="0" bet="90" muck="1" rebuy="0" addon="0" merge="0" rebuychips="0" reg_code="5049324850"/>
<player seat="3" name="Rakki" chips="430" dealer="1" win="0" bet="0" muck="1" rebuy="0" addon="0" merge="0" rebuychips="0" reg_code="5049324165"/>
<player seat="6" name="L1mltless" chips="570" dealer="0" win="180" bet="90" muck="0" rebuy="0" addon="0" merge="0" rebuychips="0" reg_code="5049324829"/>
</players>
</general>
<round no="0"><action no="1" player="L1mltless" type="1" discard="1" dealt="1" sum="10"/>
<action no="2" player="Aleiva" type="2" discard="1" dealt="1" sum="20"/>
</round>
<round no="1"><cards type="Pocket" player="Rakki">H3 C5</cards>
<cards type="Pocket" player="L1mltless">DK HK</cards>
<cards type="Pocket" player="Aleiva">S10 HQ</cards>
<action no="3" player="Rakki" type="0" sum="0"/>
<action no="4" player="L1mltless" type="23" discard="1" dealt="1" sum="50"/>
<action no="5" player="Aleiva" type="3" discard="1" dealt="1" sum="30"/>
</round>
<round no="2"><cards type="Flop">C9 D3 H9</cards>
<action no="6" player="L1mltless" type="4" discard="1" dealt="1" sum="0"/>
<action no="7" player="Aleiva" type="5" discard="1" dealt="1" sum="40"/>
<action no="8" player="L1mltless" type="3" discard="1" dealt="1" sum="40"/>
</round>
<round no="3"><cards type="Turn">C3</cards>
<action no="9" player="L1mltless" type="4" discard="1" dealt="1" sum="0"/>
<action no="10" player="Aleiva" type="4" discard="1" dealt="1" sum="0"/>
</round>
<round no="4"><cards type="River">DJ</cards>
<action no="11" player="L1mltless" type="4" discard="1" dealt="1" sum="0"/>
<action no="12" player="Aleiva" type="4" discard="1" dealt="1" sum="0"/>
</round>
</game>
<game gamecode="6436318352"><general><startdate>2025-07-23 23:07:24</startdate>
<round>1</round>
<failsafecounter/>
<players><player seat="3" name="Rakki" chips="430" dealer="0" win="120" bet="430" muck="1" rebuy="0" addon="0" merge="0" rebuychips="0" reg_code="5049324165"/>
<player seat="6" name="L1mltless" chips="660" dealer="1" win="0" bet="40" muck="1" rebuy="0" addon="0" merge="0" rebuychips="0" reg_code="5049324829"/>
<player seat="10" name="Aleiva" chips="410" dealer="0" win="0" bet="40" muck="1" rebuy="0" addon="0" merge="0" rebuychips="0" reg_code="5049324850"/>
</players>
</general>
<round no="0"><action no="1" player="Aleiva" type="1" discard="1" dealt="1" sum="10"/>
<action no="2" player="Rakki" type="2" sum="20"/>
</round>
<round no="1"><cards type="Pocket" player="Rakki">D9 DJ</cards>
<cards type="Pocket" player="L1mltless">X X</cards>
<cards type="Pocket" player="Aleiva">X X</cards>
<action no="3" player="L1mltless" type="23" discard="1" dealt="1" sum="40"/>
<action no="4" player="Aleiva" type="3" discard="1" dealt="1" sum="30"/>
<action no="5" player="Rakki" type="23" sum="430"/>
<action no="6" player="L1mltless" type="0" discard="1" dealt="1" sum="0"/>
<action no="7" player="Aleiva" type="0" discard="1" dealt="1" sum="0"/>
</round>
</game>
<game gamecode="6436318383"><general><startdate>2025-07-23 23:07:46</startdate>
<round>1</round>
<failsafecounter/>
<players><player seat="6" name="L1mltless" chips="620" dealer="0" win="0" bet="40" muck="1" rebuy="0" addon="0" merge="0" rebuychips="0" reg_code="5049324829"/>
<player seat="10" name="Aleiva" chips="370" dealer="1" win="90" bet="100" muck="1" rebuy="0" addon="0" merge="0" rebuychips="0" reg_code="5049324850"/>
<player seat="3" name="Rakki" chips="510" dealer="0" win="0" bet="10" muck="1" rebuy="0" addon="0" merge="0" rebuychips="0" reg_code="5049324165"/>
</players>
</general>
<round no="0"><action no="1" player="Rakki" type="1" sum="10"/>
<action no="2" player="L1mltless" type="2" discard="1" dealt="1" sum="20"/>
</round>
<round no="1"><cards type="Pocket" player="Rakki">H7 S3</cards>
<cards type="Pocket" player="L1mltless">X X</cards>
<cards type="Pocket" player="Aleiva">X X</cards>
<action no="3" player="Aleiva" type="23" discard="1" dealt="1" sum="40"/>
<action no="4" player="Rakki" type="0" sum="0"/>
<action no="5" player="L1mltless" type="3" discard="1" dealt="1" sum="20"/>
</round>
<round no="2"><cards type="Flop">C2 D6 D7</cards>
<action no="6" player="L1mltless" type="4" discard="1" dealt="1" sum="0"/>
<action no="7" player="Aleiva" type="5" discard="1" dealt="1" sum="60"/>
<action no="8" player="L1mltless" type="0" discard="1" dealt="1" sum="0"/>
</round>
</game>
<game gamecode="6436318404"><general><startdate>2025-07-23 23:08:02</startdate>
<round>1</round>
<failsafecounter/>
<players><player seat="10" name="Aleiva" chips="420" dealer="0" win="75" bet="95" muck="1" rebuy="0" addon="0" merge="0" rebuychips="0" reg_code="5049324850"/>
<player seat="3" name="Rakki" chips="500" dealer="1" win="0" bet="5" muck="1" rebuy="0" addon="0" merge="0" rebuychips="0" reg_code="5049324165"/>
<player seat="6" name="L1mltless" chips="580" dealer="0" win="0" bet="35" muck="1" rebuy="0" addon="0" merge="0" rebuychips="0" reg_code="5049324829"/>
</players>
</general>
<round no="0"><action no="1" player="L1mltless" type="15" discard="1" dealt="1" sum="5"/>
<action no="2" player="Aleiva" type="15" discard="1" dealt="1" sum="5"/>
<action no="3" player="Rakki" type="15" sum="5"/>
<action no="4" player="L1mltless" type="1" discard="1" dealt="1" sum="15"/>
<action no="5" player="Aleiva" type="2" discard="1" dealt="1" sum="30"/>
</round>
<round no="1"><cards type="Pocket" player="L1mltless">X X</cards>
<cards type="Pocket" player="Rakki">S8 D7</cards>
<cards type="Pocket" player="Aleiva">X X</cards>
<action no="6" player="Rakki" type="0" sum="0"/>
<action no="7" player="L1mltless" type="3" discard="1" dealt="1" sum="15"/>
<action no="8" player="Aleiva" type="23" discard="1" dealt="1" sum="90"/>
<action no="9" player="L1mltless" type="0" discard="1" dealt="1" sum="0"/>
</round>
</game>
<game gamecode="6436318440"><general><startdate>2025-07-23 23:08:22</startdate>
<round>1</round>
<failsafecounter/>
<players><player seat="3" name="Rakki" chips="495" dealer="0" win="0" bet="35" muck="1" rebuy="0" addon="0" merge="0" rebuychips="0" reg_code="5049324165"/>
<player seat="6" name="L1mltless" chips="545" dealer="1" win="0" bet="5" muck="1" rebuy="0" addon="0" merge="0" rebuychips="0" reg_code="5049324829"/>
<player seat="10" name="Aleiva" chips="460" dealer="0" win="75" bet="95" muck="1" rebuy="0" addon="0" merge="0" rebuychips="0" reg_code="5049324850"/>
</players>
</general>
<round no="0"><action no="1" player="Aleiva" type="15" discard="1" dealt="1" sum="5"/>
<action no="2" player="Rakki" type="15" sum="5"/>
<action no="3" player="L1mltless" type="15" discard="1" dealt="1" sum="5"/>
<action no="4" player="Aleiva" type="1" discard="1" dealt="1" sum="15"/>
<action no="5" player="Rakki" type="2" sum="30"/>
</round>
<round no="1"><cards type="Pocket" player="Rakki">SQ H7</cards>
<cards type="Pocket" player="Aleiva">X X</cards>
<cards type="Pocket" player="L1mltless">X X</cards>
<action no="6" player="L1mltless" type="0" discard="1" dealt="1" sum="0"/>
<action no="7" player="Aleiva" type="3" discard="1" dealt="1" sum="15"/>
<action no="8" player="Rakki" type="4" sum="0"/>
</round>
<round no="2"><cards type="Flop">S6 S3 C4</cards>
<action no="9" player="Aleiva" type="5" discard="1" dealt="1" sum="60"/>
<action no="10" player="Rakki" type="0" sum="0"/>
</round>
</game>
<game gamecode="6436318470"><general><startdate>2025-07-23 23:08:41</startdate>
<round>1</round>
<failsafecounter/>
<players><player seat="6" name="L1mltless" chips="540" dealer="0" win="75" bet="540" muck="1" rebuy="0" addon="0" merge="0" rebuychips="0" reg_code="5049324829"/>
<player seat="10" name="Aleiva" chips="500" dealer="1" win="0" bet="5" muck="1" rebuy="0" addon="0" merge="0" rebuychips="0" reg_code="5049324850"/>
<player seat="3" name="Rakki" chips="460" dealer="0" win="0" bet="35" muck="1" rebuy="0" addon="0" merge="0" rebuychips="0" reg_code="5049324165"/>
</players>
</general>
<round no="0"><action no="1" player="Rakki" type="15" sum="5"/>
<action no="2" player="L1mltless" type="15" discard="1" dealt="1" sum="5"/>
<action no="3" player="Aleiva" type="15" discard="1" dealt="1" sum="5"/>
<action no="4" player="Rakki" type="1" sum="15"/>
<action no="5" player="L1mltless" type="2" discard="1" dealt="1" sum="30"/>
</round>
<round no="1"><cards type="Pocket" player="L1mltless">X X</cards>
<cards type="Pocket" player="Aleiva">X X</cards>
<cards type="Pocket" player="Rakki">S4 SK</cards>
<action no="6" player="Aleiva" type="0" discard="1" dealt="1" sum="0"/>
<action no="7" player="Rakki" type="3" sum="15"/>
<action no="8" player="L1mltless" type="23" discard="1" dealt="1" sum="535"/>
<action no="9" player="Rakki" type="0" sum="0"/>
</round>
</game>
<game gamecode="6436318489"><general><startdate>2025-07-23 23:08:52</startdate>
<round>1</round>
<failsafecounter/>
<players><player seat="10" name="Aleiva" chips="495" dealer="0" win="0" bet="35" muck="1" rebuy="0" addon="0" merge="0" rebuychips="0" reg_code="5049324850"/>
<player seat="3" name="Rakki" chips="425" dealer="1" win="90" bet="425" muck="1" rebuy="0" addon="0" merge="0" rebuychips="0" reg_code="5049324165"/>
<player seat="6" name="L1mltless" chips="580" dealer="0" win="0" bet="20" muck="1" rebuy="0" addon="0" merge="0" rebuychips="0" reg_code="5049324829"/>
</players>
</general>
<round no="0"><action no="1" player="L1mltless" type="15" discard="1" dealt="1" sum="5"/>
<action no="2" player="Aleiva" type="15" discard="1" dealt="1" sum="5"/>
<action no="3" player="Rakki" type="15" sum="5"/>
<action no="4" player="L1mltless" type="1" discard="1" dealt="1" sum="15"/>
<action no="5" player="Aleiva" type="2" discard="1" dealt="1" sum="30"/>
</round>
<round no="1"><cards type="Pocket" player="L1mltless">X X</cards>
<cards type="Pocket" player="Aleiva">X X</cards>
<cards type="Pocket" player="Rakki">D9 DQ</cards>
<action no="6" player="Rakki" type="23" sum="420"/>
<action no="7" player="L1mltless" type="0" discard="1" dealt="1" sum="0"/>
<action no="8" player="Aleiva" type="0" discard="1" dealt="1" sum="0"/>
</round>
</game>
<game gamecode="6436318508"><general><startdate>2025-07-23 23:09:00</startdate>
<round>1</round>
<failsafecounter/>
<players><player seat="3" name="Rakki" chips="480" dealer="0" win="0" bet="35" muck="1" rebuy="0" addon="0" merge="0" rebuychips="0" reg_code="5049324165"/>
<player seat="6" name="L1mltless" chips="560" dealer="1" win="142" bet="125" muck="0" rebuy="0" addon="0" merge="0" rebuychips="0" reg_code="5049324829"/>
<player seat="10" name="Aleiva" chips="460" dealer="0" win="143" bet="125" muck="0" rebuy="0" addon="0" merge="0" rebuychips="0" reg_code="5049324850"/>
</players>
</general>
<round no="0"><action no="1" player="Aleiva" type="15" discard="1" dealt="1" sum="5"/>
<action no="2" player="Rakki" type="15" sum="5"/>
<action no="3" player="L1mltless" type="15" discard="1" dealt="1" sum="5"/>
<action no="4" player="Aleiva" type="1" discard="1" dealt="1" sum="15"/>
<action no="5" player="Rakki" type="2" sum="30"/>
</round>
<round no="1"><cards type="Pocket" player="L1mltless">H8 HQ</cards>
<cards type="Pocket" player="Aleiva">H9 DQ</cards>
<cards type="Pocket" player="Rakki">S3 C8</cards>
<action no="6" player="L1mltless" type="23" discard="1" dealt="1" sum="60"/>
<action no="7" player="Aleiva" type="3" discard="1" dealt="1" sum="45"/>
<action no="8" player="Rakki" type="0" sum="0"/>
</round>
<round no="2"><cards type="Flop">C7 CK H7</cards>
<action no="9" player="Aleiva" type="5" discard="1" dealt="1" sum="60"/>
<action no="10" player="L1mltless" type="3" discard="1" dealt="1" sum="60"/>
</round>
<round no="3"><cards type="Turn">C2</cards>
<action no="11" player="Aleiva" type="4" discard="1" dealt="1" sum="0"/>
<action no="12" player="L1mltless" type="4" discard="1" dealt="1" sum="0"/>
</round>
<round no="4"><cards type="River">HJ</cards>
<action no="13" player="Aleiva" type="4" discard="1" dealt="1" sum="0"/>
<action no="14" player="L1mltless" type="4" discard="1" dealt="1" sum="0"/>
</round>
</game>
<game gamecode="6436318562"><general><startdate>2025-07-23 23:09:30</startdate>
<round>1</round>
<failsafecounter/>
<players><player seat="6" name="L1mltless" chips="577" dealer="0" win="0" bet="35" muck="1" rebuy="0" addon="0" merge="0" rebuychips="0" reg_code="5049324829"/>
<player seat="10" name="Aleiva" chips="478" dealer="1" win="105" bet="95" muck="1" rebuy="0" addon="0" merge="0" rebuychips="0" reg_code="5049324850"/>
<player seat="3" name="Rakki" chips="445" dealer="0" win="0" bet="35" muck="1" rebuy="0" addon="0" merge="0" rebuychips="0" reg_code="5049324165"/>
</players>
</general>
<round no="0"><action no="1" player="Rakki" type="15" sum="5"/>
<action no="2" player="L1mltless" type="15" discard="1" dealt="1" sum="5"/>
<action no="3" player="Aleiva" type="15" discard="1" dealt="1" sum="5"/>
<action no="4" player="Rakki" type="1" sum="15"/>
<action no="5" player="L1mltless" type="2" discard="1" dealt="1" sum="30"/>
</round>
<round no="1"><cards type="Pocket" player="Rakki">CJ C9</cards>
<cards type="Pocket" player="L1mltless">X X</cards>
<cards type="Pocket" player="Aleiva">X X</cards>
<action no="6" player="Aleiva" type="3" discard="1" dealt="1" sum="30"/>
<action no="7" player="Rakki" type="3" sum="15"/>
<action no="8" player="L1mltless" type="4" discard="1" dealt="1" sum="0"/>
</round>
<round no="2"><cards type="Flop">CQ HK D7</cards>
<action no="9" player="Rakki" type="4" sum="0"/>
<action no="10" player="L1mltless" type="4" discard="1" dealt="1" sum="0"/>
<action no="11" player="Aleiva" type="5" discard="1" dealt="1" sum="60"/>
<action no="12" player="Rakki" type="0" sum="0"/>
<action no="13" player="L1mltless" type="0" discard="1" dealt="1" sum="0"/>
</round>
</game>
<game gamecode="6436318596"><general><startdate>2025-07-23 23:09:56</startdate>
<round>1</round>
<failsafecounter/>
<players><player seat="10" name="Aleiva" chips="548" dealer="0" win="0" bet="45" muck="1" rebuy="0" addon="0" merge="0" rebuychips="0" reg_code="5049324850"/>
<player seat="3" name="Rakki" chips="410" dealer="1" win="0" bet="5" muck="1" rebuy="0" addon="0" merge="0" rebuychips="0" reg_code="5049324165"/>
<player seat="6" name="L1mltless" chips="542" dealer="0" win="95" bet="542" muck="1" rebuy="0" addon="0" merge="0" rebuychips="0" reg_code="5049324829"/>
</players>
</general>
<round no="0"><action no="1" player="L1mltless" type="15" discard="1" dealt="1" sum="5"/>
<action no="2" player="Aleiva" type="15" discard="1" dealt="1" sum="5"/>
<action no="3" player="Rakki" type="15" sum="5"/>
<action no="4" player="L1mltless" type="1" discard="1" dealt="1" sum="20"/>
<action no="5" player="Aleiva" type="2" discard="1" dealt="1" sum="40"/>
</round>
<round no="1"><cards type="Pocket" player="Aleiva">X X</cards>
<cards type="Pocket" player="Rakki">D7 CJ</cards>
<cards type="Pocket" player="L1mltless">X X</cards>
<action no="6" player="Rakki" type="0" sum="0"/>
<action no="7" player="L1mltless" type="23" discard="1" dealt="1" sum="537"/>
<action no="8" player="Aleiva" type="0" discard="1" dealt="1" sum="0"/>
</round>
</game>
<game gamecode="6436318618"><general><startdate>2025-07-23 23:10:05</startdate>
<round>1</round>
<failsafecounter/>
<players><player seat="3" name="Rakki" chips="405" dealer="0" win="0" bet="405" muck="0" rebuy="0" addon="0" merge="0" rebuychips="0" reg_code="5049324165"/>
<player seat="6" name="L1mltless" chips="592" dealer="1" win="835" bet="592" muck="0" rebuy="0" addon="0" merge="0" rebuychips="0" reg_code="5049324829"/>
<player seat="10" name="Aleiva" chips="503" dealer="0" win="0" bet="25" muck="1" rebuy="0" addon="0" merge="0" rebuychips="0" reg_code="5049324850"/>
</players>
</general>
<round no="0"><action no="1" player="Aleiva" type="15" discard="1" dealt="1" sum="5"/>
<action no="2" player="Rakki" type="15" sum="5"/>
<action no="3" player="L1mltless" type="15" discard="1" dealt="1" sum="5"/>
<action no="4" player="Aleiva" type="1" discard="1" dealt="1" sum="20"/>
<action no="5" player="Rakki" type="2" sum="40"/>
</round>
<round no="1"><cards type="Pocket" player="Rakki">DK HJ</cards>
<cards type="Pocket" player="Aleiva">X X</cards>
<cards type="Pocket" player="L1mltless">C5 S5</cards>
<action no="6" player="L1mltless" type="23" discard="1" dealt="1" sum="587"/>
<action no="7" player="Aleiva" type="0" discard="1" dealt="1" sum="0"/>
<action no="8" player="Rakki" type="7" sum="360"/>
</round>
<round no="2"><cards type="Flop">S8 H6 HQ</cards>
</round>
<round no="3"><cards type="Turn">H8</cards>
</round>
<round no="4"><cards type="River">S3</cards>
</round>
</game>
</session>
