<?xml version="1.0" encoding="UTF-8"?>
<session sessioncode="5049692909">
<general>
<client_version>25.1.1.16</client_version>
<mode>real</mode>
<gametype>Holdem NL</gametype>
<tablename>Twister €100 SNG, 814621836</tablename>
<tournamentcode>814621835</tournamentcode>
<tournamentname>Twister €100 SNG</tournamentname>
<buyin>€0 + €7 + €93</buyin>
<totalbuyin>€100</totalbuyin>
<rewarddrawn>€300</rewarddrawn>
<tournamentcurrency>EUR</tournamentcurrency>
<currency>EUR</currency>
<nickname>Rakki</nickname>
<gamecount>14</gamecount>
<startdate>2025-07-25 22:00:33</startdate>
<place>2</place>
<win>€0</win>
<tablesize>3</tablesize>
</general>
<game gamecode="6437761659"><general><startdate>2025-07-25 22:00:48</startdate>
<round>1</round>
<failsafecounter/>
<players><player seat="10" name="Sansevero96" chips="500" dealer="0" win="20" bet="20" muck="1" rebuy="0" addon="0" merge="0" rebuychips="0" reg_code="5049693203"/>
<player seat="3" name="Thechosenoonee" chips="500" dealer="1" win="0" bet="0" muck="1" rebuy="0" addon="0" merge="0" rebuychips="0" reg_code="5049692667"/>
<player seat="6" name="Rakki" chips="500" dealer="0" win="0" bet="10" muck="1" rebuy="0" addon="0" merge="0" rebuychips="0" reg_code="5049692909"/>
</players>
</general>
<round no="0"><action no="1" player="Rakki" type="1" sum="10"/>
<action no="2" player="Sansevero96" type="2" discard="1" dealt="1" sum="20"/>
</round>
<round no="1"><cards type="Pocket" player="Rakki">C4 H3</cards>
<cards type="Pocket" player="Thechosenoonee">X X</cards>
<cards type="Pocket" player="Sansevero96">X X</cards>
<action no="3" player="Thechosenoonee" type="0" discard="1" dealt="1" sum="0"/>
<action no="4" player="Rakki" type="0" sum="0"/>
</round>
</game>
<game gamecode="6437761672"><general><startdate>2025-07-25 22:00:59</startdate>
<round>1</round>
<failsafecounter/>
<players><player seat="3" name="Thechosenoonee" chips="500" dealer="0" win="0" bet="40" muck="1" rebuy="0" addon="0" merge="0" rebuychips="0" reg_code="5049692667"/>
<player seat="6" name="Rakki" chips="490" dealer="1" win="90" bet="60" muck="1" rebuy="0" addon="0" merge="0" rebuychips="0" reg_code="5049692909"/>
<player seat="10" name="Sansevero96" chips="510" dealer="0" win="0" bet="10" muck="1" rebuy="0" addon="0" merge="0" rebuychips="0" reg_code="5049693203"/>
</players>
</general>
<round no="0"><action no="1" player="Sansevero96" type="1" discard="1" dealt="1" sum="10"/>
<action no="2" player="Thechosenoonee" type="2" discard="1" dealt="1" sum="20"/>
</round>
<round no="1"><cards type="Pocket" player="Rakki">DA H3</cards>
<cards type="Pocket" player="Sansevero96">X X</cards>
<cards type="Pocket" player="Thechosenoonee">X X</cards>
<action no="3" player="Rakki" type="23" sum="40"/>
<action no="4" player="Sansevero96" type="0" discard="1" dealt="1" sum="0"/>
<action no="5" player="Thechosenoonee" type="3" discard="1" dealt="1" sum="20"/>
</round>
<round no="2"><cards type="Flop">CK H8 SK</cards>
<action no="6" player="Thechosenoonee" type="4" discard="1" dealt="1" sum="0"/>
<action no="7" player="Rakki" type="5" sum="20"/>
<action no="8" player="Thechosenoonee" type="0" discard="1" dealt="1" sum="0"/>
</round>
</game>
<game gamecode="6437761695"><general><startdate>2025-07-25 22:01:15</startdate>
<round>1</round>
<failsafecounter/>
<players><player seat="6" name="Rakki" chips="540" dealer="0" win="170" bet="80" muck="0" rebuy="0" addon="0" merge="0" rebuychips="0" reg_code="5049692909"/>
<player seat="10" name="Sansevero96" chips="500" dealer="1" win="0" bet="80" muck="1" rebuy="0" addon="0" merge="0" rebuychips="0" reg_code="5049693203"/>
<player seat="3" name="Thechosenoonee" chips="460" dealer="0" win="0" bet="10" muck="1" rebuy="0" addon="0" merge="0" rebuychips="0" reg_code="5049692667"/>
</players>
</general>
<round no="0"><action no="1" player="Thechosenoonee" type="1" discard="1" dealt="1" sum="10"/>
<action no="2" player="Rakki" type="2" sum="20"/>
</round>
<round no="1"><cards type="Pocket" player="Thechosenoonee">X X</cards>
<cards type="Pocket" player="Rakki">CQ C8</cards>
<cards type="Pocket" player="Sansevero96">C9 C3</cards>
<action no="3" player="Sansevero96" type="3" discard="1" dealt="1" sum="20"/>
<action no="4" player="Thechosenoonee" type="0" discard="1" dealt="1" sum="0"/>
<action no="5" player="Rakki" type="4" sum="0"/>
</round>
<round no="2"><cards type="Flop">CJ H4 D10</cards>
<action no="6" player="Rakki" type="4" sum="0"/>
<action no="7" player="Sansevero96" type="4" discard="1" dealt="1" sum="0"/>
</round>
<round no="3"><cards type="Turn">S10</cards>
<action no="8" player="Rakki" type="4" sum="0"/>
<action no="9" player="Sansevero96" type="4" discard="1" dealt="1" sum="0"/>
</round>
<round no="4"><cards type="River">D9</cards>
<action no="10" player="Rakki" type="5" sum="60"/>
<action no="11" player="Sansevero96" type="3" discard="1" dealt="1" sum="60"/>
</round>
</game>
<game gamecode="6437761728"><general><startdate>2025-07-25 22:01:41</startdate>
<round>1</round>
<failsafecounter/>
<players><player seat="10" name="Sansevero96" chips="420" dealer="0" win="40" bet="20" muck="0" rebuy="0" addon="0" merge="0" rebuychips="0" reg_code="5049693203"/>
<player seat="3" name="Thechosenoonee" chips="450" dealer="1" win="0" bet="0" muck="1" rebuy="0" addon="0" merge="0" rebuychips="0" reg_code="5049692667"/>
<player seat="6" name="Rakki" chips="630" dealer="0" win="0" bet="20" muck="1" rebuy="0" addon="0" merge="0" rebuychips="0" reg_code="5049692909"/>
</players>
</general>
<round no="0"><action no="1" player="Rakki" type="1" sum="10"/>
<action no="2" player="Sansevero96" type="2" discard="1" dealt="1" sum="20"/>
</round>
<round no="1"><cards type="Pocket" player="Sansevero96">C7 H3</cards>
<cards type="Pocket" player="Rakki">C5 S6</cards>
<cards type="Pocket" player="Thechosenoonee">X X</cards>
<action no="3" player="Thechosenoonee" type="0" discard="1" dealt="1" sum="0"/>
<action no="4" player="Rakki" type="3" sum="10"/>
<action no="5" player="Sansevero96" type="4" discard="1" dealt="1" sum="0"/>
</round>
<round no="2"><cards type="Flop">C8 DJ S10</cards>
<action no="6" player="Rakki" type="4" sum="0"/>
<action no="7" player="Sansevero96" type="4" discard="1" dealt="1" sum="0"/>
</round>
<round no="3"><cards type="Turn">D7</cards>
<action no="8" player="Rakki" type="4" sum="0"/>
<action no="9" player="Sansevero96" type="4" discard="1" dealt="1" sum="0"/>
</round>
<round no="4"><cards type="River">D5</cards>
<action no="10" player="Rakki" type="4" sum="0"/>
<action no="11" player="Sansevero96" type="4" discard="1" dealt="1" sum="0"/>
</round>
</game>
<game gamecode="6437761752"><general><startdate>2025-07-25 22:02:00</startdate>
<round>1</round>
<failsafecounter/>
<players><player seat="3" name="Thechosenoonee" chips="450" dealer="0" win="40" bet="60" muck="1" rebuy="0" addon="0" merge="0" rebuychips="0" reg_code="5049692667"/>
<player seat="6" name="Rakki" chips="610" dealer="1" win="0" bet="0" muck="1" rebuy="0" addon="0" merge="0" rebuychips="0" reg_code="5049692909"/>
<player seat="10" name="Sansevero96" chips="440" dealer="0" win="0" bet="20" muck="1" rebuy="0" addon="0" merge="0" rebuychips="0" reg_code="5049693203"/>
</players>
</general>
<round no="0"><action no="1" player="Sansevero96" type="1" discard="1" dealt="1" sum="10"/>
<action no="2" player="Thechosenoonee" type="2" discard="1" dealt="1" sum="20"/>
</round>
<round no="1"><cards type="Pocket" player="Thechosenoonee">X X</cards>
<cards type="Pocket" player="Rakki">CJ S5</cards>
<cards type="Pocket" player="Sansevero96">X X</cards>
<action no="3" player="Rakki" type="0" sum="0"/>
<action no="4" player="Sansevero96" type="3" discard="1" dealt="1" sum="10"/>
<action no="5" player="Thechosenoonee" type="23" discard="1" dealt="1" sum="60"/>
<action no="6" player="Sansevero96" type="0" discard="1" dealt="1" sum="0"/>
</round>
</game>
<game gamecode="6437761775"><general><startdate>2025-07-25 22:02:18</startdate>
<round>1</round>
<failsafecounter/>
<players><player seat="6" name="Rakki" chips="610" dealer="0" win="0" bet="20" muck="1" rebuy="0" addon="0" merge="0" rebuychips="0" reg_code="5049692909"/>
<player seat="10" name="Sansevero96" chips="420" dealer="1" win="0" bet="0" muck="1" rebuy="0" addon="0" merge="0" rebuychips="0" reg_code="5049693203"/>
<player seat="3" name="Thechosenoonee" chips="470" dealer="0" win="40" bet="50" muck="1" rebuy="0" addon="0" merge="0" rebuychips="0" reg_code="5049692667"/>
</players>
</general>
<round no="0"><action no="1" player="Thechosenoonee" type="1" discard="1" dealt="1" sum="10"/>
<action no="2" player="Rakki" type="2" sum="20"/>
</round>
<round no="1"><cards type="Pocket" player="Sansevero96">X X</cards>
<cards type="Pocket" player="Rakki">H3 S9</cards>
<cards type="Pocket" player="Thechosenoonee">X X</cards>
<action no="3" player="Sansevero96" type="0" discard="1" dealt="1" sum="0"/>
<action no="4" player="Thechosenoonee" type="23" discard="1" dealt="1" sum="50"/>
<action no="5" player="Rakki" type="0" sum="0"/>
</round>
</game>
<game gamecode="6437761789"><general><startdate>2025-07-25 22:02:29</startdate>
<round>1</round>
<failsafecounter/>
<players><player seat="10" name="Sansevero96" chips="420" dealer="0" win="0" bet="35" muck="1" rebuy="0" addon="0" merge="0" rebuychips="0" reg_code="5049693203"/>
<player seat="3" name="Thechosenoonee" chips="490" dealer="1" win="0" bet="5" muck="1" rebuy="0" addon="0" merge="0" rebuychips="0" reg_code="5049692667"/>
<player seat="6" name="Rakki" chips="590" dealer="0" win="75" bet="590" muck="1" rebuy="0" addon="0" merge="0" rebuychips="0" reg_code="5049692909"/>
</players>
</general>
<round no="0"><action no="1" player="Rakki" type="15" sum="5"/>
<action no="2" player="Sansevero96" type="15" discard="1" dealt="1" sum="5"/>
<action no="3" player="Thechosenoonee" type="15" discard="1" dealt="1" sum="5"/>
<action no="4" player="Rakki" type="1" sum="15"/>
<action no="5" player="Sansevero96" type="2" discard="1" dealt="1" sum="30"/>
</round>
<round no="1"><cards type="Pocket" player="Thechosenoonee">X X</cards>
<cards type="Pocket" player="Rakki">C6 DA</cards>
<cards type="Pocket" player="Sansevero96">X X</cards>
<action no="6" player="Thechosenoonee" type="0" discard="1" dealt="1" sum="0"/>
<action no="7" player="Rakki" type="23" sum="585"/>
<action no="8" player="Sansevero96" type="0" discard="1" dealt="1" sum="0"/>
</round>
</game>
<game gamecode="6437761799"><general><startdate>2025-07-25 22:02:37</startdate>
<round>1</round>
<failsafecounter/>
<players><player seat="3" name="Thechosenoonee" chips="485" dealer="0" win="0" bet="35" muck="1" rebuy="0" addon="0" merge="0" rebuychips="0" reg_code="5049692667"/>
<player seat="6" name="Rakki" chips="630" dealer="1" win="0" bet="630" muck="0" rebuy="0" addon="0" merge="0" rebuychips="0" reg_code="5049692909"/>
<player seat="10" name="Sansevero96" chips="385" dealer="0" win="805" bet="385" muck="0" rebuy="0" addon="0" merge="0" rebuychips="0" reg_code="5049693203"/>
</players>
</general>
<round no="0"><action no="1" player="Sansevero96" type="15" discard="1" dealt="1" sum="5"/>
<action no="2" player="Thechosenoonee" type="15" discard="1" dealt="1" sum="5"/>
<action no="3" player="Rakki" type="15" sum="5"/>
<action no="4" player="Sansevero96" type="1" discard="1" dealt="1" sum="15"/>
<action no="5" player="Thechosenoonee" type="2" discard="1" dealt="1" sum="30"/>
</round>
<round no="1"><cards type="Pocket" player="Sansevero96">H10 C10</cards>
<cards type="Pocket" player="Rakki">HJ SK</cards>
<cards type="Pocket" player="Thechosenoonee">X X</cards>
<action no="6" player="Rakki" type="23" sum="625"/>
<action no="7" player="Sansevero96" type="7" discard="1" dealt="1" sum="365"/>
<action no="8" player="Thechosenoonee" type="0" discard="1" dealt="1" sum="0"/>
</round>
<round no="2"><cards type="Flop">D6 D7 CA</cards>
</round>
<round no="3"><cards type="Turn">C8</cards>
</round>
<round no="4"><cards type="River">H8</cards>
</round>
</game>
<game gamecode="6437761834"><general><startdate>2025-07-25 22:03:01</startdate>
<round>1</round>
<failsafecounter/>
<players><player seat="6" name="Rakki" chips="245" dealer="0" win="0" bet="35" muck="1" rebuy="0" addon="0" merge="0" rebuychips="0" reg_code="5049692909"/>
<player seat="10" name="Sansevero96" chips="805" dealer="1" win="0" bet="5" muck="1" rebuy="0" addon="0" merge="0" rebuychips="0" reg_code="5049693203"/>
<player seat="3" name="Thechosenoonee" chips="450" dealer="0" win="75" bet="450" muck="1" rebuy="0" addon="0" merge="0" rebuychips="0" reg_code="5049692667"/>
</players>
</general>
<round no="0"><action no="1" player="Thechosenoonee" type="15" discard="1" dealt="1" sum="5"/>
<action no="2" player="Rakki" type="15" sum="5"/>
<action no="3" player="Sansevero96" type="15" discard="1" dealt="1" sum="5"/>
<action no="4" player="Thechosenoonee" type="1" discard="1" dealt="1" sum="15"/>
<action no="5" player="Rakki" type="2" sum="30"/>
</round>
<round no="1"><cards type="Pocket" player="Thechosenoonee">X X</cards>
<cards type="Pocket" player="Sansevero96">X X</cards>
<cards type="Pocket" player="Rakki">S3 D6</cards>
<action no="6" player="Sansevero96" type="0" discard="1" dealt="1" sum="0"/>
<action no="7" player="Thechosenoonee" type="23" discard="1" dealt="1" sum="445"/>
<action no="8" player="Rakki" type="0" sum="0"/>
</round>
</game>
<game gamecode="6437761850"><general><startdate>2025-07-25 22:03:13</startdate>
<round>1</round>
<failsafecounter/>
<players><player seat="10" name="Sansevero96" chips="800" dealer="0" win="0" bet="35" muck="1" rebuy="0" addon="0" merge="0" rebuychips="0" reg_code="5049693203"/>
<player seat="3" name="Thechosenoonee" chips="490" dealer="1" win="0" bet="210" muck="1" rebuy="0" addon="0" merge="0" rebuychips="0" reg_code="5049692667"/>
<player seat="6" name="Rakki" chips="210" dealer="0" win="455" bet="210" muck="0" rebuy="0" addon="0" merge="0" rebuychips="0" reg_code="5049692909"/>
</players>
</general>
<round no="0"><action no="1" player="Rakki" type="15" sum="5"/>
<action no="2" player="Sansevero96" type="15" discard="1" dealt="1" sum="5"/>
<action no="3" player="Thechosenoonee" type="15" discard="1" dealt="1" sum="5"/>
<action no="4" player="Rakki" type="1" sum="15"/>
<action no="5" player="Sansevero96" type="2" discard="1" dealt="1" sum="30"/>
</round>
<round no="1"><cards type="Pocket" player="Sansevero96">X X</cards>
<cards type="Pocket" player="Rakki">CA CQ</cards>
<cards type="Pocket" player="Thechosenoonee">C9 CJ</cards>
<action no="6" player="Thechosenoonee" type="23" discard="1" dealt="1" sum="60"/>
<action no="7" player="Rakki" type="23" sum="205"/>
<action no="8" player="Sansevero96" type="0" discard="1" dealt="1" sum="0"/>
<action no="9" player="Thechosenoonee" type="3" discard="1" dealt="1" sum="145"/>
</round>
<round no="2"><cards type="Flop">H3 SJ C6</cards>
</round>
<round no="3"><cards type="Turn">SA</cards>
</round>
<round no="4"><cards type="River">D4</cards>
</round>
</game>
<game gamecode="6437761872"><general><startdate>2025-07-25 22:03:32</startdate>
<round>1</round>
<failsafecounter/>
<players><player seat="3" name="Thechosenoonee" chips="280" dealer="0" win="0" bet="280" muck="0" rebuy="0" addon="0" merge="0" rebuychips="0" reg_code="5049692667"/>
<player seat="6" name="Rakki" chips="455" dealer="1" win="0" bet="5" muck="1" rebuy="0" addon="0" merge="0" rebuychips="0" reg_code="5049692909"/>
<player seat="10" name="Sansevero96" chips="765" dealer="0" win="565" bet="280" muck="0" rebuy="0" addon="0" merge="0" rebuychips="0" reg_code="5049693203"/>
</players>
</general>
<round no="0"><action no="1" player="Sansevero96" type="15" discard="1" dealt="1" sum="5"/>
<action no="2" player="Thechosenoonee" type="15" discard="1" dealt="1" sum="5"/>
<action no="3" player="Rakki" type="15" sum="5"/>
<action no="4" player="Sansevero96" type="1" discard="1" dealt="1" sum="15"/>
<action no="5" player="Thechosenoonee" type="2" discard="1" dealt="1" sum="30"/>
</round>
<round no="1"><cards type="Pocket" player="Thechosenoonee">CK S6</cards>
<cards type="Pocket" player="Sansevero96">DQ CQ</cards>
<cards type="Pocket" player="Rakki">C4 H7</cards>
<action no="6" player="Rakki" type="0" sum="0"/>
<action no="7" player="Sansevero96" type="3" discard="1" dealt="1" sum="15"/>
<action no="8" player="Thechosenoonee" type="23" discard="1" dealt="1" sum="275"/>
<action no="9" player="Sansevero96" type="3" discard="1" dealt="1" sum="245"/>
</round>
<round no="2"><cards type="Flop">C7 H8 D3</cards>
</round>
<round no="3"><cards type="Turn">D10</cards>
</round>
<round no="4"><cards type="River">C8</cards>
</round>
</game>
<game gamecode="6437761896"><general><startdate>2025-07-25 22:03:50</startdate>
<round>1</round>
<failsafecounter/>
<players><player seat="6" name="Rakki" chips="450" dealer="0" win="0" bet="195" muck="1" rebuy="0" addon="0" merge="0" rebuychips="0" reg_code="5049692909"/>
<player seat="10" name="Sansevero96" chips="1,050" dealer="1" win="390" bet="195" muck="0" rebuy="0" addon="0" merge="0" rebuychips="0" reg_code="5049693203"/>
</players>
</general>
<round no="0"><action no="1" player="Sansevero96" type="15" discard="1" dealt="1" sum="5"/>
<action no="2" player="Rakki" type="15" sum="5"/>
<action no="3" player="Sansevero96" type="1" discard="1" dealt="1" sum="15"/>
<action no="4" player="Rakki" type="2" sum="30"/>
</round>
<round no="1"><cards type="Pocket" player="Sansevero96">SA CA</cards>
<cards type="Pocket" player="Rakki">H6 C9</cards>
<action no="5" player="Sansevero96" type="3" discard="1" dealt="1" sum="15"/>
<action no="6" player="Rakki" type="4" sum="0"/>
</round>
<round no="2"><cards type="Flop">DJ C2 S6</cards>
<action no="7" player="Rakki" type="4" sum="0"/>
<action no="8" player="Sansevero96" type="5" discard="1" dealt="1" sum="30"/>
<action no="9" player="Rakki" type="3" sum="30"/>
</round>
<round no="3"><cards type="Turn">D10</cards>
<action no="10" player="Rakki" type="4" sum="0"/>
<action no="11" player="Sansevero96" type="4" discard="1" dealt="1" sum="0"/>
</round>
<round no="4"><cards type="River">DA</cards>
<action no="12" player="Rakki" type="4" sum="0"/>
<action no="13" player="Sansevero96" type="5" discard="1" dealt="1" sum="130"/>
<action no="14" player="Rakki" type="3" sum="130"/>
</round>
</game>
<game gamecode="6437761915"><general><startdate>2025-07-25 22:04:09</startdate>
<round>1</round>
<failsafecounter/>
<players><player seat="10" name="Sansevero96" chips="1,245" dealer="0" win="0" bet="45" muck="1" rebuy="0" addon="0" merge="0" rebuychips="0" reg_code="5049693203"/>
<player seat="6" name="Rakki" chips="255" dealer="1" win="90" bet="255" muck="1" rebuy="0" addon="0" merge="0" rebuychips="0" reg_code="5049692909"/>
</players>
</general>
<round no="0"><action no="1" player="Rakki" type="15" sum="5"/>
<action no="2" player="Sansevero96" type="15" discard="1" dealt="1" sum="5"/>
<action no="3" player="Rakki" type="1" sum="20"/>
<action no="4" player="Sansevero96" type="2" discard="1" dealt="1" sum="40"/>
</round>
<round no="1"><cards type="Pocket" player="Sansevero96">X X</cards>
<cards type="Pocket" player="Rakki">D9 HK</cards>
<action no="5" player="Rakki" type="23" sum="250"/>
<action no="6" player="Sansevero96" type="0" discard="1" dealt="1" sum="0"/>
</round>
</game>
<game gamecode="6437761921"><general><startdate>2025-07-25 22:04:15</startdate>
<round>1</round>
<failsafecounter/>
<players><player seat="6" name="Rakki" chips="300" dealer="0" win="0" bet="300" muck="0" rebuy="0" addon="0" merge="0" rebuychips="0" reg_code="5049692909"/>
<player seat="10" name="Sansevero96" chips="1,200" dealer="1" win="600" bet="300" muck="0" rebuy="0" addon="0" merge="0" rebuychips="0" reg_code="5049693203"/>
</players>
</general>
<round no="0"><action no="1" player="Sansevero96" type="15" discard="1" dealt="1" sum="5"/>
<action no="2" player="Rakki" type="15" sum="5"/>
<action no="3" player="Sansevero96" type="1" discard="1" dealt="1" sum="20"/>
<action no="4" player="Rakki" type="2" sum="40"/>
</round>
<round no="1"><cards type="Pocket" player="Sansevero96">CQ D10</cards>
<cards type="Pocket" player="Rakki">HQ S2</cards>
<action no="5" player="Sansevero96" type="3" discard="1" dealt="1" sum="20"/>
<action no="6" player="Rakki" type="23" sum="295"/>
<action no="7" player="Sansevero96" type="3" discard="1" dealt="1" sum="255"/>
</round>
<round no="2"><cards type="Flop">H10 S6 SK</cards>
</round>
<round no="3"><cards type="Turn">H3</cards>
</round>
<round no="4"><cards type="River">DA</cards>
</round>
</game>
</session>
