<?xml version="1.0" encoding="UTF-8"?>
<session sessioncode="5049324108">
<general>
<client_version>25.1.1.16</client_version>
<mode>real</mode>
<gametype>Holdem NL</gametype>
<tablename>Twister €100 SNG, 814514228</tablename>
<tournamentcode>814514226</tournamentcode>
<tournamentname>Twister €100 SNG</tournamentname>
<buyin>€0 + €7 + €93</buyin>
<totalbuyin>€100</totalbuyin>
<rewarddrawn>€200</rewarddrawn>
<tournamentcurrency>EUR</tournamentcurrency>
<currency>EUR</currency>
<nickname>Rakki</nickname>
<gamecount>4</gamecount>
<startdate>2025-07-23 23:05:32</startdate>
<place>3</place>
<win>€0</win>
<tablesize>3</tablesize>
</general>
<game gamecode="6436306957"><general><startdate>2025-07-23 23:05:47</startdate>
<round>1</round>
<failsafecounter/>
<players><player seat="6" name="L1mltless" chips="500" dealer="0" win="0" bet="40" muck="1" rebuy="0" addon="0" merge="0" rebuychips="0" reg_code="5049324539"/>
<player seat="10" name="Aleiva" chips="500" dealer="1" win="90" bet="80" muck="1" rebuy="0" addon="0" merge="0" rebuychips="0" reg_code="5049324771"/>
<player seat="3" name="Rakki" chips="500" dealer="0" win="0" bet="10" muck="1" rebuy="0" addon="0" merge="0" rebuychips="0" reg_code="5049324108"/>
</players>
</general>
<round no="0"><action no="1" player="Rakki" type="1" sum="10"/>
<action no="2" player="L1mltless" type="2" discard="1" dealt="1" sum="20"/>
</round>
<round no="1"><cards type="Pocket" player="L1mltless">X X</cards>
<cards type="Pocket" player="Rakki">D4 C5</cards>
<cards type="Pocket" player="Aleiva">X X</cards>
<action no="3" player="Aleiva" type="23" discard="1" dealt="1" sum="40"/>
<action no="4" player="Rakki" type="0" sum="0"/>
<action no="5" player="L1mltless" type="3" discard="1" dealt="1" sum="20"/>
</round>
<round no="2"><cards type="Flop">C2 D5 DA</cards>
<action no="6" player="L1mltless" type="4" discard="1" dealt="1" sum="0"/>
<action no="7" player="Aleiva" type="5" discard="1" dealt="1" sum="40"/>
<action no="8" player="L1mltless" type="0" discard="1" dealt="1" sum="0"/>
</round>
</game>
<game gamecode="6436306993"><general><startdate>2025-07-23 23:06:06</startdate>
<round>1</round>
<failsafecounter/>
<players><player seat="10" name="Aleiva" chips="550" dealer="0" win="610" bet="300" muck="0" rebuy="0" addon="0" merge="0" rebuychips="0" reg_code="5049324771"/>
<player seat="3" name="Rakki" chips="490" dealer="1" win="0" bet="300" muck="0" rebuy="0" addon="0" merge="0" rebuychips="0" reg_code="5049324108"/>
<player seat="6" name="L1mltless" chips="460" dealer="0" win="0" bet="10" muck="1" rebuy="0" addon="0" merge="0" rebuychips="0" reg_code="5049324539"/>
</players>
</general>
<round no="0"><action no="1" player="L1mltless" type="1" discard="1" dealt="1" sum="10"/>
<action no="2" player="Aleiva" type="2" discard="1" dealt="1" sum="20"/>
</round>
<round no="1"><cards type="Pocket" player="Rakki">D10 D7</cards>
<cards type="Pocket" player="L1mltless">X X</cards>
<cards type="Pocket" player="Aleiva">DQ C2</cards>
<action no="3" player="Rakki" type="23" sum="40"/>
<action no="4" player="L1mltless" type="0" discard="1" dealt="1" sum="0"/>
<action no="5" player="Aleiva" type="3" discard="1" dealt="1" sum="20"/>
</round>
<round no="2"><cards type="Flop">DK HQ C10</cards>
<action no="6" player="Aleiva" type="4" discard="1" dealt="1" sum="0"/>
<action no="7" player="Rakki" type="4" sum="0"/>
</round>
<round no="3"><cards type="Turn">D2</cards>
<action no="8" player="Aleiva" type="5" discard="1" dealt="1" sum="40"/>
<action no="9" player="Rakki" type="3" sum="40"/>
</round>
<round no="4"><cards type="River">S7</cards>
<action no="10" player="Aleiva" type="5" discard="1" dealt="1" sum="60"/>
<action no="11" player="Rakki" type="23" sum="220"/>
<action no="12" player="Aleiva" type="3" discard="1" dealt="1" sum="160"/>
</round>
</game>
<game gamecode="6436318296"><general><startdate>2025-07-23 23:06:45</startdate>
<round>1</round>
<failsafecounter/>
<players><player seat="3" name="Rakki" chips="190" dealer="0" win="0" bet="40" muck="1" rebuy="0" addon="0" merge="0" rebuychips="0" reg_code="5049324108"/>
<player seat="6" name="L1mltless" chips="450" dealer="1" win="120" bet="40" muck="0" rebuy="0" addon="0" merge="0" rebuychips="0" reg_code="5049324539"/>
<player seat="10" name="Aleiva" chips="860" dealer="0" win="0" bet="40" muck="1" rebuy="0" addon="0" merge="0" rebuychips="0" reg_code="5049324771"/>
</players>
</general>
<round no="0"><action no="1" player="Aleiva" type="1" discard="1" dealt="1" sum="10"/>
<action no="2" player="Rakki" type="2" sum="20"/>
</round>
<round no="1"><cards type="Pocket" player="L1mltless">SA CK</cards>
<cards type="Pocket" player="Aleiva">C9 H7</cards>
<cards type="Pocket" player="Rakki">D3 HK</cards>
<action no="3" player="L1mltless" type="23" discard="1" dealt="1" sum="40"/>
<action no="4" player="Aleiva" type="3" discard="1" dealt="1" sum="30"/>
<action no="5" player="Rakki" type="3" sum="20"/>
</round>
<round no="2"><cards type="Flop">CQ S4 S10</cards>
<action no="6" player="Aleiva" type="4" discard="1" dealt="1" sum="0"/>
<action no="7" player="Rakki" type="4" sum="0"/>
<action no="8" player="L1mltless" type="4" discard="1" dealt="1" sum="0"/>
</round>
<round no="3"><cards type="Turn">H8</cards>
<action no="9" player="Aleiva" type="4" discard="1" dealt="1" sum="0"/>
<action no="10" player="Rakki" type="4" sum="0"/>
<action no="11" player="L1mltless" type="4" discard="1" dealt="1" sum="0"/>
</round>
<round no="4"><cards type="River">HQ</cards>
<action no="12" player="Aleiva" type="4" discard="1" dealt="1" sum="0"/>
<action no="13" player="Rakki" type="4" sum="0"/>
<action no="14" player="L1mltless" type="4" discard="1" dealt="1" sum="0"/>
</round>
</game>
<game gamecode="6436318343"><general><startdate>2025-07-23 23:07:15</startdate>
<round>1</round>
<failsafecounter/>
<players><player seat="6" name="L1mltless" chips="530" dealer="0" win="0" bet="20" muck="1" rebuy="0" addon="0" merge="0" rebuychips="0" reg_code="5049324539"/>
<player seat="10" name="Aleiva" chips="820" dealer="1" win="320" bet="150" muck="0" rebuy="0" addon="0" merge="0" rebuychips="0" reg_code="5049324771"/>
<player seat="3" name="Rakki" chips="150" dealer="0" win="0" bet="150" muck="0" rebuy="0" addon="0" merge="0" rebuychips="0" reg_code="5049324108"/>
</players>
</general>
<round no="0"><action no="1" player="Rakki" type="1" sum="10"/>
<action no="2" player="L1mltless" type="2" discard="1" dealt="1" sum="20"/>
</round>
<round no="1"><cards type="Pocket" player="Rakki">HK D2</cards>
<cards type="Pocket" player="Aleiva">D3 CK</cards>
<cards type="Pocket" player="L1mltless">X X</cards>
<action no="3" player="Aleiva" type="3" discard="1" dealt="1" sum="20"/>
<action no="4" player="Rakki" type="23" sum="150"/>
<action no="5" player="L1mltless" type="0" discard="1" dealt="1" sum="0"/>
<action no="6" player="Aleiva" type="3" discard="1" dealt="1" sum="130"/>
</round>
<round no="2"><cards type="Flop">H5 C8 S2</cards>
</round>
<round no="3"><cards type="Turn">C3</cards>
</round>
<round no="4"><cards type="River">HJ</cards>
</round>
</game>
</session>
