<?xml version="1.0" encoding="UTF-8"?>
<session sessioncode="5049539621">
<general>
<client_version>25.1.1.16</client_version>
<mode>real</mode>
<gametype>Holdem NL</gametype>
<tablename>Twister €100 SNG, 814578703</tablename>
<tournamentcode>814578702</tournamentcode>
<tournamentname>Twister €100 SNG</tournamentname>
<buyin>€0 + €7 + €93</buyin>
<totalbuyin>€100</totalbuyin>
<rewarddrawn>€300</rewarddrawn>
<tournamentcurrency>EUR</tournamentcurrency>
<currency>EUR</currency>
<nickname>Rakki</nickname>
<gamecount>3</gamecount>
<startdate>2025-07-25 00:44:11</startdate>
<place>3</place>
<win>€0</win>
<tablesize>3</tablesize>
</general>
<game gamecode="6437173312"><general><startdate>2025-07-25 00:44:26</startdate>
<round>1</round>
<failsafecounter/>
<players><player seat="6" name="Thechosenoonee" chips="500" dealer="0" win="200" bet="250" muck="1" rebuy="0" addon="0" merge="0" rebuychips="0" reg_code="5049539271"/>
<player seat="10" name="Rakki" chips="500" dealer="1" win="0" bet="0" muck="1" rebuy="0" addon="0" merge="0" rebuychips="0" reg_code="5049539621"/>
<player seat="3" name="Nonloso6" chips="500" dealer="0" win="0" bet="100" muck="1" rebuy="0" addon="0" merge="0" rebuychips="0" reg_code="5049538768"/>
</players>
</general>
<round no="0"><action no="1" player="Nonloso6" type="1" discard="1" dealt="1" sum="10"/>
<action no="2" player="Thechosenoonee" type="2" discard="1" dealt="1" sum="20"/>
</round>
<round no="1"><cards type="Pocket" player="Nonloso6">X X</cards>
<cards type="Pocket" player="Rakki">CQ S4</cards>
<cards type="Pocket" player="Thechosenoonee">X X</cards>
<action no="3" player="Rakki" type="0" sum="0"/>
<action no="4" player="Nonloso6" type="3" discard="1" dealt="1" sum="10"/>
<action no="5" player="Thechosenoonee" type="23" discard="1" dealt="1" sum="60"/>
<action no="6" player="Nonloso6" type="3" discard="1" dealt="1" sum="40"/>
</round>
<round no="2"><cards type="Flop">S8 D3 SA</cards>
<action no="7" player="Nonloso6" type="4" discard="1" dealt="1" sum="0"/>
<action no="8" player="Thechosenoonee" type="5" discard="1" dealt="1" sum="40"/>
<action no="9" player="Nonloso6" type="3" discard="1" dealt="1" sum="40"/>
</round>
<round no="3"><cards type="Turn">HK</cards>
<action no="10" player="Nonloso6" type="4" discard="1" dealt="1" sum="0"/>
<action no="11" player="Thechosenoonee" type="4" discard="1" dealt="1" sum="0"/>
</round>
<round no="4"><cards type="River">H2</cards>
<action no="12" player="Nonloso6" type="4" discard="1" dealt="1" sum="0"/>
<action no="13" player="Thechosenoonee" type="5" discard="1" dealt="1" sum="150"/>
<action no="14" player="Nonloso6" type="0" discard="1" dealt="1" sum="0"/>
</round>
</game>
<game gamecode="6437173441"><general><startdate>2025-07-25 00:45:36</startdate>
<round>1</round>
<failsafecounter/>
<players><player seat="10" name="Rakki" chips="500" dealer="0" win="0" bet="500" muck="0" rebuy="0" addon="0" merge="0" rebuychips="0" reg_code="5049539621"/>
<player seat="3" name="Nonloso6" chips="400" dealer="1" win="810" bet="400" muck="0" rebuy="0" addon="0" merge="0" rebuychips="0" reg_code="5049538768"/>
<player seat="6" name="Thechosenoonee" chips="600" dealer="0" win="0" bet="10" muck="1" rebuy="0" addon="0" merge="0" rebuychips="0" reg_code="5049539271"/>
</players>
</general>
<round no="0"><action no="1" player="Thechosenoonee" type="1" discard="1" dealt="1" sum="10"/>
<action no="2" player="Rakki" type="2" sum="20"/>
</round>
<round no="1"><cards type="Pocket" player="Nonloso6">HA SQ</cards>
<cards type="Pocket" player="Thechosenoonee">X X</cards>
<cards type="Pocket" player="Rakki">C6 H6</cards>
<action no="3" player="Nonloso6" type="23" discard="1" dealt="1" sum="40"/>
<action no="4" player="Thechosenoonee" type="0" discard="1" dealt="1" sum="0"/>
<action no="5" player="Rakki" type="23" sum="500"/>
<action no="6" player="Nonloso6" type="7" discard="1" dealt="1" sum="360"/>
</round>
<round no="2"><cards type="Flop">HQ DK H10</cards>
</round>
<round no="3"><cards type="Turn">C9</cards>
</round>
<round no="4"><cards type="River">D4</cards>
</round>
</game>
<game gamecode="6437173499"><general><startdate>2025-07-25 00:46:04</startdate>
<round>1</round>
<failsafecounter/>
<players><player seat="3" name="Nonloso6" chips="810" dealer="0" win="0" bet="20" muck="1" rebuy="0" addon="0" merge="0" rebuychips="0" reg_code="5049538768"/>
<player seat="6" name="Thechosenoonee" chips="590" dealer="1" win="220" bet="100" muck="0" rebuy="0" addon="0" merge="0" rebuychips="0" reg_code="5049539271"/>
<player seat="10" name="Rakki" chips="100" dealer="0" win="0" bet="100" muck="0" rebuy="0" addon="0" merge="0" rebuychips="0" reg_code="5049539621"/>
</players>
</general>
<round no="0"><action no="1" player="Rakki" type="1" sum="10"/>
<action no="2" player="Nonloso6" type="2" discard="1" dealt="1" sum="20"/>
</round>
<round no="1"><cards type="Pocket" player="Nonloso6">X X</cards>
<cards type="Pocket" player="Thechosenoonee">CQ CJ</cards>
<cards type="Pocket" player="Rakki">D10 DQ</cards>
<action no="3" player="Thechosenoonee" type="23" discard="1" dealt="1" sum="40"/>
<action no="4" player="Rakki" type="23" sum="100"/>
<action no="5" player="Nonloso6" type="0" discard="1" dealt="1" sum="0"/>
<action no="6" player="Thechosenoonee" type="3" discard="1" dealt="1" sum="60"/>
</round>
<round no="2"><cards type="Flop">H2 H4 SA</cards>
</round>
<round no="3"><cards type="Turn">C9</cards>
</round>
<round no="4"><cards type="River">D7</cards>
</round>
</game>
</session>
