<?xml version="1.0" encoding="UTF-8"?>
<session sessioncode="5049117454">
<general>
<client_version>25.1.1.16</client_version>
<mode>real</mode>
<gametype>Holdem NL</gametype>
<tablename>Twister €50 SNG, 814455711</tablename>
<tournamentcode>814455710</tournamentcode>
<tournamentname>Twister €50 SNG</tournamentname>
<buyin>€0 + €3.50 + €46.50</buyin>
<totalbuyin>€50</totalbuyin>
<rewarddrawn>€100</rewarddrawn>
<tournamentcurrency>EUR</tournamentcurrency>
<currency>EUR</currency>
<nickname>Rakki</nickname>
<gamecount>19</gamecount>
<startdate>2025-07-22 23:22:50</startdate>
<place>2</place>
<win>€0</win>
<tablesize>3</tablesize>
</general>
<game gamecode="6435465075"><general><startdate>2025-07-22 23:23:06</startdate>
<round>1</round>
<failsafecounter/>
<players><player seat="3" name="Rakki" chips="500" dealer="0" win="0" bet="20" muck="1" rebuy="0" addon="0" merge="0" rebuychips="0" reg_code="5049117454"/>
<player seat="6" name="ChiamamiG" chips="500" dealer="1" win="0" bet="60" muck="1" rebuy="0" addon="0" merge="0" rebuychips="0" reg_code="5049117464"/>
<player seat="10" name="Minn88" chips="500" dealer="0" win="140" bet="220" muck="1" rebuy="0" addon="0" merge="0" rebuychips="0" reg_code="5049117506"/>
</players>
</general>
<round no="0"><action no="1" player="Minn88" type="1" discard="1" dealt="1" sum="10"/>
<action no="2" player="Rakki" type="2" sum="20"/>
</round>
<round no="1"><cards type="Pocket" player="Minn88">X X</cards>
<cards type="Pocket" player="ChiamamiG">X X</cards>
<cards type="Pocket" player="Rakki">C10 C3</cards>
<action no="3" player="ChiamamiG" type="23" discard="1" dealt="1" sum="40"/>
<action no="4" player="Minn88" type="23" discard="1" dealt="1" sum="60"/>
<action no="5" player="Rakki" type="0" sum="0"/>
<action no="6" player="ChiamamiG" type="3" discard="1" dealt="1" sum="20"/>
</round>
<round no="2"><cards type="Flop">C5 S4 D10</cards>
<action no="7" player="Minn88" type="5" discard="1" dealt="1" sum="160"/>
<action no="8" player="ChiamamiG" type="0" discard="1" dealt="1" sum="0"/>
</round>
</game>
<game gamecode="6435465149"><general><startdate>2025-07-22 23:23:43</startdate>
<round>1</round>
<failsafecounter/>
<players><player seat="6" name="ChiamamiG" chips="440" dealer="0" win="0" bet="20" muck="1" rebuy="0" addon="0" merge="0" rebuychips="0" reg_code="5049117464"/>
<player seat="10" name="Minn88" chips="580" dealer="1" win="50" bet="60" muck="1" rebuy="0" addon="0" merge="0" rebuychips="0" reg_code="5049117506"/>
<player seat="3" name="Rakki" chips="480" dealer="0" win="0" bet="10" muck="1" rebuy="0" addon="0" merge="0" rebuychips="0" reg_code="5049117454"/>
</players>
</general>
<round no="0"><action no="1" player="Rakki" type="1" sum="10"/>
<action no="2" player="ChiamamiG" type="2" discard="1" dealt="1" sum="20"/>
</round>
<round no="1"><cards type="Pocket" player="Rakki">DA C8</cards>
<cards type="Pocket" player="Minn88">X X</cards>
<cards type="Pocket" player="ChiamamiG">X X</cards>
<action no="3" player="Minn88" type="23" discard="1" dealt="1" sum="60"/>
<action no="4" player="Rakki" type="0" sum="0"/>
<action no="5" player="ChiamamiG" type="0" discard="1" dealt="1" sum="0"/>
</round>
</game>
<game gamecode="6435465186"><general><startdate>2025-07-22 23:24:04</startdate>
<round>1</round>
<failsafecounter/>
<players><player seat="10" name="Minn88" chips="610" dealer="0" win="40" bet="100" muck="1" rebuy="0" addon="0" merge="0" rebuychips="0" reg_code="5049117506"/>
<player seat="3" name="Rakki" chips="470" dealer="1" win="0" bet="0" muck="1" rebuy="0" addon="0" merge="0" rebuychips="0" reg_code="5049117454"/>
<player seat="6" name="ChiamamiG" chips="420" dealer="0" win="0" bet="20" muck="1" rebuy="0" addon="0" merge="0" rebuychips="0" reg_code="5049117464"/>
</players>
</general>
<round no="0"><action no="1" player="ChiamamiG" type="1" discard="1" dealt="1" sum="10"/>
<action no="2" player="Minn88" type="2" discard="1" dealt="1" sum="20"/>
</round>
<round no="1"><cards type="Pocket" player="Minn88">X X</cards>
<cards type="Pocket" player="ChiamamiG">X X</cards>
<cards type="Pocket" player="Rakki">C9 D8</cards>
<action no="3" player="Rakki" type="0" sum="0"/>
<action no="4" player="ChiamamiG" type="3" discard="1" dealt="1" sum="10"/>
<action no="5" player="Minn88" type="23" discard="1" dealt="1" sum="100"/>
<action no="6" player="ChiamamiG" type="0" discard="1" dealt="1" sum="0"/>
</round>
</game>
<game gamecode="6435465225"><general><startdate>2025-07-22 23:24:24</startdate>
<round>1</round>
<failsafecounter/>
<players><player seat="3" name="Rakki" chips="470" dealer="0" win="0" bet="80" muck="1" rebuy="0" addon="0" merge="0" rebuychips="0" reg_code="5049117454"/>
<player seat="6" name="ChiamamiG" chips="400" dealer="1" win="0" bet="0" muck="1" rebuy="0" addon="0" merge="0" rebuychips="0" reg_code="5049117464"/>
<player seat="10" name="Minn88" chips="630" dealer="0" win="160" bet="630" muck="1" rebuy="0" addon="0" merge="0" rebuychips="0" reg_code="5049117506"/>
</players>
</general>
<round no="0"><action no="1" player="Minn88" type="1" discard="1" dealt="1" sum="10"/>
<action no="2" player="Rakki" type="2" sum="20"/>
</round>
<round no="1"><cards type="Pocket" player="Minn88">X X</cards>
<cards type="Pocket" player="ChiamamiG">X X</cards>
<cards type="Pocket" player="Rakki">C9 C6</cards>
<action no="3" player="ChiamamiG" type="0" discard="1" dealt="1" sum="0"/>
<action no="4" player="Minn88" type="3" discard="1" dealt="1" sum="10"/>
<action no="5" player="Rakki" type="4" sum="0"/>
</round>
<round no="2"><cards type="Flop">S7 H5 D5</cards>
<action no="6" player="Minn88" type="5" discard="1" dealt="1" sum="60"/>
<action no="7" player="Rakki" type="3" sum="60"/>
</round>
<round no="3"><cards type="Turn">D7</cards>
<action no="8" player="Minn88" type="5" discard="1" dealt="1" sum="550"/>
<action no="9" player="Rakki" type="0" sum="0"/>
</round>
</game>
<game gamecode="6435465269"><general><startdate>2025-07-22 23:24:55</startdate>
<round>1</round>
<failsafecounter/>
<players><player seat="6" name="ChiamamiG" chips="400" dealer="0" win="150" bet="400" muck="1" rebuy="0" addon="0" merge="0" rebuychips="0" reg_code="5049117464"/>
<player seat="10" name="Minn88" chips="710" dealer="1" win="0" bet="65" muck="1" rebuy="0" addon="0" merge="0" rebuychips="0" reg_code="5049117506"/>
<player seat="3" name="Rakki" chips="390" dealer="0" win="0" bet="20" muck="1" rebuy="0" addon="0" merge="0" rebuychips="0" reg_code="5049117454"/>
</players>
</general>
<round no="0"><action no="1" player="Rakki" type="15" sum="5"/>
<action no="2" player="ChiamamiG" type="15" discard="1" dealt="1" sum="5"/>
<action no="3" player="Minn88" type="15" discard="1" dealt="1" sum="5"/>
<action no="4" player="Rakki" type="1" sum="15"/>
<action no="5" player="ChiamamiG" type="2" discard="1" dealt="1" sum="30"/>
</round>
<round no="1"><cards type="Pocket" player="Minn88">X X</cards>
<cards type="Pocket" player="ChiamamiG">X X</cards>
<cards type="Pocket" player="Rakki">C9 D5</cards>
<action no="6" player="Minn88" type="23" discard="1" dealt="1" sum="60"/>
<action no="7" player="Rakki" type="0" sum="0"/>
<action no="8" player="ChiamamiG" type="23" discard="1" dealt="1" sum="395"/>
<action no="9" player="Minn88" type="0" discard="1" dealt="1" sum="0"/>
</round>
</game>
<game gamecode="6435465298"><general><startdate>2025-07-22 23:25:11</startdate>
<round>1</round>
<failsafecounter/>
<players><player seat="10" name="Minn88" chips="645" dealer="0" win="165" bet="645" muck="1" rebuy="0" addon="0" merge="0" rebuychips="0" reg_code="5049117506"/>
<player seat="3" name="Rakki" chips="370" dealer="1" win="0" bet="5" muck="1" rebuy="0" addon="0" merge="0" rebuychips="0" reg_code="5049117454"/>
<player seat="6" name="ChiamamiG" chips="485" dealer="0" win="0" bet="80" muck="1" rebuy="0" addon="0" merge="0" rebuychips="0" reg_code="5049117464"/>
</players>
</general>
<round no="0"><action no="1" player="ChiamamiG" type="15" discard="1" dealt="1" sum="5"/>
<action no="2" player="Minn88" type="15" discard="1" dealt="1" sum="5"/>
<action no="3" player="Rakki" type="15" sum="5"/>
<action no="4" player="ChiamamiG" type="1" discard="1" dealt="1" sum="15"/>
<action no="5" player="Minn88" type="2" discard="1" dealt="1" sum="30"/>
</round>
<round no="1"><cards type="Pocket" player="ChiamamiG">X X</cards>
<cards type="Pocket" player="Minn88">X X</cards>
<cards type="Pocket" player="Rakki">C5 S8</cards>
<action no="6" player="Rakki" type="0" sum="0"/>
<action no="7" player="ChiamamiG" type="23" discard="1" dealt="1" sum="75"/>
<action no="8" player="Minn88" type="3" discard="1" dealt="1" sum="45"/>
</round>
<round no="2"><cards type="Flop">H10 C2 H5</cards>
<action no="9" player="ChiamamiG" type="4" discard="1" dealt="1" sum="0"/>
<action no="10" player="Minn88" type="5" discard="1" dealt="1" sum="565"/>
<action no="11" player="ChiamamiG" type="0" discard="1" dealt="1" sum="0"/>
</round>
</game>
<game gamecode="6435465353"><general><startdate>2025-07-22 23:25:41</startdate>
<round>1</round>
<failsafecounter/>
<players><player seat="3" name="Rakki" chips="365" dealer="0" win="195" bet="365" muck="1" rebuy="0" addon="0" merge="0" rebuychips="0" reg_code="5049117454"/>
<player seat="6" name="ChiamamiG" chips="405" dealer="1" win="0" bet="65" muck="1" rebuy="0" addon="0" merge="0" rebuychips="0" reg_code="5049117464"/>
<player seat="10" name="Minn88" chips="730" dealer="0" win="0" bet="65" muck="1" rebuy="0" addon="0" merge="0" rebuychips="0" reg_code="5049117506"/>
</players>
</general>
<round no="0"><action no="1" player="Minn88" type="15" discard="1" dealt="1" sum="5"/>
<action no="2" player="Rakki" type="15" sum="5"/>
<action no="3" player="ChiamamiG" type="15" discard="1" dealt="1" sum="5"/>
<action no="4" player="Minn88" type="1" discard="1" dealt="1" sum="15"/>
<action no="5" player="Rakki" type="2" sum="30"/>
</round>
<round no="1"><cards type="Pocket" player="ChiamamiG">X X</cards>
<cards type="Pocket" player="Minn88">X X</cards>
<cards type="Pocket" player="Rakki">S8 DA</cards>
<action no="6" player="ChiamamiG" type="23" discard="1" dealt="1" sum="60"/>
<action no="7" player="Minn88" type="3" discard="1" dealt="1" sum="45"/>
<action no="8" player="Rakki" type="23" sum="360"/>
<action no="9" player="ChiamamiG" type="0" discard="1" dealt="1" sum="0"/>
<action no="10" player="Minn88" type="0" discard="1" dealt="1" sum="0"/>
</round>
</game>
<game gamecode="6435465396"><general><startdate>2025-07-22 23:26:07</startdate>
<round>1</round>
<failsafecounter/>
<players><player seat="6" name="ChiamamiG" chips="340" dealer="0" win="700" bet="340" muck="0" rebuy="0" addon="0" merge="0" rebuychips="0" reg_code="5049117464"/>
<player seat="10" name="Minn88" chips="665" dealer="1" win="0" bet="340" muck="1" rebuy="0" addon="0" merge="0" rebuychips="0" reg_code="5049117506"/>
<player seat="3" name="Rakki" chips="495" dealer="0" win="0" bet="20" muck="1" rebuy="0" addon="0" merge="0" rebuychips="0" reg_code="5049117454"/>
</players>
</general>
<round no="0"><action no="1" player="Rakki" type="15" sum="5"/>
<action no="2" player="ChiamamiG" type="15" discard="1" dealt="1" sum="5"/>
<action no="3" player="Minn88" type="15" discard="1" dealt="1" sum="5"/>
<action no="4" player="Rakki" type="1" sum="15"/>
<action no="5" player="ChiamamiG" type="2" discard="1" dealt="1" sum="30"/>
</round>
<round no="1"><cards type="Pocket" player="Rakki">C7 H10</cards>
<cards type="Pocket" player="ChiamamiG">S5 D5</cards>
<cards type="Pocket" player="Minn88">HQ SJ</cards>
<action no="6" player="Minn88" type="23" discard="1" dealt="1" sum="60"/>
<action no="7" player="Rakki" type="0" sum="0"/>
<action no="8" player="ChiamamiG" type="23" discard="1" dealt="1" sum="335"/>
<action no="9" player="Minn88" type="3" discard="1" dealt="1" sum="275"/>
</round>
<round no="2"><cards type="Flop">C2 CK C10</cards>
</round>
<round no="3"><cards type="Turn">H3</cards>
</round>
<round no="4"><cards type="River">DK</cards>
</round>
</game>
<game gamecode="6435465451"><general><startdate>2025-07-22 23:26:40</startdate>
<round>1</round>
<failsafecounter/>
<players><player seat="10" name="Minn88" chips="325" dealer="0" win="0" bet="45" muck="1" rebuy="0" addon="0" merge="0" rebuychips="0" reg_code="5049117506"/>
<player seat="3" name="Rakki" chips="475" dealer="1" win="0" bet="5" muck="1" rebuy="0" addon="0" merge="0" rebuychips="0" reg_code="5049117454"/>
<player seat="6" name="ChiamamiG" chips="700" dealer="0" win="95" bet="700" muck="1" rebuy="0" addon="0" merge="0" rebuychips="0" reg_code="5049117464"/>
</players>
</general>
<round no="0"><action no="1" player="ChiamamiG" type="15" discard="1" dealt="1" sum="5"/>
<action no="2" player="Minn88" type="15" discard="1" dealt="1" sum="5"/>
<action no="3" player="Rakki" type="15" sum="5"/>
<action no="4" player="ChiamamiG" type="1" discard="1" dealt="1" sum="20"/>
<action no="5" player="Minn88" type="2" discard="1" dealt="1" sum="40"/>
</round>
<round no="1"><cards type="Pocket" player="Minn88">X X</cards>
<cards type="Pocket" player="ChiamamiG">X X</cards>
<cards type="Pocket" player="Rakki">H3 D7</cards>
<action no="6" player="Rakki" type="0" sum="0"/>
<action no="7" player="ChiamamiG" type="23" discard="1" dealt="1" sum="695"/>
<action no="8" player="Minn88" type="0" discard="1" dealt="1" sum="0"/>
</round>
</game>
<game gamecode="6435475141"><general><startdate>2025-07-22 23:27:02</startdate>
<round>1</round>
<failsafecounter/>
<players><player seat="3" name="Rakki" chips="470" dealer="0" win="95" bet="470" muck="1" rebuy="0" addon="0" merge="0" rebuychips="0" reg_code="5049117454"/>
<player seat="6" name="ChiamamiG" chips="750" dealer="1" win="0" bet="5" muck="1" rebuy="0" addon="0" merge="0" rebuychips="0" reg_code="5049117464"/>
<player seat="10" name="Minn88" chips="280" dealer="0" win="0" bet="45" muck="1" rebuy="0" addon="0" merge="0" rebuychips="0" reg_code="5049117506"/>
</players>
</general>
<round no="0"><action no="1" player="Minn88" type="15" discard="1" dealt="1" sum="5"/>
<action no="2" player="Rakki" type="15" sum="5"/>
<action no="3" player="ChiamamiG" type="15" discard="1" dealt="1" sum="5"/>
<action no="4" player="Minn88" type="1" discard="1" dealt="1" sum="20"/>
<action no="5" player="Rakki" type="2" sum="40"/>
</round>
<round no="1"><cards type="Pocket" player="Minn88">X X</cards>
<cards type="Pocket" player="ChiamamiG">X X</cards>
<cards type="Pocket" player="Rakki">C5 CA</cards>
<action no="6" player="ChiamamiG" type="0" discard="1" dealt="1" sum="0"/>
<action no="7" player="Minn88" type="3" discard="1" dealt="1" sum="20"/>
<action no="8" player="Rakki" type="23" sum="465"/>
<action no="9" player="Minn88" type="0" discard="1" dealt="1" sum="0"/>
</round>
</game>
<game gamecode="6435475184"><general><startdate>2025-07-22 23:27:30</startdate>
<round>1</round>
<failsafecounter/>
<players><player seat="6" name="ChiamamiG" chips="745" dealer="0" win="0" bet="445" muck="1" rebuy="0" addon="0" merge="0" rebuychips="0" reg_code="5049117464"/>
<player seat="10" name="Minn88" chips="235" dealer="1" win="495" bet="235" muck="0" rebuy="0" addon="0" merge="0" rebuychips="0" reg_code="5049117506"/>
<player seat="3" name="Rakki" chips="520" dealer="0" win="0" bet="25" muck="1" rebuy="0" addon="0" merge="0" rebuychips="0" reg_code="5049117454"/>
</players>
</general>
<round no="0"><action no="1" player="Rakki" type="15" sum="5"/>
<action no="2" player="ChiamamiG" type="15" discard="1" dealt="1" sum="5"/>
<action no="3" player="Minn88" type="15" discard="1" dealt="1" sum="5"/>
<action no="4" player="Rakki" type="1" sum="20"/>
<action no="5" player="ChiamamiG" type="2" discard="1" dealt="1" sum="40"/>
</round>
<round no="1"><cards type="Pocket" player="Minn88">S10 DA</cards>
<cards type="Pocket" player="Rakki">CJ D8</cards>
<cards type="Pocket" player="ChiamamiG">HK H7</cards>
<action no="6" player="Minn88" type="23" discard="1" dealt="1" sum="80"/>
<action no="7" player="Rakki" type="0" sum="0"/>
<action no="8" player="ChiamamiG" type="23" discard="1" dealt="1" sum="440"/>
<action no="9" player="Minn88" type="7" discard="1" dealt="1" sum="150"/>
</round>
<round no="2"><cards type="Flop">H10 C10 C4</cards>
</round>
<round no="3"><cards type="Turn">C2</cards>
</round>
<round no="4"><cards type="River">S9</cards>
</round>
</game>
<game gamecode="6435475225"><general><startdate>2025-07-22 23:28:00</startdate>
<round>1</round>
<failsafecounter/>
<players><player seat="10" name="Minn88" chips="495" dealer="0" win="55" bet="45" muck="1" rebuy="0" addon="0" merge="0" rebuychips="0" reg_code="5049117506"/>
<player seat="3" name="Rakki" chips="495" dealer="1" win="0" bet="5" muck="1" rebuy="0" addon="0" merge="0" rebuychips="0" reg_code="5049117454"/>
<player seat="6" name="ChiamamiG" chips="510" dealer="0" win="0" bet="25" muck="1" rebuy="0" addon="0" merge="0" rebuychips="0" reg_code="5049117464"/>
</players>
</general>
<round no="0"><action no="1" player="ChiamamiG" type="15" discard="1" dealt="1" sum="5"/>
<action no="2" player="Minn88" type="15" discard="1" dealt="1" sum="5"/>
<action no="3" player="Rakki" type="15" sum="5"/>
<action no="4" player="ChiamamiG" type="1" discard="1" dealt="1" sum="20"/>
<action no="5" player="Minn88" type="2" discard="1" dealt="1" sum="40"/>
</round>
<round no="1"><cards type="Pocket" player="Rakki">CJ S7</cards>
<cards type="Pocket" player="ChiamamiG">X X</cards>
<cards type="Pocket" player="Minn88">X X</cards>
<action no="6" player="Rakki" type="0" sum="0"/>
<action no="7" player="ChiamamiG" type="0" discard="1" dealt="1" sum="0"/>
</round>
</game>
<game gamecode="6435475262"><general><startdate>2025-07-22 23:28:24</startdate>
<round>1</round>
<failsafecounter/>
<players><player seat="3" name="Rakki" chips="490" dealer="0" win="0" bet="65" muck="1" rebuy="0" addon="0" merge="0" rebuychips="0" reg_code="5049117454"/>
<player seat="6" name="ChiamamiG" chips="485" dealer="1" win="0" bet="5" muck="1" rebuy="0" addon="0" merge="0" rebuychips="0" reg_code="5049117464"/>
<player seat="10" name="Minn88" chips="525" dealer="0" win="135" bet="525" muck="1" rebuy="0" addon="0" merge="0" rebuychips="0" reg_code="5049117506"/>
</players>
</general>
<round no="0"><action no="1" player="Minn88" type="15" discard="1" dealt="1" sum="5"/>
<action no="2" player="Rakki" type="15" sum="5"/>
<action no="3" player="ChiamamiG" type="15" discard="1" dealt="1" sum="5"/>
<action no="4" player="Minn88" type="1" discard="1" dealt="1" sum="30"/>
<action no="5" player="Rakki" type="2" sum="60"/>
</round>
<round no="1"><cards type="Pocket" player="ChiamamiG">X X</cards>
<cards type="Pocket" player="Minn88">X X</cards>
<cards type="Pocket" player="Rakki">H6 SJ</cards>
<action no="6" player="ChiamamiG" type="0" discard="1" dealt="1" sum="0"/>
<action no="7" player="Minn88" type="23" discard="1" dealt="1" sum="520"/>
<action no="8" player="Rakki" type="0" sum="0"/>
</round>
</game>
<game gamecode="6435475307"><general><startdate>2025-07-22 23:28:52</startdate>
<round>1</round>
<failsafecounter/>
<players><player seat="6" name="ChiamamiG" chips="480" dealer="0" win="995" bet="480" muck="0" rebuy="0" addon="0" merge="0" rebuychips="0" reg_code="5049117464"/>
<player seat="10" name="Minn88" chips="595" dealer="1" win="0" bet="595" muck="0" rebuy="0" addon="0" merge="0" rebuychips="0" reg_code="5049117506"/>
<player seat="3" name="Rakki" chips="425" dealer="0" win="0" bet="35" muck="1" rebuy="0" addon="0" merge="0" rebuychips="0" reg_code="5049117454"/>
</players>
</general>
<round no="0"><action no="1" player="Rakki" type="15" sum="5"/>
<action no="2" player="ChiamamiG" type="15" discard="1" dealt="1" sum="5"/>
<action no="3" player="Minn88" type="15" discard="1" dealt="1" sum="5"/>
<action no="4" player="Rakki" type="1" sum="30"/>
<action no="5" player="ChiamamiG" type="2" discard="1" dealt="1" sum="60"/>
</round>
<round no="1"><cards type="Pocket" player="ChiamamiG">DA S4</cards>
<cards type="Pocket" player="Rakki">C5 HJ</cards>
<cards type="Pocket" player="Minn88">S7 HK</cards>
<action no="6" player="Minn88" type="23" discard="1" dealt="1" sum="590"/>
<action no="7" player="Rakki" type="0" sum="0"/>
<action no="8" player="ChiamamiG" type="7" discard="1" dealt="1" sum="415"/>
</round>
<round no="2"><cards type="Flop">H3 D10 D5</cards>
</round>
<round no="3"><cards type="Turn">H10</cards>
</round>
<round no="4"><cards type="River">CA</cards>
</round>
</game>
<game gamecode="6435475350"><general><startdate>2025-07-22 23:29:22</startdate>
<round>1</round>
<failsafecounter/>
<players><player seat="10" name="Minn88" chips="115" dealer="0" win="0" bet="115" muck="0" rebuy="0" addon="0" merge="0" rebuychips="0" reg_code="5049117506"/>
<player seat="3" name="Rakki" chips="390" dealer="1" win="0" bet="5" muck="1" rebuy="0" addon="0" merge="0" rebuychips="0" reg_code="5049117454"/>
<player seat="6" name="ChiamamiG" chips="995" dealer="0" win="235" bet="425" muck="0" rebuy="0" addon="0" merge="0" rebuychips="0" reg_code="5049117464"/>
</players>
</general>
<round no="0"><action no="1" player="ChiamamiG" type="15" discard="1" dealt="1" sum="5"/>
<action no="2" player="Minn88" type="15" discard="1" dealt="1" sum="5"/>
<action no="3" player="Rakki" type="15" sum="5"/>
<action no="4" player="ChiamamiG" type="1" discard="1" dealt="1" sum="30"/>
<action no="5" player="Minn88" type="2" discard="1" dealt="1" sum="60"/>
</round>
<round no="1"><cards type="Pocket" player="ChiamamiG">H4 CA</cards>
<cards type="Pocket" player="Minn88">C5 DJ</cards>
<cards type="Pocket" player="Rakki">H5 HQ</cards>
<action no="6" player="Rakki" type="0" sum="0"/>
<action no="7" player="ChiamamiG" type="23" discard="1" dealt="1" sum="420"/>
<action no="8" player="Minn88" type="7" discard="1" dealt="1" sum="50"/>
</round>
<round no="2"><cards type="Flop">H10 S10 D7</cards>
</round>
<round no="3"><cards type="Turn">SA</cards>
</round>
<round no="4"><cards type="River">S9</cards>
</round>
</game>
<game gamecode="6435475386"><general><startdate>2025-07-22 23:29:44</startdate>
<round>1</round>
<failsafecounter/>
<players><player seat="3" name="Rakki" chips="385" dealer="0" win="770" bet="385" muck="0" rebuy="0" addon="0" merge="0" rebuychips="0" reg_code="5049117454"/>
<player seat="6" name="ChiamamiG" chips="1,115" dealer="1" win="0" bet="605" muck="1" rebuy="0" addon="0" merge="0" rebuychips="0" reg_code="5049117464"/>
</players>
</general>
<round no="0"><action no="1" player="ChiamamiG" type="15" discard="1" dealt="1" sum="5"/>
<action no="2" player="Rakki" type="15" sum="5"/>
<action no="3" player="ChiamamiG" type="1" discard="1" dealt="1" sum="30"/>
<action no="4" player="Rakki" type="2" sum="60"/>
</round>
<round no="1"><cards type="Pocket" player="ChiamamiG">SJ H5</cards>
<cards type="Pocket" player="Rakki">S10 S8</cards>
<action no="5" player="ChiamamiG" type="23" discard="1" dealt="1" sum="600"/>
<action no="6" player="Rakki" type="7" sum="320"/>
</round>
<round no="2"><cards type="Flop">C8 C2 D5</cards>
</round>
<round no="3"><cards type="Turn">C3</cards>
</round>
<round no="4"><cards type="River">S4</cards>
</round>
</game>
<game gamecode="6435475432"><general><startdate>2025-07-22 23:30:08</startdate>
<round>1</round>
<failsafecounter/>
<players><player seat="6" name="ChiamamiG" chips="730" dealer="0" win="176" bet="730" muck="1" rebuy="0" addon="0" merge="0" rebuychips="0" reg_code="5049117464"/>
<player seat="3" name="Rakki" chips="770" dealer="1" win="0" bet="88" muck="1" rebuy="0" addon="0" merge="0" rebuychips="0" reg_code="5049117454"/>
</players>
</general>
<round no="0"><action no="1" player="Rakki" type="15" sum="8"/>
<action no="2" player="ChiamamiG" type="15" discard="1" dealt="1" sum="8"/>
<action no="3" player="Rakki" type="1" sum="40"/>
<action no="4" player="ChiamamiG" type="2" discard="1" dealt="1" sum="80"/>
</round>
<round no="1"><cards type="Pocket" player="ChiamamiG">X X</cards>
<cards type="Pocket" player="Rakki">D6 H3</cards>
<action no="5" player="Rakki" type="3" sum="40"/>
<action no="6" player="ChiamamiG" type="23" discard="1" dealt="1" sum="722"/>
<action no="7" player="Rakki" type="0" sum="0"/>
</round>
</game>
<game gamecode="6435475472"><general><startdate>2025-07-22 23:30:27</startdate>
<round>1</round>
<failsafecounter/>
<players><player seat="3" name="Rakki" chips="682" dealer="0" win="0" bet="88" muck="1" rebuy="0" addon="0" merge="0" rebuychips="0" reg_code="5049117454"/>
<player seat="6" name="ChiamamiG" chips="818" dealer="1" win="176" bet="168" muck="1" rebuy="0" addon="0" merge="0" rebuychips="0" reg_code="5049117464"/>
</players>
</general>
<round no="0"><action no="1" player="ChiamamiG" type="15" discard="1" dealt="1" sum="8"/>
<action no="2" player="Rakki" type="15" sum="8"/>
<action no="3" player="ChiamamiG" type="1" discard="1" dealt="1" sum="40"/>
<action no="4" player="Rakki" type="2" sum="80"/>
</round>
<round no="1"><cards type="Pocket" player="ChiamamiG">X X</cards>
<cards type="Pocket" player="Rakki">CJ C4</cards>
<action no="5" player="ChiamamiG" type="3" discard="1" dealt="1" sum="40"/>
<action no="6" player="Rakki" type="4" sum="0"/>
</round>
<round no="2"><cards type="Flop">S8 D5 DQ</cards>
<action no="7" player="Rakki" type="4" sum="0"/>
<action no="8" player="ChiamamiG" type="5" discard="1" dealt="1" sum="80"/>
<action no="9" player="Rakki" type="0" sum="0"/>
</round>
</game>
<game gamecode="6435475520"><general><startdate>2025-07-22 23:30:56</startdate>
<round>1</round>
<failsafecounter/>
<players><player seat="6" name="ChiamamiG" chips="906" dealer="0" win="1,188" bet="594" muck="0" rebuy="0" addon="0" merge="0" rebuychips="0" reg_code="5049117464"/>
<player seat="3" name="Rakki" chips="594" dealer="1" win="0" bet="594" muck="0" rebuy="0" addon="0" merge="0" rebuychips="0" reg_code="5049117454"/>
</players>
</general>
<round no="0"><action no="1" player="Rakki" type="15" sum="8"/>
<action no="2" player="ChiamamiG" type="15" discard="1" dealt="1" sum="8"/>
<action no="3" player="Rakki" type="1" sum="40"/>
<action no="4" player="ChiamamiG" type="2" discard="1" dealt="1" sum="80"/>
</round>
<round no="1"><cards type="Pocket" player="ChiamamiG">HJ SK</cards>
<cards type="Pocket" player="Rakki">CK C6</cards>
<action no="5" player="Rakki" type="23" sum="586"/>
<action no="6" player="ChiamamiG" type="3" discard="1" dealt="1" sum="506"/>
</round>
<round no="2"><cards type="Flop">S7 H2 H9</cards>
</round>
<round no="3"><cards type="Turn">S8</cards>
</round>
<round no="4"><cards type="River">CJ</cards>
</round>
</game>
</session>
