<?xml version="1.0" encoding="UTF-8"?>
<session sessioncode="5049320480">
<general>
<client_version>25.1.1.16</client_version>
<mode>real</mode>
<gametype>Holdem NL</gametype>
<tablename>Twister €100 SNG, 814513111</tablename>
<tournamentcode>814513110</tournamentcode>
<tournamentname>Twister €100 SNG</tournamentname>
<buyin>€0 + €7 + €93</buyin>
<totalbuyin>€100</totalbuyin>
<rewarddrawn>€300</rewarddrawn>
<tournamentcurrency>EUR</tournamentcurrency>
<currency>EUR</currency>
<nickname>Rakki</nickname>
<gamecount>19</gamecount>
<startdate>2025-07-23 22:51:16</startdate>
<place>2</place>
<win>€0</win>
<tablesize>3</tablesize>
</general>
<game gamecode="6436294046"><general><startdate>2025-07-23 22:51:31</startdate>
<round>1</round>
<failsafecounter/>
<players><player seat="6" name="L1mltless" chips="500" dealer="0" win="0" bet="20" muck="1" rebuy="0" addon="0" merge="0" rebuychips="0" reg_code="5049320575"/>
<player seat="10" name="jackit462" chips="500" dealer="1" win="50" bet="60" muck="1" rebuy="0" addon="0" merge="0" rebuychips="0" reg_code="5049320715"/>
<player seat="3" name="Rakki" chips="500" dealer="0" win="0" bet="10" muck="1" rebuy="0" addon="0" merge="0" rebuychips="0" reg_code="5049320480"/>
</players>
</general>
<round no="0"><action no="1" player="Rakki" type="1" sum="10"/>
<action no="2" player="L1mltless" type="2" discard="1" dealt="1" sum="20"/>
</round>
<round no="1"><cards type="Pocket" player="L1mltless">X X</cards>
<cards type="Pocket" player="jackit462">X X</cards>
<cards type="Pocket" player="Rakki">H10 SK</cards>
<action no="3" player="jackit462" type="23" discard="1" dealt="1" sum="60"/>
<action no="4" player="Rakki" type="0" sum="0"/>
<action no="5" player="L1mltless" type="0" discard="1" dealt="1" sum="0"/>
</round>
</game>
<game gamecode="6436294077"><general><startdate>2025-07-23 22:51:50</startdate>
<round>1</round>
<failsafecounter/>
<players><player seat="10" name="jackit462" chips="530" dealer="0" win="0" bet="20" muck="1" rebuy="0" addon="0" merge="0" rebuychips="0" reg_code="5049320715"/>
<player seat="3" name="Rakki" chips="490" dealer="1" win="50" bet="40" muck="1" rebuy="0" addon="0" merge="0" rebuychips="0" reg_code="5049320480"/>
<player seat="6" name="L1mltless" chips="480" dealer="0" win="0" bet="10" muck="1" rebuy="0" addon="0" merge="0" rebuychips="0" reg_code="5049320575"/>
</players>
</general>
<round no="0"><action no="1" player="L1mltless" type="1" discard="1" dealt="1" sum="10"/>
<action no="2" player="jackit462" type="2" discard="1" dealt="1" sum="20"/>
</round>
<round no="1"><cards type="Pocket" player="Rakki">DA C8</cards>
<cards type="Pocket" player="jackit462">X X</cards>
<cards type="Pocket" player="L1mltless">X X</cards>
<action no="3" player="Rakki" type="23" sum="40"/>
<action no="4" player="L1mltless" type="0" discard="1" dealt="1" sum="0"/>
<action no="5" player="jackit462" type="0" discard="1" dealt="1" sum="0"/>
</round>
</game>
<game gamecode="6436294097"><general><startdate>2025-07-23 22:52:01</startdate>
<round>1</round>
<failsafecounter/>
<players><player seat="3" name="Rakki" chips="520" dealer="0" win="120" bet="520" muck="1" rebuy="0" addon="0" merge="0" rebuychips="0" reg_code="5049320480"/>
<player seat="6" name="L1mltless" chips="470" dealer="1" win="0" bet="40" muck="1" rebuy="0" addon="0" merge="0" rebuychips="0" reg_code="5049320575"/>
<player seat="10" name="jackit462" chips="510" dealer="0" win="0" bet="40" muck="1" rebuy="0" addon="0" merge="0" rebuychips="0" reg_code="5049320715"/>
</players>
</general>
<round no="0"><action no="1" player="jackit462" type="1" discard="1" dealt="1" sum="10"/>
<action no="2" player="Rakki" type="2" sum="20"/>
</round>
<round no="1"><cards type="Pocket" player="L1mltless">X X</cards>
<cards type="Pocket" player="jackit462">X X</cards>
<cards type="Pocket" player="Rakki">CJ CA</cards>
<action no="3" player="L1mltless" type="23" discard="1" dealt="1" sum="40"/>
<action no="4" player="jackit462" type="3" discard="1" dealt="1" sum="30"/>
<action no="5" player="Rakki" type="23" sum="520"/>
<action no="6" player="L1mltless" type="0" discard="1" dealt="1" sum="0"/>
<action no="7" player="jackit462" type="0" discard="1" dealt="1" sum="0"/>
</round>
</game>
<game gamecode="6436294125"><general><startdate>2025-07-23 22:52:18</startdate>
<round>1</round>
<failsafecounter/>
<players><player seat="6" name="L1mltless" chips="430" dealer="0" win="210" bet="430" muck="1" rebuy="0" addon="0" merge="0" rebuychips="0" reg_code="5049320575"/>
<player seat="10" name="jackit462" chips="470" dealer="1" win="0" bet="100" muck="1" rebuy="0" addon="0" merge="0" rebuychips="0" reg_code="5049320715"/>
<player seat="3" name="Rakki" chips="600" dealer="0" win="0" bet="10" muck="1" rebuy="0" addon="0" merge="0" rebuychips="0" reg_code="5049320480"/>
</players>
</general>
<round no="0"><action no="1" player="Rakki" type="1" sum="10"/>
<action no="2" player="L1mltless" type="2" discard="1" dealt="1" sum="20"/>
</round>
<round no="1"><cards type="Pocket" player="L1mltless">X X</cards>
<cards type="Pocket" player="Rakki">C4 S10</cards>
<cards type="Pocket" player="jackit462">X X</cards>
<action no="3" player="jackit462" type="3" discard="1" dealt="1" sum="20"/>
<action no="4" player="Rakki" type="0" sum="0"/>
<action no="5" player="L1mltless" type="23" discard="1" dealt="1" sum="100"/>
<action no="6" player="jackit462" type="3" discard="1" dealt="1" sum="80"/>
</round>
<round no="2"><cards type="Flop">S5 H4 S7</cards>
<action no="7" player="L1mltless" type="5" discard="1" dealt="1" sum="330"/>
<action no="8" player="jackit462" type="0" discard="1" dealt="1" sum="0"/>
</round>
</game>
<game gamecode="6436294160"><general><startdate>2025-07-23 22:52:38</startdate>
<round>1</round>
<failsafecounter/>
<players><player seat="10" name="jackit462" chips="370" dealer="0" win="750" bet="370" muck="0" rebuy="0" addon="0" merge="0" rebuychips="0" reg_code="5049320715"/>
<player seat="3" name="Rakki" chips="590" dealer="1" win="0" bet="370" muck="1" rebuy="0" addon="0" merge="0" rebuychips="0" reg_code="5049320480"/>
<player seat="6" name="L1mltless" chips="540" dealer="0" win="0" bet="10" muck="1" rebuy="0" addon="0" merge="0" rebuychips="0" reg_code="5049320575"/>
</players>
</general>
<round no="0"><action no="1" player="L1mltless" type="1" discard="1" dealt="1" sum="10"/>
<action no="2" player="jackit462" type="2" discard="1" dealt="1" sum="20"/>
</round>
<round no="1"><cards type="Pocket" player="L1mltless">X X</cards>
<cards type="Pocket" player="jackit462">C2 DJ</cards>
<cards type="Pocket" player="Rakki">S4 HA</cards>
<action no="3" player="Rakki" type="23" sum="40"/>
<action no="4" player="L1mltless" type="0" discard="1" dealt="1" sum="0"/>
<action no="5" player="jackit462" type="3" discard="1" dealt="1" sum="20"/>
</round>
<round no="2"><cards type="Flop">D9 H2 SA</cards>
<action no="6" player="jackit462" type="5" discard="1" dealt="1" sum="40"/>
<action no="7" player="Rakki" type="3" sum="40"/>
</round>
<round no="3"><cards type="Turn">SJ</cards>
<action no="8" player="jackit462" type="5" discard="1" dealt="1" sum="290"/>
<action no="9" player="Rakki" type="3" sum="290"/>
</round>
<round no="4"><cards type="River">S7</cards>
</round>
</game>
<game gamecode="6436294206"><general><startdate>2025-07-23 22:53:01</startdate>
<round>1</round>
<failsafecounter/>
<players><player seat="3" name="Rakki" chips="220" dealer="0" win="0" bet="40" muck="1" rebuy="0" addon="0" merge="0" rebuychips="0" reg_code="5049320480"/>
<player seat="6" name="L1mltless" chips="530" dealer="1" win="120" bet="80" muck="1" rebuy="0" addon="0" merge="0" rebuychips="0" reg_code="5049320575"/>
<player seat="10" name="jackit462" chips="750" dealer="0" win="0" bet="40" muck="1" rebuy="0" addon="0" merge="0" rebuychips="0" reg_code="5049320715"/>
</players>
</general>
<round no="0"><action no="1" player="jackit462" type="1" discard="1" dealt="1" sum="10"/>
<action no="2" player="Rakki" type="2" sum="20"/>
</round>
<round no="1"><cards type="Pocket" player="Rakki">H6 H5</cards>
<cards type="Pocket" player="L1mltless">X X</cards>
<cards type="Pocket" player="jackit462">X X</cards>
<action no="3" player="L1mltless" type="23" discard="1" dealt="1" sum="40"/>
<action no="4" player="jackit462" type="3" discard="1" dealt="1" sum="30"/>
<action no="5" player="Rakki" type="3" sum="20"/>
</round>
<round no="2"><cards type="Flop">D4 C4 HQ</cards>
<action no="6" player="jackit462" type="4" discard="1" dealt="1" sum="0"/>
<action no="7" player="Rakki" type="4" sum="0"/>
<action no="8" player="L1mltless" type="5" discard="1" dealt="1" sum="40"/>
<action no="9" player="jackit462" type="0" discard="1" dealt="1" sum="0"/>
<action no="10" player="Rakki" type="0" sum="0"/>
</round>
</game>
<game gamecode="6436294245"><general><startdate>2025-07-23 22:53:25</startdate>
<round>1</round>
<failsafecounter/>
<players><player seat="6" name="L1mltless" chips="610" dealer="0" win="0" bet="180" muck="1" rebuy="0" addon="0" merge="0" rebuychips="0" reg_code="5049320575"/>
<player seat="10" name="jackit462" chips="710" dealer="1" win="0" bet="95" muck="1" rebuy="0" addon="0" merge="0" rebuychips="0" reg_code="5049320715"/>
<player seat="3" name="Rakki" chips="180" dealer="0" win="455" bet="180" muck="0" rebuy="0" addon="0" merge="0" rebuychips="0" reg_code="5049320480"/>
</players>
</general>
<round no="0"><action no="1" player="Rakki" type="15" sum="5"/>
<action no="2" player="L1mltless" type="15" discard="1" dealt="1" sum="5"/>
<action no="3" player="jackit462" type="15" discard="1" dealt="1" sum="5"/>
<action no="4" player="Rakki" type="1" sum="15"/>
<action no="5" player="L1mltless" type="2" discard="1" dealt="1" sum="30"/>
</round>
<round no="1"><cards type="Pocket" player="jackit462">X X</cards>
<cards type="Pocket" player="Rakki">S4 S10</cards>
<cards type="Pocket" player="L1mltless">S2 S7</cards>
<action no="6" player="jackit462" type="3" discard="1" dealt="1" sum="30"/>
<action no="7" player="Rakki" type="3" sum="15"/>
<action no="8" player="L1mltless" type="4" discard="1" dealt="1" sum="0"/>
</round>
<round no="2"><cards type="Flop">S5 SQ S8</cards>
<action no="9" player="Rakki" type="4" sum="0"/>
<action no="10" player="L1mltless" type="4" discard="1" dealt="1" sum="0"/>
<action no="11" player="jackit462" type="5" discard="1" dealt="1" sum="60"/>
<action no="12" player="Rakki" type="23" sum="145"/>
<action no="13" player="L1mltless" type="3" discard="1" dealt="1" sum="145"/>
<action no="14" player="jackit462" type="0" discard="1" dealt="1" sum="0"/>
</round>
<round no="3"><cards type="Turn">H5</cards>
</round>
<round no="4"><cards type="River">DA</cards>
</round>
</game>
<game gamecode="6436294294"><general><startdate>2025-07-23 22:53:53</startdate>
<round>1</round>
<failsafecounter/>
<players><player seat="10" name="jackit462" chips="615" dealer="0" win="45" bet="35" muck="1" rebuy="0" addon="0" merge="0" rebuychips="0" reg_code="5049320715"/>
<player seat="3" name="Rakki" chips="455" dealer="1" win="0" bet="5" muck="1" rebuy="0" addon="0" merge="0" rebuychips="0" reg_code="5049320480"/>
<player seat="6" name="L1mltless" chips="430" dealer="0" win="0" bet="20" muck="1" rebuy="0" addon="0" merge="0" rebuychips="0" reg_code="5049320575"/>
</players>
</general>
<round no="0"><action no="1" player="L1mltless" type="15" discard="1" dealt="1" sum="5"/>
<action no="2" player="jackit462" type="15" discard="1" dealt="1" sum="5"/>
<action no="3" player="Rakki" type="15" sum="5"/>
<action no="4" player="L1mltless" type="1" discard="1" dealt="1" sum="15"/>
<action no="5" player="jackit462" type="2" discard="1" dealt="1" sum="30"/>
</round>
<round no="1"><cards type="Pocket" player="L1mltless">X X</cards>
<cards type="Pocket" player="Rakki">DJ H6</cards>
<cards type="Pocket" player="jackit462">X X</cards>
<action no="6" player="Rakki" type="0" sum="0"/>
<action no="7" player="L1mltless" type="0" discard="1" dealt="1" sum="0"/>
</round>
</game>
<game gamecode="6436294306"><general><startdate>2025-07-23 22:54:01</startdate>
<round>1</round>
<failsafecounter/>
<players><player seat="3" name="Rakki" chips="450" dealer="0" win="75" bet="65" muck="1" rebuy="0" addon="0" merge="0" rebuychips="0" reg_code="5049320480"/>
<player seat="6" name="L1mltless" chips="410" dealer="1" win="0" bet="5" muck="1" rebuy="0" addon="0" merge="0" rebuychips="0" reg_code="5049320575"/>
<player seat="10" name="jackit462" chips="640" dealer="0" win="0" bet="35" muck="1" rebuy="0" addon="0" merge="0" rebuychips="0" reg_code="5049320715"/>
</players>
</general>
<round no="0"><action no="1" player="jackit462" type="15" discard="1" dealt="1" sum="5"/>
<action no="2" player="Rakki" type="15" sum="5"/>
<action no="3" player="L1mltless" type="15" discard="1" dealt="1" sum="5"/>
<action no="4" player="jackit462" type="1" discard="1" dealt="1" sum="15"/>
<action no="5" player="Rakki" type="2" sum="30"/>
</round>
<round no="1"><cards type="Pocket" player="Rakki">C7 HJ</cards>
<cards type="Pocket" player="L1mltless">X X</cards>
<cards type="Pocket" player="jackit462">X X</cards>
<action no="6" player="L1mltless" type="0" discard="1" dealt="1" sum="0"/>
<action no="7" player="jackit462" type="3" discard="1" dealt="1" sum="15"/>
<action no="8" player="Rakki" type="4" sum="0"/>
</round>
<round no="2"><cards type="Flop">HQ CJ H2</cards>
<action no="9" player="jackit462" type="4" discard="1" dealt="1" sum="0"/>
<action no="10" player="Rakki" type="4" sum="0"/>
</round>
<round no="3"><cards type="Turn">D2</cards>
<action no="11" player="jackit462" type="4" discard="1" dealt="1" sum="0"/>
<action no="12" player="Rakki" type="5" sum="30"/>
<action no="13" player="jackit462" type="0" discard="1" dealt="1" sum="0"/>
</round>
</game>
<game gamecode="6436294344"><general><startdate>2025-07-23 22:54:24</startdate>
<round>1</round>
<failsafecounter/>
<players><player seat="6" name="L1mltless" chips="405" dealer="0" win="90" bet="405" muck="1" rebuy="0" addon="0" merge="0" rebuychips="0" reg_code="5049320575"/>
<player seat="10" name="jackit462" chips="605" dealer="1" win="0" bet="35" muck="1" rebuy="0" addon="0" merge="0" rebuychips="0" reg_code="5049320715"/>
<player seat="3" name="Rakki" chips="490" dealer="0" win="0" bet="20" muck="1" rebuy="0" addon="0" merge="0" rebuychips="0" reg_code="5049320480"/>
</players>
</general>
<round no="0"><action no="1" player="Rakki" type="15" sum="5"/>
<action no="2" player="L1mltless" type="15" discard="1" dealt="1" sum="5"/>
<action no="3" player="jackit462" type="15" discard="1" dealt="1" sum="5"/>
<action no="4" player="Rakki" type="1" sum="15"/>
<action no="5" player="L1mltless" type="2" discard="1" dealt="1" sum="30"/>
</round>
<round no="1"><cards type="Pocket" player="jackit462">X X</cards>
<cards type="Pocket" player="Rakki">S7 H4</cards>
<cards type="Pocket" player="L1mltless">X X</cards>
<action no="6" player="jackit462" type="3" discard="1" dealt="1" sum="30"/>
<action no="7" player="Rakki" type="0" sum="0"/>
<action no="8" player="L1mltless" type="23" discard="1" dealt="1" sum="400"/>
<action no="9" player="jackit462" type="0" discard="1" dealt="1" sum="0"/>
</round>
</game>
<game gamecode="6436294359"><general><startdate>2025-07-23 22:54:36</startdate>
<round>1</round>
<failsafecounter/>
<players><player seat="10" name="jackit462" chips="570" dealer="0" win="0" bet="35" muck="1" rebuy="0" addon="0" merge="0" rebuychips="0" reg_code="5049320715"/>
<player seat="3" name="Rakki" chips="470" dealer="1" win="0" bet="470" muck="0" rebuy="0" addon="0" merge="0" rebuychips="0" reg_code="5049320480"/>
<player seat="6" name="L1mltless" chips="460" dealer="0" win="955" bet="460" muck="0" rebuy="0" addon="0" merge="0" rebuychips="0" reg_code="5049320575"/>
</players>
</general>
<round no="0"><action no="1" player="L1mltless" type="15" discard="1" dealt="1" sum="5"/>
<action no="2" player="jackit462" type="15" discard="1" dealt="1" sum="5"/>
<action no="3" player="Rakki" type="15" sum="5"/>
<action no="4" player="L1mltless" type="1" discard="1" dealt="1" sum="15"/>
<action no="5" player="jackit462" type="2" discard="1" dealt="1" sum="30"/>
</round>
<round no="1"><cards type="Pocket" player="jackit462">X X</cards>
<cards type="Pocket" player="Rakki">DA S4</cards>
<cards type="Pocket" player="L1mltless">CK DQ</cards>
<action no="6" player="Rakki" type="23" sum="465"/>
<action no="7" player="L1mltless" type="7" discard="1" dealt="1" sum="440"/>
<action no="8" player="jackit462" type="0" discard="1" dealt="1" sum="0"/>
</round>
<round no="2"><cards type="Flop">HQ SJ S7</cards>
</round>
<round no="3"><cards type="Turn">H9</cards>
</round>
<round no="4"><cards type="River">S5</cards>
</round>
</game>
<game gamecode="6436305874"><general><startdate>2025-07-23 22:55:00</startdate>
<round>1</round>
<failsafecounter/>
<players><player seat="3" name="Rakki" chips="10" dealer="0" win="30" bet="10" muck="0" rebuy="0" addon="0" merge="0" rebuychips="0" reg_code="5049320480"/>
<player seat="6" name="L1mltless" chips="955" dealer="1" win="0" bet="45" muck="1" rebuy="0" addon="0" merge="0" rebuychips="0" reg_code="5049320575"/>
<player seat="10" name="jackit462" chips="535" dealer="0" win="70" bet="85" muck="0" rebuy="0" addon="0" merge="0" rebuychips="0" reg_code="5049320715"/>
</players>
</general>
<round no="0"><action no="1" player="jackit462" type="15" discard="1" dealt="1" sum="5"/>
<action no="2" player="Rakki" type="15" sum="5"/>
<action no="3" player="L1mltless" type="15" discard="1" dealt="1" sum="5"/>
<action no="4" player="jackit462" type="1" discard="1" dealt="1" sum="20"/>
<action no="5" player="Rakki" type="2" sum="5"/>
</round>
<round no="1"><cards type="Pocket" player="Rakki">SA S4</cards>
<cards type="Pocket" player="L1mltless">X X</cards>
<cards type="Pocket" player="jackit462">D8 C9</cards>
<action no="6" player="L1mltless" type="3" discard="1" dealt="1" sum="40"/>
<action no="7" player="jackit462" type="3" discard="1" dealt="1" sum="20"/>
</round>
<round no="2"><cards type="Flop">S5 S7 H2</cards>
<action no="8" player="jackit462" type="5" discard="1" dealt="1" sum="40"/>
<action no="9" player="L1mltless" type="0" discard="1" dealt="1" sum="0"/>
</round>
<round no="3"><cards type="Turn">HQ</cards>
</round>
<round no="4"><cards type="River">HJ</cards>
</round>
</game>
<game gamecode="6436305904"><general><startdate>2025-07-23 22:55:18</startdate>
<round>1</round>
<failsafecounter/>
<players><player seat="6" name="L1mltless" chips="910" dealer="0" win="0" bet="45" muck="1" rebuy="0" addon="0" merge="0" rebuychips="0" reg_code="5049320575"/>
<player seat="10" name="jackit462" chips="560" dealer="1" win="30" bet="560" muck="0" rebuy="0" addon="0" merge="0" rebuychips="0" reg_code="5049320715"/>
<player seat="3" name="Rakki" chips="30" dealer="0" win="90" bet="30" muck="0" rebuy="0" addon="0" merge="0" rebuychips="0" reg_code="5049320480"/>
</players>
</general>
<round no="0"><action no="1" player="Rakki" type="15" sum="5"/>
<action no="2" player="L1mltless" type="15" discard="1" dealt="1" sum="5"/>
<action no="3" player="jackit462" type="15" discard="1" dealt="1" sum="5"/>
<action no="4" player="Rakki" type="1" sum="20"/>
<action no="5" player="L1mltless" type="2" discard="1" dealt="1" sum="40"/>
</round>
<round no="1"><cards type="Pocket" player="jackit462">C6 H6</cards>
<cards type="Pocket" player="Rakki">S6 HA</cards>
<cards type="Pocket" player="L1mltless">X X</cards>
<action no="6" player="jackit462" type="23" discard="1" dealt="1" sum="555"/>
<action no="7" player="Rakki" type="7" sum="5"/>
<action no="8" player="L1mltless" type="0" discard="1" dealt="1" sum="0"/>
</round>
<round no="2"><cards type="Flop">D5 CA D10</cards>
</round>
<round no="3"><cards type="Turn">S4</cards>
</round>
<round no="4"><cards type="River">C10</cards>
</round>
</game>
<game gamecode="6436305932"><general><startdate>2025-07-23 22:55:36</startdate>
<round>1</round>
<failsafecounter/>
<players><player seat="10" name="jackit462" chips="545" dealer="0" win="0" bet="45" muck="1" rebuy="0" addon="0" merge="0" rebuychips="0" reg_code="5049320715"/>
<player seat="3" name="Rakki" chips="90" dealer="1" win="115" bet="90" muck="1" rebuy="0" addon="0" merge="0" rebuychips="0" reg_code="5049320480"/>
<player seat="6" name="L1mltless" chips="865" dealer="0" win="0" bet="25" muck="1" rebuy="0" addon="0" merge="0" rebuychips="0" reg_code="5049320575"/>
</players>
</general>
<round no="0"><action no="1" player="L1mltless" type="15" discard="1" dealt="1" sum="5"/>
<action no="2" player="jackit462" type="15" discard="1" dealt="1" sum="5"/>
<action no="3" player="Rakki" type="15" sum="5"/>
<action no="4" player="L1mltless" type="1" discard="1" dealt="1" sum="20"/>
<action no="5" player="jackit462" type="2" discard="1" dealt="1" sum="40"/>
</round>
<round no="1"><cards type="Pocket" player="L1mltless">X X</cards>
<cards type="Pocket" player="jackit462">X X</cards>
<cards type="Pocket" player="Rakki">H6 H9</cards>
<action no="6" player="Rakki" type="23" sum="85"/>
<action no="7" player="L1mltless" type="0" discard="1" dealt="1" sum="0"/>
<action no="8" player="jackit462" type="0" discard="1" dealt="1" sum="0"/>
</round>
</game>
<game gamecode="6436305947"><general><startdate>2025-07-23 22:55:45</startdate>
<round>1</round>
<failsafecounter/>
<players><player seat="3" name="Rakki" chips="160" dealer="0" win="345" bet="160" muck="0" rebuy="0" addon="0" merge="0" rebuychips="0" reg_code="5049320480"/>
<player seat="6" name="L1mltless" chips="840" dealer="1" win="0" bet="840" muck="1" rebuy="0" addon="0" merge="0" rebuychips="0" reg_code="5049320575"/>
<player seat="10" name="jackit462" chips="500" dealer="0" win="0" bet="25" muck="1" rebuy="0" addon="0" merge="0" rebuychips="0" reg_code="5049320715"/>
</players>
</general>
<round no="0"><action no="1" player="jackit462" type="15" discard="1" dealt="1" sum="5"/>
<action no="2" player="Rakki" type="15" sum="5"/>
<action no="3" player="L1mltless" type="15" discard="1" dealt="1" sum="5"/>
<action no="4" player="jackit462" type="1" discard="1" dealt="1" sum="20"/>
<action no="5" player="Rakki" type="2" sum="40"/>
</round>
<round no="1"><cards type="Pocket" player="Rakki">HJ D7</cards>
<cards type="Pocket" player="L1mltless">H10 CK</cards>
<cards type="Pocket" player="jackit462">X X</cards>
<action no="6" player="L1mltless" type="23" discard="1" dealt="1" sum="835"/>
<action no="7" player="jackit462" type="0" discard="1" dealt="1" sum="0"/>
<action no="8" player="Rakki" type="7" sum="115"/>
</round>
<round no="2"><cards type="Flop">H7 DQ DJ</cards>
</round>
<round no="3"><cards type="Turn">HQ</cards>
</round>
<round no="4"><cards type="River">D5</cards>
</round>
</game>
<game gamecode="6436305977"><general><startdate>2025-07-23 22:56:04</startdate>
<round>1</round>
<failsafecounter/>
<players><player seat="6" name="L1mltless" chips="680" dealer="0" win="975" bet="475" muck="0" rebuy="0" addon="0" merge="0" rebuychips="0" reg_code="5049320575"/>
<player seat="10" name="jackit462" chips="475" dealer="1" win="0" bet="475" muck="0" rebuy="0" addon="0" merge="0" rebuychips="0" reg_code="5049320715"/>
<player seat="3" name="Rakki" chips="345" dealer="0" win="0" bet="25" muck="1" rebuy="0" addon="0" merge="0" rebuychips="0" reg_code="5049320480"/>
</players>
</general>
<round no="0"><action no="1" player="Rakki" type="15" sum="5"/>
<action no="2" player="L1mltless" type="15" discard="1" dealt="1" sum="5"/>
<action no="3" player="jackit462" type="15" discard="1" dealt="1" sum="5"/>
<action no="4" player="Rakki" type="1" sum="20"/>
<action no="5" player="L1mltless" type="2" discard="1" dealt="1" sum="40"/>
</round>
<round no="1"><cards type="Pocket" player="L1mltless">DQ HQ</cards>
<cards type="Pocket" player="jackit462">H7 SQ</cards>
<cards type="Pocket" player="Rakki">S7 D2</cards>
<action no="6" player="jackit462" type="23" discard="1" dealt="1" sum="470"/>
<action no="7" player="Rakki" type="0" sum="0"/>
<action no="8" player="L1mltless" type="3" discard="1" dealt="1" sum="430"/>
</round>
<round no="2"><cards type="Flop">D7 C5 S2</cards>
</round>
<round no="3"><cards type="Turn">HJ</cards>
</round>
<round no="4"><cards type="River">H4</cards>
</round>
</game>
<game gamecode="6436306012"><general><startdate>2025-07-23 22:56:21</startdate>
<round>1</round>
<failsafecounter/>
<players><player seat="6" name="L1mltless" chips="1,180" dealer="0" win="50" bet="45" muck="1" rebuy="0" addon="0" merge="0" rebuychips="0" reg_code="5049320575"/>
<player seat="3" name="Rakki" chips="320" dealer="1" win="0" bet="25" muck="1" rebuy="0" addon="0" merge="0" rebuychips="0" reg_code="5049320480"/>
</players>
</general>
<round no="0"><action no="1" player="Rakki" type="15" sum="5"/>
<action no="2" player="L1mltless" type="15" discard="1" dealt="1" sum="5"/>
<action no="3" player="Rakki" type="1" sum="20"/>
<action no="4" player="L1mltless" type="2" discard="1" dealt="1" sum="40"/>
</round>
<round no="1"><cards type="Pocket" player="Rakki">C7 S3</cards>
<cards type="Pocket" player="L1mltless">X X</cards>
<action no="5" player="Rakki" type="0" sum="0"/>
</round>
</game>
<game gamecode="6436306020"><general><startdate>2025-07-23 22:56:26</startdate>
<round>1</round>
<failsafecounter/>
<players><player seat="3" name="Rakki" chips="295" dealer="0" win="590" bet="295" muck="0" rebuy="0" addon="0" merge="0" rebuychips="0" reg_code="5049320480"/>
<player seat="6" name="L1mltless" chips="1,205" dealer="1" win="0" bet="1,205" muck="1" rebuy="0" addon="0" merge="0" rebuychips="0" reg_code="5049320575"/>
</players>
</general>
<round no="0"><action no="1" player="L1mltless" type="15" discard="1" dealt="1" sum="5"/>
<action no="2" player="Rakki" type="15" sum="5"/>
<action no="3" player="L1mltless" type="1" discard="1" dealt="1" sum="20"/>
<action no="4" player="Rakki" type="2" sum="40"/>
</round>
<round no="1"><cards type="Pocket" player="Rakki">SA DJ</cards>
<cards type="Pocket" player="L1mltless">H9 DK</cards>
<action no="5" player="L1mltless" type="23" discard="1" dealt="1" sum="1,200"/>
<action no="6" player="Rakki" type="7" sum="250"/>
</round>
<round no="2"><cards type="Flop">CQ DA D3</cards>
</round>
<round no="3"><cards type="Turn">H10</cards>
</round>
<round no="4"><cards type="River">C2</cards>
</round>
</game>
<game gamecode="6436306050"><general><startdate>2025-07-23 22:56:41</startdate>
<round>1</round>
<failsafecounter/>
<players><player seat="6" name="L1mltless" chips="910" dealer="0" win="1,180" bet="590" muck="0" rebuy="0" addon="0" merge="0" rebuychips="0" reg_code="5049320575"/>
<player seat="3" name="Rakki" chips="590" dealer="1" win="0" bet="590" muck="0" rebuy="0" addon="0" merge="0" rebuychips="0" reg_code="5049320480"/>
</players>
</general>
<round no="0"><action no="1" player="Rakki" type="15" sum="5"/>
<action no="2" player="L1mltless" type="15" discard="1" dealt="1" sum="5"/>
<action no="3" player="Rakki" type="1" sum="30"/>
<action no="4" player="L1mltless" type="2" discard="1" dealt="1" sum="60"/>
</round>
<round no="1"><cards type="Pocket" player="L1mltless">CK C6</cards>
<cards type="Pocket" player="Rakki">SA H8</cards>
<action no="5" player="Rakki" type="23" sum="585"/>
<action no="6" player="L1mltless" type="3" discard="1" dealt="1" sum="525"/>
</round>
<round no="2"><cards type="Flop">D6 C10 C4</cards>
</round>
<round no="3"><cards type="Turn">HQ</cards>
</round>
<round no="4"><cards type="River">CJ</cards>
</round>
</game>
</session>
