<?xml version="1.0" encoding="UTF-8"?>
<session sessioncode="5049686962">
<general>
<client_version>25.1.1.16</client_version>
<mode>real</mode>
<gametype>Holdem NL</gametype>
<tablename>Twister €100 SNG, 814620096</tablename>
<tournamentcode>814620095</tournamentcode>
<tournamentname>Twister €100 SNG</tournamentname>
<buyin>€0 + €7 + €93</buyin>
<totalbuyin>€100</totalbuyin>
<rewarddrawn>€400</rewarddrawn>
<tournamentcurrency>EUR</tournamentcurrency>
<currency>EUR</currency>
<nickname>Rakki</nickname>
<gamecount>20</gamecount>
<startdate>2025-07-25 21:35:59</startdate>
<place>2</place>
<win>€0</win>
<tablesize>3</tablesize>
</general>
<game gamecode="6437742073"><general><startdate>2025-07-25 21:36:14</startdate>
<round>1</round>
<failsafecounter/>
<players><player seat="10" name="Rakki" chips="500" dealer="0" win="0" bet="20" muck="1" rebuy="0" addon="0" merge="0" rebuychips="0" reg_code="5049686962"/>
<player seat="3" name="iICapo9" chips="500" dealer="1" win="100" bet="90" muck="1" rebuy="0" addon="0" merge="0" rebuychips="0" reg_code="5049684905"/>
<player seat="6" name="Vvbhhhjj" chips="500" dealer="0" win="0" bet="40" muck="1" rebuy="0" addon="0" merge="0" rebuychips="0" reg_code="5049685454"/>
</players>
</general>
<round no="0"><action no="1" player="Vvbhhhjj" type="1" discard="1" dealt="1" sum="10"/>
<action no="2" player="Rakki" type="2" sum="20"/>
</round>
<round no="1"><cards type="Pocket" player="Vvbhhhjj">X X</cards>
<cards type="Pocket" player="iICapo9">X X</cards>
<cards type="Pocket" player="Rakki">D6 C10</cards>
<action no="3" player="iICapo9" type="23" discard="1" dealt="1" sum="40"/>
<action no="4" player="Vvbhhhjj" type="3" discard="1" dealt="1" sum="30"/>
<action no="5" player="Rakki" type="0" sum="0"/>
</round>
<round no="2"><cards type="Flop">H4 CK DA</cards>
<action no="6" player="Vvbhhhjj" type="4" discard="1" dealt="1" sum="0"/>
<action no="7" player="iICapo9" type="5" discard="1" dealt="1" sum="50"/>
<action no="8" player="Vvbhhhjj" type="0" discard="1" dealt="1" sum="0"/>
</round>
</game>
<game gamecode="6437742120"><general><startdate>2025-07-25 21:36:45</startdate>
<round>1</round>
<failsafecounter/>
<players><player seat="3" name="iICapo9" chips="560" dealer="0" win="0" bet="60" muck="1" rebuy="0" addon="0" merge="0" rebuychips="0" reg_code="5049684905"/>
<player seat="6" name="Vvbhhhjj" chips="460" dealer="1" win="130" bet="160" muck="1" rebuy="0" addon="0" merge="0" rebuychips="0" reg_code="5049685454"/>
<player seat="10" name="Rakki" chips="480" dealer="0" win="0" bet="10" muck="1" rebuy="0" addon="0" merge="0" rebuychips="0" reg_code="5049686962"/>
</players>
</general>
<round no="0"><action no="1" player="Rakki" type="1" sum="10"/>
<action no="2" player="iICapo9" type="2" discard="1" dealt="1" sum="20"/>
</round>
<round no="1"><cards type="Pocket" player="Rakki">CJ D5</cards>
<cards type="Pocket" player="iICapo9">X X</cards>
<cards type="Pocket" player="Vvbhhhjj">X X</cards>
<action no="3" player="Vvbhhhjj" type="23" discard="1" dealt="1" sum="60"/>
<action no="4" player="Rakki" type="0" sum="0"/>
<action no="5" player="iICapo9" type="3" discard="1" dealt="1" sum="40"/>
</round>
<round no="2"><cards type="Flop">DJ SA DK</cards>
<action no="6" player="iICapo9" type="4" discard="1" dealt="1" sum="0"/>
<action no="7" player="Vvbhhhjj" type="5" discard="1" dealt="1" sum="100"/>
<action no="8" player="iICapo9" type="0" discard="1" dealt="1" sum="0"/>
</round>
</game>
<game gamecode="6437742157"><general><startdate>2025-07-25 21:37:11</startdate>
<round>1</round>
<failsafecounter/>
<players><player seat="6" name="Vvbhhhjj" chips="530" dealer="0" win="0" bet="20" muck="1" rebuy="0" addon="0" merge="0" rebuychips="0" reg_code="5049685454"/>
<player seat="10" name="Rakki" chips="470" dealer="1" win="50" bet="40" muck="1" rebuy="0" addon="0" merge="0" rebuychips="0" reg_code="5049686962"/>
<player seat="3" name="iICapo9" chips="500" dealer="0" win="0" bet="10" muck="1" rebuy="0" addon="0" merge="0" rebuychips="0" reg_code="5049684905"/>
</players>
</general>
<round no="0"><action no="1" player="iICapo9" type="1" discard="1" dealt="1" sum="10"/>
<action no="2" player="Vvbhhhjj" type="2" discard="1" dealt="1" sum="20"/>
</round>
<round no="1"><cards type="Pocket" player="Rakki">H3 D3</cards>
<cards type="Pocket" player="Vvbhhhjj">X X</cards>
<cards type="Pocket" player="iICapo9">X X</cards>
<action no="3" player="Rakki" type="23" sum="40"/>
<action no="4" player="iICapo9" type="0" discard="1" dealt="1" sum="0"/>
<action no="5" player="Vvbhhhjj" type="0" discard="1" dealt="1" sum="0"/>
</round>
</game>
<game gamecode="6437742180"><general><startdate>2025-07-25 21:37:27</startdate>
<round>1</round>
<failsafecounter/>
<players><player seat="10" name="Rakki" chips="500" dealer="0" win="0" bet="500" muck="0" rebuy="0" addon="0" merge="0" rebuychips="0" reg_code="5049686962"/>
<player seat="3" name="iICapo9" chips="490" dealer="1" win="990" bet="490" muck="0" rebuy="0" addon="0" merge="0" rebuychips="0" reg_code="5049684905"/>
<player seat="6" name="Vvbhhhjj" chips="510" dealer="0" win="0" bet="10" muck="1" rebuy="0" addon="0" merge="0" rebuychips="0" reg_code="5049685454"/>
</players>
</general>
<round no="0"><action no="1" player="Vvbhhhjj" type="1" discard="1" dealt="1" sum="10"/>
<action no="2" player="Rakki" type="2" sum="20"/>
</round>
<round no="1"><cards type="Pocket" player="Rakki">D6 C6</cards>
<cards type="Pocket" player="iICapo9">CA DJ</cards>
<cards type="Pocket" player="Vvbhhhjj">X X</cards>
<action no="3" player="iICapo9" type="23" discard="1" dealt="1" sum="245"/>
<action no="4" player="Vvbhhhjj" type="0" discard="1" dealt="1" sum="0"/>
<action no="5" player="Rakki" type="23" sum="500"/>
<action no="6" player="iICapo9" type="7" discard="1" dealt="1" sum="245"/>
</round>
<round no="2"><cards type="Flop">CQ S4 DA</cards>
</round>
<round no="3"><cards type="Turn">H2</cards>
</round>
<round no="4"><cards type="River">CJ</cards>
</round>
</game>
<game gamecode="6437742236"><general><startdate>2025-07-25 21:38:03</startdate>
<round>1</round>
<failsafecounter/>
<players><player seat="3" name="iICapo9" chips="990" dealer="0" win="0" bet="20" muck="0" rebuy="0" addon="0" merge="0" rebuychips="0" reg_code="5049684905"/>
<player seat="6" name="Vvbhhhjj" chips="500" dealer="1" win="0" bet="0" muck="1" rebuy="0" addon="0" merge="0" rebuychips="0" reg_code="5049685454"/>
<player seat="10" name="Rakki" chips="10" dealer="0" win="20" bet="10" muck="0" rebuy="0" addon="0" merge="0" rebuychips="0" reg_code="5049686962"/>
</players>
</general>
<round no="0"><action no="1" player="Rakki" type="1" sum="10"/>
<action no="2" player="iICapo9" type="2" discard="1" dealt="1" sum="20"/>
</round>
<round no="1"><cards type="Pocket" player="Vvbhhhjj">X X</cards>
<cards type="Pocket" player="Rakki">C6 D2</cards>
<cards type="Pocket" player="iICapo9">S5 SQ</cards>
<action no="3" player="Vvbhhhjj" type="0" discard="1" dealt="1" sum="0"/>
</round>
<round no="2"><cards type="Flop">H8 DJ C9</cards>
</round>
<round no="3"><cards type="Turn">S3</cards>
</round>
<round no="4"><cards type="River">S2</cards>
</round>
</game>
<game gamecode="6437742261"><general><startdate>2025-07-25 21:38:18</startdate>
<round>1</round>
<failsafecounter/>
<players><player seat="6" name="Vvbhhhjj" chips="500" dealer="0" win="0" bet="35" muck="1" rebuy="0" addon="0" merge="0" rebuychips="0" reg_code="5049685454"/>
<player seat="10" name="Rakki" chips="20" dealer="1" win="60" bet="20" muck="0" rebuy="0" addon="0" merge="0" rebuychips="0" reg_code="5049686962"/>
<player seat="3" name="iICapo9" chips="980" dealer="0" win="0" bet="20" muck="1" rebuy="0" addon="0" merge="0" rebuychips="0" reg_code="5049684905"/>
</players>
</general>
<round no="0"><action no="1" player="iICapo9" type="15" discard="1" dealt="1" sum="5"/>
<action no="2" player="Vvbhhhjj" type="15" discard="1" dealt="1" sum="5"/>
<action no="3" player="Rakki" type="15" sum="5"/>
<action no="4" player="iICapo9" type="1" discard="1" dealt="1" sum="15"/>
<action no="5" player="Vvbhhhjj" type="2" discard="1" dealt="1" sum="30"/>
</round>
<round no="1"><cards type="Pocket" player="Vvbhhhjj">D4 H2</cards>
<cards type="Pocket" player="iICapo9">X X</cards>
<cards type="Pocket" player="Rakki">H9 S2</cards>
<action no="6" player="Rakki" type="7" sum="15"/>
<action no="7" player="iICapo9" type="0" discard="1" dealt="1" sum="0"/>
</round>
<round no="2"><cards type="Flop">DA D7 S7</cards>
</round>
<round no="3"><cards type="Turn">S6</cards>
</round>
<round no="4"><cards type="River">D5</cards>
</round>
</game>
<game gamecode="6437742285"><general><startdate>2025-07-25 21:38:36</startdate>
<round>1</round>
<failsafecounter/>
<players><player seat="10" name="Rakki" chips="60" dealer="0" win="180" bet="60" muck="0" rebuy="0" addon="0" merge="0" rebuychips="0" reg_code="5049686962"/>
<player seat="3" name="iICapo9" chips="960" dealer="1" win="200" bet="960" muck="0" rebuy="0" addon="0" merge="0" rebuychips="0" reg_code="5049684905"/>
<player seat="6" name="Vvbhhhjj" chips="480" dealer="0" win="0" bet="160" muck="1" rebuy="0" addon="0" merge="0" rebuychips="0" reg_code="5049685454"/>
</players>
</general>
<round no="0"><action no="1" player="Vvbhhhjj" type="15" discard="1" dealt="1" sum="5"/>
<action no="2" player="Rakki" type="15" sum="5"/>
<action no="3" player="iICapo9" type="15" discard="1" dealt="1" sum="5"/>
<action no="4" player="Vvbhhhjj" type="1" discard="1" dealt="1" sum="15"/>
<action no="5" player="Rakki" type="2" sum="30"/>
</round>
<round no="1"><cards type="Pocket" player="iICapo9">C10 CJ</cards>
<cards type="Pocket" player="Rakki">SA C7</cards>
<cards type="Pocket" player="Vvbhhhjj">X X</cards>
<action no="6" player="iICapo9" type="23" discard="1" dealt="1" sum="60"/>
<action no="7" player="Vvbhhhjj" type="3" discard="1" dealt="1" sum="45"/>
<action no="8" player="Rakki" type="7" sum="25"/>
</round>
<round no="2"><cards type="Flop">H6 C5 D10</cards>
<action no="9" player="Vvbhhhjj" type="4" discard="1" dealt="1" sum="0"/>
<action no="10" player="iICapo9" type="5" discard="1" dealt="1" sum="95"/>
<action no="11" player="Vvbhhhjj" type="3" discard="1" dealt="1" sum="95"/>
</round>
<round no="3"><cards type="Turn">HK</cards>
<action no="12" player="Vvbhhhjj" type="4" discard="1" dealt="1" sum="0"/>
<action no="13" player="iICapo9" type="5" discard="1" dealt="1" sum="800"/>
<action no="14" player="Vvbhhhjj" type="0" discard="1" dealt="1" sum="0"/>
</round>
<round no="4"><cards type="River">HA</cards>
</round>
</game>
<game gamecode="6437750970"><general><startdate>2025-07-25 21:39:15</startdate>
<round>1</round>
<failsafecounter/>
<players><player seat="3" name="iICapo9" chips="1,000" dealer="0" win="0" bet="180" muck="1" rebuy="0" addon="0" merge="0" rebuychips="0" reg_code="5049684905"/>
<player seat="6" name="Vvbhhhjj" chips="320" dealer="1" win="0" bet="5" muck="1" rebuy="0" addon="0" merge="0" rebuychips="0" reg_code="5049685454"/>
<player seat="10" name="Rakki" chips="180" dealer="0" win="365" bet="180" muck="0" rebuy="0" addon="0" merge="0" rebuychips="0" reg_code="5049686962"/>
</players>
</general>
<round no="0"><action no="1" player="Rakki" type="15" sum="5"/>
<action no="2" player="iICapo9" type="15" discard="1" dealt="1" sum="5"/>
<action no="3" player="Vvbhhhjj" type="15" discard="1" dealt="1" sum="5"/>
<action no="4" player="Rakki" type="1" sum="15"/>
<action no="5" player="iICapo9" type="2" discard="1" dealt="1" sum="30"/>
</round>
<round no="1"><cards type="Pocket" player="Rakki">CK CQ</cards>
<cards type="Pocket" player="Vvbhhhjj">X X</cards>
<cards type="Pocket" player="iICapo9">D4 SA</cards>
<action no="6" player="Vvbhhhjj" type="0" discard="1" dealt="1" sum="0"/>
<action no="7" player="Rakki" type="23" sum="175"/>
<action no="8" player="iICapo9" type="3" discard="1" dealt="1" sum="145"/>
</round>
<round no="2"><cards type="Flop">D10 S3 H3</cards>
</round>
<round no="3"><cards type="Turn">C2</cards>
</round>
<round no="4"><cards type="River">DK</cards>
</round>
</game>
<game gamecode="6437750990"><general><startdate>2025-07-25 21:39:32</startdate>
<round>1</round>
<failsafecounter/>
<players><player seat="6" name="Vvbhhhjj" chips="315" dealer="0" win="45" bet="35" muck="1" rebuy="0" addon="0" merge="0" rebuychips="0" reg_code="5049685454"/>
<player seat="10" name="Rakki" chips="365" dealer="1" win="0" bet="5" muck="1" rebuy="0" addon="0" merge="0" rebuychips="0" reg_code="5049686962"/>
<player seat="3" name="iICapo9" chips="820" dealer="0" win="0" bet="20" muck="1" rebuy="0" addon="0" merge="0" rebuychips="0" reg_code="5049684905"/>
</players>
</general>
<round no="0"><action no="1" player="iICapo9" type="15" discard="1" dealt="1" sum="5"/>
<action no="2" player="Vvbhhhjj" type="15" discard="1" dealt="1" sum="5"/>
<action no="3" player="Rakki" type="15" sum="5"/>
<action no="4" player="iICapo9" type="1" discard="1" dealt="1" sum="15"/>
<action no="5" player="Vvbhhhjj" type="2" discard="1" dealt="1" sum="30"/>
</round>
<round no="1"><cards type="Pocket" player="Rakki">C8 DQ</cards>
<cards type="Pocket" player="iICapo9">X X</cards>
<cards type="Pocket" player="Vvbhhhjj">X X</cards>
<action no="6" player="Rakki" type="0" sum="0"/>
<action no="7" player="iICapo9" type="0" discard="1" dealt="1" sum="0"/>
</round>
</game>
<game gamecode="6437751005"><general><startdate>2025-07-25 21:39:41</startdate>
<round>1</round>
<failsafecounter/>
<players><player seat="10" name="Rakki" chips="360" dealer="0" win="0" bet="35" muck="1" rebuy="0" addon="0" merge="0" rebuychips="0" reg_code="5049686962"/>
<player seat="3" name="iICapo9" chips="800" dealer="1" win="0" bet="5" muck="1" rebuy="0" addon="0" merge="0" rebuychips="0" reg_code="5049684905"/>
<player seat="6" name="Vvbhhhjj" chips="340" dealer="0" win="75" bet="95" muck="1" rebuy="0" addon="0" merge="0" rebuychips="0" reg_code="5049685454"/>
</players>
</general>
<round no="0"><action no="1" player="Vvbhhhjj" type="15" discard="1" dealt="1" sum="5"/>
<action no="2" player="Rakki" type="15" sum="5"/>
<action no="3" player="iICapo9" type="15" discard="1" dealt="1" sum="5"/>
<action no="4" player="Vvbhhhjj" type="1" discard="1" dealt="1" sum="15"/>
<action no="5" player="Rakki" type="2" sum="30"/>
</round>
<round no="1"><cards type="Pocket" player="Rakki">D9 C5</cards>
<cards type="Pocket" player="iICapo9">X X</cards>
<cards type="Pocket" player="Vvbhhhjj">X X</cards>
<action no="6" player="iICapo9" type="0" discard="1" dealt="1" sum="0"/>
<action no="7" player="Vvbhhhjj" type="3" discard="1" dealt="1" sum="15"/>
<action no="8" player="Rakki" type="4" sum="0"/>
</round>
<round no="2"><cards type="Flop">H5 H10 HJ</cards>
<action no="9" player="Vvbhhhjj" type="4" discard="1" dealt="1" sum="0"/>
<action no="10" player="Rakki" type="4" sum="0"/>
</round>
<round no="3"><cards type="Turn">C2</cards>
<action no="11" player="Vvbhhhjj" type="4" discard="1" dealt="1" sum="0"/>
<action no="12" player="Rakki" type="4" sum="0"/>
</round>
<round no="4"><cards type="River">H3</cards>
<action no="13" player="Vvbhhhjj" type="5" discard="1" dealt="1" sum="60"/>
<action no="14" player="Rakki" type="0" sum="0"/>
</round>
</game>
<game gamecode="6437751048"><general><startdate>2025-07-25 21:40:07</startdate>
<round>1</round>
<failsafecounter/>
<players><player seat="3" name="iICapo9" chips="795" dealer="0" win="0" bet="35" muck="1" rebuy="0" addon="0" merge="0" rebuychips="0" reg_code="5049684905"/>
<player seat="6" name="Vvbhhhjj" chips="380" dealer="1" win="0" bet="5" muck="1" rebuy="0" addon="0" merge="0" rebuychips="0" reg_code="5049685454"/>
<player seat="10" name="Rakki" chips="325" dealer="0" win="75" bet="325" muck="1" rebuy="0" addon="0" merge="0" rebuychips="0" reg_code="5049686962"/>
</players>
</general>
<round no="0"><action no="1" player="Rakki" type="15" sum="5"/>
<action no="2" player="iICapo9" type="15" discard="1" dealt="1" sum="5"/>
<action no="3" player="Vvbhhhjj" type="15" discard="1" dealt="1" sum="5"/>
<action no="4" player="Rakki" type="1" sum="15"/>
<action no="5" player="iICapo9" type="2" discard="1" dealt="1" sum="30"/>
</round>
<round no="1"><cards type="Pocket" player="Rakki">C4 C5</cards>
<cards type="Pocket" player="iICapo9">X X</cards>
<cards type="Pocket" player="Vvbhhhjj">X X</cards>
<action no="6" player="Vvbhhhjj" type="0" discard="1" dealt="1" sum="0"/>
<action no="7" player="Rakki" type="23" sum="320"/>
<action no="8" player="iICapo9" type="0" discard="1" dealt="1" sum="0"/>
</round>
</game>
<game gamecode="6437751088"><general><startdate>2025-07-25 21:40:27</startdate>
<round>1</round>
<failsafecounter/>
<players><player seat="6" name="Vvbhhhjj" chips="375" dealer="0" win="0" bet="45" muck="1" rebuy="0" addon="0" merge="0" rebuychips="0" reg_code="5049685454"/>
<player seat="10" name="Rakki" chips="365" dealer="1" win="0" bet="5" muck="1" rebuy="0" addon="0" merge="0" rebuychips="0" reg_code="5049686962"/>
<player seat="3" name="iICapo9" chips="760" dealer="0" win="95" bet="760" muck="1" rebuy="0" addon="0" merge="0" rebuychips="0" reg_code="5049684905"/>
</players>
</general>
<round no="0"><action no="1" player="iICapo9" type="15" discard="1" dealt="1" sum="5"/>
<action no="2" player="Vvbhhhjj" type="15" discard="1" dealt="1" sum="5"/>
<action no="3" player="Rakki" type="15" sum="5"/>
<action no="4" player="iICapo9" type="1" discard="1" dealt="1" sum="20"/>
<action no="5" player="Vvbhhhjj" type="2" discard="1" dealt="1" sum="40"/>
</round>
<round no="1"><cards type="Pocket" player="Vvbhhhjj">X X</cards>
<cards type="Pocket" player="iICapo9">X X</cards>
<cards type="Pocket" player="Rakki">D2 DK</cards>
<action no="6" player="Rakki" type="0" sum="0"/>
<action no="7" player="iICapo9" type="23" discard="1" dealt="1" sum="755"/>
<action no="8" player="Vvbhhhjj" type="0" discard="1" dealt="1" sum="0"/>
</round>
</game>
<game gamecode="6437751122"><general><startdate>2025-07-25 21:40:43</startdate>
<round>1</round>
<failsafecounter/>
<players><player seat="10" name="Rakki" chips="360" dealer="0" win="55" bet="45" muck="1" rebuy="0" addon="0" merge="0" rebuychips="0" reg_code="5049686962"/>
<player seat="3" name="iICapo9" chips="810" dealer="1" win="0" bet="5" muck="1" rebuy="0" addon="0" merge="0" rebuychips="0" reg_code="5049684905"/>
<player seat="6" name="Vvbhhhjj" chips="330" dealer="0" win="0" bet="25" muck="1" rebuy="0" addon="0" merge="0" rebuychips="0" reg_code="5049685454"/>
</players>
</general>
<round no="0"><action no="1" player="Vvbhhhjj" type="15" discard="1" dealt="1" sum="5"/>
<action no="2" player="Rakki" type="15" sum="5"/>
<action no="3" player="iICapo9" type="15" discard="1" dealt="1" sum="5"/>
<action no="4" player="Vvbhhhjj" type="1" discard="1" dealt="1" sum="20"/>
<action no="5" player="Rakki" type="2" sum="40"/>
</round>
<round no="1"><cards type="Pocket" player="iICapo9">X X</cards>
<cards type="Pocket" player="Rakki">HA D8</cards>
<cards type="Pocket" player="Vvbhhhjj">X X</cards>
<action no="6" player="iICapo9" type="0" discard="1" dealt="1" sum="0"/>
<action no="7" player="Vvbhhhjj" type="0" discard="1" dealt="1" sum="0"/>
</round>
</game>
<game gamecode="6437751144"><general><startdate>2025-07-25 21:40:53</startdate>
<round>1</round>
<failsafecounter/>
<players><player seat="3" name="iICapo9" chips="805" dealer="0" win="55" bet="45" muck="1" rebuy="0" addon="0" merge="0" rebuychips="0" reg_code="5049684905"/>
<player seat="6" name="Vvbhhhjj" chips="305" dealer="1" win="0" bet="5" muck="1" rebuy="0" addon="0" merge="0" rebuychips="0" reg_code="5049685454"/>
<player seat="10" name="Rakki" chips="390" dealer="0" win="0" bet="25" muck="1" rebuy="0" addon="0" merge="0" rebuychips="0" reg_code="5049686962"/>
</players>
</general>
<round no="0"><action no="1" player="Rakki" type="15" sum="5"/>
<action no="2" player="iICapo9" type="15" discard="1" dealt="1" sum="5"/>
<action no="3" player="Vvbhhhjj" type="15" discard="1" dealt="1" sum="5"/>
<action no="4" player="Rakki" type="1" sum="20"/>
<action no="5" player="iICapo9" type="2" discard="1" dealt="1" sum="40"/>
</round>
<round no="1"><cards type="Pocket" player="Vvbhhhjj">X X</cards>
<cards type="Pocket" player="Rakki">C9 C2</cards>
<cards type="Pocket" player="iICapo9">X X</cards>
<action no="6" player="Vvbhhhjj" type="0" discard="1" dealt="1" sum="0"/>
<action no="7" player="Rakki" type="0" sum="0"/>
</round>
</game>
<game gamecode="6437751175"><general><startdate>2025-07-25 21:41:03</startdate>
<round>1</round>
<failsafecounter/>
<players><player seat="6" name="Vvbhhhjj" chips="300" dealer="0" win="0" bet="45" muck="1" rebuy="0" addon="0" merge="0" rebuychips="0" reg_code="5049685454"/>
<player seat="10" name="Rakki" chips="365" dealer="1" win="115" bet="365" muck="1" rebuy="0" addon="0" merge="0" rebuychips="0" reg_code="5049686962"/>
<player seat="3" name="iICapo9" chips="835" dealer="0" win="0" bet="25" muck="1" rebuy="0" addon="0" merge="0" rebuychips="0" reg_code="5049684905"/>
</players>
</general>
<round no="0"><action no="1" player="iICapo9" type="15" discard="1" dealt="1" sum="5"/>
<action no="2" player="Vvbhhhjj" type="15" discard="1" dealt="1" sum="5"/>
<action no="3" player="Rakki" type="15" sum="5"/>
<action no="4" player="iICapo9" type="1" discard="1" dealt="1" sum="20"/>
<action no="5" player="Vvbhhhjj" type="2" discard="1" dealt="1" sum="40"/>
</round>
<round no="1"><cards type="Pocket" player="Rakki">SJ D10</cards>
<cards type="Pocket" player="Vvbhhhjj">X X</cards>
<cards type="Pocket" player="iICapo9">X X</cards>
<action no="6" player="Rakki" type="23" sum="360"/>
<action no="7" player="iICapo9" type="0" discard="1" dealt="1" sum="0"/>
<action no="8" player="Vvbhhhjj" type="0" discard="1" dealt="1" sum="0"/>
</round>
</game>
<game gamecode="6437751215"><general><startdate>2025-07-25 21:41:26</startdate>
<round>1</round>
<failsafecounter/>
<players><player seat="10" name="Rakki" chips="435" dealer="0" win="0" bet="435" muck="0" rebuy="0" addon="0" merge="0" rebuychips="0" reg_code="5049686962"/>
<player seat="3" name="iICapo9" chips="810" dealer="1" win="0" bet="5" muck="1" rebuy="0" addon="0" merge="0" rebuychips="0" reg_code="5049684905"/>
<player seat="6" name="Vvbhhhjj" chips="255" dealer="0" win="515" bet="255" muck="0" rebuy="0" addon="0" merge="0" rebuychips="0" reg_code="5049685454"/>
</players>
</general>
<round no="0"><action no="1" player="Vvbhhhjj" type="15" discard="1" dealt="1" sum="5"/>
<action no="2" player="Rakki" type="15" sum="5"/>
<action no="3" player="iICapo9" type="15" discard="1" dealt="1" sum="5"/>
<action no="4" player="Vvbhhhjj" type="1" discard="1" dealt="1" sum="20"/>
<action no="5" player="Rakki" type="2" sum="40"/>
</round>
<round no="1"><cards type="Pocket" player="iICapo9">X X</cards>
<cards type="Pocket" player="Rakki">S7 D7</cards>
<cards type="Pocket" player="Vvbhhhjj">H10 S10</cards>
<action no="6" player="iICapo9" type="0" discard="1" dealt="1" sum="0"/>
<action no="7" player="Vvbhhhjj" type="23" discard="1" dealt="1" sum="120"/>
<action no="8" player="Rakki" type="23" sum="430"/>
<action no="9" player="Vvbhhhjj" type="7" discard="1" dealt="1" sum="130"/>
</round>
<round no="2"><cards type="Flop">C2 H3 DJ</cards>
</round>
<round no="3"><cards type="Turn">S2</cards>
</round>
<round no="4"><cards type="River">S9</cards>
</round>
</game>
<game gamecode="6437751257"><general><startdate>2025-07-25 21:41:51</startdate>
<round>1</round>
<failsafecounter/>
<players><player seat="3" name="iICapo9" chips="805" dealer="0" win="515" bet="805" muck="0" rebuy="0" addon="0" merge="0" rebuychips="0" reg_code="5049684905"/>
<player seat="6" name="Vvbhhhjj" chips="515" dealer="1" win="515" bet="515" muck="0" rebuy="0" addon="0" merge="0" rebuychips="0" reg_code="5049685454"/>
<player seat="10" name="Rakki" chips="180" dealer="0" win="180" bet="180" muck="0" rebuy="0" addon="0" merge="0" rebuychips="0" reg_code="5049686962"/>
</players>
</general>
<round no="0"><action no="1" player="Rakki" type="15" sum="5"/>
<action no="2" player="iICapo9" type="15" discard="1" dealt="1" sum="5"/>
<action no="3" player="Vvbhhhjj" type="15" discard="1" dealt="1" sum="5"/>
<action no="4" player="Rakki" type="1" sum="20"/>
<action no="5" player="iICapo9" type="2" discard="1" dealt="1" sum="40"/>
</round>
<round no="1"><cards type="Pocket" player="Rakki">CA S3</cards>
<cards type="Pocket" player="Vvbhhhjj">SA S8</cards>
<cards type="Pocket" player="iICapo9">DA H10</cards>
<action no="6" player="Vvbhhhjj" type="3" discard="1" dealt="1" sum="40"/>
<action no="7" player="Rakki" type="23" sum="175"/>
<action no="8" player="iICapo9" type="23" discard="1" dealt="1" sum="800"/>
<action no="9" player="Vvbhhhjj" type="7" discard="1" dealt="1" sum="470"/>
</round>
<round no="2"><cards type="Flop">HK D7 HJ</cards>
</round>
<round no="3"><cards type="Turn">HA</cards>
</round>
<round no="4"><cards type="River">SK</cards>
</round>
</game>
<game gamecode="6437751297"><general><startdate>2025-07-25 21:42:14</startdate>
<round>1</round>
<failsafecounter/>
<players><player seat="6" name="Vvbhhhjj" chips="515" dealer="0" win="0" bet="515" muck="0" rebuy="0" addon="0" merge="0" rebuychips="0" reg_code="5049685454"/>
<player seat="10" name="Rakki" chips="180" dealer="1" win="0" bet="5" muck="1" rebuy="0" addon="0" merge="0" rebuychips="0" reg_code="5049686962"/>
<player seat="3" name="iICapo9" chips="805" dealer="0" win="1,035" bet="515" muck="0" rebuy="0" addon="0" merge="0" rebuychips="0" reg_code="5049684905"/>
</players>
</general>
<round no="0"><action no="1" player="iICapo9" type="15" discard="1" dealt="1" sum="5"/>
<action no="2" player="Vvbhhhjj" type="15" discard="1" dealt="1" sum="5"/>
<action no="3" player="Rakki" type="15" sum="5"/>
<action no="4" player="iICapo9" type="1" discard="1" dealt="1" sum="20"/>
<action no="5" player="Vvbhhhjj" type="2" discard="1" dealt="1" sum="40"/>
</round>
<round no="1"><cards type="Pocket" player="Vvbhhhjj">H9 H8</cards>
<cards type="Pocket" player="Rakki">S2 S7</cards>
<cards type="Pocket" player="iICapo9">C3 CQ</cards>
<action no="6" player="Rakki" type="0" sum="0"/>
<action no="7" player="iICapo9" type="3" discard="1" dealt="1" sum="20"/>
<action no="8" player="Vvbhhhjj" type="4" discard="1" dealt="1" sum="0"/>
</round>
<round no="2"><cards type="Flop">SA S3 D9</cards>
<action no="9" player="iICapo9" type="5" discard="1" dealt="1" sum="47"/>
<action no="10" player="Vvbhhhjj" type="3" discard="1" dealt="1" sum="47"/>
</round>
<round no="3"><cards type="Turn">D3</cards>
<action no="11" player="iICapo9" type="4" discard="1" dealt="1" sum="0"/>
<action no="12" player="Vvbhhhjj" type="5" discard="1" dealt="1" sum="120"/>
<action no="13" player="iICapo9" type="23" discard="1" dealt="1" sum="240"/>
<action no="14" player="Vvbhhhjj" type="23" discard="1" dealt="1" sum="423"/>
<action no="15" player="iICapo9" type="3" discard="1" dealt="1" sum="183"/>
</round>
<round no="4"><cards type="River">D8</cards>
</round>
</game>
<game gamecode="6437751373"><general><startdate>2025-07-25 21:42:59</startdate>
<round>1</round>
<failsafecounter/>
<players><player seat="10" name="Rakki" chips="175" dealer="0" win="350" bet="175" muck="0" rebuy="0" addon="0" merge="0" rebuychips="0" reg_code="5049686962"/>
<player seat="3" name="iICapo9" chips="1,325" dealer="1" win="0" bet="1,325" muck="0" rebuy="0" addon="0" merge="0" rebuychips="0" reg_code="5049684905"/>
</players>
</general>
<round no="0"><action no="1" player="iICapo9" type="15" discard="1" dealt="1" sum="5"/>
<action no="2" player="Rakki" type="15" sum="5"/>
<action no="3" player="iICapo9" type="1" discard="1" dealt="1" sum="30"/>
<action no="4" player="Rakki" type="2" sum="60"/>
</round>
<round no="1"><cards type="Pocket" player="Rakki">S2 S5</cards>
<cards type="Pocket" player="iICapo9">S7 CA</cards>
<action no="5" player="iICapo9" type="23" discard="1" dealt="1" sum="1,320"/>
<action no="6" player="Rakki" type="7" sum="110"/>
</round>
<round no="2"><cards type="Flop">DQ D5 HQ</cards>
</round>
<round no="3"><cards type="Turn">S6</cards>
</round>
<round no="4"><cards type="River">HK</cards>
</round>
</game>
<game gamecode="6437751394"><general><startdate>2025-07-25 21:43:16</startdate>
<round>1</round>
<failsafecounter/>
<players><player seat="3" name="iICapo9" chips="1,150" dealer="0" win="700" bet="350" muck="0" rebuy="0" addon="0" merge="0" rebuychips="0" reg_code="5049684905"/>
<player seat="10" name="Rakki" chips="350" dealer="1" win="0" bet="350" muck="0" rebuy="0" addon="0" merge="0" rebuychips="0" reg_code="5049686962"/>
</players>
</general>
<round no="0"><action no="1" player="Rakki" type="15" sum="5"/>
<action no="2" player="iICapo9" type="15" discard="1" dealt="1" sum="5"/>
<action no="3" player="Rakki" type="1" sum="30"/>
<action no="4" player="iICapo9" type="2" discard="1" dealt="1" sum="60"/>
</round>
<round no="1"><cards type="Pocket" player="iICapo9">D2 S2</cards>
<cards type="Pocket" player="Rakki">DA S3</cards>
<action no="5" player="Rakki" type="23" sum="345"/>
<action no="6" player="iICapo9" type="3" discard="1" dealt="1" sum="285"/>
</round>
<round no="2"><cards type="Flop">S5 DK S6</cards>
</round>
<round no="3"><cards type="Turn">SJ</cards>
</round>
<round no="4"><cards type="River">H6</cards>
</round>
</game>
</session>
