<?xml version="1.0" encoding="UTF-8"?>
<session sessioncode="5049537944">
<general>
<client_version>25.1.1.16</client_version>
<mode>real</mode>
<gametype>Holdem NL</gametype>
<tablename>Twister €100 SNG, 814578078</tablename>
<tournamentcode>814578077</tournamentcode>
<tournamentname>Twister €100 SNG</tournamentname>
<buyin>€0 + €7 + €93</buyin>
<totalbuyin>€100</totalbuyin>
<rewarddrawn>€300</rewarddrawn>
<tournamentcurrency>EUR</tournamentcurrency>
<currency>EUR</currency>
<nickname>Rakki</nickname>
<gamecount>21</gamecount>
<startdate>2025-07-25 00:35:25</startdate>
<place>2</place>
<win>€0</win>
<tablesize>3</tablesize>
</general>
<game gamecode="6437166171"><general><startdate>2025-07-25 00:35:40</startdate>
<round>1</round>
<failsafecounter/>
<players><player seat="6" name="Thechosenoonee" chips="500" dealer="0" win="120" bet="180" muck="1" rebuy="0" addon="0" merge="0" rebuychips="0" reg_code="5049537899"/>
<player seat="10" name="Rakki" chips="500" dealer="1" win="0" bet="0" muck="1" rebuy="0" addon="0" merge="0" rebuychips="0" reg_code="5049537944"/>
<player seat="3" name="Nonloso6" chips="500" dealer="0" win="0" bet="60" muck="1" rebuy="0" addon="0" merge="0" rebuychips="0" reg_code="5049536820"/>
</players>
</general>
<round no="0"><action no="1" player="Nonloso6" type="1" discard="1" dealt="1" sum="10"/>
<action no="2" player="Thechosenoonee" type="2" discard="1" dealt="1" sum="20"/>
</round>
<round no="1"><cards type="Pocket" player="Thechosenoonee">X X</cards>
<cards type="Pocket" player="Rakki">C2 D8</cards>
<cards type="Pocket" player="Nonloso6">X X</cards>
<action no="3" player="Rakki" type="0" sum="0"/>
<action no="4" player="Nonloso6" type="3" discard="1" dealt="1" sum="10"/>
<action no="5" player="Thechosenoonee" type="4" discard="1" dealt="1" sum="0"/>
</round>
<round no="2"><cards type="Flop">CK C3 DJ</cards>
<action no="6" player="Nonloso6" type="4" discard="1" dealt="1" sum="0"/>
<action no="7" player="Thechosenoonee" type="4" discard="1" dealt="1" sum="0"/>
</round>
<round no="3"><cards type="Turn">C7</cards>
<action no="8" player="Nonloso6" type="4" discard="1" dealt="1" sum="0"/>
<action no="9" player="Thechosenoonee" type="5" discard="1" dealt="1" sum="40"/>
<action no="10" player="Nonloso6" type="3" discard="1" dealt="1" sum="40"/>
</round>
<round no="4"><cards type="River">H6</cards>
<action no="11" player="Nonloso6" type="4" discard="1" dealt="1" sum="0"/>
<action no="12" player="Thechosenoonee" type="5" discard="1" dealt="1" sum="120"/>
<action no="13" player="Nonloso6" type="0" discard="1" dealt="1" sum="0"/>
</round>
</game>
<game gamecode="6437166306"><general><startdate>2025-07-25 00:36:45</startdate>
<round>1</round>
<failsafecounter/>
<players><player seat="10" name="Rakki" chips="500" dealer="0" win="20" bet="20" muck="1" rebuy="0" addon="0" merge="0" rebuychips="0" reg_code="5049537944"/>
<player seat="3" name="Nonloso6" chips="440" dealer="1" win="0" bet="0" muck="1" rebuy="0" addon="0" merge="0" rebuychips="0" reg_code="5049536820"/>
<player seat="6" name="Thechosenoonee" chips="560" dealer="0" win="0" bet="10" muck="1" rebuy="0" addon="0" merge="0" rebuychips="0" reg_code="5049537899"/>
</players>
</general>
<round no="0"><action no="1" player="Thechosenoonee" type="1" discard="1" dealt="1" sum="10"/>
<action no="2" player="Rakki" type="2" sum="20"/>
</round>
<round no="1"><cards type="Pocket" player="Rakki">C8 D9</cards>
<cards type="Pocket" player="Thechosenoonee">X X</cards>
<cards type="Pocket" player="Nonloso6">X X</cards>
<action no="3" player="Nonloso6" type="0" discard="1" dealt="1" sum="0"/>
<action no="4" player="Thechosenoonee" type="0" discard="1" dealt="1" sum="0"/>
</round>
</game>
<game gamecode="6437166322"><general><startdate>2025-07-25 00:36:51</startdate>
<round>1</round>
<failsafecounter/>
<players><player seat="3" name="Nonloso6" chips="440" dealer="0" win="0" bet="20" muck="1" rebuy="0" addon="0" merge="0" rebuychips="0" reg_code="5049536820"/>
<player seat="6" name="Thechosenoonee" chips="550" dealer="1" win="0" bet="40" muck="1" rebuy="0" addon="0" merge="0" rebuychips="0" reg_code="5049537899"/>
<player seat="10" name="Rakki" chips="510" dealer="0" win="100" bet="510" muck="1" rebuy="0" addon="0" merge="0" rebuychips="0" reg_code="5049537944"/>
</players>
</general>
<round no="0"><action no="1" player="Rakki" type="1" sum="10"/>
<action no="2" player="Nonloso6" type="2" discard="1" dealt="1" sum="20"/>
</round>
<round no="1"><cards type="Pocket" player="Rakki">C10 SA</cards>
<cards type="Pocket" player="Thechosenoonee">X X</cards>
<cards type="Pocket" player="Nonloso6">X X</cards>
<action no="3" player="Thechosenoonee" type="23" discard="1" dealt="1" sum="40"/>
<action no="4" player="Rakki" type="23" sum="510"/>
<action no="5" player="Nonloso6" type="0" discard="1" dealt="1" sum="0"/>
<action no="6" player="Thechosenoonee" type="0" discard="1" dealt="1" sum="0"/>
</round>
</game>
<game gamecode="6437166345"><general><startdate>2025-07-25 00:37:06</startdate>
<round>1</round>
<failsafecounter/>
<players><player seat="6" name="Thechosenoonee" chips="510" dealer="0" win="0" bet="20" muck="1" rebuy="0" addon="0" merge="0" rebuychips="0" reg_code="5049537899"/>
<player seat="10" name="Rakki" chips="570" dealer="1" win="0" bet="40" muck="1" rebuy="0" addon="0" merge="0" rebuychips="0" reg_code="5049537944"/>
<player seat="3" name="Nonloso6" chips="420" dealer="0" win="100" bet="420" muck="1" rebuy="0" addon="0" merge="0" rebuychips="0" reg_code="5049536820"/>
</players>
</general>
<round no="0"><action no="1" player="Nonloso6" type="1" discard="1" dealt="1" sum="10"/>
<action no="2" player="Thechosenoonee" type="2" discard="1" dealt="1" sum="20"/>
</round>
<round no="1"><cards type="Pocket" player="Rakki">SQ DJ</cards>
<cards type="Pocket" player="Nonloso6">X X</cards>
<cards type="Pocket" player="Thechosenoonee">X X</cards>
<action no="3" player="Rakki" type="23" sum="40"/>
<action no="4" player="Nonloso6" type="23" discard="1" dealt="1" sum="420"/>
<action no="5" player="Thechosenoonee" type="0" discard="1" dealt="1" sum="0"/>
<action no="6" player="Rakki" type="0" sum="0"/>
</round>
</game>
<game gamecode="6437166397"><general><startdate>2025-07-25 00:37:32</startdate>
<round>1</round>
<failsafecounter/>
<players><player seat="10" name="Rakki" chips="530" dealer="0" win="269" bet="220" muck="1" rebuy="0" addon="0" merge="0" rebuychips="0" reg_code="5049537944"/>
<player seat="3" name="Nonloso6" chips="480" dealer="1" win="0" bet="5" muck="1" rebuy="0" addon="0" merge="0" rebuychips="0" reg_code="5049536820"/>
<player seat="6" name="Thechosenoonee" chips="490" dealer="0" win="0" bet="132" muck="1" rebuy="0" addon="0" merge="0" rebuychips="0" reg_code="5049537899"/>
</players>
</general>
<round no="0"><action no="1" player="Thechosenoonee" type="15" discard="1" dealt="1" sum="5"/>
<action no="2" player="Rakki" type="15" sum="5"/>
<action no="3" player="Nonloso6" type="15" discard="1" dealt="1" sum="5"/>
<action no="4" player="Thechosenoonee" type="1" discard="1" dealt="1" sum="15"/>
<action no="5" player="Rakki" type="2" sum="30"/>
</round>
<round no="1"><cards type="Pocket" player="Thechosenoonee">X X</cards>
<cards type="Pocket" player="Rakki">CQ D10</cards>
<cards type="Pocket" player="Nonloso6">X X</cards>
<action no="6" player="Nonloso6" type="0" discard="1" dealt="1" sum="0"/>
<action no="7" player="Thechosenoonee" type="23" discard="1" dealt="1" sum="60"/>
<action no="8" player="Rakki" type="3" sum="30"/>
</round>
<round no="2"><cards type="Flop">C8 DK H6</cards>
<action no="9" player="Thechosenoonee" type="5" discard="1" dealt="1" sum="67"/>
<action no="10" player="Rakki" type="3" sum="67"/>
</round>
<round no="3"><cards type="Turn">C3</cards>
<action no="11" player="Thechosenoonee" type="4" discard="1" dealt="1" sum="0"/>
<action no="12" player="Rakki" type="5" sum="88"/>
<action no="13" player="Thechosenoonee" type="0" discard="1" dealt="1" sum="0"/>
</round>
</game>
<game gamecode="6437166460"><general><startdate>2025-07-25 00:38:03</startdate>
<round>1</round>
<failsafecounter/>
<players><player seat="3" name="Nonloso6" chips="475" dealer="0" win="0" bet="35" muck="1" rebuy="0" addon="0" merge="0" rebuychips="0" reg_code="5049536820"/>
<player seat="6" name="Thechosenoonee" chips="358" dealer="1" win="90" bet="358" muck="1" rebuy="0" addon="0" merge="0" rebuychips="0" reg_code="5049537899"/>
<player seat="10" name="Rakki" chips="667" dealer="0" win="0" bet="20" muck="1" rebuy="0" addon="0" merge="0" rebuychips="0" reg_code="5049537944"/>
</players>
</general>
<round no="0"><action no="1" player="Rakki" type="15" sum="5"/>
<action no="2" player="Nonloso6" type="15" discard="1" dealt="1" sum="5"/>
<action no="3" player="Thechosenoonee" type="15" discard="1" dealt="1" sum="5"/>
<action no="4" player="Rakki" type="1" sum="15"/>
<action no="5" player="Nonloso6" type="2" discard="1" dealt="1" sum="30"/>
</round>
<round no="1"><cards type="Pocket" player="Rakki">S3 S4</cards>
<cards type="Pocket" player="Nonloso6">X X</cards>
<cards type="Pocket" player="Thechosenoonee">X X</cards>
<action no="6" player="Thechosenoonee" type="23" discard="1" dealt="1" sum="353"/>
<action no="7" player="Rakki" type="0" sum="0"/>
<action no="8" player="Nonloso6" type="0" discard="1" dealt="1" sum="0"/>
</round>
</game>
<game gamecode="6437166488"><general><startdate>2025-07-25 00:38:18</startdate>
<round>1</round>
<failsafecounter/>
<players><player seat="6" name="Thechosenoonee" chips="413" dealer="0" win="135" bet="413" muck="1" rebuy="0" addon="0" merge="0" rebuychips="0" reg_code="5049537899"/>
<player seat="10" name="Rakki" chips="647" dealer="1" win="0" bet="5" muck="1" rebuy="0" addon="0" merge="0" rebuychips="0" reg_code="5049537944"/>
<player seat="3" name="Nonloso6" chips="440" dealer="0" win="0" bet="65" muck="1" rebuy="0" addon="0" merge="0" rebuychips="0" reg_code="5049536820"/>
</players>
</general>
<round no="0"><action no="1" player="Nonloso6" type="15" discard="1" dealt="1" sum="5"/>
<action no="2" player="Thechosenoonee" type="15" discard="1" dealt="1" sum="5"/>
<action no="3" player="Rakki" type="15" sum="5"/>
<action no="4" player="Nonloso6" type="1" discard="1" dealt="1" sum="15"/>
<action no="5" player="Thechosenoonee" type="2" discard="1" dealt="1" sum="30"/>
</round>
<round no="1"><cards type="Pocket" player="Thechosenoonee">X X</cards>
<cards type="Pocket" player="Rakki">H2 S8</cards>
<cards type="Pocket" player="Nonloso6">X X</cards>
<action no="6" player="Rakki" type="0" sum="0"/>
<action no="7" player="Nonloso6" type="23" discard="1" dealt="1" sum="60"/>
<action no="8" player="Thechosenoonee" type="23" discard="1" dealt="1" sum="408"/>
<action no="9" player="Nonloso6" type="0" discard="1" dealt="1" sum="0"/>
</round>
</game>
<game gamecode="6437166526"><general><startdate>2025-07-25 00:38:38</startdate>
<round>1</round>
<failsafecounter/>
<players><player seat="10" name="Rakki" chips="642" dealer="0" win="0" bet="35" muck="1" rebuy="0" addon="0" merge="0" rebuychips="0" reg_code="5049537944"/>
<player seat="3" name="Nonloso6" chips="375" dealer="1" win="0" bet="5" muck="1" rebuy="0" addon="0" merge="0" rebuychips="0" reg_code="5049536820"/>
<player seat="6" name="Thechosenoonee" chips="483" dealer="0" win="75" bet="65" muck="1" rebuy="0" addon="0" merge="0" rebuychips="0" reg_code="5049537899"/>
</players>
</general>
<round no="0"><action no="1" player="Thechosenoonee" type="15" discard="1" dealt="1" sum="5"/>
<action no="2" player="Rakki" type="15" sum="5"/>
<action no="3" player="Nonloso6" type="15" discard="1" dealt="1" sum="5"/>
<action no="4" player="Thechosenoonee" type="1" discard="1" dealt="1" sum="15"/>
<action no="5" player="Rakki" type="2" sum="30"/>
</round>
<round no="1"><cards type="Pocket" player="Nonloso6">X X</cards>
<cards type="Pocket" player="Rakki">C3 H9</cards>
<cards type="Pocket" player="Thechosenoonee">X X</cards>
<action no="6" player="Nonloso6" type="0" discard="1" dealt="1" sum="0"/>
<action no="7" player="Thechosenoonee" type="23" discard="1" dealt="1" sum="60"/>
<action no="8" player="Rakki" type="0" sum="0"/>
</round>
</game>
<game gamecode="6437166552"><general><startdate>2025-07-25 00:38:50</startdate>
<round>1</round>
<failsafecounter/>
<players><player seat="3" name="Nonloso6" chips="370" dealer="0" win="0" bet="35" muck="1" rebuy="0" addon="0" merge="0" rebuychips="0" reg_code="5049536820"/>
<player seat="6" name="Thechosenoonee" chips="523" dealer="1" win="90" bet="65" muck="1" rebuy="0" addon="0" merge="0" rebuychips="0" reg_code="5049537899"/>
<player seat="10" name="Rakki" chips="607" dealer="0" win="0" bet="20" muck="1" rebuy="0" addon="0" merge="0" rebuychips="0" reg_code="5049537944"/>
</players>
</general>
<round no="0"><action no="1" player="Rakki" type="15" sum="5"/>
<action no="2" player="Nonloso6" type="15" discard="1" dealt="1" sum="5"/>
<action no="3" player="Thechosenoonee" type="15" discard="1" dealt="1" sum="5"/>
<action no="4" player="Rakki" type="1" sum="15"/>
<action no="5" player="Nonloso6" type="2" discard="1" dealt="1" sum="30"/>
</round>
<round no="1"><cards type="Pocket" player="Rakki">D10 C9</cards>
<cards type="Pocket" player="Nonloso6">X X</cards>
<cards type="Pocket" player="Thechosenoonee">X X</cards>
<action no="6" player="Thechosenoonee" type="23" discard="1" dealt="1" sum="60"/>
<action no="7" player="Rakki" type="0" sum="0"/>
<action no="8" player="Nonloso6" type="0" discard="1" dealt="1" sum="0"/>
</round>
</game>
<game gamecode="6437166575"><general><startdate>2025-07-25 00:39:02</startdate>
<round>1</round>
<failsafecounter/>
<players><player seat="6" name="Thechosenoonee" chips="578" dealer="0" win="195" bet="578" muck="1" rebuy="0" addon="0" merge="0" rebuychips="0" reg_code="5049537899"/>
<player seat="10" name="Rakki" chips="587" dealer="1" win="0" bet="85" muck="1" rebuy="0" addon="0" merge="0" rebuychips="0" reg_code="5049537944"/>
<player seat="3" name="Nonloso6" chips="335" dealer="0" win="0" bet="25" muck="1" rebuy="0" addon="0" merge="0" rebuychips="0" reg_code="5049536820"/>
</players>
</general>
<round no="0"><action no="1" player="Nonloso6" type="15" discard="1" dealt="1" sum="5"/>
<action no="2" player="Thechosenoonee" type="15" discard="1" dealt="1" sum="5"/>
<action no="3" player="Rakki" type="15" sum="5"/>
<action no="4" player="Nonloso6" type="1" discard="1" dealt="1" sum="20"/>
<action no="5" player="Thechosenoonee" type="2" discard="1" dealt="1" sum="40"/>
</round>
<round no="1"><cards type="Pocket" player="Rakki">S8 SK</cards>
<cards type="Pocket" player="Thechosenoonee">X X</cards>
<cards type="Pocket" player="Nonloso6">X X</cards>
<action no="6" player="Rakki" type="23" sum="80"/>
<action no="7" player="Nonloso6" type="0" discard="1" dealt="1" sum="0"/>
<action no="8" player="Thechosenoonee" type="23" discard="1" dealt="1" sum="573"/>
<action no="9" player="Rakki" type="0" sum="0"/>
</round>
</game>
<game gamecode="6437166620"><general><startdate>2025-07-25 00:39:25</startdate>
<round>1</round>
<failsafecounter/>
<players><player seat="10" name="Rakki" chips="502" dealer="0" win="55" bet="45" muck="1" rebuy="0" addon="0" merge="0" rebuychips="0" reg_code="5049537944"/>
<player seat="3" name="Nonloso6" chips="310" dealer="1" win="0" bet="5" muck="1" rebuy="0" addon="0" merge="0" rebuychips="0" reg_code="5049536820"/>
<player seat="6" name="Thechosenoonee" chips="688" dealer="0" win="0" bet="25" muck="1" rebuy="0" addon="0" merge="0" rebuychips="0" reg_code="5049537899"/>
</players>
</general>
<round no="0"><action no="1" player="Thechosenoonee" type="15" discard="1" dealt="1" sum="5"/>
<action no="2" player="Rakki" type="15" sum="5"/>
<action no="3" player="Nonloso6" type="15" discard="1" dealt="1" sum="5"/>
<action no="4" player="Thechosenoonee" type="1" discard="1" dealt="1" sum="20"/>
<action no="5" player="Rakki" type="2" sum="40"/>
</round>
<round no="1"><cards type="Pocket" player="Nonloso6">X X</cards>
<cards type="Pocket" player="Rakki">H6 HQ</cards>
<cards type="Pocket" player="Thechosenoonee">X X</cards>
<action no="6" player="Nonloso6" type="0" discard="1" dealt="1" sum="0"/>
<action no="7" player="Thechosenoonee" type="0" discard="1" dealt="1" sum="0"/>
</round>
</game>
<game gamecode="6437166660"><general><startdate>2025-07-25 00:39:45</startdate>
<round>1</round>
<failsafecounter/>
<players><player seat="3" name="Nonloso6" chips="305" dealer="0" win="0" bet="45" muck="1" rebuy="0" addon="0" merge="0" rebuychips="0" reg_code="5049536820"/>
<player seat="6" name="Thechosenoonee" chips="663" dealer="1" win="0" bet="5" muck="1" rebuy="0" addon="0" merge="0" rebuychips="0" reg_code="5049537899"/>
<player seat="10" name="Rakki" chips="532" dealer="0" win="95" bet="532" muck="1" rebuy="0" addon="0" merge="0" rebuychips="0" reg_code="5049537944"/>
</players>
</general>
<round no="0"><action no="1" player="Rakki" type="15" sum="5"/>
<action no="2" player="Nonloso6" type="15" discard="1" dealt="1" sum="5"/>
<action no="3" player="Thechosenoonee" type="15" discard="1" dealt="1" sum="5"/>
<action no="4" player="Rakki" type="1" sum="20"/>
<action no="5" player="Nonloso6" type="2" discard="1" dealt="1" sum="40"/>
</round>
<round no="1"><cards type="Pocket" player="Nonloso6">X X</cards>
<cards type="Pocket" player="Thechosenoonee">X X</cards>
<cards type="Pocket" player="Rakki">DQ C6</cards>
<action no="6" player="Thechosenoonee" type="0" discard="1" dealt="1" sum="0"/>
<action no="7" player="Rakki" type="23" sum="527"/>
<action no="8" player="Nonloso6" type="0" discard="1" dealt="1" sum="0"/>
</round>
</game>
<game gamecode="6437166694"><general><startdate>2025-07-25 00:39:57</startdate>
<round>1</round>
<failsafecounter/>
<players><player seat="6" name="Thechosenoonee" chips="658" dealer="0" win="0" bet="260" muck="1" rebuy="0" addon="0" merge="0" rebuychips="0" reg_code="5049537899"/>
<player seat="10" name="Rakki" chips="582" dealer="1" win="0" bet="5" muck="1" rebuy="0" addon="0" merge="0" rebuychips="0" reg_code="5049537944"/>
<player seat="3" name="Nonloso6" chips="260" dealer="0" win="525" bet="260" muck="0" rebuy="0" addon="0" merge="0" rebuychips="0" reg_code="5049536820"/>
</players>
</general>
<round no="0"><action no="1" player="Nonloso6" type="15" discard="1" dealt="1" sum="5"/>
<action no="2" player="Thechosenoonee" type="15" discard="1" dealt="1" sum="5"/>
<action no="3" player="Rakki" type="15" sum="5"/>
<action no="4" player="Nonloso6" type="1" discard="1" dealt="1" sum="20"/>
<action no="5" player="Thechosenoonee" type="2" discard="1" dealt="1" sum="40"/>
</round>
<round no="1"><cards type="Pocket" player="Nonloso6">HQ SQ</cards>
<cards type="Pocket" player="Thechosenoonee">S9 D10</cards>
<cards type="Pocket" player="Rakki">C2 H7</cards>
<action no="6" player="Rakki" type="0" sum="0"/>
<action no="7" player="Nonloso6" type="23" discard="1" dealt="1" sum="255"/>
<action no="8" player="Thechosenoonee" type="3" discard="1" dealt="1" sum="215"/>
</round>
<round no="2"><cards type="Flop">C10 DQ HK</cards>
</round>
<round no="3"><cards type="Turn">H6</cards>
</round>
<round no="4"><cards type="River">C3</cards>
</round>
</game>
<game gamecode="6437166731"><general><startdate>2025-07-25 00:40:14</startdate>
<round>1</round>
<failsafecounter/>
<players><player seat="10" name="Rakki" chips="577" dealer="0" win="0" bet="45" muck="1" rebuy="0" addon="0" merge="0" rebuychips="0" reg_code="5049537944"/>
<player seat="3" name="Nonloso6" chips="525" dealer="1" win="115" bet="525" muck="1" rebuy="0" addon="0" merge="0" rebuychips="0" reg_code="5049536820"/>
<player seat="6" name="Thechosenoonee" chips="398" dealer="0" win="0" bet="25" muck="1" rebuy="0" addon="0" merge="0" rebuychips="0" reg_code="5049537899"/>
</players>
</general>
<round no="0"><action no="1" player="Thechosenoonee" type="15" discard="1" dealt="1" sum="5"/>
<action no="2" player="Rakki" type="15" sum="5"/>
<action no="3" player="Nonloso6" type="15" discard="1" dealt="1" sum="5"/>
<action no="4" player="Thechosenoonee" type="1" discard="1" dealt="1" sum="20"/>
<action no="5" player="Rakki" type="2" sum="40"/>
</round>
<round no="1"><cards type="Pocket" player="Thechosenoonee">X X</cards>
<cards type="Pocket" player="Nonloso6">X X</cards>
<cards type="Pocket" player="Rakki">C6 CK</cards>
<action no="6" player="Nonloso6" type="23" discard="1" dealt="1" sum="520"/>
<action no="7" player="Thechosenoonee" type="0" discard="1" dealt="1" sum="0"/>
<action no="8" player="Rakki" type="0" sum="0"/>
</round>
</game>
<game gamecode="6437166759"><general><startdate>2025-07-25 00:40:24</startdate>
<round>1</round>
<failsafecounter/>
<players><player seat="3" name="Nonloso6" chips="595" dealer="0" win="0" bet="45" muck="1" rebuy="0" addon="0" merge="0" rebuychips="0" reg_code="5049536820"/>
<player seat="6" name="Thechosenoonee" chips="373" dealer="1" win="115" bet="373" muck="1" rebuy="0" addon="0" merge="0" rebuychips="0" reg_code="5049537899"/>
<player seat="10" name="Rakki" chips="532" dealer="0" win="0" bet="25" muck="1" rebuy="0" addon="0" merge="0" rebuychips="0" reg_code="5049537944"/>
</players>
</general>
<round no="0"><action no="1" player="Rakki" type="15" sum="5"/>
<action no="2" player="Nonloso6" type="15" discard="1" dealt="1" sum="5"/>
<action no="3" player="Thechosenoonee" type="15" discard="1" dealt="1" sum="5"/>
<action no="4" player="Rakki" type="1" sum="20"/>
<action no="5" player="Nonloso6" type="2" discard="1" dealt="1" sum="40"/>
</round>
<round no="1"><cards type="Pocket" player="Thechosenoonee">X X</cards>
<cards type="Pocket" player="Rakki">H4 SJ</cards>
<cards type="Pocket" player="Nonloso6">X X</cards>
<action no="6" player="Thechosenoonee" type="23" discard="1" dealt="1" sum="368"/>
<action no="7" player="Rakki" type="0" sum="0"/>
<action no="8" player="Nonloso6" type="0" discard="1" dealt="1" sum="0"/>
</round>
</game>
<game gamecode="6437166797"><general><startdate>2025-07-25 00:40:45</startdate>
<round>1</round>
<failsafecounter/>
<players><player seat="6" name="Thechosenoonee" chips="443" dealer="0" win="0" bet="443" muck="1" rebuy="0" addon="0" merge="0" rebuychips="0" reg_code="5049537899"/>
<player seat="10" name="Rakki" chips="507" dealer="1" win="0" bet="5" muck="1" rebuy="0" addon="0" merge="0" rebuychips="0" reg_code="5049537944"/>
<player seat="3" name="Nonloso6" chips="550" dealer="0" win="891" bet="550" muck="0" rebuy="0" addon="0" merge="0" rebuychips="0" reg_code="5049536820"/>
</players>
</general>
<round no="0"><action no="1" player="Nonloso6" type="15" discard="1" dealt="1" sum="5"/>
<action no="2" player="Thechosenoonee" type="15" discard="1" dealt="1" sum="5"/>
<action no="3" player="Rakki" type="15" sum="5"/>
<action no="4" player="Nonloso6" type="1" discard="1" dealt="1" sum="30"/>
<action no="5" player="Thechosenoonee" type="2" discard="1" dealt="1" sum="60"/>
</round>
<round no="1"><cards type="Pocket" player="Rakki">H7 D10</cards>
<cards type="Pocket" player="Nonloso6">DJ C9</cards>
<cards type="Pocket" player="Thechosenoonee">D9 H10</cards>
<action no="6" player="Rakki" type="0" sum="0"/>
<action no="7" player="Nonloso6" type="23" discard="1" dealt="1" sum="545"/>
<action no="8" player="Thechosenoonee" type="7" discard="1" dealt="1" sum="378"/>
</round>
<round no="2"><cards type="Flop">D3 D8 SK</cards>
</round>
<round no="3"><cards type="Turn">SJ</cards>
</round>
<round no="4"><cards type="River">D2</cards>
</round>
</game>
<game gamecode="6437166836"><general><startdate>2025-07-25 00:41:03</startdate>
<round>1</round>
<failsafecounter/>
<players><player seat="10" name="Rakki" chips="502" dealer="0" win="70" bet="65" muck="1" rebuy="0" addon="0" merge="0" rebuychips="0" reg_code="5049537944"/>
<player seat="3" name="Nonloso6" chips="998" dealer="1" win="0" bet="35" muck="1" rebuy="0" addon="0" merge="0" rebuychips="0" reg_code="5049536820"/>
</players>
</general>
<round no="0"><action no="1" player="Nonloso6" type="15" discard="1" dealt="1" sum="5"/>
<action no="2" player="Rakki" type="15" sum="5"/>
<action no="3" player="Nonloso6" type="1" discard="1" dealt="1" sum="30"/>
<action no="4" player="Rakki" type="2" sum="60"/>
</round>
<round no="1"><cards type="Pocket" player="Rakki">HJ C10</cards>
<cards type="Pocket" player="Nonloso6">X X</cards>
<action no="5" player="Nonloso6" type="0" discard="1" dealt="1" sum="0"/>
</round>
</game>
<game gamecode="6437166863"><general><startdate>2025-07-25 00:41:16</startdate>
<round>1</round>
<failsafecounter/>
<players><player seat="3" name="Nonloso6" chips="963" dealer="0" win="0" bet="65" muck="1" rebuy="0" addon="0" merge="0" rebuychips="0" reg_code="5049536820"/>
<player seat="10" name="Rakki" chips="537" dealer="1" win="130" bet="537" muck="1" rebuy="0" addon="0" merge="0" rebuychips="0" reg_code="5049537944"/>
</players>
</general>
<round no="0"><action no="1" player="Rakki" type="15" sum="5"/>
<action no="2" player="Nonloso6" type="15" discard="1" dealt="1" sum="5"/>
<action no="3" player="Rakki" type="1" sum="30"/>
<action no="4" player="Nonloso6" type="2" discard="1" dealt="1" sum="60"/>
</round>
<round no="1"><cards type="Pocket" player="Nonloso6">X X</cards>
<cards type="Pocket" player="Rakki">CA D9</cards>
<action no="5" player="Rakki" type="23" sum="532"/>
<action no="6" player="Nonloso6" type="0" discard="1" dealt="1" sum="0"/>
</round>
</game>
<game gamecode="6437166886"><general><startdate>2025-07-25 00:41:28</startdate>
<round>1</round>
<failsafecounter/>
<players><player seat="10" name="Rakki" chips="602" dealer="0" win="130" bet="602" muck="1" rebuy="0" addon="0" merge="0" rebuychips="0" reg_code="5049537944"/>
<player seat="3" name="Nonloso6" chips="898" dealer="1" win="0" bet="65" muck="1" rebuy="0" addon="0" merge="0" rebuychips="0" reg_code="5049536820"/>
</players>
</general>
<round no="0"><action no="1" player="Nonloso6" type="15" discard="1" dealt="1" sum="5"/>
<action no="2" player="Rakki" type="15" sum="5"/>
<action no="3" player="Nonloso6" type="1" discard="1" dealt="1" sum="30"/>
<action no="4" player="Rakki" type="2" sum="60"/>
</round>
<round no="1"><cards type="Pocket" player="Nonloso6">X X</cards>
<cards type="Pocket" player="Rakki">SA D8</cards>
<action no="5" player="Nonloso6" type="3" discard="1" dealt="1" sum="30"/>
<action no="6" player="Rakki" type="23" sum="597"/>
<action no="7" player="Nonloso6" type="0" discard="1" dealt="1" sum="0"/>
</round>
</game>
<game gamecode="6437166910"><general><startdate>2025-07-25 00:41:38</startdate>
<round>1</round>
<failsafecounter/>
<players><player seat="3" name="Nonloso6" chips="833" dealer="0" win="130" bet="833" muck="1" rebuy="0" addon="0" merge="0" rebuychips="0" reg_code="5049536820"/>
<player seat="10" name="Rakki" chips="667" dealer="1" win="0" bet="65" muck="1" rebuy="0" addon="0" merge="0" rebuychips="0" reg_code="5049537944"/>
</players>
</general>
<round no="0"><action no="1" player="Rakki" type="15" sum="5"/>
<action no="2" player="Nonloso6" type="15" discard="1" dealt="1" sum="5"/>
<action no="3" player="Rakki" type="1" sum="30"/>
<action no="4" player="Nonloso6" type="2" discard="1" dealt="1" sum="60"/>
</round>
<round no="1"><cards type="Pocket" player="Nonloso6">X X</cards>
<cards type="Pocket" player="Rakki">S3 C4</cards>
<action no="5" player="Rakki" type="3" sum="30"/>
<action no="6" player="Nonloso6" type="23" discard="1" dealt="1" sum="828"/>
<action no="7" player="Rakki" type="0" sum="0"/>
</round>
</game>
<game gamecode="6437166940"><general><startdate>2025-07-25 00:41:52</startdate>
<round>1</round>
<failsafecounter/>
<players><player seat="10" name="Rakki" chips="602" dealer="0" win="0" bet="602" muck="1" rebuy="0" addon="0" merge="0" rebuychips="0" reg_code="5049537944"/>
<player seat="3" name="Nonloso6" chips="898" dealer="1" win="1,204" bet="898" muck="0" rebuy="0" addon="0" merge="0" rebuychips="0" reg_code="5049536820"/>
</players>
</general>
<round no="0"><action no="1" player="Nonloso6" type="15" discard="1" dealt="1" sum="5"/>
<action no="2" player="Rakki" type="15" sum="5"/>
<action no="3" player="Nonloso6" type="1" discard="1" dealt="1" sum="30"/>
<action no="4" player="Rakki" type="2" sum="60"/>
</round>
<round no="1"><cards type="Pocket" player="Nonloso6">C9 DQ</cards>
<cards type="Pocket" player="Rakki">D10 SJ</cards>
<action no="5" player="Nonloso6" type="23" discard="1" dealt="1" sum="893"/>
<action no="6" player="Rakki" type="7" sum="537"/>
</round>
<round no="2"><cards type="Flop">SA CA D4</cards>
</round>
<round no="3"><cards type="Turn">D9</cards>
</round>
<round no="4"><cards type="River">H8</cards>
</round>
</game>
</session>
