<?xml version="1.0" encoding="UTF-8"?>
<session sessioncode="5049127548">
<general>
<client_version>25.1.1.16</client_version>
<mode>real</mode>
<gametype>Holdem NL</gametype>
<tablename>Twister €100 SNG, 814457282</tablename>
<tournamentcode>814457281</tournamentcode>
<tournamentname>Twister €100 SNG</tournamentname>
<buyin>€0 + €7 + €93</buyin>
<totalbuyin>€100</totalbuyin>
<rewarddrawn>€200</rewarddrawn>
<tournamentcurrency>EUR</tournamentcurrency>
<currency>EUR</currency>
<nickname>Rakki</nickname>
<gamecount>26</gamecount>
<startdate>2025-07-23 00:03:57</startdate>
<place>2</place>
<win>€0</win>
<tablesize>3</tablesize>
</general>
<game gamecode="6435509980"><general><startdate>2025-07-23 00:04:12</startdate>
<round>1</round>
<failsafecounter/>
<players><player seat="3" name="Rakki" chips="500" dealer="0" win="0" bet="20" muck="1" rebuy="0" addon="0" merge="0" rebuychips="0" reg_code="5049127548"/>
<player seat="6" name="Thechosenoonee" chips="500" dealer="1" win="0" bet="0" muck="1" rebuy="0" addon="0" merge="0" rebuychips="0" reg_code="5049127556"/>
<player seat="10" name="OFiorbe" chips="500" dealer="0" win="40" bet="500" muck="1" rebuy="0" addon="0" merge="0" rebuychips="0" reg_code="5049127595"/>
</players>
</general>
<round no="0"><action no="1" player="OFiorbe" type="1" discard="1" dealt="1" sum="10"/>
<action no="2" player="Rakki" type="2" sum="20"/>
</round>
<round no="1"><cards type="Pocket" player="OFiorbe">X X</cards>
<cards type="Pocket" player="Rakki">S2 H5</cards>
<cards type="Pocket" player="Thechosenoonee">X X</cards>
<action no="3" player="Thechosenoonee" type="0" discard="1" dealt="1" sum="0"/>
<action no="4" player="OFiorbe" type="23" discard="1" dealt="1" sum="500"/>
<action no="5" player="Rakki" type="0" sum="0"/>
</round>
</game>
<game gamecode="6435510005"><general><startdate>2025-07-23 00:04:25</startdate>
<round>1</round>
<failsafecounter/>
<players><player seat="6" name="Thechosenoonee" chips="500" dealer="0" win="0" bet="183" muck="1" rebuy="0" addon="0" merge="0" rebuychips="0" reg_code="5049127556"/>
<player seat="10" name="OFiorbe" chips="520" dealer="1" win="376" bet="520" muck="1" rebuy="0" addon="0" merge="0" rebuychips="0" reg_code="5049127595"/>
<player seat="3" name="Rakki" chips="480" dealer="0" win="0" bet="10" muck="1" rebuy="0" addon="0" merge="0" rebuychips="0" reg_code="5049127548"/>
</players>
</general>
<round no="0"><action no="1" player="Rakki" type="1" sum="10"/>
<action no="2" player="Thechosenoonee" type="2" discard="1" dealt="1" sum="20"/>
</round>
<round no="1"><cards type="Pocket" player="OFiorbe">X X</cards>
<cards type="Pocket" player="Rakki">SA C5</cards>
<cards type="Pocket" player="Thechosenoonee">X X</cards>
<action no="3" player="OFiorbe" type="23" discard="1" dealt="1" sum="40"/>
<action no="4" player="Rakki" type="0" sum="0"/>
<action no="5" player="Thechosenoonee" type="3" discard="1" dealt="1" sum="20"/>
</round>
<round no="2"><cards type="Flop">H10 H8 D2</cards>
<action no="6" player="Thechosenoonee" type="4" discard="1" dealt="1" sum="0"/>
<action no="7" player="OFiorbe" type="5" discard="1" dealt="1" sum="30"/>
<action no="8" player="Thechosenoonee" type="3" discard="1" dealt="1" sum="30"/>
</round>
<round no="3"><cards type="Turn">C9</cards>
<action no="9" player="Thechosenoonee" type="4" discard="1" dealt="1" sum="0"/>
<action no="10" player="OFiorbe" type="5" discard="1" dealt="1" sum="113"/>
<action no="11" player="Thechosenoonee" type="3" discard="1" dealt="1" sum="113"/>
</round>
<round no="4"><cards type="River">C6</cards>
<action no="12" player="Thechosenoonee" type="4" discard="1" dealt="1" sum="0"/>
<action no="13" player="OFiorbe" type="5" discard="1" dealt="1" sum="337"/>
<action no="14" player="Thechosenoonee" type="0" discard="1" dealt="1" sum="0"/>
</round>
</game>
<game gamecode="6435510091"><general><startdate>2025-07-23 00:05:21</startdate>
<round>1</round>
<failsafecounter/>
<players><player seat="10" name="OFiorbe" chips="713" dealer="0" win="20" bet="20" muck="1" rebuy="0" addon="0" merge="0" rebuychips="0" reg_code="5049127595"/>
<player seat="3" name="Rakki" chips="470" dealer="1" win="0" bet="0" muck="1" rebuy="0" addon="0" merge="0" rebuychips="0" reg_code="5049127548"/>
<player seat="6" name="Thechosenoonee" chips="317" dealer="0" win="0" bet="10" muck="1" rebuy="0" addon="0" merge="0" rebuychips="0" reg_code="5049127556"/>
</players>
</general>
<round no="0"><action no="1" player="Thechosenoonee" type="1" discard="1" dealt="1" sum="10"/>
<action no="2" player="OFiorbe" type="2" discard="1" dealt="1" sum="20"/>
</round>
<round no="1"><cards type="Pocket" player="OFiorbe">X X</cards>
<cards type="Pocket" player="Thechosenoonee">X X</cards>
<cards type="Pocket" player="Rakki">S2 S8</cards>
<action no="3" player="Rakki" type="0" sum="0"/>
<action no="4" player="Thechosenoonee" type="0" discard="1" dealt="1" sum="0"/>
</round>
</game>
<game gamecode="6435510108"><general><startdate>2025-07-23 00:05:28</startdate>
<round>1</round>
<failsafecounter/>
<players><player seat="3" name="Rakki" chips="470" dealer="0" win="0" bet="20" muck="1" rebuy="0" addon="0" merge="0" rebuychips="0" reg_code="5049127548"/>
<player seat="6" name="Thechosenoonee" chips="307" dealer="1" win="50" bet="307" muck="1" rebuy="0" addon="0" merge="0" rebuychips="0" reg_code="5049127556"/>
<player seat="10" name="OFiorbe" chips="723" dealer="0" win="0" bet="10" muck="1" rebuy="0" addon="0" merge="0" rebuychips="0" reg_code="5049127595"/>
</players>
</general>
<round no="0"><action no="1" player="OFiorbe" type="1" discard="1" dealt="1" sum="10"/>
<action no="2" player="Rakki" type="2" sum="20"/>
</round>
<round no="1"><cards type="Pocket" player="Thechosenoonee">X X</cards>
<cards type="Pocket" player="OFiorbe">X X</cards>
<cards type="Pocket" player="Rakki">C5 C4</cards>
<action no="3" player="Thechosenoonee" type="23" discard="1" dealt="1" sum="307"/>
<action no="4" player="OFiorbe" type="0" discard="1" dealt="1" sum="0"/>
<action no="5" player="Rakki" type="0" sum="0"/>
</round>
</game>
<game gamecode="6435510122"><general><startdate>2025-07-23 00:05:39</startdate>
<round>1</round>
<failsafecounter/>
<players><player seat="6" name="Thechosenoonee" chips="337" dealer="0" win="80" bet="337" muck="1" rebuy="0" addon="0" merge="0" rebuychips="0" reg_code="5049127556"/>
<player seat="10" name="OFiorbe" chips="713" dealer="1" win="0" bet="0" muck="1" rebuy="0" addon="0" merge="0" rebuychips="0" reg_code="5049127595"/>
<player seat="3" name="Rakki" chips="450" dealer="0" win="0" bet="40" muck="1" rebuy="0" addon="0" merge="0" rebuychips="0" reg_code="5049127548"/>
</players>
</general>
<round no="0"><action no="1" player="Rakki" type="1" sum="10"/>
<action no="2" player="Thechosenoonee" type="2" discard="1" dealt="1" sum="20"/>
</round>
<round no="1"><cards type="Pocket" player="Rakki">SJ D9</cards>
<cards type="Pocket" player="Thechosenoonee">X X</cards>
<cards type="Pocket" player="OFiorbe">X X</cards>
<action no="3" player="OFiorbe" type="0" discard="1" dealt="1" sum="0"/>
<action no="4" player="Rakki" type="23" sum="40"/>
<action no="5" player="Thechosenoonee" type="23" discard="1" dealt="1" sum="337"/>
<action no="6" player="Rakki" type="0" sum="0"/>
</round>
</game>
<game gamecode="6435510151"><general><startdate>2025-07-23 00:06:00</startdate>
<round>1</round>
<failsafecounter/>
<players><player seat="10" name="OFiorbe" chips="713" dealer="0" win="0" bet="65" muck="1" rebuy="0" addon="0" merge="0" rebuychips="0" reg_code="5049127595"/>
<player seat="3" name="Rakki" chips="410" dealer="1" win="150" bet="95" muck="1" rebuy="0" addon="0" merge="0" rebuychips="0" reg_code="5049127548"/>
<player seat="6" name="Thechosenoonee" chips="377" dealer="0" win="0" bet="20" muck="1" rebuy="0" addon="0" merge="0" rebuychips="0" reg_code="5049127556"/>
</players>
</general>
<round no="0"><action no="1" player="Thechosenoonee" type="15" discard="1" dealt="1" sum="5"/>
<action no="2" player="OFiorbe" type="15" discard="1" dealt="1" sum="5"/>
<action no="3" player="Rakki" type="15" sum="5"/>
<action no="4" player="Thechosenoonee" type="1" discard="1" dealt="1" sum="15"/>
<action no="5" player="OFiorbe" type="2" discard="1" dealt="1" sum="30"/>
</round>
<round no="1"><cards type="Pocket" player="OFiorbe">X X</cards>
<cards type="Pocket" player="Rakki">S9 HK</cards>
<cards type="Pocket" player="Thechosenoonee">X X</cards>
<action no="6" player="Rakki" type="23" sum="60"/>
<action no="7" player="Thechosenoonee" type="0" discard="1" dealt="1" sum="0"/>
<action no="8" player="OFiorbe" type="3" discard="1" dealt="1" sum="30"/>
</round>
<round no="2"><cards type="Flop">H3 SA C10</cards>
<action no="9" player="OFiorbe" type="4" discard="1" dealt="1" sum="0"/>
<action no="10" player="Rakki" type="5" sum="30"/>
<action no="11" player="OFiorbe" type="0" discard="1" dealt="1" sum="0"/>
</round>
</game>
<game gamecode="6435510181"><general><startdate>2025-07-23 00:06:22</startdate>
<round>1</round>
<failsafecounter/>
<players><player seat="3" name="Rakki" chips="495" dealer="0" win="0" bet="65" muck="1" rebuy="0" addon="0" merge="0" rebuychips="0" reg_code="5049127548"/>
<player seat="6" name="Thechosenoonee" chips="357" dealer="1" win="0" bet="5" muck="1" rebuy="0" addon="0" merge="0" rebuychips="0" reg_code="5049127556"/>
<player seat="10" name="OFiorbe" chips="648" dealer="0" win="135" bet="166" muck="1" rebuy="0" addon="0" merge="0" rebuychips="0" reg_code="5049127595"/>
</players>
</general>
<round no="0"><action no="1" player="OFiorbe" type="15" discard="1" dealt="1" sum="5"/>
<action no="2" player="Rakki" type="15" sum="5"/>
<action no="3" player="Thechosenoonee" type="15" discard="1" dealt="1" sum="5"/>
<action no="4" player="OFiorbe" type="1" discard="1" dealt="1" sum="15"/>
<action no="5" player="Rakki" type="2" sum="30"/>
</round>
<round no="1"><cards type="Pocket" player="Rakki">H8 H2</cards>
<cards type="Pocket" player="OFiorbe">X X</cards>
<cards type="Pocket" player="Thechosenoonee">X X</cards>
<action no="6" player="Thechosenoonee" type="0" discard="1" dealt="1" sum="0"/>
<action no="7" player="OFiorbe" type="23" discard="1" dealt="1" sum="60"/>
<action no="8" player="Rakki" type="3" sum="30"/>
</round>
<round no="2"><cards type="Flop">D9 H6 C10</cards>
<action no="9" player="OFiorbe" type="5" discard="1" dealt="1" sum="101"/>
<action no="10" player="Rakki" type="0" sum="0"/>
</round>
</game>
<game gamecode="6435510207"><general><startdate>2025-07-23 00:06:39</startdate>
<round>1</round>
<failsafecounter/>
<players><player seat="6" name="Thechosenoonee" chips="352" dealer="0" win="45" bet="35" muck="1" rebuy="0" addon="0" merge="0" rebuychips="0" reg_code="5049127556"/>
<player seat="10" name="OFiorbe" chips="718" dealer="1" win="0" bet="5" muck="1" rebuy="0" addon="0" merge="0" rebuychips="0" reg_code="5049127595"/>
<player seat="3" name="Rakki" chips="430" dealer="0" win="0" bet="20" muck="1" rebuy="0" addon="0" merge="0" rebuychips="0" reg_code="5049127548"/>
</players>
</general>
<round no="0"><action no="1" player="Rakki" type="15" sum="5"/>
<action no="2" player="Thechosenoonee" type="15" discard="1" dealt="1" sum="5"/>
<action no="3" player="OFiorbe" type="15" discard="1" dealt="1" sum="5"/>
<action no="4" player="Rakki" type="1" sum="15"/>
<action no="5" player="Thechosenoonee" type="2" discard="1" dealt="1" sum="30"/>
</round>
<round no="1"><cards type="Pocket" player="Rakki">C4 H5</cards>
<cards type="Pocket" player="OFiorbe">X X</cards>
<cards type="Pocket" player="Thechosenoonee">X X</cards>
<action no="6" player="OFiorbe" type="0" discard="1" dealt="1" sum="0"/>
<action no="7" player="Rakki" type="0" sum="0"/>
</round>
</game>
<game gamecode="6435510224"><general><startdate>2025-07-23 00:06:48</startdate>
<round>1</round>
<failsafecounter/>
<players><player seat="10" name="OFiorbe" chips="713" dealer="0" win="0" bet="35" muck="1" rebuy="0" addon="0" merge="0" rebuychips="0" reg_code="5049127595"/>
<player seat="3" name="Rakki" chips="410" dealer="1" win="90" bet="410" muck="1" rebuy="0" addon="0" merge="0" rebuychips="0" reg_code="5049127548"/>
<player seat="6" name="Thechosenoonee" chips="377" dealer="0" win="0" bet="20" muck="1" rebuy="0" addon="0" merge="0" rebuychips="0" reg_code="5049127556"/>
</players>
</general>
<round no="0"><action no="1" player="Thechosenoonee" type="15" discard="1" dealt="1" sum="5"/>
<action no="2" player="OFiorbe" type="15" discard="1" dealt="1" sum="5"/>
<action no="3" player="Rakki" type="15" sum="5"/>
<action no="4" player="Thechosenoonee" type="1" discard="1" dealt="1" sum="15"/>
<action no="5" player="OFiorbe" type="2" discard="1" dealt="1" sum="30"/>
</round>
<round no="1"><cards type="Pocket" player="OFiorbe">X X</cards>
<cards type="Pocket" player="Rakki">CA S4</cards>
<cards type="Pocket" player="Thechosenoonee">X X</cards>
<action no="6" player="Rakki" type="23" sum="405"/>
<action no="7" player="Thechosenoonee" type="0" discard="1" dealt="1" sum="0"/>
<action no="8" player="OFiorbe" type="0" discard="1" dealt="1" sum="0"/>
</round>
</game>
<game gamecode="6435510239"><general><startdate>2025-07-23 00:06:57</startdate>
<round>1</round>
<failsafecounter/>
<players><player seat="3" name="Rakki" chips="465" dealer="0" win="0" bet="35" muck="1" rebuy="0" addon="0" merge="0" rebuychips="0" reg_code="5049127548"/>
<player seat="6" name="Thechosenoonee" chips="357" dealer="1" win="90" bet="357" muck="1" rebuy="0" addon="0" merge="0" rebuychips="0" reg_code="5049127556"/>
<player seat="10" name="OFiorbe" chips="678" dealer="0" win="0" bet="20" muck="1" rebuy="0" addon="0" merge="0" rebuychips="0" reg_code="5049127595"/>
</players>
</general>
<round no="0"><action no="1" player="OFiorbe" type="15" discard="1" dealt="1" sum="5"/>
<action no="2" player="Rakki" type="15" sum="5"/>
<action no="3" player="Thechosenoonee" type="15" discard="1" dealt="1" sum="5"/>
<action no="4" player="OFiorbe" type="1" discard="1" dealt="1" sum="15"/>
<action no="5" player="Rakki" type="2" sum="30"/>
</round>
<round no="1"><cards type="Pocket" player="Thechosenoonee">X X</cards>
<cards type="Pocket" player="Rakki">D5 SJ</cards>
<cards type="Pocket" player="OFiorbe">X X</cards>
<action no="6" player="Thechosenoonee" type="23" discard="1" dealt="1" sum="352"/>
<action no="7" player="OFiorbe" type="0" discard="1" dealt="1" sum="0"/>
<action no="8" player="Rakki" type="0" sum="0"/>
</round>
</game>
<game gamecode="6435510261"><general><startdate>2025-07-23 00:07:12</startdate>
<round>1</round>
<failsafecounter/>
<players><player seat="6" name="Thechosenoonee" chips="412" dealer="0" win="0" bet="65" muck="1" rebuy="0" addon="0" merge="0" rebuychips="0" reg_code="5049127556"/>
<player seat="10" name="OFiorbe" chips="658" dealer="1" win="0" bet="5" muck="1" rebuy="0" addon="0" merge="0" rebuychips="0" reg_code="5049127595"/>
<player seat="3" name="Rakki" chips="430" dealer="0" win="135" bet="95" muck="1" rebuy="0" addon="0" merge="0" rebuychips="0" reg_code="5049127548"/>
</players>
</general>
<round no="0"><action no="1" player="Rakki" type="15" sum="5"/>
<action no="2" player="Thechosenoonee" type="15" discard="1" dealt="1" sum="5"/>
<action no="3" player="OFiorbe" type="15" discard="1" dealt="1" sum="5"/>
<action no="4" player="Rakki" type="1" sum="15"/>
<action no="5" player="Thechosenoonee" type="2" discard="1" dealt="1" sum="30"/>
</round>
<round no="1"><cards type="Pocket" player="Rakki">D9 DK</cards>
<cards type="Pocket" player="Thechosenoonee">X X</cards>
<cards type="Pocket" player="OFiorbe">X X</cards>
<action no="6" player="OFiorbe" type="0" discard="1" dealt="1" sum="0"/>
<action no="7" player="Rakki" type="23" sum="60"/>
<action no="8" player="Thechosenoonee" type="3" discard="1" dealt="1" sum="30"/>
</round>
<round no="2"><cards type="Flop">H8 D2 S3</cards>
<action no="9" player="Rakki" type="5" sum="30"/>
<action no="10" player="Thechosenoonee" type="0" discard="1" dealt="1" sum="0"/>
</round>
</game>
<game gamecode="6435510296"><general><startdate>2025-07-23 00:07:34</startdate>
<round>1</round>
<failsafecounter/>
<players><player seat="10" name="OFiorbe" chips="653" dealer="0" win="0" bet="45" muck="1" rebuy="0" addon="0" merge="0" rebuychips="0" reg_code="5049127595"/>
<player seat="3" name="Rakki" chips="500" dealer="1" win="115" bet="500" muck="1" rebuy="0" addon="0" merge="0" rebuychips="0" reg_code="5049127548"/>
<player seat="6" name="Thechosenoonee" chips="347" dealer="0" win="0" bet="25" muck="1" rebuy="0" addon="0" merge="0" rebuychips="0" reg_code="5049127556"/>
</players>
</general>
<round no="0"><action no="1" player="Thechosenoonee" type="15" discard="1" dealt="1" sum="5"/>
<action no="2" player="OFiorbe" type="15" discard="1" dealt="1" sum="5"/>
<action no="3" player="Rakki" type="15" sum="5"/>
<action no="4" player="Thechosenoonee" type="1" discard="1" dealt="1" sum="20"/>
<action no="5" player="OFiorbe" type="2" discard="1" dealt="1" sum="40"/>
</round>
<round no="1"><cards type="Pocket" player="Thechosenoonee">X X</cards>
<cards type="Pocket" player="Rakki">CA S10</cards>
<cards type="Pocket" player="OFiorbe">X X</cards>
<action no="6" player="Rakki" type="23" sum="495"/>
<action no="7" player="Thechosenoonee" type="0" discard="1" dealt="1" sum="0"/>
<action no="8" player="OFiorbe" type="0" discard="1" dealt="1" sum="0"/>
</round>
</game>
<game gamecode="6435510308"><general><startdate>2025-07-23 00:07:42</startdate>
<round>1</round>
<failsafecounter/>
<players><player seat="3" name="Rakki" chips="570" dealer="0" win="0" bet="45" muck="1" rebuy="0" addon="0" merge="0" rebuychips="0" reg_code="5049127548"/>
<player seat="6" name="Thechosenoonee" chips="322" dealer="1" win="689" bet="322" muck="0" rebuy="0" addon="0" merge="0" rebuychips="0" reg_code="5049127556"/>
<player seat="10" name="OFiorbe" chips="608" dealer="0" win="0" bet="608" muck="1" rebuy="0" addon="0" merge="0" rebuychips="0" reg_code="5049127595"/>
</players>
</general>
<round no="0"><action no="1" player="OFiorbe" type="15" discard="1" dealt="1" sum="5"/>
<action no="2" player="Rakki" type="15" sum="5"/>
<action no="3" player="Thechosenoonee" type="15" discard="1" dealt="1" sum="5"/>
<action no="4" player="OFiorbe" type="1" discard="1" dealt="1" sum="20"/>
<action no="5" player="Rakki" type="2" sum="40"/>
</round>
<round no="1"><cards type="Pocket" player="Rakki">D5 D7</cards>
<cards type="Pocket" player="Thechosenoonee">D10 SK</cards>
<cards type="Pocket" player="OFiorbe">H9 D9</cards>
<action no="6" player="Thechosenoonee" type="23" discard="1" dealt="1" sum="317"/>
<action no="7" player="OFiorbe" type="23" discard="1" dealt="1" sum="603"/>
<action no="8" player="Rakki" type="0" sum="0"/>
</round>
<round no="2"><cards type="Flop">S10 C10 D3</cards>
</round>
<round no="3"><cards type="Turn">C2</cards>
</round>
<round no="4"><cards type="River">H7</cards>
</round>
</game>
<game gamecode="6435510340"><general><startdate>2025-07-23 00:08:00</startdate>
<round>1</round>
<failsafecounter/>
<players><player seat="6" name="Thechosenoonee" chips="689" dealer="0" win="0" bet="45" muck="1" rebuy="0" addon="0" merge="0" rebuychips="0" reg_code="5049127556"/>
<player seat="10" name="OFiorbe" chips="286" dealer="1" win="0" bet="5" muck="1" rebuy="0" addon="0" merge="0" rebuychips="0" reg_code="5049127595"/>
<player seat="3" name="Rakki" chips="525" dealer="0" win="95" bet="85" muck="1" rebuy="0" addon="0" merge="0" rebuychips="0" reg_code="5049127548"/>
</players>
</general>
<round no="0"><action no="1" player="Rakki" type="15" sum="5"/>
<action no="2" player="Thechosenoonee" type="15" discard="1" dealt="1" sum="5"/>
<action no="3" player="OFiorbe" type="15" discard="1" dealt="1" sum="5"/>
<action no="4" player="Rakki" type="1" sum="20"/>
<action no="5" player="Thechosenoonee" type="2" discard="1" dealt="1" sum="40"/>
</round>
<round no="1"><cards type="Pocket" player="OFiorbe">X X</cards>
<cards type="Pocket" player="Rakki">H5 H3</cards>
<cards type="Pocket" player="Thechosenoonee">X X</cards>
<action no="6" player="OFiorbe" type="0" discard="1" dealt="1" sum="0"/>
<action no="7" player="Rakki" type="3" sum="20"/>
<action no="8" player="Thechosenoonee" type="4" discard="1" dealt="1" sum="0"/>
</round>
<round no="2"><cards type="Flop">C10 SA C5</cards>
<action no="9" player="Rakki" type="5" sum="40"/>
<action no="10" player="Thechosenoonee" type="0" discard="1" dealt="1" sum="0"/>
</round>
</game>
<game gamecode="6435510373"><general><startdate>2025-07-23 00:08:17</startdate>
<round>1</round>
<failsafecounter/>
<players><player seat="10" name="OFiorbe" chips="281" dealer="0" win="0" bet="45" muck="1" rebuy="0" addon="0" merge="0" rebuychips="0" reg_code="5049127595"/>
<player seat="3" name="Rakki" chips="575" dealer="1" win="115" bet="575" muck="1" rebuy="0" addon="0" merge="0" rebuychips="0" reg_code="5049127548"/>
<player seat="6" name="Thechosenoonee" chips="644" dealer="0" win="0" bet="25" muck="1" rebuy="0" addon="0" merge="0" rebuychips="0" reg_code="5049127556"/>
</players>
</general>
<round no="0"><action no="1" player="Thechosenoonee" type="15" discard="1" dealt="1" sum="5"/>
<action no="2" player="OFiorbe" type="15" discard="1" dealt="1" sum="5"/>
<action no="3" player="Rakki" type="15" sum="5"/>
<action no="4" player="Thechosenoonee" type="1" discard="1" dealt="1" sum="20"/>
<action no="5" player="OFiorbe" type="2" discard="1" dealt="1" sum="40"/>
</round>
<round no="1"><cards type="Pocket" player="Thechosenoonee">X X</cards>
<cards type="Pocket" player="Rakki">HA DJ</cards>
<cards type="Pocket" player="OFiorbe">X X</cards>
<action no="6" player="Rakki" type="23" sum="570"/>
<action no="7" player="Thechosenoonee" type="0" discard="1" dealt="1" sum="0"/>
<action no="8" player="OFiorbe" type="0" discard="1" dealt="1" sum="0"/>
</round>
</game>
<game gamecode="6435510397"><general><startdate>2025-07-23 00:08:29</startdate>
<round>1</round>
<failsafecounter/>
<players><player seat="3" name="Rakki" chips="645" dealer="0" win="0" bet="45" muck="1" rebuy="0" addon="0" merge="0" rebuychips="0" reg_code="5049127548"/>
<player seat="6" name="Thechosenoonee" chips="619" dealer="1" win="115" bet="85" muck="1" rebuy="0" addon="0" merge="0" rebuychips="0" reg_code="5049127556"/>
<player seat="10" name="OFiorbe" chips="236" dealer="0" win="0" bet="25" muck="1" rebuy="0" addon="0" merge="0" rebuychips="0" reg_code="5049127595"/>
</players>
</general>
<round no="0"><action no="1" player="OFiorbe" type="15" discard="1" dealt="1" sum="5"/>
<action no="2" player="Rakki" type="15" sum="5"/>
<action no="3" player="Thechosenoonee" type="15" discard="1" dealt="1" sum="5"/>
<action no="4" player="OFiorbe" type="1" discard="1" dealt="1" sum="20"/>
<action no="5" player="Rakki" type="2" sum="40"/>
</round>
<round no="1"><cards type="Pocket" player="Rakki">H7 SK</cards>
<cards type="Pocket" player="OFiorbe">X X</cards>
<cards type="Pocket" player="Thechosenoonee">X X</cards>
<action no="6" player="Thechosenoonee" type="23" discard="1" dealt="1" sum="80"/>
<action no="7" player="OFiorbe" type="0" discard="1" dealt="1" sum="0"/>
<action no="8" player="Rakki" type="0" sum="0"/>
</round>
</game>
<game gamecode="6435510417"><general><startdate>2025-07-23 00:08:44</startdate>
<round>1</round>
<failsafecounter/>
<players><player seat="6" name="Thechosenoonee" chips="689" dealer="0" win="447" bet="211" muck="0" rebuy="0" addon="0" merge="0" rebuychips="0" reg_code="5049127556"/>
<player seat="10" name="OFiorbe" chips="211" dealer="1" win="0" bet="211" muck="0" rebuy="0" addon="0" merge="0" rebuychips="0" reg_code="5049127595"/>
<player seat="3" name="Rakki" chips="600" dealer="0" win="0" bet="25" muck="1" rebuy="0" addon="0" merge="0" rebuychips="0" reg_code="5049127548"/>
</players>
</general>
<round no="0"><action no="1" player="Rakki" type="15" sum="5"/>
<action no="2" player="Thechosenoonee" type="15" discard="1" dealt="1" sum="5"/>
<action no="3" player="OFiorbe" type="15" discard="1" dealt="1" sum="5"/>
<action no="4" player="Rakki" type="1" sum="20"/>
<action no="5" player="Thechosenoonee" type="2" discard="1" dealt="1" sum="40"/>
</round>
<round no="1"><cards type="Pocket" player="OFiorbe">H7 HJ</cards>
<cards type="Pocket" player="Thechosenoonee">S9 DQ</cards>
<cards type="Pocket" player="Rakki">H6 D4</cards>
<action no="6" player="OFiorbe" type="23" discard="1" dealt="1" sum="206"/>
<action no="7" player="Rakki" type="0" sum="0"/>
<action no="8" player="Thechosenoonee" type="3" discard="1" dealt="1" sum="166"/>
</round>
<round no="2"><cards type="Flop">HQ HA D10</cards>
</round>
<round no="3"><cards type="Turn">C3</cards>
</round>
<round no="4"><cards type="River">C8</cards>
</round>
</game>
<game gamecode="6435510448"><general><startdate>2025-07-23 00:09:03</startdate>
<round>1</round>
<failsafecounter/>
<players><player seat="6" name="Thechosenoonee" chips="925" dealer="0" win="0" bet="45" muck="1" rebuy="0" addon="0" merge="0" rebuychips="0" reg_code="5049127556"/>
<player seat="3" name="Rakki" chips="575" dealer="1" win="90" bet="85" muck="1" rebuy="0" addon="0" merge="0" rebuychips="0" reg_code="5049127548"/>
</players>
</general>
<round no="0"><action no="1" player="Rakki" type="15" sum="5"/>
<action no="2" player="Thechosenoonee" type="15" discard="1" dealt="1" sum="5"/>
<action no="3" player="Rakki" type="1" sum="20"/>
<action no="4" player="Thechosenoonee" type="2" discard="1" dealt="1" sum="40"/>
</round>
<round no="1"><cards type="Pocket" player="Rakki">D9 H10</cards>
<cards type="Pocket" player="Thechosenoonee">X X</cards>
<action no="5" player="Rakki" type="3" sum="20"/>
<action no="6" player="Thechosenoonee" type="4" discard="1" dealt="1" sum="0"/>
</round>
<round no="2"><cards type="Flop">H4 D4 SA</cards>
<action no="7" player="Thechosenoonee" type="4" discard="1" dealt="1" sum="0"/>
<action no="8" player="Rakki" type="4" sum="0"/>
</round>
<round no="3"><cards type="Turn">DJ</cards>
<action no="9" player="Thechosenoonee" type="4" discard="1" dealt="1" sum="0"/>
<action no="10" player="Rakki" type="5" sum="40"/>
<action no="11" player="Thechosenoonee" type="0" discard="1" dealt="1" sum="0"/>
</round>
</game>
<game gamecode="6435510473"><general><startdate>2025-07-23 00:09:18</startdate>
<round>1</round>
<failsafecounter/>
<players><player seat="3" name="Rakki" chips="620" dealer="0" win="0" bet="65" muck="1" rebuy="0" addon="0" merge="0" rebuychips="0" reg_code="5049127548"/>
<player seat="6" name="Thechosenoonee" chips="880" dealer="1" win="130" bet="880" muck="1" rebuy="0" addon="0" merge="0" rebuychips="0" reg_code="5049127556"/>
</players>
</general>
<round no="0"><action no="1" player="Thechosenoonee" type="15" discard="1" dealt="1" sum="5"/>
<action no="2" player="Rakki" type="15" sum="5"/>
<action no="3" player="Thechosenoonee" type="1" discard="1" dealt="1" sum="30"/>
<action no="4" player="Rakki" type="2" sum="60"/>
</round>
<round no="1"><cards type="Pocket" player="Thechosenoonee">X X</cards>
<cards type="Pocket" player="Rakki">H2 C9</cards>
<action no="5" player="Thechosenoonee" type="23" discard="1" dealt="1" sum="875"/>
<action no="6" player="Rakki" type="0" sum="0"/>
</round>
</game>
<game gamecode="6435510486"><general><startdate>2025-07-23 00:09:25</startdate>
<round>1</round>
<failsafecounter/>
<players><player seat="6" name="Thechosenoonee" chips="945" dealer="0" win="130" bet="155" muck="1" rebuy="0" addon="0" merge="0" rebuychips="0" reg_code="5049127556"/>
<player seat="3" name="Rakki" chips="555" dealer="1" win="0" bet="65" muck="1" rebuy="0" addon="0" merge="0" rebuychips="0" reg_code="5049127548"/>
</players>
</general>
<round no="0"><action no="1" player="Rakki" type="15" sum="5"/>
<action no="2" player="Thechosenoonee" type="15" discard="1" dealt="1" sum="5"/>
<action no="3" player="Rakki" type="1" sum="30"/>
<action no="4" player="Thechosenoonee" type="2" discard="1" dealt="1" sum="60"/>
</round>
<round no="1"><cards type="Pocket" player="Rakki">C2 C3</cards>
<cards type="Pocket" player="Thechosenoonee">X X</cards>
<action no="5" player="Rakki" type="3" sum="30"/>
<action no="6" player="Thechosenoonee" type="23" discard="1" dealt="1" sum="150"/>
<action no="7" player="Rakki" type="0" sum="0"/>
</round>
</game>
<game gamecode="6435510505"><general><startdate>2025-07-23 00:09:36</startdate>
<round>1</round>
<failsafecounter/>
<players><player seat="3" name="Rakki" chips="490" dealer="0" win="980" bet="490" muck="0" rebuy="0" addon="0" merge="0" rebuychips="0" reg_code="5049127548"/>
<player seat="6" name="Thechosenoonee" chips="1,010" dealer="1" win="0" bet="1,010" muck="1" rebuy="0" addon="0" merge="0" rebuychips="0" reg_code="5049127556"/>
</players>
</general>
<round no="0"><action no="1" player="Thechosenoonee" type="15" discard="1" dealt="1" sum="5"/>
<action no="2" player="Rakki" type="15" sum="5"/>
<action no="3" player="Thechosenoonee" type="1" discard="1" dealt="1" sum="30"/>
<action no="4" player="Rakki" type="2" sum="60"/>
</round>
<round no="1"><cards type="Pocket" player="Rakki">HJ CJ</cards>
<cards type="Pocket" player="Thechosenoonee">C6 H8</cards>
<action no="5" player="Thechosenoonee" type="3" discard="1" dealt="1" sum="30"/>
<action no="6" player="Rakki" type="4" sum="0"/>
</round>
<round no="2"><cards type="Flop">S3 SJ S10</cards>
<action no="7" player="Rakki" type="4" sum="0"/>
<action no="8" player="Thechosenoonee" type="5" discard="1" dealt="1" sum="60"/>
<action no="9" player="Rakki" type="3" sum="60"/>
</round>
<round no="3"><cards type="Turn">CA</cards>
<action no="10" player="Rakki" type="4" sum="0"/>
<action no="11" player="Thechosenoonee" type="5" discard="1" dealt="1" sum="125"/>
<action no="12" player="Rakki" type="3" sum="125"/>
</round>
<round no="4"><cards type="River">HQ</cards>
<action no="13" player="Rakki" type="4" sum="0"/>
<action no="14" player="Thechosenoonee" type="5" discard="1" dealt="1" sum="760"/>
<action no="15" player="Rakki" type="7" sum="240"/>
</round>
</game>
<game gamecode="6435510582"><general><startdate>2025-07-23 00:10:13</startdate>
<round>1</round>
<failsafecounter/>
<players><player seat="6" name="Thechosenoonee" chips="520" dealer="0" win="1,040" bet="520" muck="0" rebuy="0" addon="0" merge="0" rebuychips="0" reg_code="5049127556"/>
<player seat="3" name="Rakki" chips="980" dealer="1" win="0" bet="980" muck="0" rebuy="0" addon="0" merge="0" rebuychips="0" reg_code="5049127548"/>
</players>
</general>
<round no="0"><action no="1" player="Rakki" type="15" sum="5"/>
<action no="2" player="Thechosenoonee" type="15" discard="1" dealt="1" sum="5"/>
<action no="3" player="Rakki" type="1" sum="30"/>
<action no="4" player="Thechosenoonee" type="2" discard="1" dealt="1" sum="60"/>
</round>
<round no="1"><cards type="Pocket" player="Rakki">H4 H7</cards>
<cards type="Pocket" player="Thechosenoonee">HA C5</cards>
<action no="5" player="Rakki" type="23" sum="975"/>
<action no="6" player="Thechosenoonee" type="7" discard="1" dealt="1" sum="455"/>
</round>
<round no="2"><cards type="Flop">H3 H10 HQ</cards>
</round>
<round no="3"><cards type="Turn">S3</cards>
</round>
<round no="4"><cards type="River">H9</cards>
</round>
</game>
<game gamecode="6435510616"><general><startdate>2025-07-23 00:10:30</startdate>
<round>1</round>
<failsafecounter/>
<players><player seat="3" name="Rakki" chips="460" dealer="0" win="0" bet="65" muck="1" rebuy="0" addon="0" merge="0" rebuychips="0" reg_code="5049127548"/>
<player seat="6" name="Thechosenoonee" chips="1,040" dealer="1" win="130" bet="125" muck="1" rebuy="0" addon="0" merge="0" rebuychips="0" reg_code="5049127556"/>
</players>
</general>
<round no="0"><action no="1" player="Thechosenoonee" type="15" discard="1" dealt="1" sum="5"/>
<action no="2" player="Rakki" type="15" sum="5"/>
<action no="3" player="Thechosenoonee" type="1" discard="1" dealt="1" sum="30"/>
<action no="4" player="Rakki" type="2" sum="60"/>
</round>
<round no="1"><cards type="Pocket" player="Thechosenoonee">X X</cards>
<cards type="Pocket" player="Rakki">H5 D8</cards>
<action no="5" player="Thechosenoonee" type="3" discard="1" dealt="1" sum="30"/>
<action no="6" player="Rakki" type="4" sum="0"/>
</round>
<round no="2"><cards type="Flop">D10 C3 CA</cards>
<action no="7" player="Rakki" type="4" sum="0"/>
<action no="8" player="Thechosenoonee" type="5" discard="1" dealt="1" sum="60"/>
<action no="9" player="Rakki" type="0" sum="0"/>
</round>
</game>
<game gamecode="6435510651"><general><startdate>2025-07-23 00:10:49</startdate>
<round>1</round>
<failsafecounter/>
<players><player seat="6" name="Thechosenoonee" chips="1,105" dealer="0" win="0" bet="395" muck="1" rebuy="0" addon="0" merge="0" rebuychips="0" reg_code="5049127556"/>
<player seat="3" name="Rakki" chips="395" dealer="1" win="790" bet="395" muck="0" rebuy="0" addon="0" merge="0" rebuychips="0" reg_code="5049127548"/>
</players>
</general>
<round no="0"><action no="1" player="Rakki" type="15" sum="5"/>
<action no="2" player="Thechosenoonee" type="15" discard="1" dealt="1" sum="5"/>
<action no="3" player="Rakki" type="1" sum="30"/>
<action no="4" player="Thechosenoonee" type="2" discard="1" dealt="1" sum="60"/>
</round>
<round no="1"><cards type="Pocket" player="Rakki">DA S8</cards>
<cards type="Pocket" player="Thechosenoonee">D5 HQ</cards>
<action no="5" player="Rakki" type="23" sum="390"/>
<action no="6" player="Thechosenoonee" type="3" discard="1" dealt="1" sum="330"/>
</round>
<round no="2"><cards type="Flop">C5 H2 CA</cards>
</round>
<round no="3"><cards type="Turn">D2</cards>
</round>
<round no="4"><cards type="River">H7</cards>
</round>
</game>
<game gamecode="6435510688"><general><startdate>2025-07-23 00:11:06</startdate>
<round>1</round>
<failsafecounter/>
<players><player seat="3" name="Rakki" chips="790" dealer="0" win="0" bet="710" muck="1" rebuy="0" addon="0" merge="0" rebuychips="0" reg_code="5049127548"/>
<player seat="6" name="Thechosenoonee" chips="710" dealer="1" win="1,420" bet="710" muck="0" rebuy="0" addon="0" merge="0" rebuychips="0" reg_code="5049127556"/>
</players>
</general>
<round no="0"><action no="1" player="Thechosenoonee" type="15" discard="1" dealt="1" sum="8"/>
<action no="2" player="Rakki" type="15" sum="8"/>
<action no="3" player="Thechosenoonee" type="1" discard="1" dealt="1" sum="40"/>
<action no="4" player="Rakki" type="2" sum="80"/>
</round>
<round no="1"><cards type="Pocket" player="Thechosenoonee">HK SA</cards>
<cards type="Pocket" player="Rakki">D2 DA</cards>
<action no="5" player="Thechosenoonee" type="23" discard="1" dealt="1" sum="702"/>
<action no="6" player="Rakki" type="3" sum="622"/>
</round>
<round no="2"><cards type="Flop">H3 S9 SJ</cards>
</round>
<round no="3"><cards type="Turn">C6</cards>
</round>
<round no="4"><cards type="River">DQ</cards>
</round>
</game>
<game gamecode="6435510713"><general><startdate>2025-07-23 00:11:23</startdate>
<round>1</round>
<failsafecounter/>
<players><player seat="6" name="Thechosenoonee" chips="1,420" dealer="0" win="160" bet="88" muck="0" rebuy="0" addon="0" merge="0" rebuychips="0" reg_code="5049127556"/>
<player seat="3" name="Rakki" chips="80" dealer="1" win="0" bet="80" muck="0" rebuy="0" addon="0" merge="0" rebuychips="0" reg_code="5049127548"/>
</players>
</general>
<round no="0"><action no="1" player="Rakki" type="15" sum="8"/>
<action no="2" player="Thechosenoonee" type="15" discard="1" dealt="1" sum="8"/>
<action no="3" player="Rakki" type="1" sum="40"/>
<action no="4" player="Thechosenoonee" type="2" discard="1" dealt="1" sum="80"/>
</round>
<round no="1"><cards type="Pocket" player="Thechosenoonee">H7 CQ</cards>
<cards type="Pocket" player="Rakki">S9 D6</cards>
<action no="5" player="Rakki" type="7" sum="32"/>
</round>
<round no="2"><cards type="Flop">HA HK C7</cards>
</round>
<round no="3"><cards type="Turn">D5</cards>
</round>
<round no="4"><cards type="River">S7</cards>
</round>
</game>
</session>
