<?xml version="1.0" encoding="UTF-8"?>
<session sessioncode="5049126859">
<general>
<client_version>25.1.1.16</client_version>
<mode>real</mode>
<gametype>Holdem NL</gametype>
<tablename>Twister €50 SNG, 814458456</tablename>
<tournamentcode>814458455</tournamentcode>
<tournamentname>Twister €50 SNG</tournamentname>
<buyin>€0 + €3.50 + €46.50</buyin>
<totalbuyin>€50</totalbuyin>
<rewarddrawn>€100</rewarddrawn>
<tournamentcurrency>EUR</tournamentcurrency>
<currency>EUR</currency>
<nickname>Rakki</nickname>
<gamecount>14</gamecount>
<startdate>2025-07-23 00:01:20</startdate>
<place>3</place>
<win>€0</win>
<tablesize>3</tablesize>
</general>
<game gamecode="6435509707"><general><startdate>2025-07-23 00:01:35</startdate>
<round>1</round>
<failsafecounter/>
<players><player seat="10" name="PincoPallino089" chips="500" dealer="0" win="360" bet="180" muck="0" rebuy="0" addon="0" merge="0" rebuychips="0" reg_code="5049126949"/>
<player seat="3" name="Rakki" chips="500" dealer="1" win="0" bet="0" muck="1" rebuy="0" addon="0" merge="0" rebuychips="0" reg_code="5049126859"/>
<player seat="6" name="1Lmaestr0" chips="500" dealer="0" win="0" bet="180" muck="0" rebuy="0" addon="0" merge="0" rebuychips="0" reg_code="5049126920"/>
</players>
</general>
<round no="0"><action no="1" player="1Lmaestr0" type="1" discard="1" dealt="1" sum="10"/>
<action no="2" player="PincoPallino089" type="2" discard="1" dealt="1" sum="20"/>
</round>
<round no="1"><cards type="Pocket" player="Rakki">CJ S6</cards>
<cards type="Pocket" player="PincoPallino089">H6 DK</cards>
<cards type="Pocket" player="1Lmaestr0">S2 SA</cards>
<action no="3" player="Rakki" type="0" sum="0"/>
<action no="4" player="1Lmaestr0" type="23" discard="1" dealt="1" sum="50"/>
<action no="5" player="PincoPallino089" type="3" discard="1" dealt="1" sum="30"/>
</round>
<round no="2"><cards type="Flop">H10 D6 S8</cards>
<action no="6" player="1Lmaestr0" type="5" discard="1" dealt="1" sum="30"/>
<action no="7" player="PincoPallino089" type="3" discard="1" dealt="1" sum="30"/>
</round>
<round no="3"><cards type="Turn">CQ</cards>
<action no="8" player="1Lmaestr0" type="4" discard="1" dealt="1" sum="0"/>
<action no="9" player="PincoPallino089" type="4" discard="1" dealt="1" sum="0"/>
</round>
<round no="4"><cards type="River">H5</cards>
<action no="10" player="1Lmaestr0" type="5" discard="1" dealt="1" sum="100"/>
<action no="11" player="PincoPallino089" type="3" discard="1" dealt="1" sum="100"/>
</round>
</game>
<game gamecode="6435509794"><general><startdate>2025-07-23 00:02:26</startdate>
<round>1</round>
<failsafecounter/>
<players><player seat="3" name="Rakki" chips="500" dealer="0" win="0" bet="40" muck="1" rebuy="0" addon="0" merge="0" rebuychips="0" reg_code="5049126859"/>
<player seat="6" name="1Lmaestr0" chips="320" dealer="1" win="90" bet="70" muck="1" rebuy="0" addon="0" merge="0" rebuychips="0" reg_code="5049126920"/>
<player seat="10" name="PincoPallino089" chips="680" dealer="0" win="0" bet="10" muck="1" rebuy="0" addon="0" merge="0" rebuychips="0" reg_code="5049126949"/>
</players>
</general>
<round no="0"><action no="1" player="PincoPallino089" type="1" discard="1" dealt="1" sum="10"/>
<action no="2" player="Rakki" type="2" sum="20"/>
</round>
<round no="1"><cards type="Pocket" player="Rakki">SQ S8</cards>
<cards type="Pocket" player="1Lmaestr0">X X</cards>
<cards type="Pocket" player="PincoPallino089">X X</cards>
<action no="3" player="1Lmaestr0" type="23" discard="1" dealt="1" sum="40"/>
<action no="4" player="PincoPallino089" type="0" discard="1" dealt="1" sum="0"/>
<action no="5" player="Rakki" type="3" sum="20"/>
</round>
<round no="2"><cards type="Flop">SA C10 D6</cards>
<action no="6" player="Rakki" type="4" sum="0"/>
<action no="7" player="1Lmaestr0" type="5" discard="1" dealt="1" sum="30"/>
<action no="8" player="Rakki" type="0" sum="0"/>
</round>
</game>
<game gamecode="6435509842"><general><startdate>2025-07-23 00:02:50</startdate>
<round>1</round>
<failsafecounter/>
<players><player seat="6" name="1Lmaestr0" chips="370" dealer="0" win="90" bet="370" muck="1" rebuy="0" addon="0" merge="0" rebuychips="0" reg_code="5049126920"/>
<player seat="10" name="PincoPallino089" chips="670" dealer="1" win="0" bet="40" muck="1" rebuy="0" addon="0" merge="0" rebuychips="0" reg_code="5049126949"/>
<player seat="3" name="Rakki" chips="460" dealer="0" win="0" bet="10" muck="1" rebuy="0" addon="0" merge="0" rebuychips="0" reg_code="5049126859"/>
</players>
</general>
<round no="0"><action no="1" player="Rakki" type="1" sum="10"/>
<action no="2" player="1Lmaestr0" type="2" discard="1" dealt="1" sum="20"/>
</round>
<round no="1"><cards type="Pocket" player="1Lmaestr0">X X</cards>
<cards type="Pocket" player="Rakki">H9 SQ</cards>
<cards type="Pocket" player="PincoPallino089">X X</cards>
<action no="3" player="PincoPallino089" type="23" discard="1" dealt="1" sum="40"/>
<action no="4" player="Rakki" type="0" sum="0"/>
<action no="5" player="1Lmaestr0" type="23" discard="1" dealt="1" sum="370"/>
<action no="6" player="PincoPallino089" type="0" discard="1" dealt="1" sum="0"/>
</round>
</game>
<game gamecode="6435509872"><general><startdate>2025-07-23 00:03:06</startdate>
<round>1</round>
<failsafecounter/>
<players><player seat="10" name="PincoPallino089" chips="630" dealer="0" win="20" bet="20" muck="1" rebuy="0" addon="0" merge="0" rebuychips="0" reg_code="5049126949"/>
<player seat="3" name="Rakki" chips="450" dealer="1" win="0" bet="0" muck="1" rebuy="0" addon="0" merge="0" rebuychips="0" reg_code="5049126859"/>
<player seat="6" name="1Lmaestr0" chips="420" dealer="0" win="0" bet="10" muck="1" rebuy="0" addon="0" merge="0" rebuychips="0" reg_code="5049126920"/>
</players>
</general>
<round no="0"><action no="1" player="1Lmaestr0" type="1" discard="1" dealt="1" sum="10"/>
<action no="2" player="PincoPallino089" type="2" discard="1" dealt="1" sum="20"/>
</round>
<round no="1"><cards type="Pocket" player="1Lmaestr0">X X</cards>
<cards type="Pocket" player="Rakki">D7 S8</cards>
<cards type="Pocket" player="PincoPallino089">X X</cards>
<action no="3" player="Rakki" type="0" sum="0"/>
<action no="4" player="1Lmaestr0" type="0" discard="1" dealt="1" sum="0"/>
</round>
</game>
<game gamecode="6435509888"><general><startdate>2025-07-23 00:03:14</startdate>
<round>1</round>
<failsafecounter/>
<players><player seat="3" name="Rakki" chips="450" dealer="0" win="0" bet="35" muck="1" rebuy="0" addon="0" merge="0" rebuychips="0" reg_code="5049126859"/>
<player seat="6" name="1Lmaestr0" chips="410" dealer="1" win="0" bet="5" muck="1" rebuy="0" addon="0" merge="0" rebuychips="0" reg_code="5049126920"/>
<player seat="10" name="PincoPallino089" chips="640" dealer="0" win="75" bet="80" muck="1" rebuy="0" addon="0" merge="0" rebuychips="0" reg_code="5049126949"/>
</players>
</general>
<round no="0"><action no="1" player="PincoPallino089" type="15" discard="1" dealt="1" sum="5"/>
<action no="2" player="Rakki" type="15" sum="5"/>
<action no="3" player="1Lmaestr0" type="15" discard="1" dealt="1" sum="5"/>
<action no="4" player="PincoPallino089" type="1" discard="1" dealt="1" sum="15"/>
<action no="5" player="Rakki" type="2" sum="30"/>
</round>
<round no="1"><cards type="Pocket" player="Rakki">S8 H2</cards>
<cards type="Pocket" player="1Lmaestr0">X X</cards>
<cards type="Pocket" player="PincoPallino089">X X</cards>
<action no="6" player="1Lmaestr0" type="0" discard="1" dealt="1" sum="0"/>
<action no="7" player="PincoPallino089" type="23" discard="1" dealt="1" sum="75"/>
<action no="8" player="Rakki" type="0" sum="0"/>
</round>
</game>
<game gamecode="6435509928"><general><startdate>2025-07-23 00:03:36</startdate>
<round>1</round>
<failsafecounter/>
<players><player seat="6" name="1Lmaestr0" chips="405" dealer="0" win="0" bet="35" muck="1" rebuy="0" addon="0" merge="0" rebuychips="0" reg_code="5049126920"/>
<player seat="10" name="PincoPallino089" chips="680" dealer="1" win="0" bet="5" muck="1" rebuy="0" addon="0" merge="0" rebuychips="0" reg_code="5049126949"/>
<player seat="3" name="Rakki" chips="415" dealer="0" win="75" bet="415" muck="1" rebuy="0" addon="0" merge="0" rebuychips="0" reg_code="5049126859"/>
</players>
</general>
<round no="0"><action no="1" player="Rakki" type="15" sum="5"/>
<action no="2" player="1Lmaestr0" type="15" discard="1" dealt="1" sum="5"/>
<action no="3" player="PincoPallino089" type="15" discard="1" dealt="1" sum="5"/>
<action no="4" player="Rakki" type="1" sum="15"/>
<action no="5" player="1Lmaestr0" type="2" discard="1" dealt="1" sum="30"/>
</round>
<round no="1"><cards type="Pocket" player="PincoPallino089">X X</cards>
<cards type="Pocket" player="1Lmaestr0">X X</cards>
<cards type="Pocket" player="Rakki">H8 H10</cards>
<action no="6" player="PincoPallino089" type="0" discard="1" dealt="1" sum="0"/>
<action no="7" player="Rakki" type="23" sum="410"/>
<action no="8" player="1Lmaestr0" type="0" discard="1" dealt="1" sum="0"/>
</round>
</game>
<game gamecode="6435509947"><general><startdate>2025-07-23 00:03:49</startdate>
<round>1</round>
<failsafecounter/>
<players><player seat="10" name="PincoPallino089" chips="675" dealer="0" win="0" bet="35" muck="1" rebuy="0" addon="0" merge="0" rebuychips="0" reg_code="5049126949"/>
<player seat="3" name="Rakki" chips="455" dealer="1" win="0" bet="5" muck="1" rebuy="0" addon="0" merge="0" rebuychips="0" reg_code="5049126859"/>
<player seat="6" name="1Lmaestr0" chips="370" dealer="0" win="75" bet="65" muck="1" rebuy="0" addon="0" merge="0" rebuychips="0" reg_code="5049126920"/>
</players>
</general>
<round no="0"><action no="1" player="1Lmaestr0" type="15" discard="1" dealt="1" sum="5"/>
<action no="2" player="PincoPallino089" type="15" discard="1" dealt="1" sum="5"/>
<action no="3" player="Rakki" type="15" sum="5"/>
<action no="4" player="1Lmaestr0" type="1" discard="1" dealt="1" sum="15"/>
<action no="5" player="PincoPallino089" type="2" discard="1" dealt="1" sum="30"/>
</round>
<round no="1"><cards type="Pocket" player="1Lmaestr0">X X</cards>
<cards type="Pocket" player="Rakki">C2 C7</cards>
<cards type="Pocket" player="PincoPallino089">X X</cards>
<action no="6" player="Rakki" type="0" sum="0"/>
<action no="7" player="1Lmaestr0" type="23" discard="1" dealt="1" sum="60"/>
<action no="8" player="PincoPallino089" type="0" discard="1" dealt="1" sum="0"/>
</round>
</game>
<game gamecode="6435509959"><general><startdate>2025-07-23 00:03:59</startdate>
<round>1</round>
<failsafecounter/>
<players><player seat="3" name="Rakki" chips="450" dealer="0" win="45" bet="35" muck="1" rebuy="0" addon="0" merge="0" rebuychips="0" reg_code="5049126859"/>
<player seat="6" name="1Lmaestr0" chips="410" dealer="1" win="0" bet="5" muck="1" rebuy="0" addon="0" merge="0" rebuychips="0" reg_code="5049126920"/>
<player seat="10" name="PincoPallino089" chips="640" dealer="0" win="0" bet="20" muck="1" rebuy="0" addon="0" merge="0" rebuychips="0" reg_code="5049126949"/>
</players>
</general>
<round no="0"><action no="1" player="PincoPallino089" type="15" discard="1" dealt="1" sum="5"/>
<action no="2" player="Rakki" type="15" sum="5"/>
<action no="3" player="1Lmaestr0" type="15" discard="1" dealt="1" sum="5"/>
<action no="4" player="PincoPallino089" type="1" discard="1" dealt="1" sum="15"/>
<action no="5" player="Rakki" type="2" sum="30"/>
</round>
<round no="1"><cards type="Pocket" player="1Lmaestr0">X X</cards>
<cards type="Pocket" player="Rakki">SQ S7</cards>
<cards type="Pocket" player="PincoPallino089">X X</cards>
<action no="6" player="1Lmaestr0" type="0" discard="1" dealt="1" sum="0"/>
<action no="7" player="PincoPallino089" type="0" discard="1" dealt="1" sum="0"/>
</round>
</game>
<game gamecode="6435509974"><general><startdate>2025-07-23 00:04:08</startdate>
<round>1</round>
<failsafecounter/>
<players><player seat="6" name="1Lmaestr0" chips="405" dealer="0" win="45" bet="35" muck="1" rebuy="0" addon="0" merge="0" rebuychips="0" reg_code="5049126920"/>
<player seat="10" name="PincoPallino089" chips="620" dealer="1" win="0" bet="5" muck="1" rebuy="0" addon="0" merge="0" rebuychips="0" reg_code="5049126949"/>
<player seat="3" name="Rakki" chips="475" dealer="0" win="0" bet="20" muck="1" rebuy="0" addon="0" merge="0" rebuychips="0" reg_code="5049126859"/>
</players>
</general>
<round no="0"><action no="1" player="Rakki" type="15" sum="5"/>
<action no="2" player="1Lmaestr0" type="15" discard="1" dealt="1" sum="5"/>
<action no="3" player="PincoPallino089" type="15" discard="1" dealt="1" sum="5"/>
<action no="4" player="Rakki" type="1" sum="15"/>
<action no="5" player="1Lmaestr0" type="2" discard="1" dealt="1" sum="30"/>
</round>
<round no="1"><cards type="Pocket" player="PincoPallino089">X X</cards>
<cards type="Pocket" player="1Lmaestr0">X X</cards>
<cards type="Pocket" player="Rakki">C5 S10</cards>
<action no="6" player="PincoPallino089" type="0" discard="1" dealt="1" sum="0"/>
<action no="7" player="Rakki" type="0" sum="0"/>
</round>
</game>
<game gamecode="6435509987"><general><startdate>2025-07-23 00:04:16</startdate>
<round>1</round>
<failsafecounter/>
<players><player seat="10" name="PincoPallino089" chips="615" dealer="0" win="0" bet="155" muck="1" rebuy="0" addon="0" merge="0" rebuychips="0" reg_code="5049126949"/>
<player seat="3" name="Rakki" chips="455" dealer="1" win="0" bet="5" muck="1" rebuy="0" addon="0" merge="0" rebuychips="0" reg_code="5049126859"/>
<player seat="6" name="1Lmaestr0" chips="430" dealer="0" win="315" bet="430" muck="1" rebuy="0" addon="0" merge="0" rebuychips="0" reg_code="5049126920"/>
</players>
</general>
<round no="0"><action no="1" player="1Lmaestr0" type="15" discard="1" dealt="1" sum="5"/>
<action no="2" player="PincoPallino089" type="15" discard="1" dealt="1" sum="5"/>
<action no="3" player="Rakki" type="15" sum="5"/>
<action no="4" player="1Lmaestr0" type="1" discard="1" dealt="1" sum="15"/>
<action no="5" player="PincoPallino089" type="2" discard="1" dealt="1" sum="30"/>
</round>
<round no="1"><cards type="Pocket" player="PincoPallino089">X X</cards>
<cards type="Pocket" player="Rakki">C5 S8</cards>
<cards type="Pocket" player="1Lmaestr0">X X</cards>
<action no="6" player="Rakki" type="0" sum="0"/>
<action no="7" player="1Lmaestr0" type="23" discard="1" dealt="1" sum="90"/>
<action no="8" player="PincoPallino089" type="3" discard="1" dealt="1" sum="60"/>
</round>
<round no="2"><cards type="Flop">H7 HJ DA</cards>
<action no="9" player="1Lmaestr0" type="5" discard="1" dealt="1" sum="60"/>
<action no="10" player="PincoPallino089" type="3" discard="1" dealt="1" sum="60"/>
</round>
<round no="3"><cards type="Turn">HK</cards>
<action no="11" player="1Lmaestr0" type="5" discard="1" dealt="1" sum="275"/>
<action no="12" player="PincoPallino089" type="0" discard="1" dealt="1" sum="0"/>
</round>
</game>
<game gamecode="6435510032"><general><startdate>2025-07-23 00:04:44</startdate>
<round>1</round>
<failsafecounter/>
<players><player seat="3" name="Rakki" chips="450" dealer="0" win="0" bet="35" muck="1" rebuy="0" addon="0" merge="0" rebuychips="0" reg_code="5049126859"/>
<player seat="6" name="1Lmaestr0" chips="590" dealer="1" win="0" bet="5" muck="1" rebuy="0" addon="0" merge="0" rebuychips="0" reg_code="5049126920"/>
<player seat="10" name="PincoPallino089" chips="460" dealer="0" win="75" bet="460" muck="1" rebuy="0" addon="0" merge="0" rebuychips="0" reg_code="5049126949"/>
</players>
</general>
<round no="0"><action no="1" player="PincoPallino089" type="15" discard="1" dealt="1" sum="5"/>
<action no="2" player="Rakki" type="15" sum="5"/>
<action no="3" player="1Lmaestr0" type="15" discard="1" dealt="1" sum="5"/>
<action no="4" player="PincoPallino089" type="1" discard="1" dealt="1" sum="15"/>
<action no="5" player="Rakki" type="2" sum="30"/>
</round>
<round no="1"><cards type="Pocket" player="PincoPallino089">X X</cards>
<cards type="Pocket" player="Rakki">H10 C3</cards>
<cards type="Pocket" player="1Lmaestr0">X X</cards>
<action no="6" player="1Lmaestr0" type="0" discard="1" dealt="1" sum="0"/>
<action no="7" player="PincoPallino089" type="23" discard="1" dealt="1" sum="455"/>
<action no="8" player="Rakki" type="0" sum="0"/>
</round>
</game>
<game gamecode="6435510049"><general><startdate>2025-07-23 00:04:55</startdate>
<round>1</round>
<failsafecounter/>
<players><player seat="6" name="1Lmaestr0" chips="585" dealer="0" win="0" bet="45" muck="1" rebuy="0" addon="0" merge="0" rebuychips="0" reg_code="5049126920"/>
<player seat="10" name="PincoPallino089" chips="500" dealer="1" win="115" bet="500" muck="1" rebuy="0" addon="0" merge="0" rebuychips="0" reg_code="5049126949"/>
<player seat="3" name="Rakki" chips="415" dealer="0" win="0" bet="25" muck="1" rebuy="0" addon="0" merge="0" rebuychips="0" reg_code="5049126859"/>
</players>
</general>
<round no="0"><action no="1" player="Rakki" type="15" sum="5"/>
<action no="2" player="1Lmaestr0" type="15" discard="1" dealt="1" sum="5"/>
<action no="3" player="PincoPallino089" type="15" discard="1" dealt="1" sum="5"/>
<action no="4" player="Rakki" type="1" sum="20"/>
<action no="5" player="1Lmaestr0" type="2" discard="1" dealt="1" sum="40"/>
</round>
<round no="1"><cards type="Pocket" player="PincoPallino089">X X</cards>
<cards type="Pocket" player="Rakki">C4 D8</cards>
<cards type="Pocket" player="1Lmaestr0">X X</cards>
<action no="6" player="PincoPallino089" type="23" discard="1" dealt="1" sum="495"/>
<action no="7" player="Rakki" type="0" sum="0"/>
<action no="8" player="1Lmaestr0" type="0" discard="1" dealt="1" sum="0"/>
</round>
</game>
<game gamecode="6435510066"><general><startdate>2025-07-23 00:05:05</startdate>
<round>1</round>
<failsafecounter/>
<players><player seat="10" name="PincoPallino089" chips="570" dealer="0" win="0" bet="45" muck="1" rebuy="0" addon="0" merge="0" rebuychips="0" reg_code="5049126949"/>
<player seat="3" name="Rakki" chips="390" dealer="1" win="115" bet="390" muck="1" rebuy="0" addon="0" merge="0" rebuychips="0" reg_code="5049126859"/>
<player seat="6" name="1Lmaestr0" chips="540" dealer="0" win="0" bet="25" muck="1" rebuy="0" addon="0" merge="0" rebuychips="0" reg_code="5049126920"/>
</players>
</general>
<round no="0"><action no="1" player="1Lmaestr0" type="15" discard="1" dealt="1" sum="5"/>
<action no="2" player="PincoPallino089" type="15" discard="1" dealt="1" sum="5"/>
<action no="3" player="Rakki" type="15" sum="5"/>
<action no="4" player="1Lmaestr0" type="1" discard="1" dealt="1" sum="20"/>
<action no="5" player="PincoPallino089" type="2" discard="1" dealt="1" sum="40"/>
</round>
<round no="1"><cards type="Pocket" player="PincoPallino089">X X</cards>
<cards type="Pocket" player="Rakki">H7 H9</cards>
<cards type="Pocket" player="1Lmaestr0">X X</cards>
<action no="6" player="Rakki" type="23" sum="385"/>
<action no="7" player="1Lmaestr0" type="0" discard="1" dealt="1" sum="0"/>
<action no="8" player="PincoPallino089" type="0" discard="1" dealt="1" sum="0"/>
</round>
</game>
<game gamecode="6435510090"><general><startdate>2025-07-23 00:05:20</startdate>
<round>1</round>
<failsafecounter/>
<players><player seat="3" name="Rakki" chips="460" dealer="0" win="0" bet="460" muck="0" rebuy="0" addon="0" merge="0" rebuychips="0" reg_code="5049126859"/>
<player seat="6" name="1Lmaestr0" chips="515" dealer="1" win="0" bet="5" muck="1" rebuy="0" addon="0" merge="0" rebuychips="0" reg_code="5049126920"/>
<player seat="10" name="PincoPallino089" chips="525" dealer="0" win="925" bet="525" muck="0" rebuy="0" addon="0" merge="0" rebuychips="0" reg_code="5049126949"/>
</players>
</general>
<round no="0"><action no="1" player="PincoPallino089" type="15" discard="1" dealt="1" sum="5"/>
<action no="2" player="Rakki" type="15" sum="5"/>
<action no="3" player="1Lmaestr0" type="15" discard="1" dealt="1" sum="5"/>
<action no="4" player="PincoPallino089" type="1" discard="1" dealt="1" sum="20"/>
<action no="5" player="Rakki" type="2" sum="40"/>
</round>
<round no="1"><cards type="Pocket" player="1Lmaestr0">X X</cards>
<cards type="Pocket" player="Rakki">HJ SA</cards>
<cards type="Pocket" player="PincoPallino089">CK C8</cards>
<action no="6" player="1Lmaestr0" type="0" discard="1" dealt="1" sum="0"/>
<action no="7" player="PincoPallino089" type="23" discard="1" dealt="1" sum="520"/>
<action no="8" player="Rakki" type="7" sum="415"/>
</round>
<round no="2"><cards type="Flop">DK S3 C9</cards>
</round>
<round no="3"><cards type="Turn">D2</cards>
</round>
<round no="4"><cards type="River">D9</cards>
</round>
</game>
</session>
