<?xml version="1.0" encoding="UTF-8"?>
<session sessioncode="5049026222">
<general>
<client_version>25.1.1.16</client_version>
<mode>real</mode>
<gametype>Holdem NL</gametype>
<tablename>Twister €50 SNG, 814430930</tablename>
<tournamentcode>814430929</tournamentcode>
<tournamentname>Twister €50 SNG</tournamentname>
<buyin>€0 + €3.50 + €46.50</buyin>
<totalbuyin>€50</totalbuyin>
<rewarddrawn>€100</rewarddrawn>
<tournamentcurrency>EUR</tournamentcurrency>
<currency>EUR</currency>
<nickname>Rakki</nickname>
<gamecount>10</gamecount>
<startdate>2025-07-22 16:57:27</startdate>
<place>3</place>
<win>€0</win>
<tablesize>3</tablesize>
</general>
<game gamecode="6435141410"><general><startdate>2025-07-22 16:57:42</startdate>
<round>1</round>
<failsafecounter/>
<players><player seat="10" name="JOKAVI" chips="500" dealer="0" win="170" bet="250" muck="1" rebuy="0" addon="0" merge="0" rebuychips="0" reg_code="5049026559"/>
<player seat="3" name="Rakki" chips="500" dealer="1" win="0" bet="80" muck="1" rebuy="0" addon="0" merge="0" rebuychips="0" reg_code="5049026222"/>
<player seat="6" name="Sh4d0wb0x1ng" chips="500" dealer="0" win="0" bet="10" muck="1" rebuy="0" addon="0" merge="0" rebuychips="0" reg_code="5049026545"/>
</players>
</general>
<round no="0"><action no="1" player="Sh4d0wb0x1ng" type="1" discard="1" dealt="1" sum="10"/>
<action no="2" player="JOKAVI" type="2" discard="1" dealt="1" sum="20"/>
</round>
<round no="1"><cards type="Pocket" player="Rakki">C9 HQ</cards>
<cards type="Pocket" player="Sh4d0wb0x1ng">X X</cards>
<cards type="Pocket" player="JOKAVI">X X</cards>
<action no="3" player="Rakki" type="23" sum="40"/>
<action no="4" player="Sh4d0wb0x1ng" type="0" discard="1" dealt="1" sum="0"/>
<action no="5" player="JOKAVI" type="3" discard="1" dealt="1" sum="20"/>
</round>
<round no="2"><cards type="Flop">S4 HA C10</cards>
<action no="6" player="JOKAVI" type="4" discard="1" dealt="1" sum="0"/>
<action no="7" player="Rakki" type="5" sum="40"/>
<action no="8" player="JOKAVI" type="3" discard="1" dealt="1" sum="40"/>
</round>
<round no="3"><cards type="Turn">HK</cards>
<action no="9" player="JOKAVI" type="4" discard="1" dealt="1" sum="0"/>
<action no="10" player="Rakki" type="4" sum="0"/>
</round>
<round no="4"><cards type="River">S10</cards>
<action no="11" player="JOKAVI" type="5" discard="1" dealt="1" sum="170"/>
<action no="12" player="Rakki" type="0" sum="0"/>
</round>
</game>
<game gamecode="6435141486"><general><startdate>2025-07-22 16:58:28</startdate>
<round>1</round>
<failsafecounter/>
<players><player seat="3" name="Rakki" chips="420" dealer="0" win="0" bet="60" muck="1" rebuy="0" addon="0" merge="0" rebuychips="0" reg_code="5049026222"/>
<player seat="6" name="Sh4d0wb0x1ng" chips="490" dealer="1" win="0" bet="0" muck="1" rebuy="0" addon="0" merge="0" rebuychips="0" reg_code="5049026545"/>
<player seat="10" name="JOKAVI" chips="590" dealer="0" win="120" bet="590" muck="1" rebuy="0" addon="0" merge="0" rebuychips="0" reg_code="5049026559"/>
</players>
</general>
<round no="0"><action no="1" player="JOKAVI" type="1" discard="1" dealt="1" sum="10"/>
<action no="2" player="Rakki" type="2" sum="20"/>
</round>
<round no="1"><cards type="Pocket" player="Sh4d0wb0x1ng">X X</cards>
<cards type="Pocket" player="Rakki">SK HQ</cards>
<cards type="Pocket" player="JOKAVI">X X</cards>
<action no="3" player="Sh4d0wb0x1ng" type="0" discard="1" dealt="1" sum="0"/>
<action no="4" player="JOKAVI" type="3" discard="1" dealt="1" sum="10"/>
<action no="5" player="Rakki" type="23" sum="60"/>
<action no="6" player="JOKAVI" type="3" discard="1" dealt="1" sum="40"/>
</round>
<round no="2"><cards type="Flop">H4 HJ D8</cards>
<action no="7" player="JOKAVI" type="5" discard="1" dealt="1" sum="530"/>
<action no="8" player="Rakki" type="0" sum="0"/>
</round>
</game>
<game gamecode="6435141536"><general><startdate>2025-07-22 16:59:04</startdate>
<round>1</round>
<failsafecounter/>
<players><player seat="6" name="Sh4d0wb0x1ng" chips="490" dealer="0" win="100" bet="150" muck="1" rebuy="0" addon="0" merge="0" rebuychips="0" reg_code="5049026545"/>
<player seat="10" name="JOKAVI" chips="650" dealer="1" win="0" bet="0" muck="1" rebuy="0" addon="0" merge="0" rebuychips="0" reg_code="5049026559"/>
<player seat="3" name="Rakki" chips="360" dealer="0" win="0" bet="50" muck="1" rebuy="0" addon="0" merge="0" rebuychips="0" reg_code="5049026222"/>
</players>
</general>
<round no="0"><action no="1" player="Rakki" type="1" sum="10"/>
<action no="2" player="Sh4d0wb0x1ng" type="2" discard="1" dealt="1" sum="20"/>
</round>
<round no="1"><cards type="Pocket" player="JOKAVI">X X</cards>
<cards type="Pocket" player="Sh4d0wb0x1ng">X X</cards>
<cards type="Pocket" player="Rakki">HK S6</cards>
<action no="3" player="JOKAVI" type="0" discard="1" dealt="1" sum="0"/>
<action no="4" player="Rakki" type="23" sum="50"/>
<action no="5" player="Sh4d0wb0x1ng" type="3" discard="1" dealt="1" sum="30"/>
</round>
<round no="2"><cards type="Flop">SA D7 D6</cards>
<action no="6" player="Rakki" type="4" sum="0"/>
<action no="7" player="Sh4d0wb0x1ng" type="4" discard="1" dealt="1" sum="0"/>
</round>
<round no="3"><cards type="Turn">S7</cards>
<action no="8" player="Rakki" type="4" sum="0"/>
<action no="9" player="Sh4d0wb0x1ng" type="5" discard="1" dealt="1" sum="100"/>
<action no="10" player="Rakki" type="0" sum="0"/>
</round>
</game>
<game gamecode="6435141633"><general><startdate>2025-07-22 16:59:52</startdate>
<round>1</round>
<failsafecounter/>
<players><player seat="10" name="JOKAVI" chips="650" dealer="0" win="0" bet="310" muck="1" rebuy="0" addon="0" merge="0" rebuychips="0" reg_code="5049026559"/>
<player seat="3" name="Rakki" chips="310" dealer="1" win="640" bet="310" muck="0" rebuy="0" addon="0" merge="0" rebuychips="0" reg_code="5049026222"/>
<player seat="6" name="Sh4d0wb0x1ng" chips="540" dealer="0" win="0" bet="20" muck="1" rebuy="0" addon="0" merge="0" rebuychips="0" reg_code="5049026545"/>
</players>
</general>
<round no="0"><action no="1" player="Sh4d0wb0x1ng" type="15" discard="1" dealt="1" sum="5"/>
<action no="2" player="JOKAVI" type="15" discard="1" dealt="1" sum="5"/>
<action no="3" player="Rakki" type="15" sum="5"/>
<action no="4" player="Sh4d0wb0x1ng" type="1" discard="1" dealt="1" sum="15"/>
<action no="5" player="JOKAVI" type="2" discard="1" dealt="1" sum="30"/>
</round>
<round no="1"><cards type="Pocket" player="JOKAVI">H7 C7</cards>
<cards type="Pocket" player="Rakki">HQ C10</cards>
<cards type="Pocket" player="Sh4d0wb0x1ng">X X</cards>
<action no="6" player="Rakki" type="23" sum="305"/>
<action no="7" player="Sh4d0wb0x1ng" type="0" discard="1" dealt="1" sum="0"/>
<action no="8" player="JOKAVI" type="3" discard="1" dealt="1" sum="275"/>
</round>
<round no="2"><cards type="Flop">H6 H4 H10</cards>
</round>
<round no="3"><cards type="Turn">D3</cards>
</round>
<round no="4"><cards type="River">S8</cards>
</round>
</game>
<game gamecode="6435141694"><general><startdate>2025-07-22 17:00:32</startdate>
<round>1</round>
<failsafecounter/>
<players><player seat="3" name="Rakki" chips="640" dealer="0" win="0" bet="35" muck="1" rebuy="0" addon="0" merge="0" rebuychips="0" reg_code="5049026222"/>
<player seat="6" name="Sh4d0wb0x1ng" chips="520" dealer="1" win="0" bet="5" muck="1" rebuy="0" addon="0" merge="0" rebuychips="0" reg_code="5049026545"/>
<player seat="10" name="JOKAVI" chips="340" dealer="0" win="75" bet="95" muck="1" rebuy="0" addon="0" merge="0" rebuychips="0" reg_code="5049026559"/>
</players>
</general>
<round no="0"><action no="1" player="JOKAVI" type="15" discard="1" dealt="1" sum="5"/>
<action no="2" player="Rakki" type="15" sum="5"/>
<action no="3" player="Sh4d0wb0x1ng" type="15" discard="1" dealt="1" sum="5"/>
<action no="4" player="JOKAVI" type="1" discard="1" dealt="1" sum="15"/>
<action no="5" player="Rakki" type="2" sum="30"/>
</round>
<round no="1"><cards type="Pocket" player="Sh4d0wb0x1ng">X X</cards>
<cards type="Pocket" player="JOKAVI">X X</cards>
<cards type="Pocket" player="Rakki">C9 H3</cards>
<action no="6" player="Sh4d0wb0x1ng" type="0" discard="1" dealt="1" sum="0"/>
<action no="7" player="JOKAVI" type="23" discard="1" dealt="1" sum="90"/>
<action no="8" player="Rakki" type="0" sum="0"/>
</round>
</game>
<game gamecode="6435141726"><general><startdate>2025-07-22 17:00:48</startdate>
<round>1</round>
<failsafecounter/>
<players><player seat="6" name="Sh4d0wb0x1ng" chips="515" dealer="0" win="0" bet="35" muck="1" rebuy="0" addon="0" merge="0" rebuychips="0" reg_code="5049026545"/>
<player seat="10" name="JOKAVI" chips="380" dealer="1" win="105" bet="65" muck="1" rebuy="0" addon="0" merge="0" rebuychips="0" reg_code="5049026559"/>
<player seat="3" name="Rakki" chips="605" dealer="0" win="0" bet="35" muck="1" rebuy="0" addon="0" merge="0" rebuychips="0" reg_code="5049026222"/>
</players>
</general>
<round no="0"><action no="1" player="Rakki" type="15" sum="5"/>
<action no="2" player="Sh4d0wb0x1ng" type="15" discard="1" dealt="1" sum="5"/>
<action no="3" player="JOKAVI" type="15" discard="1" dealt="1" sum="5"/>
<action no="4" player="Rakki" type="1" sum="15"/>
<action no="5" player="Sh4d0wb0x1ng" type="2" discard="1" dealt="1" sum="30"/>
</round>
<round no="1"><cards type="Pocket" player="JOKAVI">X X</cards>
<cards type="Pocket" player="Sh4d0wb0x1ng">X X</cards>
<cards type="Pocket" player="Rakki">CJ H2</cards>
<action no="6" player="JOKAVI" type="3" discard="1" dealt="1" sum="30"/>
<action no="7" player="Rakki" type="3" sum="15"/>
<action no="8" player="Sh4d0wb0x1ng" type="4" discard="1" dealt="1" sum="0"/>
</round>
<round no="2"><cards type="Flop">H4 H6 D9</cards>
<action no="9" player="Rakki" type="4" sum="0"/>
<action no="10" player="Sh4d0wb0x1ng" type="4" discard="1" dealt="1" sum="0"/>
<action no="11" player="JOKAVI" type="4" discard="1" dealt="1" sum="0"/>
</round>
<round no="3"><cards type="Turn">H9</cards>
<action no="12" player="Rakki" type="4" sum="0"/>
<action no="13" player="Sh4d0wb0x1ng" type="4" discard="1" dealt="1" sum="0"/>
<action no="14" player="JOKAVI" type="5" discard="1" dealt="1" sum="30"/>
<action no="15" player="Rakki" type="0" sum="0"/>
<action no="16" player="Sh4d0wb0x1ng" type="0" discard="1" dealt="1" sum="0"/>
</round>
</game>
<game gamecode="6435141807"><general><startdate>2025-07-22 17:01:33</startdate>
<round>1</round>
<failsafecounter/>
<players><player seat="10" name="JOKAVI" chips="450" dealer="0" win="0" bet="45" muck="1" rebuy="0" addon="0" merge="0" rebuychips="0" reg_code="5049026559"/>
<player seat="3" name="Rakki" chips="570" dealer="1" win="115" bet="570" muck="1" rebuy="0" addon="0" merge="0" rebuychips="0" reg_code="5049026222"/>
<player seat="6" name="Sh4d0wb0x1ng" chips="480" dealer="0" win="0" bet="25" muck="1" rebuy="0" addon="0" merge="0" rebuychips="0" reg_code="5049026545"/>
</players>
</general>
<round no="0"><action no="1" player="Sh4d0wb0x1ng" type="15" discard="1" dealt="1" sum="5"/>
<action no="2" player="JOKAVI" type="15" discard="1" dealt="1" sum="5"/>
<action no="3" player="Rakki" type="15" sum="5"/>
<action no="4" player="Sh4d0wb0x1ng" type="1" discard="1" dealt="1" sum="20"/>
<action no="5" player="JOKAVI" type="2" discard="1" dealt="1" sum="40"/>
</round>
<round no="1"><cards type="Pocket" player="Rakki">DJ C10</cards>
<cards type="Pocket" player="Sh4d0wb0x1ng">X X</cards>
<cards type="Pocket" player="JOKAVI">X X</cards>
<action no="6" player="Rakki" type="23" sum="565"/>
<action no="7" player="Sh4d0wb0x1ng" type="0" discard="1" dealt="1" sum="0"/>
<action no="8" player="JOKAVI" type="0" discard="1" dealt="1" sum="0"/>
</round>
</game>
<game gamecode="6435141854"><general><startdate>2025-07-22 17:02:00</startdate>
<round>1</round>
<failsafecounter/>
<players><player seat="3" name="Rakki" chips="640" dealer="0" win="0" bet="405" muck="1" rebuy="0" addon="0" merge="0" rebuychips="0" reg_code="5049026222"/>
<player seat="6" name="Sh4d0wb0x1ng" chips="455" dealer="1" win="0" bet="5" muck="1" rebuy="0" addon="0" merge="0" rebuychips="0" reg_code="5049026545"/>
<player seat="10" name="JOKAVI" chips="405" dealer="0" win="815" bet="405" muck="0" rebuy="0" addon="0" merge="0" rebuychips="0" reg_code="5049026559"/>
</players>
</general>
<round no="0"><action no="1" player="JOKAVI" type="15" discard="1" dealt="1" sum="5"/>
<action no="2" player="Rakki" type="15" sum="5"/>
<action no="3" player="Sh4d0wb0x1ng" type="15" discard="1" dealt="1" sum="5"/>
<action no="4" player="JOKAVI" type="1" discard="1" dealt="1" sum="20"/>
<action no="5" player="Rakki" type="2" sum="40"/>
</round>
<round no="1"><cards type="Pocket" player="Sh4d0wb0x1ng">X X</cards>
<cards type="Pocket" player="Rakki">SJ HJ</cards>
<cards type="Pocket" player="JOKAVI">CA S6</cards>
<action no="6" player="Sh4d0wb0x1ng" type="0" discard="1" dealt="1" sum="0"/>
<action no="7" player="JOKAVI" type="23" discard="1" dealt="1" sum="400"/>
<action no="8" player="Rakki" type="3" sum="360"/>
</round>
<round no="2"><cards type="Flop">H4 C6 DA</cards>
</round>
<round no="3"><cards type="Turn">H6</cards>
</round>
<round no="4"><cards type="River">H10</cards>
</round>
</game>
<game gamecode="6435141898"><general><startdate>2025-07-22 17:02:30</startdate>
<round>1</round>
<failsafecounter/>
<players><player seat="6" name="Sh4d0wb0x1ng" chips="450" dealer="0" win="0" bet="114" muck="1" rebuy="0" addon="0" merge="0" rebuychips="0" reg_code="5049026545"/>
<player seat="10" name="JOKAVI" chips="815" dealer="1" win="253" bet="815" muck="1" rebuy="0" addon="0" merge="0" rebuychips="0" reg_code="5049026559"/>
<player seat="3" name="Rakki" chips="235" dealer="0" win="0" bet="25" muck="1" rebuy="0" addon="0" merge="0" rebuychips="0" reg_code="5049026222"/>
</players>
</general>
<round no="0"><action no="1" player="Rakki" type="15" sum="5"/>
<action no="2" player="Sh4d0wb0x1ng" type="15" discard="1" dealt="1" sum="5"/>
<action no="3" player="JOKAVI" type="15" discard="1" dealt="1" sum="5"/>
<action no="4" player="Rakki" type="1" sum="20"/>
<action no="5" player="Sh4d0wb0x1ng" type="2" discard="1" dealt="1" sum="40"/>
</round>
<round no="1"><cards type="Pocket" player="Sh4d0wb0x1ng">X X</cards>
<cards type="Pocket" player="JOKAVI">X X</cards>
<cards type="Pocket" player="Rakki">CJ S2</cards>
<action no="6" player="JOKAVI" type="3" discard="1" dealt="1" sum="40"/>
<action no="7" player="Rakki" type="0" sum="0"/>
<action no="8" player="Sh4d0wb0x1ng" type="4" discard="1" dealt="1" sum="0"/>
</round>
<round no="2"><cards type="Flop">HJ D7 H2</cards>
<action no="9" player="Sh4d0wb0x1ng" type="4" discard="1" dealt="1" sum="0"/>
<action no="10" player="JOKAVI" type="4" discard="1" dealt="1" sum="0"/>
</round>
<round no="3"><cards type="Turn">D8</cards>
<action no="11" player="Sh4d0wb0x1ng" type="5" discard="1" dealt="1" sum="69"/>
<action no="12" player="JOKAVI" type="23" discard="1" dealt="1" sum="770"/>
<action no="13" player="Sh4d0wb0x1ng" type="0" discard="1" dealt="1" sum="0"/>
</round>
</game>
<game gamecode="6435141959"><general><startdate>2025-07-22 17:03:04</startdate>
<round>1</round>
<failsafecounter/>
<players><player seat="10" name="JOKAVI" chips="954" dealer="0" win="0" bet="65" muck="1" rebuy="0" addon="0" merge="0" rebuychips="0" reg_code="5049026559"/>
<player seat="3" name="Rakki" chips="210" dealer="1" win="0" bet="210" muck="0" rebuy="0" addon="0" merge="0" rebuychips="0" reg_code="5049026222"/>
<player seat="6" name="Sh4d0wb0x1ng" chips="336" dealer="0" win="485" bet="336" muck="0" rebuy="0" addon="0" merge="0" rebuychips="0" reg_code="5049026545"/>
</players>
</general>
<round no="0"><action no="1" player="Sh4d0wb0x1ng" type="15" discard="1" dealt="1" sum="5"/>
<action no="2" player="JOKAVI" type="15" discard="1" dealt="1" sum="5"/>
<action no="3" player="Rakki" type="15" sum="5"/>
<action no="4" player="Sh4d0wb0x1ng" type="1" discard="1" dealt="1" sum="30"/>
<action no="5" player="JOKAVI" type="2" discard="1" dealt="1" sum="60"/>
</round>
<round no="1"><cards type="Pocket" player="Sh4d0wb0x1ng">DJ CJ</cards>
<cards type="Pocket" player="Rakki">D9 SA</cards>
<cards type="Pocket" player="JOKAVI">X X</cards>
<action no="6" player="Rakki" type="23" sum="205"/>
<action no="7" player="Sh4d0wb0x1ng" type="7" discard="1" dealt="1" sum="301"/>
<action no="8" player="JOKAVI" type="0" discard="1" dealt="1" sum="0"/>
</round>
<round no="2"><cards type="Flop">DK S3 CK</cards>
</round>
<round no="3"><cards type="Turn">S6</cards>
</round>
<round no="4"><cards type="River">HJ</cards>
</round>
</game>
</session>
