<?xml version="1.0" encoding="UTF-8"?>
<session sessioncode="5049535846">
<general>
<client_version>25.1.1.16</client_version>
<mode>real</mode>
<gametype>Holdem NL</gametype>
<tablename>Twister €100 SNG, 814577447</tablename>
<tournamentcode>814577445</tournamentcode>
<tournamentname>Twister €100 SNG</tournamentname>
<buyin>€0 + €7 + €93</buyin>
<totalbuyin>€100</totalbuyin>
<rewarddrawn>€1000</rewarddrawn>
<tournamentcurrency>EUR</tournamentcurrency>
<currency>EUR</currency>
<nickname>Rakki</nickname>
<gamecount>8</gamecount>
<startdate>2025-07-25 00:25:59</startdate>
<place>3</place>
<win>€100</win>
<tablesize>3</tablesize>
</general>
<game gamecode="6437157666"><general><startdate>2025-07-25 00:26:19</startdate>
<round>1</round>
<failsafecounter/>
<players><player seat="10" name="mocciolocaldo" chips="500" dealer="0" win="20" bet="20" muck="1" rebuy="0" addon="0" merge="0" rebuychips="0" reg_code="5049536179"/>
<player seat="3" name="Nonloso6" chips="500" dealer="1" win="0" bet="0" muck="1" rebuy="0" addon="0" merge="0" rebuychips="0" reg_code="5049535003"/>
<player seat="6" name="Rakki" chips="500" dealer="0" win="0" bet="10" muck="1" rebuy="0" addon="0" merge="0" rebuychips="0" reg_code="5049535846"/>
</players>
</general>
<round no="0"><action no="1" player="Rakki" type="1" sum="10"/>
<action no="2" player="mocciolocaldo" type="2" discard="1" dealt="1" sum="20"/>
</round>
<round no="1"><cards type="Pocket" player="mocciolocaldo">X X</cards>
<cards type="Pocket" player="Nonloso6">X X</cards>
<cards type="Pocket" player="Rakki">H6 D3</cards>
<action no="3" player="Nonloso6" type="0" discard="1" dealt="1" sum="0"/>
<action no="4" player="Rakki" type="0" sum="0"/>
</round>
</game>
<game gamecode="6437157677"><general><startdate>2025-07-25 00:26:26</startdate>
<round>1</round>
<failsafecounter/>
<players><player seat="3" name="Nonloso6" chips="500" dealer="0" win="0" bet="180" muck="1" rebuy="0" addon="0" merge="0" rebuychips="0" reg_code="5049535003"/>
<player seat="6" name="Rakki" chips="490" dealer="1" win="370" bet="180" muck="0" rebuy="0" addon="0" merge="0" rebuychips="0" reg_code="5049535846"/>
<player seat="10" name="mocciolocaldo" chips="510" dealer="0" win="0" bet="10" muck="1" rebuy="0" addon="0" merge="0" rebuychips="0" reg_code="5049536179"/>
</players>
</general>
<round no="0"><action no="1" player="mocciolocaldo" type="1" discard="1" dealt="1" sum="10"/>
<action no="2" player="Nonloso6" type="2" discard="1" dealt="1" sum="20"/>
</round>
<round no="1"><cards type="Pocket" player="mocciolocaldo">X X</cards>
<cards type="Pocket" player="Rakki">H10 D10</cards>
<cards type="Pocket" player="Nonloso6">S7 D9</cards>
<action no="3" player="Rakki" type="23" sum="40"/>
<action no="4" player="mocciolocaldo" type="0" discard="1" dealt="1" sum="0"/>
<action no="5" player="Nonloso6" type="3" discard="1" dealt="1" sum="20"/>
</round>
<round no="2"><cards type="Flop">S10 C8 H7</cards>
<action no="6" player="Nonloso6" type="4" discard="1" dealt="1" sum="0"/>
<action no="7" player="Rakki" type="4" sum="0"/>
</round>
<round no="3"><cards type="Turn">C5</cards>
<action no="8" player="Nonloso6" type="4" discard="1" dealt="1" sum="0"/>
<action no="9" player="Rakki" type="5" sum="60"/>
<action no="10" player="Nonloso6" type="3" discard="1" dealt="1" sum="60"/>
</round>
<round no="4"><cards type="River">S4</cards>
<action no="11" player="Nonloso6" type="4" discard="1" dealt="1" sum="0"/>
<action no="12" player="Rakki" type="5" sum="80"/>
<action no="13" player="Nonloso6" type="3" discard="1" dealt="1" sum="80"/>
</round>
</game>
<game gamecode="6437157806"><general><startdate>2025-07-25 00:27:26</startdate>
<round>1</round>
<failsafecounter/>
<players><player seat="6" name="Rakki" chips="680" dealer="0" win="0" bet="20" muck="1" rebuy="0" addon="0" merge="0" rebuychips="0" reg_code="5049535846"/>
<player seat="10" name="mocciolocaldo" chips="500" dealer="1" win="50" bet="40" muck="1" rebuy="0" addon="0" merge="0" rebuychips="0" reg_code="5049536179"/>
<player seat="3" name="Nonloso6" chips="320" dealer="0" win="0" bet="10" muck="1" rebuy="0" addon="0" merge="0" rebuychips="0" reg_code="5049535003"/>
</players>
</general>
<round no="0"><action no="1" player="Nonloso6" type="1" discard="1" dealt="1" sum="10"/>
<action no="2" player="Rakki" type="2" sum="20"/>
</round>
<round no="1"><cards type="Pocket" player="Rakki">H10 D5</cards>
<cards type="Pocket" player="Nonloso6">X X</cards>
<cards type="Pocket" player="mocciolocaldo">X X</cards>
<action no="3" player="mocciolocaldo" type="23" discard="1" dealt="1" sum="40"/>
<action no="4" player="Nonloso6" type="0" discard="1" dealt="1" sum="0"/>
<action no="5" player="Rakki" type="0" sum="0"/>
</round>
</game>
<game gamecode="6437157843"><general><startdate>2025-07-25 00:27:45</startdate>
<round>1</round>
<failsafecounter/>
<players><player seat="10" name="mocciolocaldo" chips="530" dealer="0" win="100" bet="100" muck="1" rebuy="0" addon="0" merge="0" rebuychips="0" reg_code="5049536179"/>
<player seat="3" name="Nonloso6" chips="310" dealer="1" win="0" bet="0" muck="1" rebuy="0" addon="0" merge="0" rebuychips="0" reg_code="5049535003"/>
<player seat="6" name="Rakki" chips="660" dealer="0" win="0" bet="50" muck="1" rebuy="0" addon="0" merge="0" rebuychips="0" reg_code="5049535846"/>
</players>
</general>
<round no="0"><action no="1" player="Rakki" type="1" sum="10"/>
<action no="2" player="mocciolocaldo" type="2" discard="1" dealt="1" sum="20"/>
</round>
<round no="1"><cards type="Pocket" player="Rakki">S9 HK</cards>
<cards type="Pocket" player="Nonloso6">X X</cards>
<cards type="Pocket" player="mocciolocaldo">X X</cards>
<action no="3" player="Nonloso6" type="0" discard="1" dealt="1" sum="0"/>
<action no="4" player="Rakki" type="23" sum="50"/>
<action no="5" player="mocciolocaldo" type="3" discard="1" dealt="1" sum="30"/>
</round>
<round no="2"><cards type="Flop">C5 D4 H10</cards>
<action no="6" player="Rakki" type="4" sum="0"/>
<action no="7" player="mocciolocaldo" type="4" discard="1" dealt="1" sum="0"/>
</round>
<round no="3"><cards type="Turn">H4</cards>
<action no="8" player="Rakki" type="4" sum="0"/>
<action no="9" player="mocciolocaldo" type="5" discard="1" dealt="1" sum="50"/>
<action no="10" player="Rakki" type="0" sum="0"/>
</round>
</game>
<game gamecode="6437157905"><general><startdate>2025-07-25 00:28:16</startdate>
<round>1</round>
<failsafecounter/>
<players><player seat="3" name="Nonloso6" chips="310" dealer="0" win="0" bet="20" muck="1" rebuy="0" addon="0" merge="0" rebuychips="0" reg_code="5049535003"/>
<player seat="6" name="Rakki" chips="610" dealer="1" win="50" bet="40" muck="1" rebuy="0" addon="0" merge="0" rebuychips="0" reg_code="5049535846"/>
<player seat="10" name="mocciolocaldo" chips="580" dealer="0" win="0" bet="10" muck="1" rebuy="0" addon="0" merge="0" rebuychips="0" reg_code="5049536179"/>
</players>
</general>
<round no="0"><action no="1" player="mocciolocaldo" type="1" discard="1" dealt="1" sum="10"/>
<action no="2" player="Nonloso6" type="2" discard="1" dealt="1" sum="20"/>
</round>
<round no="1"><cards type="Pocket" player="mocciolocaldo">X X</cards>
<cards type="Pocket" player="Rakki">SQ S8</cards>
<cards type="Pocket" player="Nonloso6">X X</cards>
<action no="3" player="Rakki" type="23" sum="40"/>
<action no="4" player="mocciolocaldo" type="0" discard="1" dealt="1" sum="0"/>
<action no="5" player="Nonloso6" type="0" discard="1" dealt="1" sum="0"/>
</round>
</game>
<game gamecode="6437157928"><general><startdate>2025-07-25 00:28:27</startdate>
<round>1</round>
<failsafecounter/>
<players><player seat="6" name="Rakki" chips="640" dealer="0" win="0" bet="290" muck="1" rebuy="0" addon="0" merge="0" rebuychips="0" reg_code="5049535846"/>
<player seat="10" name="mocciolocaldo" chips="570" dealer="1" win="0" bet="5" muck="1" rebuy="0" addon="0" merge="0" rebuychips="0" reg_code="5049536179"/>
<player seat="3" name="Nonloso6" chips="290" dealer="0" win="585" bet="290" muck="0" rebuy="0" addon="0" merge="0" rebuychips="0" reg_code="5049535003"/>
</players>
</general>
<round no="0"><action no="1" player="Nonloso6" type="15" discard="1" dealt="1" sum="5"/>
<action no="2" player="Rakki" type="15" sum="5"/>
<action no="3" player="mocciolocaldo" type="15" discard="1" dealt="1" sum="5"/>
<action no="4" player="Nonloso6" type="1" discard="1" dealt="1" sum="15"/>
<action no="5" player="Rakki" type="2" sum="30"/>
</round>
<round no="1"><cards type="Pocket" player="Rakki">C4 DA</cards>
<cards type="Pocket" player="Nonloso6">S7 D8</cards>
<cards type="Pocket" player="mocciolocaldo">X X</cards>
<action no="6" player="mocciolocaldo" type="0" discard="1" dealt="1" sum="0"/>
<action no="7" player="Nonloso6" type="23" discard="1" dealt="1" sum="285"/>
<action no="8" player="Rakki" type="3" sum="255"/>
</round>
<round no="2"><cards type="Flop">C8 S10 S5</cards>
</round>
<round no="3"><cards type="Turn">S8</cards>
</round>
<round no="4"><cards type="River">C7</cards>
</round>
</game>
<game gamecode="6437157984"><general><startdate>2025-07-25 00:28:52</startdate>
<round>1</round>
<failsafecounter/>
<players><player seat="10" name="mocciolocaldo" chips="565" dealer="0" win="45" bet="35" muck="1" rebuy="0" addon="0" merge="0" rebuychips="0" reg_code="5049536179"/>
<player seat="3" name="Nonloso6" chips="585" dealer="1" win="0" bet="5" muck="1" rebuy="0" addon="0" merge="0" rebuychips="0" reg_code="5049535003"/>
<player seat="6" name="Rakki" chips="350" dealer="0" win="0" bet="20" muck="1" rebuy="0" addon="0" merge="0" rebuychips="0" reg_code="5049535846"/>
</players>
</general>
<round no="0"><action no="1" player="Rakki" type="15" sum="5"/>
<action no="2" player="mocciolocaldo" type="15" discard="1" dealt="1" sum="5"/>
<action no="3" player="Nonloso6" type="15" discard="1" dealt="1" sum="5"/>
<action no="4" player="Rakki" type="1" sum="15"/>
<action no="5" player="mocciolocaldo" type="2" discard="1" dealt="1" sum="30"/>
</round>
<round no="1"><cards type="Pocket" player="Nonloso6">X X</cards>
<cards type="Pocket" player="mocciolocaldo">X X</cards>
<cards type="Pocket" player="Rakki">C8 D3</cards>
<action no="6" player="Nonloso6" type="0" discard="1" dealt="1" sum="0"/>
<action no="7" player="Rakki" type="0" sum="0"/>
</round>
</game>
<game gamecode="6437157993"><general><startdate>2025-07-25 00:29:00</startdate>
<round>1</round>
<failsafecounter/>
<players><player seat="3" name="Nonloso6" chips="580" dealer="0" win="680" bet="330" muck="0" rebuy="0" addon="0" merge="0" rebuychips="0" reg_code="5049535003"/>
<player seat="6" name="Rakki" chips="330" dealer="1" win="0" bet="330" muck="0" rebuy="0" addon="0" merge="0" rebuychips="0" reg_code="5049535846"/>
<player seat="10" name="mocciolocaldo" chips="590" dealer="0" win="0" bet="20" muck="1" rebuy="0" addon="0" merge="0" rebuychips="0" reg_code="5049536179"/>
</players>
</general>
<round no="0"><action no="1" player="mocciolocaldo" type="15" discard="1" dealt="1" sum="5"/>
<action no="2" player="Nonloso6" type="15" discard="1" dealt="1" sum="5"/>
<action no="3" player="Rakki" type="15" sum="5"/>
<action no="4" player="mocciolocaldo" type="1" discard="1" dealt="1" sum="15"/>
<action no="5" player="Nonloso6" type="2" discard="1" dealt="1" sum="30"/>
</round>
<round no="1"><cards type="Pocket" player="Nonloso6">CK CJ</cards>
<cards type="Pocket" player="mocciolocaldo">X X</cards>
<cards type="Pocket" player="Rakki">HK H6</cards>
<action no="6" player="Rakki" type="23" sum="325"/>
<action no="7" player="mocciolocaldo" type="0" discard="1" dealt="1" sum="0"/>
<action no="8" player="Nonloso6" type="3" discard="1" dealt="1" sum="295"/>
</round>
<round no="2"><cards type="Flop">HA C2 S8</cards>
</round>
<round no="3"><cards type="Turn">DQ</cards>
</round>
<round no="4"><cards type="River">H4</cards>
</round>
</game>
</session>
