<?xml version="1.0" encoding="UTF-8"?>
<session sessioncode="5049320466">
<general>
<client_version>25.1.1.16</client_version>
<mode>real</mode>
<gametype>Holdem NL</gametype>
<tablename>Twister €100 SNG, 814512932</tablename>
<tournamentcode>814512931</tournamentcode>
<tournamentname>Twister €100 SNG</tournamentname>
<buyin>€0 + €7 + €93</buyin>
<totalbuyin>€100</totalbuyin>
<rewarddrawn>€200</rewarddrawn>
<tournamentcurrency>EUR</tournamentcurrency>
<currency>EUR</currency>
<nickname>Rakki</nickname>
<gamecount>18</gamecount>
<startdate>2025-07-23 22:50:26</startdate>
<place>2</place>
<win>€0</win>
<tablesize>3</tablesize>
</general>
<game gamecode="6436293962"><general><startdate>2025-07-23 22:50:42</startdate>
<round>1</round>
<failsafecounter/>
<players><player seat="6" name="L1mltless" chips="500" dealer="0" win="182" bet="86" muck="0" rebuy="0" addon="0" merge="0" rebuychips="0" reg_code="5049320421"/>
<player seat="10" name="Rakki" chips="500" dealer="1" win="0" bet="86" muck="1" rebuy="0" addon="0" merge="0" rebuychips="0" reg_code="5049320466"/>
<player seat="3" name="Sottosalpontos" chips="500" dealer="0" win="0" bet="10" muck="1" rebuy="0" addon="0" merge="0" rebuychips="0" reg_code="5049319235"/>
</players>
</general>
<round no="0"><action no="1" player="Sottosalpontos" type="1" discard="1" dealt="1" sum="10"/>
<action no="2" player="L1mltless" type="2" discard="1" dealt="1" sum="20"/>
</round>
<round no="1"><cards type="Pocket" player="Rakki">D7 D6</cards>
<cards type="Pocket" player="Sottosalpontos">X X</cards>
<cards type="Pocket" player="L1mltless">CJ C2</cards>
<action no="3" player="Rakki" type="23" sum="40"/>
<action no="4" player="Sottosalpontos" type="0" discard="1" dealt="1" sum="0"/>
<action no="5" player="L1mltless" type="3" discard="1" dealt="1" sum="20"/>
</round>
<round no="2"><cards type="Flop">S10 C6 C3</cards>
<action no="6" player="L1mltless" type="4" discard="1" dealt="1" sum="0"/>
<action no="7" player="Rakki" type="4" sum="0"/>
</round>
<round no="3"><cards type="Turn">DJ</cards>
<action no="8" player="L1mltless" type="4" discard="1" dealt="1" sum="0"/>
<action no="9" player="Rakki" type="4" sum="0"/>
</round>
<round no="4"><cards type="River">H8</cards>
<action no="10" player="L1mltless" type="5" discard="1" dealt="1" sum="46"/>
<action no="11" player="Rakki" type="3" sum="46"/>
</round>
</game>
<game gamecode="6436293998"><general><startdate>2025-07-23 22:51:05</startdate>
<round>1</round>
<failsafecounter/>
<players><player seat="10" name="Rakki" chips="414" dealer="0" win="20" bet="20" muck="1" rebuy="0" addon="0" merge="0" rebuychips="0" reg_code="5049320466"/>
<player seat="3" name="Sottosalpontos" chips="490" dealer="1" win="0" bet="0" muck="1" rebuy="0" addon="0" merge="0" rebuychips="0" reg_code="5049319235"/>
<player seat="6" name="L1mltless" chips="596" dealer="0" win="0" bet="10" muck="1" rebuy="0" addon="0" merge="0" rebuychips="0" reg_code="5049320421"/>
</players>
</general>
<round no="0"><action no="1" player="L1mltless" type="1" discard="1" dealt="1" sum="10"/>
<action no="2" player="Rakki" type="2" sum="20"/>
</round>
<round no="1"><cards type="Pocket" player="Sottosalpontos">X X</cards>
<cards type="Pocket" player="Rakki">H3 S9</cards>
<cards type="Pocket" player="L1mltless">X X</cards>
<action no="3" player="Sottosalpontos" type="0" discard="1" dealt="1" sum="0"/>
<action no="4" player="L1mltless" type="0" discard="1" dealt="1" sum="0"/>
</round>
</game>
<game gamecode="6436294022"><general><startdate>2025-07-23 22:51:21</startdate>
<round>1</round>
<failsafecounter/>
<players><player seat="3" name="Sottosalpontos" chips="490" dealer="0" win="424" bet="424" muck="0" rebuy="0" addon="0" merge="0" rebuychips="0" reg_code="5049319235"/>
<player seat="6" name="L1mltless" chips="586" dealer="1" win="0" bet="0" muck="1" rebuy="0" addon="0" merge="0" rebuychips="0" reg_code="5049320421"/>
<player seat="10" name="Rakki" chips="424" dealer="0" win="424" bet="424" muck="0" rebuy="0" addon="0" merge="0" rebuychips="0" reg_code="5049320466"/>
</players>
</general>
<round no="0"><action no="1" player="Rakki" type="1" sum="10"/>
<action no="2" player="Sottosalpontos" type="2" discard="1" dealt="1" sum="20"/>
</round>
<round no="1"><cards type="Pocket" player="L1mltless">X X</cards>
<cards type="Pocket" player="Sottosalpontos">H8 DQ</cards>
<cards type="Pocket" player="Rakki">C8 HQ</cards>
<action no="3" player="L1mltless" type="0" discard="1" dealt="1" sum="0"/>
<action no="4" player="Rakki" type="23" sum="50"/>
<action no="5" player="Sottosalpontos" type="3" discard="1" dealt="1" sum="30"/>
</round>
<round no="2"><cards type="Flop">D8 CK C5</cards>
<action no="6" player="Rakki" type="5" sum="20"/>
<action no="7" player="Sottosalpontos" type="3" discard="1" dealt="1" sum="20"/>
</round>
<round no="3"><cards type="Turn">C2</cards>
<action no="8" player="Rakki" type="4" sum="0"/>
<action no="9" player="Sottosalpontos" type="4" discard="1" dealt="1" sum="0"/>
</round>
<round no="4"><cards type="River">S8</cards>
<action no="10" player="Rakki" type="4" sum="0"/>
<action no="11" player="Sottosalpontos" type="5" discard="1" dealt="1" sum="154"/>
<action no="12" player="Rakki" type="23" sum="354"/>
<action no="13" player="Sottosalpontos" type="3" discard="1" dealt="1" sum="200"/>
</round>
</game>
<game gamecode="6436294146"><general><startdate>2025-07-23 22:52:29</startdate>
<round>1</round>
<failsafecounter/>
<players><player seat="6" name="L1mltless" chips="586" dealer="0" win="0" bet="35" muck="1" rebuy="0" addon="0" merge="0" rebuychips="0" reg_code="5049320421"/>
<player seat="10" name="Rakki" chips="424" dealer="1" win="90" bet="424" muck="1" rebuy="0" addon="0" merge="0" rebuychips="0" reg_code="5049320466"/>
<player seat="3" name="Sottosalpontos" chips="490" dealer="0" win="0" bet="20" muck="1" rebuy="0" addon="0" merge="0" rebuychips="0" reg_code="5049319235"/>
</players>
</general>
<round no="0"><action no="1" player="Sottosalpontos" type="15" discard="1" dealt="1" sum="5"/>
<action no="2" player="L1mltless" type="15" discard="1" dealt="1" sum="5"/>
<action no="3" player="Rakki" type="15" sum="5"/>
<action no="4" player="Sottosalpontos" type="1" discard="1" dealt="1" sum="15"/>
<action no="5" player="L1mltless" type="2" discard="1" dealt="1" sum="30"/>
</round>
<round no="1"><cards type="Pocket" player="L1mltless">X X</cards>
<cards type="Pocket" player="Rakki">CQ C10</cards>
<cards type="Pocket" player="Sottosalpontos">X X</cards>
<action no="6" player="Rakki" type="23" sum="419"/>
<action no="7" player="Sottosalpontos" type="0" discard="1" dealt="1" sum="0"/>
<action no="8" player="L1mltless" type="0" discard="1" dealt="1" sum="0"/>
</round>
</game>
<game gamecode="6436294177"><general><startdate>2025-07-23 22:52:47</startdate>
<round>1</round>
<failsafecounter/>
<players><player seat="10" name="Rakki" chips="479" dealer="0" win="0" bet="35" muck="1" rebuy="0" addon="0" merge="0" rebuychips="0" reg_code="5049320466"/>
<player seat="3" name="Sottosalpontos" chips="470" dealer="1" win="0" bet="5" muck="1" rebuy="0" addon="0" merge="0" rebuychips="0" reg_code="5049319235"/>
<player seat="6" name="L1mltless" chips="551" dealer="0" win="75" bet="35" muck="0" rebuy="0" addon="0" merge="0" rebuychips="0" reg_code="5049320421"/>
</players>
</general>
<round no="0"><action no="1" player="L1mltless" type="15" discard="1" dealt="1" sum="5"/>
<action no="2" player="Rakki" type="15" sum="5"/>
<action no="3" player="Sottosalpontos" type="15" discard="1" dealt="1" sum="5"/>
<action no="4" player="L1mltless" type="1" discard="1" dealt="1" sum="15"/>
<action no="5" player="Rakki" type="2" sum="30"/>
</round>
<round no="1"><cards type="Pocket" player="Rakki">D7 HK</cards>
<cards type="Pocket" player="L1mltless">SK S8</cards>
<cards type="Pocket" player="Sottosalpontos">X X</cards>
<action no="6" player="Sottosalpontos" type="0" discard="1" dealt="1" sum="0"/>
<action no="7" player="L1mltless" type="3" discard="1" dealt="1" sum="15"/>
<action no="8" player="Rakki" type="4" sum="0"/>
</round>
<round no="2"><cards type="Flop">DQ D4 D5</cards>
<action no="9" player="L1mltless" type="4" discard="1" dealt="1" sum="0"/>
<action no="10" player="Rakki" type="4" sum="0"/>
</round>
<round no="3"><cards type="Turn">SA</cards>
<action no="11" player="L1mltless" type="4" discard="1" dealt="1" sum="0"/>
<action no="12" player="Rakki" type="4" sum="0"/>
</round>
<round no="4"><cards type="River">H6</cards>
<action no="13" player="L1mltless" type="4" discard="1" dealt="1" sum="0"/>
<action no="14" player="Rakki" type="4" sum="0"/>
</round>
</game>
<game gamecode="6436294242"><general><startdate>2025-07-23 22:53:23</startdate>
<round>1</round>
<failsafecounter/>
<players><player seat="3" name="Sottosalpontos" chips="465" dealer="0" win="75" bet="35" muck="0" rebuy="0" addon="0" merge="0" rebuychips="0" reg_code="5049319235"/>
<player seat="6" name="L1mltless" chips="591" dealer="1" win="0" bet="5" muck="1" rebuy="0" addon="0" merge="0" rebuychips="0" reg_code="5049320421"/>
<player seat="10" name="Rakki" chips="444" dealer="0" win="0" bet="35" muck="1" rebuy="0" addon="0" merge="0" rebuychips="0" reg_code="5049320466"/>
</players>
</general>
<round no="0"><action no="1" player="Rakki" type="15" sum="5"/>
<action no="2" player="Sottosalpontos" type="15" discard="1" dealt="1" sum="5"/>
<action no="3" player="L1mltless" type="15" discard="1" dealt="1" sum="5"/>
<action no="4" player="Rakki" type="1" sum="15"/>
<action no="5" player="Sottosalpontos" type="2" discard="1" dealt="1" sum="30"/>
</round>
<round no="1"><cards type="Pocket" player="Rakki">DK D6</cards>
<cards type="Pocket" player="Sottosalpontos">D4 DA</cards>
<cards type="Pocket" player="L1mltless">X X</cards>
<action no="6" player="L1mltless" type="0" discard="1" dealt="1" sum="0"/>
<action no="7" player="Rakki" type="3" sum="15"/>
<action no="8" player="Sottosalpontos" type="4" discard="1" dealt="1" sum="0"/>
</round>
<round no="2"><cards type="Flop">S10 C10 HJ</cards>
<action no="9" player="Rakki" type="4" sum="0"/>
<action no="10" player="Sottosalpontos" type="4" discard="1" dealt="1" sum="0"/>
</round>
<round no="3"><cards type="Turn">H3</cards>
<action no="11" player="Rakki" type="4" sum="0"/>
<action no="12" player="Sottosalpontos" type="4" discard="1" dealt="1" sum="0"/>
</round>
<round no="4"><cards type="River">C7</cards>
<action no="13" player="Rakki" type="4" sum="0"/>
<action no="14" player="Sottosalpontos" type="4" discard="1" dealt="1" sum="0"/>
</round>
</game>
<game gamecode="6436294311"><general><startdate>2025-07-23 22:54:04</startdate>
<round>1</round>
<failsafecounter/>
<players><player seat="6" name="L1mltless" chips="586" dealer="0" win="0" bet="586" muck="1" rebuy="0" addon="0" merge="0" rebuychips="0" reg_code="5049320421"/>
<player seat="10" name="Rakki" chips="409" dealer="1" win="0" bet="5" muck="1" rebuy="0" addon="0" merge="0" rebuychips="0" reg_code="5049320466"/>
<player seat="3" name="Sottosalpontos" chips="505" dealer="0" win="1,015" bet="505" muck="0" rebuy="0" addon="0" merge="0" rebuychips="0" reg_code="5049319235"/>
</players>
</general>
<round no="0"><action no="1" player="Sottosalpontos" type="15" discard="1" dealt="1" sum="5"/>
<action no="2" player="L1mltless" type="15" discard="1" dealt="1" sum="5"/>
<action no="3" player="Rakki" type="15" sum="5"/>
<action no="4" player="Sottosalpontos" type="1" discard="1" dealt="1" sum="20"/>
<action no="5" player="L1mltless" type="2" discard="1" dealt="1" sum="40"/>
</round>
<round no="1"><cards type="Pocket" player="L1mltless">DJ HA</cards>
<cards type="Pocket" player="Rakki">D10 H4</cards>
<cards type="Pocket" player="Sottosalpontos">H10 H8</cards>
<action no="6" player="Rakki" type="0" sum="0"/>
<action no="7" player="Sottosalpontos" type="3" discard="1" dealt="1" sum="20"/>
<action no="8" player="L1mltless" type="23" discard="1" dealt="1" sum="581"/>
<action no="9" player="Sottosalpontos" type="7" discard="1" dealt="1" sum="460"/>
</round>
<round no="2"><cards type="Flop">D7 C8 S8</cards>
</round>
<round no="3"><cards type="Turn">C9</cards>
</round>
<round no="4"><cards type="River">CJ</cards>
</round>
</game>
<game gamecode="6436294354"><general><startdate>2025-07-23 22:54:30</startdate>
<round>1</round>
<failsafecounter/>
<players><player seat="10" name="Rakki" chips="404" dealer="0" win="0" bet="81" muck="1" rebuy="0" addon="0" merge="0" rebuychips="0" reg_code="5049320466"/>
<player seat="3" name="Sottosalpontos" chips="1,015" dealer="1" win="0" bet="5" muck="1" rebuy="0" addon="0" merge="0" rebuychips="0" reg_code="5049319235"/>
<player seat="6" name="L1mltless" chips="81" dealer="0" win="167" bet="81" muck="0" rebuy="0" addon="0" merge="0" rebuychips="0" reg_code="5049320421"/>
</players>
</general>
<round no="0"><action no="1" player="L1mltless" type="15" discard="1" dealt="1" sum="5"/>
<action no="2" player="Rakki" type="15" sum="5"/>
<action no="3" player="Sottosalpontos" type="15" discard="1" dealt="1" sum="5"/>
<action no="4" player="L1mltless" type="1" discard="1" dealt="1" sum="20"/>
<action no="5" player="Rakki" type="2" sum="40"/>
</round>
<round no="1"><cards type="Pocket" player="Rakki">S5 H5</cards>
<cards type="Pocket" player="L1mltless">CK C6</cards>
<cards type="Pocket" player="Sottosalpontos">X X</cards>
<action no="6" player="Sottosalpontos" type="0" discard="1" dealt="1" sum="0"/>
<action no="7" player="L1mltless" type="7" discard="1" dealt="1" sum="56"/>
<action no="8" player="Rakki" type="3" sum="36"/>
</round>
<round no="2"><cards type="Flop">SK HK D9</cards>
</round>
<round no="3"><cards type="Turn">H10</cards>
</round>
<round no="4"><cards type="River">S10</cards>
</round>
</game>
<game gamecode="6436305858"><general><startdate>2025-07-23 22:54:53</startdate>
<round>1</round>
<failsafecounter/>
<players><player seat="3" name="Sottosalpontos" chips="1,010" dealer="0" win="55" bet="45" muck="1" rebuy="0" addon="0" merge="0" rebuychips="0" reg_code="5049319235"/>
<player seat="6" name="L1mltless" chips="167" dealer="1" win="0" bet="5" muck="1" rebuy="0" addon="0" merge="0" rebuychips="0" reg_code="5049320421"/>
<player seat="10" name="Rakki" chips="323" dealer="0" win="0" bet="25" muck="1" rebuy="0" addon="0" merge="0" rebuychips="0" reg_code="5049320466"/>
</players>
</general>
<round no="0"><action no="1" player="Rakki" type="15" sum="5"/>
<action no="2" player="Sottosalpontos" type="15" discard="1" dealt="1" sum="5"/>
<action no="3" player="L1mltless" type="15" discard="1" dealt="1" sum="5"/>
<action no="4" player="Rakki" type="1" sum="20"/>
<action no="5" player="Sottosalpontos" type="2" discard="1" dealt="1" sum="40"/>
</round>
<round no="1"><cards type="Pocket" player="L1mltless">X X</cards>
<cards type="Pocket" player="Sottosalpontos">X X</cards>
<cards type="Pocket" player="Rakki">H2 D6</cards>
<action no="6" player="L1mltless" type="0" discard="1" dealt="1" sum="0"/>
<action no="7" player="Rakki" type="0" sum="0"/>
</round>
</game>
<game gamecode="6436305875"><general><startdate>2025-07-23 22:55:00</startdate>
<round>1</round>
<failsafecounter/>
<players><player seat="6" name="L1mltless" chips="162" dealer="0" win="55" bet="45" muck="1" rebuy="0" addon="0" merge="0" rebuychips="0" reg_code="5049320421"/>
<player seat="10" name="Rakki" chips="298" dealer="1" win="0" bet="5" muck="1" rebuy="0" addon="0" merge="0" rebuychips="0" reg_code="5049320466"/>
<player seat="3" name="Sottosalpontos" chips="1,040" dealer="0" win="0" bet="25" muck="1" rebuy="0" addon="0" merge="0" rebuychips="0" reg_code="5049319235"/>
</players>
</general>
<round no="0"><action no="1" player="Sottosalpontos" type="15" discard="1" dealt="1" sum="5"/>
<action no="2" player="L1mltless" type="15" discard="1" dealt="1" sum="5"/>
<action no="3" player="Rakki" type="15" sum="5"/>
<action no="4" player="Sottosalpontos" type="1" discard="1" dealt="1" sum="20"/>
<action no="5" player="L1mltless" type="2" discard="1" dealt="1" sum="40"/>
</round>
<round no="1"><cards type="Pocket" player="L1mltless">X X</cards>
<cards type="Pocket" player="Rakki">C2 S3</cards>
<cards type="Pocket" player="Sottosalpontos">X X</cards>
<action no="6" player="Rakki" type="0" sum="0"/>
<action no="7" player="Sottosalpontos" type="0" discard="1" dealt="1" sum="0"/>
</round>
</game>
<game gamecode="6436305903"><general><startdate>2025-07-23 22:55:17</startdate>
<round>1</round>
<failsafecounter/>
<players><player seat="10" name="Rakki" chips="293" dealer="0" win="0" bet="45" muck="1" rebuy="0" addon="0" merge="0" rebuychips="0" reg_code="5049320466"/>
<player seat="3" name="Sottosalpontos" chips="1,015" dealer="1" win="0" bet="5" muck="1" rebuy="0" addon="0" merge="0" rebuychips="0" reg_code="5049319235"/>
<player seat="6" name="L1mltless" chips="192" dealer="0" win="95" bet="192" muck="1" rebuy="0" addon="0" merge="0" rebuychips="0" reg_code="5049320421"/>
</players>
</general>
<round no="0"><action no="1" player="L1mltless" type="15" discard="1" dealt="1" sum="5"/>
<action no="2" player="Rakki" type="15" sum="5"/>
<action no="3" player="Sottosalpontos" type="15" discard="1" dealt="1" sum="5"/>
<action no="4" player="L1mltless" type="1" discard="1" dealt="1" sum="20"/>
<action no="5" player="Rakki" type="2" sum="40"/>
</round>
<round no="1"><cards type="Pocket" player="Rakki">C5 D10</cards>
<cards type="Pocket" player="Sottosalpontos">X X</cards>
<cards type="Pocket" player="L1mltless">X X</cards>
<action no="6" player="Sottosalpontos" type="0" discard="1" dealt="1" sum="0"/>
<action no="7" player="L1mltless" type="23" discard="1" dealt="1" sum="187"/>
<action no="8" player="Rakki" type="0" sum="0"/>
</round>
</game>
<game gamecode="6436305925"><general><startdate>2025-07-23 22:55:33</startdate>
<round>1</round>
<failsafecounter/>
<players><player seat="3" name="Sottosalpontos" chips="1,010" dealer="0" win="0" bet="45" muck="1" rebuy="0" addon="0" merge="0" rebuychips="0" reg_code="5049319235"/>
<player seat="6" name="L1mltless" chips="242" dealer="1" win="0" bet="5" muck="1" rebuy="0" addon="0" merge="0" rebuychips="0" reg_code="5049320421"/>
<player seat="10" name="Rakki" chips="248" dealer="0" win="95" bet="248" muck="1" rebuy="0" addon="0" merge="0" rebuychips="0" reg_code="5049320466"/>
</players>
</general>
<round no="0"><action no="1" player="Rakki" type="15" sum="5"/>
<action no="2" player="Sottosalpontos" type="15" discard="1" dealt="1" sum="5"/>
<action no="3" player="L1mltless" type="15" discard="1" dealt="1" sum="5"/>
<action no="4" player="Rakki" type="1" sum="20"/>
<action no="5" player="Sottosalpontos" type="2" discard="1" dealt="1" sum="40"/>
</round>
<round no="1"><cards type="Pocket" player="Rakki">HA D5</cards>
<cards type="Pocket" player="Sottosalpontos">X X</cards>
<cards type="Pocket" player="L1mltless">X X</cards>
<action no="6" player="L1mltless" type="0" discard="1" dealt="1" sum="0"/>
<action no="7" player="Rakki" type="23" sum="243"/>
<action no="8" player="Sottosalpontos" type="0" discard="1" dealt="1" sum="0"/>
</round>
</game>
<game gamecode="6436305961"><general><startdate>2025-07-23 22:55:51</startdate>
<round>1</round>
<failsafecounter/>
<players><player seat="6" name="L1mltless" chips="237" dealer="0" win="0" bet="65" muck="1" rebuy="0" addon="0" merge="0" rebuychips="0" reg_code="5049320421"/>
<player seat="10" name="Rakki" chips="298" dealer="1" win="165" bet="298" muck="1" rebuy="0" addon="0" merge="0" rebuychips="0" reg_code="5049320466"/>
<player seat="3" name="Sottosalpontos" chips="965" dealer="0" win="0" bet="35" muck="1" rebuy="0" addon="0" merge="0" rebuychips="0" reg_code="5049319235"/>
</players>
</general>
<round no="0"><action no="1" player="Sottosalpontos" type="15" discard="1" dealt="1" sum="5"/>
<action no="2" player="L1mltless" type="15" discard="1" dealt="1" sum="5"/>
<action no="3" player="Rakki" type="15" sum="5"/>
<action no="4" player="Sottosalpontos" type="1" discard="1" dealt="1" sum="30"/>
<action no="5" player="L1mltless" type="2" discard="1" dealt="1" sum="60"/>
</round>
<round no="1"><cards type="Pocket" player="Sottosalpontos">X X</cards>
<cards type="Pocket" player="Rakki">SQ S8</cards>
<cards type="Pocket" player="L1mltless">X X</cards>
<action no="6" player="Rakki" type="23" sum="293"/>
<action no="7" player="Sottosalpontos" type="0" discard="1" dealt="1" sum="0"/>
<action no="8" player="L1mltless" type="0" discard="1" dealt="1" sum="0"/>
</round>
</game>
<game gamecode="6436305986"><general><startdate>2025-07-23 22:56:08</startdate>
<round>1</round>
<failsafecounter/>
<players><player seat="10" name="Rakki" chips="398" dealer="0" win="0" bet="65" muck="1" rebuy="0" addon="0" merge="0" rebuychips="0" reg_code="5049320466"/>
<player seat="3" name="Sottosalpontos" chips="930" dealer="1" win="165" bet="930" muck="1" rebuy="0" addon="0" merge="0" rebuychips="0" reg_code="5049319235"/>
<player seat="6" name="L1mltless" chips="172" dealer="0" win="0" bet="35" muck="1" rebuy="0" addon="0" merge="0" rebuychips="0" reg_code="5049320421"/>
</players>
</general>
<round no="0"><action no="1" player="L1mltless" type="15" discard="1" dealt="1" sum="5"/>
<action no="2" player="Rakki" type="15" sum="5"/>
<action no="3" player="Sottosalpontos" type="15" discard="1" dealt="1" sum="5"/>
<action no="4" player="L1mltless" type="1" discard="1" dealt="1" sum="30"/>
<action no="5" player="Rakki" type="2" sum="60"/>
</round>
<round no="1"><cards type="Pocket" player="Sottosalpontos">X X</cards>
<cards type="Pocket" player="L1mltless">X X</cards>
<cards type="Pocket" player="Rakki">H8 S5</cards>
<action no="6" player="Sottosalpontos" type="23" discard="1" dealt="1" sum="925"/>
<action no="7" player="L1mltless" type="0" discard="1" dealt="1" sum="0"/>
<action no="8" player="Rakki" type="0" sum="0"/>
</round>
</game>
<game gamecode="6436306016"><general><startdate>2025-07-23 22:56:25</startdate>
<round>1</round>
<failsafecounter/>
<players><player seat="3" name="Sottosalpontos" chips="1,030" dealer="0" win="0" bet="65" muck="1" rebuy="0" addon="0" merge="0" rebuychips="0" reg_code="5049319235"/>
<player seat="6" name="L1mltless" chips="137" dealer="1" win="0" bet="5" muck="1" rebuy="0" addon="0" merge="0" rebuychips="0" reg_code="5049320421"/>
<player seat="10" name="Rakki" chips="333" dealer="0" win="135" bet="333" muck="1" rebuy="0" addon="0" merge="0" rebuychips="0" reg_code="5049320466"/>
</players>
</general>
<round no="0"><action no="1" player="Rakki" type="15" sum="5"/>
<action no="2" player="Sottosalpontos" type="15" discard="1" dealt="1" sum="5"/>
<action no="3" player="L1mltless" type="15" discard="1" dealt="1" sum="5"/>
<action no="4" player="Rakki" type="1" sum="30"/>
<action no="5" player="Sottosalpontos" type="2" discard="1" dealt="1" sum="60"/>
</round>
<round no="1"><cards type="Pocket" player="Sottosalpontos">X X</cards>
<cards type="Pocket" player="L1mltless">X X</cards>
<cards type="Pocket" player="Rakki">H7 S9</cards>
<action no="6" player="L1mltless" type="0" discard="1" dealt="1" sum="0"/>
<action no="7" player="Rakki" type="23" sum="328"/>
<action no="8" player="Sottosalpontos" type="0" discard="1" dealt="1" sum="0"/>
</round>
</game>
<game gamecode="6436306056"><general><startdate>2025-07-23 22:56:43</startdate>
<round>1</round>
<failsafecounter/>
<players><player seat="6" name="L1mltless" chips="132" dealer="0" win="0" bet="132" muck="1" rebuy="0" addon="0" merge="0" rebuychips="0" reg_code="5049320421"/>
<player seat="10" name="Rakki" chips="403" dealer="1" win="0" bet="5" muck="1" rebuy="0" addon="0" merge="0" rebuychips="0" reg_code="5049320466"/>
<player seat="3" name="Sottosalpontos" chips="965" dealer="0" win="269" bet="965" muck="0" rebuy="0" addon="0" merge="0" rebuychips="0" reg_code="5049319235"/>
</players>
</general>
<round no="0"><action no="1" player="Sottosalpontos" type="15" discard="1" dealt="1" sum="5"/>
<action no="2" player="L1mltless" type="15" discard="1" dealt="1" sum="5"/>
<action no="3" player="Rakki" type="15" sum="5"/>
<action no="4" player="Sottosalpontos" type="1" discard="1" dealt="1" sum="30"/>
<action no="5" player="L1mltless" type="2" discard="1" dealt="1" sum="60"/>
</round>
<round no="1"><cards type="Pocket" player="Sottosalpontos">D10 S3</cards>
<cards type="Pocket" player="L1mltless">S9 C6</cards>
<cards type="Pocket" player="Rakki">DJ D2</cards>
<action no="6" player="Rakki" type="0" sum="0"/>
<action no="7" player="Sottosalpontos" type="23" discard="1" dealt="1" sum="960"/>
<action no="8" player="L1mltless" type="7" discard="1" dealt="1" sum="67"/>
</round>
<round no="2"><cards type="Flop">H6 H10 CK</cards>
</round>
<round no="3"><cards type="Turn">D3</cards>
</round>
<round no="4"><cards type="River">DK</cards>
</round>
</game>
<game gamecode="6436306082"><general><startdate>2025-07-23 22:57:02</startdate>
<round>1</round>
<failsafecounter/>
<players><player seat="10" name="Rakki" chips="398" dealer="0" win="0" bet="65" muck="1" rebuy="0" addon="0" merge="0" rebuychips="0" reg_code="5049320466"/>
<player seat="3" name="Sottosalpontos" chips="1,102" dealer="1" win="130" bet="1,102" muck="1" rebuy="0" addon="0" merge="0" rebuychips="0" reg_code="5049319235"/>
</players>
</general>
<round no="0"><action no="1" player="Sottosalpontos" type="15" discard="1" dealt="1" sum="5"/>
<action no="2" player="Rakki" type="15" sum="5"/>
<action no="3" player="Sottosalpontos" type="1" discard="1" dealt="1" sum="30"/>
<action no="4" player="Rakki" type="2" sum="60"/>
</round>
<round no="1"><cards type="Pocket" player="Rakki">S2 CJ</cards>
<cards type="Pocket" player="Sottosalpontos">X X</cards>
<action no="5" player="Sottosalpontos" type="23" discard="1" dealt="1" sum="1,097"/>
<action no="6" player="Rakki" type="0" sum="0"/>
</round>
</game>
<game gamecode="6436306102"><general><startdate>2025-07-23 22:57:11</startdate>
<round>1</round>
<failsafecounter/>
<players><player seat="3" name="Sottosalpontos" chips="1,167" dealer="0" win="666" bet="333" muck="0" rebuy="0" addon="0" merge="0" rebuychips="0" reg_code="5049319235"/>
<player seat="10" name="Rakki" chips="333" dealer="1" win="0" bet="333" muck="0" rebuy="0" addon="0" merge="0" rebuychips="0" reg_code="5049320466"/>
</players>
</general>
<round no="0"><action no="1" player="Rakki" type="15" sum="5"/>
<action no="2" player="Sottosalpontos" type="15" discard="1" dealt="1" sum="5"/>
<action no="3" player="Rakki" type="1" sum="30"/>
<action no="4" player="Sottosalpontos" type="2" discard="1" dealt="1" sum="60"/>
</round>
<round no="1"><cards type="Pocket" player="Rakki">D10 D6</cards>
<cards type="Pocket" player="Sottosalpontos">DA H6</cards>
<action no="5" player="Rakki" type="23" sum="328"/>
<action no="6" player="Sottosalpontos" type="3" discard="1" dealt="1" sum="268"/>
</round>
<round no="2"><cards type="Flop">H5 D5 DQ</cards>
</round>
<round no="3"><cards type="Turn">CJ</cards>
</round>
<round no="4"><cards type="River">H4</cards>
</round>
</game>
</session>
