<?xml version="1.0" encoding="UTF-8"?>
<session sessioncode="5049035359">
<general>
<client_version>25.1.1.16</client_version>
<mode>real</mode>
<gametype>Holdem NL</gametype>
<tablename>Twister €50 SNG, 814433970</tablename>
<tournamentcode>814433968</tournamentcode>
<tournamentname>Twister €50 SNG</tournamentname>
<buyin>€0 + €3.50 + €46.50</buyin>
<totalbuyin>€50</totalbuyin>
<rewarddrawn>€150</rewarddrawn>
<tournamentcurrency>EUR</tournamentcurrency>
<currency>EUR</currency>
<nickname>Rakki</nickname>
<gamecount>1</gamecount>
<startdate>2025-07-22 17:42:11</startdate>
<place>3</place>
<win>€0</win>
<tablesize>3</tablesize>
</general>
<game gamecode="6435178339"><general><startdate>2025-07-22 17:42:26</startdate>
<round>1</round>
<failsafecounter/>
<players><player seat="10" name="Rakki" chips="500" dealer="0" win="0" bet="500" muck="0" rebuy="0" addon="0" merge="0" rebuychips="0" reg_code="5049035359"/>
<player seat="3" name="burloneee" chips="500" dealer="1" win="1,010" bet="500" muck="0" rebuy="0" addon="0" merge="0" rebuychips="0" reg_code="5049035023"/>
<player seat="6" name="Panta19999" chips="500" dealer="0" win="0" bet="10" muck="1" rebuy="0" addon="0" merge="0" rebuychips="0" reg_code="5049035081"/>
</players>
</general>
<round no="0"><action no="1" player="Panta19999" type="1" discard="1" dealt="1" sum="10"/>
<action no="2" player="Rakki" type="2" sum="20"/>
</round>
<round no="1"><cards type="Pocket" player="Rakki">CQ H9</cards>
<cards type="Pocket" player="Panta19999">X X</cards>
<cards type="Pocket" player="burloneee">S5 S7</cards>
<action no="3" player="burloneee" type="23" discard="1" dealt="1" sum="40"/>
<action no="4" player="Panta19999" type="0" discard="1" dealt="1" sum="0"/>
<action no="5" player="Rakki" type="3" sum="20"/>
</round>
<round no="2"><cards type="Flop">C5 SQ D7</cards>
<action no="6" player="Rakki" type="4" sum="0"/>
<action no="7" player="burloneee" type="5" discard="1" dealt="1" sum="20"/>
<action no="8" player="Rakki" type="23" sum="70"/>
<action no="9" player="burloneee" type="3" discard="1" dealt="1" sum="50"/>
</round>
<round no="3"><cards type="Turn">C10</cards>
<action no="10" player="Rakki" type="5" sum="110"/>
<action no="11" player="burloneee" type="23" discard="1" dealt="1" sum="390"/>
<action no="12" player="Rakki" type="7" sum="280"/>
</round>
<round no="4"><cards type="River">C6</cards>
</round>
</game>
</session>
