<?xml version="1.0" encoding="UTF-8"?>
<session sessioncode="5049362224">
<general>
<client_version>25.1.1.16</client_version>
<mode>real</mode>
<gametype>Holdem NL</gametype>
<tablename>Twister €100 SNG, 814525816</tablename>
<tournamentcode>814525815</tournamentcode>
<tournamentname>Twister €100 SNG</tournamentname>
<buyin>€0 + €7 + €93</buyin>
<totalbuyin>€100</totalbuyin>
<rewarddrawn>€200</rewarddrawn>
<tournamentcurrency>EUR</tournamentcurrency>
<currency>EUR</currency>
<nickname>Rakki</nickname>
<gamecount>9</gamecount>
<startdate>2025-07-24 02:36:45</startdate>
<place>2</place>
<win>€0</win>
<tablesize>3</tablesize>
</general>
<game gamecode="6436482784"><general><startdate>2025-07-24 02:37:00</startdate>
<round>1</round>
<failsafecounter/>
<players><player seat="3" name="LolloCausto" chips="500" dealer="0" win="20" bet="20" muck="1" rebuy="0" addon="0" merge="0" rebuychips="0" reg_code="5049362190"/>
<player seat="6" name="Rakki" chips="500" dealer="1" win="0" bet="0" muck="1" rebuy="0" addon="0" merge="0" rebuychips="0" reg_code="5049362224"/>
<player seat="10" name="AAnoKK" chips="500" dealer="0" win="0" bet="10" muck="1" rebuy="0" addon="0" merge="0" rebuychips="0" reg_code="5049363252"/>
</players>
</general>
<round no="0"><action no="1" player="AAnoKK" type="1" discard="1" dealt="1" sum="10"/>
<action no="2" player="LolloCausto" type="2" discard="1" dealt="1" sum="20"/>
</round>
<round no="1"><cards type="Pocket" player="LolloCausto">X X</cards>
<cards type="Pocket" player="Rakki">S6 DQ</cards>
<cards type="Pocket" player="AAnoKK">X X</cards>
<action no="3" player="Rakki" type="0" sum="0"/>
<action no="4" player="AAnoKK" type="0" discard="1" dealt="1" sum="0"/>
</round>
</game>
<game gamecode="6436482802"><general><startdate>2025-07-24 02:37:17</startdate>
<round>1</round>
<failsafecounter/>
<players><player seat="6" name="Rakki" chips="500" dealer="0" win="460" bet="225" muck="0" rebuy="0" addon="0" merge="0" rebuychips="0" reg_code="5049362224"/>
<player seat="10" name="AAnoKK" chips="490" dealer="1" win="0" bet="225" muck="1" rebuy="0" addon="0" merge="0" rebuychips="0" reg_code="5049363252"/>
<player seat="3" name="LolloCausto" chips="510" dealer="0" win="0" bet="10" muck="1" rebuy="0" addon="0" merge="0" rebuychips="0" reg_code="5049362190"/>
</players>
</general>
<round no="0"><action no="1" player="LolloCausto" type="1" discard="1" dealt="1" sum="10"/>
<action no="2" player="Rakki" type="2" sum="20"/>
</round>
<round no="1"><cards type="Pocket" player="LolloCausto">X X</cards>
<cards type="Pocket" player="Rakki">C8 HQ</cards>
<cards type="Pocket" player="AAnoKK">D8 DQ</cards>
<action no="3" player="AAnoKK" type="23" discard="1" dealt="1" sum="40"/>
<action no="4" player="LolloCausto" type="0" discard="1" dealt="1" sum="0"/>
<action no="5" player="Rakki" type="3" sum="20"/>
</round>
<round no="2"><cards type="Flop">S9 CQ C5</cards>
<action no="6" player="Rakki" type="4" sum="0"/>
<action no="7" player="AAnoKK" type="5" discard="1" dealt="1" sum="20"/>
<action no="8" player="Rakki" type="23" sum="70"/>
<action no="9" player="AAnoKK" type="3" discard="1" dealt="1" sum="50"/>
</round>
<round no="3"><cards type="Turn">C7</cards>
<action no="10" player="Rakki" type="5" sum="115"/>
<action no="11" player="AAnoKK" type="3" discard="1" dealt="1" sum="115"/>
</round>
<round no="4"><cards type="River">CJ</cards>
<action no="12" player="Rakki" type="4" sum="0"/>
<action no="13" player="AAnoKK" type="4" discard="1" dealt="1" sum="0"/>
</round>
</game>
<game gamecode="6436482850"><general><startdate>2025-07-24 02:38:02</startdate>
<round>1</round>
<failsafecounter/>
<players><player seat="10" name="AAnoKK" chips="265" dealer="0" win="0" bet="265" muck="0" rebuy="0" addon="0" merge="0" rebuychips="0" reg_code="5049363252"/>
<player seat="3" name="LolloCausto" chips="500" dealer="1" win="540" bet="265" muck="0" rebuy="0" addon="0" merge="0" rebuychips="0" reg_code="5049362190"/>
<player seat="6" name="Rakki" chips="735" dealer="0" win="0" bet="10" muck="1" rebuy="0" addon="0" merge="0" rebuychips="0" reg_code="5049362224"/>
</players>
</general>
<round no="0"><action no="1" player="Rakki" type="1" sum="10"/>
<action no="2" player="AAnoKK" type="2" discard="1" dealt="1" sum="20"/>
</round>
<round no="1"><cards type="Pocket" player="AAnoKK">CA H7</cards>
<cards type="Pocket" player="LolloCausto">SJ HQ</cards>
<cards type="Pocket" player="Rakki">DJ C3</cards>
<action no="3" player="LolloCausto" type="23" discard="1" dealt="1" sum="40"/>
<action no="4" player="Rakki" type="0" sum="0"/>
<action no="5" player="AAnoKK" type="23" discard="1" dealt="1" sum="265"/>
<action no="6" player="LolloCausto" type="3" discard="1" dealt="1" sum="225"/>
</round>
<round no="2"><cards type="Flop">S8 C8 CJ</cards>
</round>
<round no="3"><cards type="Turn">C7</cards>
</round>
<round no="4"><cards type="River">S5</cards>
</round>
</game>
<game gamecode="6436482869"><general><startdate>2025-07-24 02:38:20</startdate>
<round>1</round>
<failsafecounter/>
<players><player seat="3" name="LolloCausto" chips="775" dealer="0" win="80" bet="100" muck="1" rebuy="0" addon="0" merge="0" rebuychips="0" reg_code="5049362190"/>
<player seat="6" name="Rakki" chips="725" dealer="1" win="0" bet="40" muck="1" rebuy="0" addon="0" merge="0" rebuychips="0" reg_code="5049362224"/>
</players>
</general>
<round no="0"><action no="1" player="Rakki" type="1" sum="10"/>
<action no="2" player="LolloCausto" type="2" discard="1" dealt="1" sum="20"/>
</round>
<round no="1"><cards type="Pocket" player="LolloCausto">X X</cards>
<cards type="Pocket" player="Rakki">D7 S9</cards>
<action no="3" player="Rakki" type="23" sum="40"/>
<action no="4" player="LolloCausto" type="23" discard="1" dealt="1" sum="100"/>
<action no="5" player="Rakki" type="0" sum="0"/>
</round>
</game>
<game gamecode="6436482892"><general><startdate>2025-07-24 02:38:41</startdate>
<round>1</round>
<failsafecounter/>
<players><player seat="6" name="Rakki" chips="685" dealer="0" win="130" bet="215" muck="1" rebuy="0" addon="0" merge="0" rebuychips="0" reg_code="5049362224"/>
<player seat="3" name="LolloCausto" chips="815" dealer="1" win="0" bet="65" muck="1" rebuy="0" addon="0" merge="0" rebuychips="0" reg_code="5049362190"/>
</players>
</general>
<round no="0"><action no="1" player="LolloCausto" type="15" discard="1" dealt="1" sum="5"/>
<action no="2" player="Rakki" type="15" sum="5"/>
<action no="3" player="LolloCausto" type="1" discard="1" dealt="1" sum="15"/>
<action no="4" player="Rakki" type="2" sum="30"/>
</round>
<round no="1"><cards type="Pocket" player="Rakki">DQ CA</cards>
<cards type="Pocket" player="LolloCausto">X X</cards>
<action no="5" player="LolloCausto" type="23" discard="1" dealt="1" sum="60"/>
<action no="6" player="Rakki" type="23" sum="210"/>
<action no="7" player="LolloCausto" type="0" discard="1" dealt="1" sum="0"/>
</round>
</game>
<game gamecode="6436482904"><general><startdate>2025-07-24 02:38:58</startdate>
<round>1</round>
<failsafecounter/>
<players><player seat="3" name="LolloCausto" chips="750" dealer="0" win="296" bet="750" muck="1" rebuy="0" addon="0" merge="0" rebuychips="0" reg_code="5049362190"/>
<player seat="6" name="Rakki" chips="750" dealer="1" win="0" bet="148" muck="1" rebuy="0" addon="0" merge="0" rebuychips="0" reg_code="5049362224"/>
</players>
</general>
<round no="0"><action no="1" player="Rakki" type="15" sum="5"/>
<action no="2" player="LolloCausto" type="15" discard="1" dealt="1" sum="5"/>
<action no="3" player="Rakki" type="1" sum="15"/>
<action no="4" player="LolloCausto" type="2" discard="1" dealt="1" sum="30"/>
</round>
<round no="1"><cards type="Pocket" player="Rakki">DK S9</cards>
<cards type="Pocket" player="LolloCausto">X X</cards>
<action no="5" player="Rakki" type="23" sum="60"/>
<action no="6" player="LolloCausto" type="3" discard="1" dealt="1" sum="30"/>
</round>
<round no="2"><cards type="Flop">H5 D6 S3</cards>
<action no="7" player="LolloCausto" type="4" discard="1" dealt="1" sum="0"/>
<action no="8" player="Rakki" type="4" sum="0"/>
</round>
<round no="3"><cards type="Turn">S7</cards>
<action no="9" player="LolloCausto" type="5" discard="1" dealt="1" sum="83"/>
<action no="10" player="Rakki" type="3" sum="83"/>
</round>
<round no="4"><cards type="River">S2</cards>
<action no="11" player="LolloCausto" type="5" discard="1" dealt="1" sum="602"/>
<action no="12" player="Rakki" type="0" sum="0"/>
</round>
</game>
<game gamecode="6436482936"><general><startdate>2025-07-24 02:39:31</startdate>
<round>1</round>
<failsafecounter/>
<players><player seat="6" name="Rakki" chips="602" dealer="0" win="0" bet="35" muck="1" rebuy="0" addon="0" merge="0" rebuychips="0" reg_code="5049362224"/>
<player seat="3" name="LolloCausto" chips="898" dealer="1" win="70" bet="65" muck="1" rebuy="0" addon="0" merge="0" rebuychips="0" reg_code="5049362190"/>
</players>
</general>
<round no="0"><action no="1" player="LolloCausto" type="15" discard="1" dealt="1" sum="5"/>
<action no="2" player="Rakki" type="15" sum="5"/>
<action no="3" player="LolloCausto" type="1" discard="1" dealt="1" sum="15"/>
<action no="4" player="Rakki" type="2" sum="30"/>
</round>
<round no="1"><cards type="Pocket" player="LolloCausto">X X</cards>
<cards type="Pocket" player="Rakki">C9 H4</cards>
<action no="5" player="LolloCausto" type="3" discard="1" dealt="1" sum="15"/>
<action no="6" player="Rakki" type="4" sum="0"/>
</round>
<round no="2"><cards type="Flop">H8 D8 C2</cards>
<action no="7" player="Rakki" type="4" sum="0"/>
<action no="8" player="LolloCausto" type="4" discard="1" dealt="1" sum="0"/>
</round>
<round no="3"><cards type="Turn">D10</cards>
<action no="9" player="Rakki" type="4" sum="0"/>
<action no="10" player="LolloCausto" type="5" discard="1" dealt="1" sum="30"/>
<action no="11" player="Rakki" type="0" sum="0"/>
</round>
</game>
<game gamecode="6436482957"><general><startdate>2025-07-24 02:39:48</startdate>
<round>1</round>
<failsafecounter/>
<players><player seat="3" name="LolloCausto" chips="933" dealer="0" win="584" bet="292" muck="0" rebuy="0" addon="0" merge="0" rebuychips="0" reg_code="5049362190"/>
<player seat="6" name="Rakki" chips="567" dealer="1" win="0" bet="292" muck="0" rebuy="0" addon="0" merge="0" rebuychips="0" reg_code="5049362224"/>
</players>
</general>
<round no="0"><action no="1" player="Rakki" type="15" sum="5"/>
<action no="2" player="LolloCausto" type="15" discard="1" dealt="1" sum="5"/>
<action no="3" player="Rakki" type="1" sum="15"/>
<action no="4" player="LolloCausto" type="2" discard="1" dealt="1" sum="30"/>
</round>
<round no="1"><cards type="Pocket" player="LolloCausto">H5 C8</cards>
<cards type="Pocket" player="Rakki">D6 C10</cards>
<action no="5" player="Rakki" type="3" sum="15"/>
<action no="6" player="LolloCausto" type="4" discard="1" dealt="1" sum="0"/>
</round>
<round no="2"><cards type="Flop">HA S8 H3</cards>
<action no="7" player="LolloCausto" type="4" discard="1" dealt="1" sum="0"/>
<action no="8" player="Rakki" type="5" sum="30"/>
<action no="9" player="LolloCausto" type="23" discard="1" dealt="1" sum="60"/>
<action no="10" player="Rakki" type="3" sum="30"/>
</round>
<round no="3"><cards type="Turn">HJ</cards>
<action no="11" player="LolloCausto" type="5" discard="1" dealt="1" sum="51"/>
<action no="12" player="Rakki" type="3" sum="51"/>
</round>
<round no="4"><cards type="River">H7</cards>
<action no="13" player="LolloCausto" type="4" discard="1" dealt="1" sum="0"/>
<action no="14" player="Rakki" type="5" sum="146"/>
<action no="15" player="LolloCausto" type="3" discard="1" dealt="1" sum="146"/>
</round>
</game>
<game gamecode="6436482992"><general><startdate>2025-07-24 02:40:30</startdate>
<round>1</round>
<failsafecounter/>
<players><player seat="6" name="Rakki" chips="275" dealer="0" win="0" bet="275" muck="1" rebuy="0" addon="0" merge="0" rebuychips="0" reg_code="5049362224"/>
<player seat="3" name="LolloCausto" chips="1,225" dealer="1" win="550" bet="1,225" muck="0" rebuy="0" addon="0" merge="0" rebuychips="0" reg_code="5049362190"/>
</players>
</general>
<round no="0"><action no="1" player="LolloCausto" type="15" discard="1" dealt="1" sum="5"/>
<action no="2" player="Rakki" type="15" sum="5"/>
<action no="3" player="LolloCausto" type="1" discard="1" dealt="1" sum="20"/>
<action no="4" player="Rakki" type="2" sum="40"/>
</round>
<round no="1"><cards type="Pocket" player="Rakki">CA S3</cards>
<cards type="Pocket" player="LolloCausto">D10 H6</cards>
<action no="5" player="LolloCausto" type="23" discard="1" dealt="1" sum="1,220"/>
<action no="6" player="Rakki" type="7" sum="230"/>
</round>
<round no="2"><cards type="Flop">DJ S10 C5</cards>
</round>
<round no="3"><cards type="Turn">SK</cards>
</round>
<round no="4"><cards type="River">H4</cards>
</round>
</game>
</session>
