<?xml version="1.0" encoding="UTF-8"?>
<session sessioncode="5049026220">
<general>
<client_version>25.1.1.16</client_version>
<mode>real</mode>
<gametype>Holdem NL</gametype>
<tablename>Twister €50 SNG, 814430819</tablename>
<tournamentcode>814430818</tournamentcode>
<tournamentname>Twister €50 SNG</tournamentname>
<buyin>€0 + €3.50 + €46.50</buyin>
<totalbuyin>€50</totalbuyin>
<rewarddrawn>€100</rewarddrawn>
<tournamentcurrency>EUR</tournamentcurrency>
<currency>EUR</currency>
<nickname>Rakki</nickname>
<gamecount>20</gamecount>
<startdate>2025-07-22 16:55:52</startdate>
<place>2</place>
<win>€0</win>
<tablesize>3</tablesize>
</general>
<game gamecode="6435141275"><general><startdate>2025-07-22 16:56:08</startdate>
<round>1</round>
<failsafecounter/>
<players><player seat="10" name="Rakki" chips="500" dealer="0" win="1,040" bet="500" muck="0" rebuy="0" addon="0" merge="0" rebuychips="0" reg_code="5049026220"/>
<player seat="3" name="Panta19999" chips="500" dealer="1" win="0" bet="40" muck="1" rebuy="0" addon="0" merge="0" rebuychips="0" reg_code="5049026095"/>
<player seat="6" name="Expendable1" chips="500" dealer="0" win="0" bet="500" muck="1" rebuy="0" addon="0" merge="0" rebuychips="0" reg_code="5049026160"/>
</players>
</general>
<round no="0"><action no="1" player="Expendable1" type="1" discard="1" dealt="1" sum="10"/>
<action no="2" player="Rakki" type="2" sum="20"/>
</round>
<round no="1"><cards type="Pocket" player="Expendable1">CA D8</cards>
<cards type="Pocket" player="Rakki">D10 SA</cards>
<cards type="Pocket" player="Panta19999">X X</cards>
<action no="3" player="Panta19999" type="23" discard="1" dealt="1" sum="40"/>
<action no="4" player="Expendable1" type="3" discard="1" dealt="1" sum="30"/>
<action no="5" player="Rakki" type="23" sum="500"/>
<action no="6" player="Panta19999" type="0" discard="1" dealt="1" sum="0"/>
<action no="7" player="Expendable1" type="7" discard="1" dealt="1" sum="460"/>
</round>
<round no="2"><cards type="Flop">D2 HA C3</cards>
</round>
<round no="3"><cards type="Turn">CK</cards>
</round>
<round no="4"><cards type="River">C7</cards>
</round>
</game>
<game gamecode="6435141316"><general><startdate>2025-07-22 16:56:35</startdate>
<round>1</round>
<failsafecounter/>
<players><player seat="3" name="Panta19999" chips="460" dealer="0" win="920" bet="460" muck="0" rebuy="0" addon="0" merge="0" rebuychips="0" reg_code="5049026095"/>
<player seat="10" name="Rakki" chips="1,040" dealer="1" win="0" bet="460" muck="1" rebuy="0" addon="0" merge="0" rebuychips="0" reg_code="5049026220"/>
</players>
</general>
<round no="0"><action no="1" player="Rakki" type="1" sum="10"/>
<action no="2" player="Panta19999" type="2" discard="1" dealt="1" sum="20"/>
</round>
<round no="1"><cards type="Pocket" player="Panta19999">HQ D4</cards>
<cards type="Pocket" player="Rakki">H10 D3</cards>
<action no="3" player="Rakki" type="3" sum="10"/>
<action no="4" player="Panta19999" type="4" discard="1" dealt="1" sum="0"/>
</round>
<round no="2"><cards type="Flop">H9 HK C4</cards>
<action no="5" player="Panta19999" type="4" discard="1" dealt="1" sum="0"/>
<action no="6" player="Rakki" type="5" sum="20"/>
<action no="7" player="Panta19999" type="3" discard="1" dealt="1" sum="20"/>
</round>
<round no="3"><cards type="Turn">HA</cards>
<action no="8" player="Panta19999" type="4" discard="1" dealt="1" sum="0"/>
<action no="9" player="Rakki" type="5" sum="120"/>
<action no="10" player="Panta19999" type="3" discard="1" dealt="1" sum="120"/>
</round>
<round no="4"><cards type="River">H5</cards>
<action no="11" player="Panta19999" type="5" discard="1" dealt="1" sum="300"/>
<action no="12" player="Rakki" type="3" sum="300"/>
</round>
</game>
<game gamecode="6435141377"><general><startdate>2025-07-22 16:57:20</startdate>
<round>1</round>
<failsafecounter/>
<players><player seat="10" name="Rakki" chips="580" dealer="0" win="0" bet="40" muck="1" rebuy="0" addon="0" merge="0" rebuychips="0" reg_code="5049026220"/>
<player seat="3" name="Panta19999" chips="920" dealer="1" win="80" bet="60" muck="1" rebuy="0" addon="0" merge="0" rebuychips="0" reg_code="5049026095"/>
</players>
</general>
<round no="0"><action no="1" player="Panta19999" type="1" discard="1" dealt="1" sum="10"/>
<action no="2" player="Rakki" type="2" sum="20"/>
</round>
<round no="1"><cards type="Pocket" player="Panta19999">X X</cards>
<cards type="Pocket" player="Rakki">H6 H7</cards>
<action no="3" player="Panta19999" type="23" discard="1" dealt="1" sum="40"/>
<action no="4" player="Rakki" type="3" sum="20"/>
</round>
<round no="2"><cards type="Flop">D4 SA HJ</cards>
<action no="5" player="Rakki" type="4" sum="0"/>
<action no="6" player="Panta19999" type="5" discard="1" dealt="1" sum="20"/>
<action no="7" player="Rakki" type="0" sum="0"/>
</round>
</game>
<game gamecode="6435141399"><general><startdate>2025-07-22 16:57:35</startdate>
<round>1</round>
<failsafecounter/>
<players><player seat="3" name="Panta19999" chips="960" dealer="0" win="40" bet="60" muck="1" rebuy="0" addon="0" merge="0" rebuychips="0" reg_code="5049026095"/>
<player seat="10" name="Rakki" chips="540" dealer="1" win="0" bet="20" muck="1" rebuy="0" addon="0" merge="0" rebuychips="0" reg_code="5049026220"/>
</players>
</general>
<round no="0"><action no="1" player="Rakki" type="1" sum="10"/>
<action no="2" player="Panta19999" type="2" discard="1" dealt="1" sum="20"/>
</round>
<round no="1"><cards type="Pocket" player="Panta19999">X X</cards>
<cards type="Pocket" player="Rakki">DJ H6</cards>
<action no="3" player="Rakki" type="3" sum="10"/>
<action no="4" player="Panta19999" type="23" discard="1" dealt="1" sum="60"/>
<action no="5" player="Rakki" type="0" sum="0"/>
</round>
</game>
<game gamecode="6435141426"><general><startdate>2025-07-22 16:57:51</startdate>
<round>1</round>
<failsafecounter/>
<players><player seat="10" name="Rakki" chips="520" dealer="0" win="70" bet="520" muck="1" rebuy="0" addon="0" merge="0" rebuychips="0" reg_code="5049026220"/>
<player seat="3" name="Panta19999" chips="980" dealer="1" win="0" bet="35" muck="1" rebuy="0" addon="0" merge="0" rebuychips="0" reg_code="5049026095"/>
</players>
</general>
<round no="0"><action no="1" player="Panta19999" type="15" discard="1" dealt="1" sum="5"/>
<action no="2" player="Rakki" type="15" sum="5"/>
<action no="3" player="Panta19999" type="1" discard="1" dealt="1" sum="15"/>
<action no="4" player="Rakki" type="2" sum="30"/>
</round>
<round no="1"><cards type="Pocket" player="Rakki">SA C4</cards>
<cards type="Pocket" player="Panta19999">X X</cards>
<action no="5" player="Panta19999" type="3" discard="1" dealt="1" sum="15"/>
<action no="6" player="Rakki" type="23" sum="515"/>
<action no="7" player="Panta19999" type="0" discard="1" dealt="1" sum="0"/>
</round>
</game>
<game gamecode="6435141438"><general><startdate>2025-07-22 16:58:01</startdate>
<round>1</round>
<failsafecounter/>
<players><player seat="3" name="Panta19999" chips="945" dealer="0" win="0" bet="35" muck="1" rebuy="0" addon="0" merge="0" rebuychips="0" reg_code="5049026095"/>
<player seat="10" name="Rakki" chips="555" dealer="1" win="70" bet="105" muck="1" rebuy="0" addon="0" merge="0" rebuychips="0" reg_code="5049026220"/>
</players>
</general>
<round no="0"><action no="1" player="Rakki" type="15" sum="5"/>
<action no="2" player="Panta19999" type="15" discard="1" dealt="1" sum="5"/>
<action no="3" player="Rakki" type="1" sum="15"/>
<action no="4" player="Panta19999" type="2" discard="1" dealt="1" sum="30"/>
</round>
<round no="1"><cards type="Pocket" player="Panta19999">X X</cards>
<cards type="Pocket" player="Rakki">SK D8</cards>
<action no="5" player="Rakki" type="3" sum="15"/>
<action no="6" player="Panta19999" type="4" discard="1" dealt="1" sum="0"/>
</round>
<round no="2"><cards type="Flop">D10 H9 S5</cards>
<action no="7" player="Panta19999" type="4" discard="1" dealt="1" sum="0"/>
<action no="8" player="Rakki" type="4" sum="0"/>
</round>
<round no="3"><cards type="Turn">HK</cards>
<action no="9" player="Panta19999" type="4" discard="1" dealt="1" sum="0"/>
<action no="10" player="Rakki" type="5" sum="70"/>
<action no="11" player="Panta19999" type="0" discard="1" dealt="1" sum="0"/>
</round>
</game>
<game gamecode="6435141474"><general><startdate>2025-07-22 16:58:22</startdate>
<round>1</round>
<failsafecounter/>
<players><player seat="10" name="Rakki" chips="590" dealer="0" win="0" bet="65" muck="1" rebuy="0" addon="0" merge="0" rebuychips="0" reg_code="5049026220"/>
<player seat="3" name="Panta19999" chips="910" dealer="1" win="130" bet="95" muck="1" rebuy="0" addon="0" merge="0" rebuychips="0" reg_code="5049026095"/>
</players>
</general>
<round no="0"><action no="1" player="Panta19999" type="15" discard="1" dealt="1" sum="5"/>
<action no="2" player="Rakki" type="15" sum="5"/>
<action no="3" player="Panta19999" type="1" discard="1" dealt="1" sum="15"/>
<action no="4" player="Rakki" type="2" sum="30"/>
</round>
<round no="1"><cards type="Pocket" player="Rakki">H2 HJ</cards>
<cards type="Pocket" player="Panta19999">X X</cards>
<action no="5" player="Panta19999" type="23" discard="1" dealt="1" sum="60"/>
<action no="6" player="Rakki" type="3" sum="30"/>
</round>
<round no="2"><cards type="Flop">D9 C3 C7</cards>
<action no="7" player="Rakki" type="4" sum="0"/>
<action no="8" player="Panta19999" type="5" discard="1" dealt="1" sum="30"/>
<action no="9" player="Rakki" type="0" sum="0"/>
</round>
</game>
<game gamecode="6435141498"><general><startdate>2025-07-22 16:58:38</startdate>
<round>1</round>
<failsafecounter/>
<players><player seat="3" name="Panta19999" chips="975" dealer="0" win="0" bet="35" muck="1" rebuy="0" addon="0" merge="0" rebuychips="0" reg_code="5049026095"/>
<player seat="10" name="Rakki" chips="525" dealer="1" win="70" bet="65" muck="1" rebuy="0" addon="0" merge="0" rebuychips="0" reg_code="5049026220"/>
</players>
</general>
<round no="0"><action no="1" player="Rakki" type="15" sum="5"/>
<action no="2" player="Panta19999" type="15" discard="1" dealt="1" sum="5"/>
<action no="3" player="Rakki" type="1" sum="15"/>
<action no="4" player="Panta19999" type="2" discard="1" dealt="1" sum="30"/>
</round>
<round no="1"><cards type="Pocket" player="Panta19999">X X</cards>
<cards type="Pocket" player="Rakki">SJ D3</cards>
<action no="5" player="Rakki" type="3" sum="15"/>
<action no="6" player="Panta19999" type="4" discard="1" dealt="1" sum="0"/>
</round>
<round no="2"><cards type="Flop">S10 SA D8</cards>
<action no="7" player="Panta19999" type="4" discard="1" dealt="1" sum="0"/>
<action no="8" player="Rakki" type="5" sum="30"/>
<action no="9" player="Panta19999" type="0" discard="1" dealt="1" sum="0"/>
</round>
</game>
<game gamecode="6435141544"><general><startdate>2025-07-22 16:59:09</startdate>
<round>1</round>
<failsafecounter/>
<players><player seat="10" name="Rakki" chips="560" dealer="0" win="130" bet="195" muck="1" rebuy="0" addon="0" merge="0" rebuychips="0" reg_code="5049026220"/>
<player seat="3" name="Panta19999" chips="940" dealer="1" win="0" bet="65" muck="1" rebuy="0" addon="0" merge="0" rebuychips="0" reg_code="5049026095"/>
</players>
</general>
<round no="0"><action no="1" player="Panta19999" type="15" discard="1" dealt="1" sum="5"/>
<action no="2" player="Rakki" type="15" sum="5"/>
<action no="3" player="Panta19999" type="1" discard="1" dealt="1" sum="15"/>
<action no="4" player="Rakki" type="2" sum="30"/>
</round>
<round no="1"><cards type="Pocket" player="Rakki">DJ D3</cards>
<cards type="Pocket" player="Panta19999">X X</cards>
<action no="5" player="Panta19999" type="3" discard="1" dealt="1" sum="15"/>
<action no="6" player="Rakki" type="4" sum="0"/>
</round>
<round no="2"><cards type="Flop">S7 S2 D7</cards>
<action no="7" player="Rakki" type="4" sum="0"/>
<action no="8" player="Panta19999" type="5" discard="1" dealt="1" sum="30"/>
<action no="9" player="Rakki" type="3" sum="30"/>
</round>
<round no="3"><cards type="Turn">SQ</cards>
<action no="10" player="Rakki" type="4" sum="0"/>
<action no="11" player="Panta19999" type="4" discard="1" dealt="1" sum="0"/>
</round>
<round no="4"><cards type="River">DQ</cards>
<action no="12" player="Rakki" type="5" sum="130"/>
<action no="13" player="Panta19999" type="0" discard="1" dealt="1" sum="0"/>
</round>
</game>
<game gamecode="6435141625"><general><startdate>2025-07-22 16:59:50</startdate>
<round>1</round>
<failsafecounter/>
<players><player seat="3" name="Panta19999" chips="875" dealer="0" win="0" bet="170" muck="1" rebuy="0" addon="0" merge="0" rebuychips="0" reg_code="5049026095"/>
<player seat="10" name="Rakki" chips="625" dealer="1" win="340" bet="170" muck="0" rebuy="0" addon="0" merge="0" rebuychips="0" reg_code="5049026220"/>
</players>
</general>
<round no="0"><action no="1" player="Rakki" type="15" sum="5"/>
<action no="2" player="Panta19999" type="15" discard="1" dealt="1" sum="5"/>
<action no="3" player="Rakki" type="1" sum="20"/>
<action no="4" player="Panta19999" type="2" discard="1" dealt="1" sum="40"/>
</round>
<round no="1"><cards type="Pocket" player="Panta19999">S2 C10</cards>
<cards type="Pocket" player="Rakki">D7 HA</cards>
<action no="5" player="Rakki" type="3" sum="20"/>
<action no="6" player="Panta19999" type="4" discard="1" dealt="1" sum="0"/>
</round>
<round no="2"><cards type="Flop">C5 D2 HQ</cards>
<action no="7" player="Panta19999" type="4" discard="1" dealt="1" sum="0"/>
<action no="8" player="Rakki" type="5" sum="40"/>
<action no="9" player="Panta19999" type="3" discard="1" dealt="1" sum="40"/>
</round>
<round no="3"><cards type="Turn">HK</cards>
<action no="10" player="Panta19999" type="4" discard="1" dealt="1" sum="0"/>
<action no="11" player="Rakki" type="4" sum="0"/>
</round>
<round no="4"><cards type="River">C7</cards>
<action no="12" player="Panta19999" type="4" discard="1" dealt="1" sum="0"/>
<action no="13" player="Rakki" type="5" sum="85"/>
<action no="14" player="Panta19999" type="3" discard="1" dealt="1" sum="85"/>
</round>
</game>
<game gamecode="6435141687"><general><startdate>2025-07-22 17:00:28</startdate>
<round>1</round>
<failsafecounter/>
<players><player seat="10" name="Rakki" chips="795" dealer="0" win="0" bet="45" muck="1" rebuy="0" addon="0" merge="0" rebuychips="0" reg_code="5049026220"/>
<player seat="3" name="Panta19999" chips="705" dealer="1" win="90" bet="85" muck="1" rebuy="0" addon="0" merge="0" rebuychips="0" reg_code="5049026095"/>
</players>
</general>
<round no="0"><action no="1" player="Panta19999" type="15" discard="1" dealt="1" sum="5"/>
<action no="2" player="Rakki" type="15" sum="5"/>
<action no="3" player="Panta19999" type="1" discard="1" dealt="1" sum="20"/>
<action no="4" player="Rakki" type="2" sum="40"/>
</round>
<round no="1"><cards type="Pocket" player="Rakki">S3 C5</cards>
<cards type="Pocket" player="Panta19999">X X</cards>
<action no="5" player="Panta19999" type="3" discard="1" dealt="1" sum="20"/>
<action no="6" player="Rakki" type="4" sum="0"/>
</round>
<round no="2"><cards type="Flop">D8 H8 S4</cards>
<action no="7" player="Rakki" type="4" sum="0"/>
<action no="8" player="Panta19999" type="5" discard="1" dealt="1" sum="40"/>
<action no="9" player="Rakki" type="0" sum="0"/>
</round>
</game>
<game gamecode="6435141715"><general><startdate>2025-07-22 17:00:43</startdate>
<round>1</round>
<failsafecounter/>
<players><player seat="3" name="Panta19999" chips="750" dealer="0" win="90" bet="112" muck="1" rebuy="0" addon="0" merge="0" rebuychips="0" reg_code="5049026095"/>
<player seat="10" name="Rakki" chips="750" dealer="1" win="0" bet="45" muck="1" rebuy="0" addon="0" merge="0" rebuychips="0" reg_code="5049026220"/>
</players>
</general>
<round no="0"><action no="1" player="Rakki" type="15" sum="5"/>
<action no="2" player="Panta19999" type="15" discard="1" dealt="1" sum="5"/>
<action no="3" player="Rakki" type="1" sum="20"/>
<action no="4" player="Panta19999" type="2" discard="1" dealt="1" sum="40"/>
</round>
<round no="1"><cards type="Pocket" player="Rakki">S10 SK</cards>
<cards type="Pocket" player="Panta19999">X X</cards>
<action no="5" player="Rakki" type="3" sum="20"/>
<action no="6" player="Panta19999" type="4" discard="1" dealt="1" sum="0"/>
</round>
<round no="2"><cards type="Flop">D4 D7 S8</cards>
<action no="7" player="Panta19999" type="4" discard="1" dealt="1" sum="0"/>
<action no="8" player="Rakki" type="4" sum="0"/>
</round>
<round no="3"><cards type="Turn">D8</cards>
<action no="9" player="Panta19999" type="5" discard="1" dealt="1" sum="67"/>
<action no="10" player="Rakki" type="0" sum="0"/>
</round>
</game>
<game gamecode="6435141770"><general><startdate>2025-07-22 17:01:05</startdate>
<round>1</round>
<failsafecounter/>
<players><player seat="10" name="Rakki" chips="705" dealer="0" win="90" bet="165" muck="1" rebuy="0" addon="0" merge="0" rebuychips="0" reg_code="5049026220"/>
<player seat="3" name="Panta19999" chips="795" dealer="1" win="0" bet="45" muck="1" rebuy="0" addon="0" merge="0" rebuychips="0" reg_code="5049026095"/>
</players>
</general>
<round no="0"><action no="1" player="Panta19999" type="15" discard="1" dealt="1" sum="5"/>
<action no="2" player="Rakki" type="15" sum="5"/>
<action no="3" player="Panta19999" type="1" discard="1" dealt="1" sum="20"/>
<action no="4" player="Rakki" type="2" sum="40"/>
</round>
<round no="1"><cards type="Pocket" player="Panta19999">X X</cards>
<cards type="Pocket" player="Rakki">S3 H6</cards>
<action no="5" player="Panta19999" type="3" discard="1" dealt="1" sum="20"/>
<action no="6" player="Rakki" type="4" sum="0"/>
</round>
<round no="2"><cards type="Flop">H2 DQ C5</cards>
<action no="7" player="Rakki" type="4" sum="0"/>
<action no="8" player="Panta19999" type="4" discard="1" dealt="1" sum="0"/>
</round>
<round no="3"><cards type="Turn">D2</cards>
<action no="9" player="Rakki" type="4" sum="0"/>
<action no="10" player="Panta19999" type="4" discard="1" dealt="1" sum="0"/>
</round>
<round no="4"><cards type="River">C4</cards>
<action no="11" player="Rakki" type="5" sum="120"/>
<action no="12" player="Panta19999" type="0" discard="1" dealt="1" sum="0"/>
</round>
</game>
<game gamecode="6435141815"><general><startdate>2025-07-22 17:01:37</startdate>
<round>1</round>
<failsafecounter/>
<players><player seat="3" name="Panta19999" chips="750" dealer="0" win="0" bet="245" muck="1" rebuy="0" addon="0" merge="0" rebuychips="0" reg_code="5049026095"/>
<player seat="10" name="Rakki" chips="750" dealer="1" win="490" bet="365" muck="1" rebuy="0" addon="0" merge="0" rebuychips="0" reg_code="5049026220"/>
</players>
</general>
<round no="0"><action no="1" player="Rakki" type="15" sum="5"/>
<action no="2" player="Panta19999" type="15" discard="1" dealt="1" sum="5"/>
<action no="3" player="Rakki" type="1" sum="30"/>
<action no="4" player="Panta19999" type="2" discard="1" dealt="1" sum="60"/>
</round>
<round no="1"><cards type="Pocket" player="Panta19999">X X</cards>
<cards type="Pocket" player="Rakki">HK DK</cards>
<action no="5" player="Rakki" type="3" sum="30"/>
<action no="6" player="Panta19999" type="4" discard="1" dealt="1" sum="0"/>
</round>
<round no="2"><cards type="Flop">SQ CA HA</cards>
<action no="7" player="Panta19999" type="4" discard="1" dealt="1" sum="0"/>
<action no="8" player="Rakki" type="5" sum="60"/>
<action no="9" player="Panta19999" type="23" discard="1" dealt="1" sum="120"/>
<action no="10" player="Rakki" type="23" sum="180"/>
<action no="11" player="Panta19999" type="3" discard="1" dealt="1" sum="60"/>
</round>
<round no="3"><cards type="Turn">H8</cards>
<action no="12" player="Panta19999" type="4" discard="1" dealt="1" sum="0"/>
<action no="13" player="Rakki" type="5" sum="120"/>
<action no="14" player="Panta19999" type="0" discard="1" dealt="1" sum="0"/>
</round>
</game>
<game gamecode="6435141874"><general><startdate>2025-07-22 17:02:12</startdate>
<round>1</round>
<failsafecounter/>
<players><player seat="10" name="Rakki" chips="995" dealer="0" win="0" bet="65" muck="1" rebuy="0" addon="0" merge="0" rebuychips="0" reg_code="5049026220"/>
<player seat="3" name="Panta19999" chips="505" dealer="1" win="130" bet="125" muck="1" rebuy="0" addon="0" merge="0" rebuychips="0" reg_code="5049026095"/>
</players>
</general>
<round no="0"><action no="1" player="Panta19999" type="15" discard="1" dealt="1" sum="5"/>
<action no="2" player="Rakki" type="15" sum="5"/>
<action no="3" player="Panta19999" type="1" discard="1" dealt="1" sum="30"/>
<action no="4" player="Rakki" type="2" sum="60"/>
</round>
<round no="1"><cards type="Pocket" player="Panta19999">X X</cards>
<cards type="Pocket" player="Rakki">HQ C7</cards>
<action no="5" player="Panta19999" type="3" discard="1" dealt="1" sum="30"/>
<action no="6" player="Rakki" type="4" sum="0"/>
</round>
<round no="2"><cards type="Flop">D2 C9 HJ</cards>
<action no="7" player="Rakki" type="4" sum="0"/>
<action no="8" player="Panta19999" type="4" discard="1" dealt="1" sum="0"/>
</round>
<round no="3"><cards type="Turn">S9</cards>
<action no="9" player="Rakki" type="4" sum="0"/>
<action no="10" player="Panta19999" type="5" discard="1" dealt="1" sum="60"/>
<action no="11" player="Rakki" type="0" sum="0"/>
</round>
</game>
<game gamecode="6435141907"><general><startdate>2025-07-22 17:02:35</startdate>
<round>1</round>
<failsafecounter/>
<players><player seat="3" name="Panta19999" chips="570" dealer="0" win="0" bet="65" muck="1" rebuy="0" addon="0" merge="0" rebuychips="0" reg_code="5049026095"/>
<player seat="10" name="Rakki" chips="930" dealer="1" win="130" bet="930" muck="1" rebuy="0" addon="0" merge="0" rebuychips="0" reg_code="5049026220"/>
</players>
</general>
<round no="0"><action no="1" player="Rakki" type="15" sum="5"/>
<action no="2" player="Panta19999" type="15" discard="1" dealt="1" sum="5"/>
<action no="3" player="Rakki" type="1" sum="30"/>
<action no="4" player="Panta19999" type="2" discard="1" dealt="1" sum="60"/>
</round>
<round no="1"><cards type="Pocket" player="Panta19999">X X</cards>
<cards type="Pocket" player="Rakki">S5 S4</cards>
<action no="5" player="Rakki" type="23" sum="925"/>
<action no="6" player="Panta19999" type="0" discard="1" dealt="1" sum="0"/>
</round>
</game>
<game gamecode="6435141922"><general><startdate>2025-07-22 17:02:43</startdate>
<round>1</round>
<failsafecounter/>
<players><player seat="10" name="Rakki" chips="995" dealer="0" win="0" bet="65" muck="1" rebuy="0" addon="0" merge="0" rebuychips="0" reg_code="5049026220"/>
<player seat="3" name="Panta19999" chips="505" dealer="1" win="130" bet="505" muck="1" rebuy="0" addon="0" merge="0" rebuychips="0" reg_code="5049026095"/>
</players>
</general>
<round no="0"><action no="1" player="Panta19999" type="15" discard="1" dealt="1" sum="5"/>
<action no="2" player="Rakki" type="15" sum="5"/>
<action no="3" player="Panta19999" type="1" discard="1" dealt="1" sum="30"/>
<action no="4" player="Rakki" type="2" sum="60"/>
</round>
<round no="1"><cards type="Pocket" player="Panta19999">X X</cards>
<cards type="Pocket" player="Rakki">H6 HJ</cards>
<action no="5" player="Panta19999" type="23" discard="1" dealt="1" sum="500"/>
<action no="6" player="Rakki" type="0" sum="0"/>
</round>
</game>
<game gamecode="6435141953"><general><startdate>2025-07-22 17:03:02</startdate>
<round>1</round>
<failsafecounter/>
<players><player seat="3" name="Panta19999" chips="570" dealer="0" win="0" bet="88" muck="1" rebuy="0" addon="0" merge="0" rebuychips="0" reg_code="5049026095"/>
<player seat="10" name="Rakki" chips="930" dealer="1" win="176" bet="930" muck="1" rebuy="0" addon="0" merge="0" rebuychips="0" reg_code="5049026220"/>
</players>
</general>
<round no="0"><action no="1" player="Rakki" type="15" sum="8"/>
<action no="2" player="Panta19999" type="15" discard="1" dealt="1" sum="8"/>
<action no="3" player="Rakki" type="1" sum="40"/>
<action no="4" player="Panta19999" type="2" discard="1" dealt="1" sum="80"/>
</round>
<round no="1"><cards type="Pocket" player="Panta19999">X X</cards>
<cards type="Pocket" player="Rakki">H8 D6</cards>
<action no="5" player="Rakki" type="23" sum="922"/>
<action no="6" player="Panta19999" type="0" discard="1" dealt="1" sum="0"/>
</round>
</game>
<game gamecode="6435141977"><general><startdate>2025-07-22 17:03:14</startdate>
<round>1</round>
<failsafecounter/>
<players><player seat="10" name="Rakki" chips="1,018" dealer="0" win="0" bet="1,018" muck="1" rebuy="0" addon="0" merge="0" rebuychips="0" reg_code="5049026220"/>
<player seat="3" name="Panta19999" chips="482" dealer="1" win="964" bet="482" muck="0" rebuy="0" addon="0" merge="0" rebuychips="0" reg_code="5049026095"/>
</players>
</general>
<round no="0"><action no="1" player="Panta19999" type="15" discard="1" dealt="1" sum="8"/>
<action no="2" player="Rakki" type="15" sum="8"/>
<action no="3" player="Panta19999" type="1" discard="1" dealt="1" sum="40"/>
<action no="4" player="Rakki" type="2" sum="80"/>
</round>
<round no="1"><cards type="Pocket" player="Rakki">SA H2</cards>
<cards type="Pocket" player="Panta19999">DK SK</cards>
<action no="5" player="Panta19999" type="3" discard="1" dealt="1" sum="40"/>
<action no="6" player="Rakki" type="23" sum="1,010"/>
<action no="7" player="Panta19999" type="7" discard="1" dealt="1" sum="394"/>
</round>
<round no="2"><cards type="Flop">C8 S5 C4</cards>
</round>
<round no="3"><cards type="Turn">SJ</cards>
</round>
<round no="4"><cards type="River">C7</cards>
</round>
</game>
<game gamecode="6435142017"><general><startdate>2025-07-22 17:03:35</startdate>
<round>1</round>
<failsafecounter/>
<players><player seat="3" name="Panta19999" chips="964" dealer="0" win="1,072" bet="536" muck="0" rebuy="0" addon="0" merge="0" rebuychips="0" reg_code="5049026095"/>
<player seat="10" name="Rakki" chips="536" dealer="1" win="0" bet="536" muck="0" rebuy="0" addon="0" merge="0" rebuychips="0" reg_code="5049026220"/>
</players>
</general>
<round no="0"><action no="1" player="Rakki" type="15" sum="8"/>
<action no="2" player="Panta19999" type="15" discard="1" dealt="1" sum="8"/>
<action no="3" player="Rakki" type="1" sum="40"/>
<action no="4" player="Panta19999" type="2" discard="1" dealt="1" sum="80"/>
</round>
<round no="1"><cards type="Pocket" player="Panta19999">D5 HK</cards>
<cards type="Pocket" player="Rakki">HJ CK</cards>
<action no="5" player="Rakki" type="23" sum="528"/>
<action no="6" player="Panta19999" type="3" discard="1" dealt="1" sum="448"/>
</round>
<round no="2"><cards type="Flop">D9 HA S3</cards>
</round>
<round no="3"><cards type="Turn">D2</cards>
</round>
<round no="4"><cards type="River">H5</cards>
</round>
</game>
</session>
