<?xml version="1.0" encoding="UTF-8"?>
<session sessioncode="5049534636">
<general>
<client_version>25.1.1.16</client_version>
<mode>real</mode>
<gametype>Holdem NL</gametype>
<tablename>Twister €50 SNG, 814577940</tablename>
<tournamentcode>814577939</tournamentcode>
<tournamentname>Twister €50 SNG</tournamentname>
<buyin>€0 + €3.50 + €46.50</buyin>
<totalbuyin>€50</totalbuyin>
<rewarddrawn>€150</rewarddrawn>
<tournamentcurrency>EUR</tournamentcurrency>
<currency>EUR</currency>
<nickname>Rakki</nickname>
<gamecount>18</gamecount>
<startdate>2025-07-25 00:18:16</startdate>
<place>2</place>
<win>€0</win>
<tablesize>3</tablesize>
</general>
<game gamecode="6437149784"><general><startdate>2025-07-25 00:18:31</startdate>
<round>1</round>
<failsafecounter/>
<players><player seat="3" name="FayeValentine" chips="500" dealer="0" win="120" bet="120" muck="1" rebuy="0" addon="0" merge="0" rebuychips="0" reg_code="5049534606"/>
<player seat="6" name="885PokerG0d" chips="500" dealer="1" win="0" bet="0" muck="1" rebuy="0" addon="0" merge="0" rebuychips="0" reg_code="5049534620"/>
<player seat="10" name="Rakki" chips="500" dealer="0" win="0" bet="60" muck="1" rebuy="0" addon="0" merge="0" rebuychips="0" reg_code="5049534636"/>
</players>
</general>
<round no="0"><action no="1" player="Rakki" type="1" sum="10"/>
<action no="2" player="FayeValentine" type="2" discard="1" dealt="1" sum="20"/>
</round>
<round no="1"><cards type="Pocket" player="885PokerG0d">X X</cards>
<cards type="Pocket" player="Rakki">SQ H8</cards>
<cards type="Pocket" player="FayeValentine">X X</cards>
<action no="3" player="885PokerG0d" type="0" discard="1" dealt="1" sum="0"/>
<action no="4" player="Rakki" type="3" sum="10"/>
<action no="5" player="FayeValentine" type="23" discard="1" dealt="1" sum="60"/>
<action no="6" player="Rakki" type="3" sum="40"/>
</round>
<round no="2"><cards type="Flop">D5 D4 C4</cards>
<action no="7" player="Rakki" type="4" sum="0"/>
<action no="8" player="FayeValentine" type="5" discard="1" dealt="1" sum="60"/>
<action no="9" player="Rakki" type="0" sum="0"/>
</round>
</game>
<game gamecode="6437149837"><general><startdate>2025-07-25 00:19:00</startdate>
<round>1</round>
<failsafecounter/>
<players><player seat="6" name="885PokerG0d" chips="500" dealer="0" win="20" bet="20" muck="1" rebuy="0" addon="0" merge="0" rebuychips="0" reg_code="5049534620"/>
<player seat="10" name="Rakki" chips="440" dealer="1" win="0" bet="0" muck="1" rebuy="0" addon="0" merge="0" rebuychips="0" reg_code="5049534636"/>
<player seat="3" name="FayeValentine" chips="560" dealer="0" win="0" bet="10" muck="1" rebuy="0" addon="0" merge="0" rebuychips="0" reg_code="5049534606"/>
</players>
</general>
<round no="0"><action no="1" player="FayeValentine" type="1" discard="1" dealt="1" sum="10"/>
<action no="2" player="885PokerG0d" type="2" discard="1" dealt="1" sum="20"/>
</round>
<round no="1"><cards type="Pocket" player="885PokerG0d">X X</cards>
<cards type="Pocket" player="FayeValentine">X X</cards>
<cards type="Pocket" player="Rakki">H4 DJ</cards>
<action no="3" player="Rakki" type="0" sum="0"/>
<action no="4" player="FayeValentine" type="0" discard="1" dealt="1" sum="0"/>
</round>
</game>
<game gamecode="6437149855"><general><startdate>2025-07-25 00:19:10</startdate>
<round>1</round>
<failsafecounter/>
<players><player seat="10" name="Rakki" chips="440" dealer="0" win="0" bet="20" muck="1" rebuy="0" addon="0" merge="0" rebuychips="0" reg_code="5049534636"/>
<player seat="3" name="FayeValentine" chips="550" dealer="1" win="0" bet="0" muck="1" rebuy="0" addon="0" merge="0" rebuychips="0" reg_code="5049534606"/>
<player seat="6" name="885PokerG0d" chips="510" dealer="0" win="40" bet="60" muck="1" rebuy="0" addon="0" merge="0" rebuychips="0" reg_code="5049534620"/>
</players>
</general>
<round no="0"><action no="1" player="885PokerG0d" type="1" discard="1" dealt="1" sum="10"/>
<action no="2" player="Rakki" type="2" sum="20"/>
</round>
<round no="1"><cards type="Pocket" player="885PokerG0d">X X</cards>
<cards type="Pocket" player="FayeValentine">X X</cards>
<cards type="Pocket" player="Rakki">CJ S2</cards>
<action no="3" player="FayeValentine" type="0" discard="1" dealt="1" sum="0"/>
<action no="4" player="885PokerG0d" type="23" discard="1" dealt="1" sum="60"/>
<action no="5" player="Rakki" type="0" sum="0"/>
</round>
</game>
<game gamecode="6437149877"><general><startdate>2025-07-25 00:19:20</startdate>
<round>1</round>
<failsafecounter/>
<players><player seat="3" name="FayeValentine" chips="550" dealer="0" win="20" bet="20" muck="1" rebuy="0" addon="0" merge="0" rebuychips="0" reg_code="5049534606"/>
<player seat="6" name="885PokerG0d" chips="530" dealer="1" win="0" bet="0" muck="1" rebuy="0" addon="0" merge="0" rebuychips="0" reg_code="5049534620"/>
<player seat="10" name="Rakki" chips="420" dealer="0" win="0" bet="10" muck="1" rebuy="0" addon="0" merge="0" rebuychips="0" reg_code="5049534636"/>
</players>
</general>
<round no="0"><action no="1" player="Rakki" type="1" sum="10"/>
<action no="2" player="FayeValentine" type="2" discard="1" dealt="1" sum="20"/>
</round>
<round no="1"><cards type="Pocket" player="FayeValentine">X X</cards>
<cards type="Pocket" player="Rakki">S3 CQ</cards>
<cards type="Pocket" player="885PokerG0d">X X</cards>
<action no="3" player="885PokerG0d" type="0" discard="1" dealt="1" sum="0"/>
<action no="4" player="Rakki" type="0" sum="0"/>
</round>
</game>
<game gamecode="6437149903"><general><startdate>2025-07-25 00:19:35</startdate>
<round>1</round>
<failsafecounter/>
<players><player seat="6" name="885PokerG0d" chips="530" dealer="0" win="0" bet="40" muck="1" rebuy="0" addon="0" merge="0" rebuychips="0" reg_code="5049534620"/>
<player seat="10" name="Rakki" chips="410" dealer="1" win="90" bet="80" muck="1" rebuy="0" addon="0" merge="0" rebuychips="0" reg_code="5049534636"/>
<player seat="3" name="FayeValentine" chips="560" dealer="0" win="0" bet="10" muck="1" rebuy="0" addon="0" merge="0" rebuychips="0" reg_code="5049534606"/>
</players>
</general>
<round no="0"><action no="1" player="FayeValentine" type="1" discard="1" dealt="1" sum="10"/>
<action no="2" player="885PokerG0d" type="2" discard="1" dealt="1" sum="20"/>
</round>
<round no="1"><cards type="Pocket" player="885PokerG0d">X X</cards>
<cards type="Pocket" player="Rakki">C10 SA</cards>
<cards type="Pocket" player="FayeValentine">X X</cards>
<action no="3" player="Rakki" type="23" sum="40"/>
<action no="4" player="FayeValentine" type="0" discard="1" dealt="1" sum="0"/>
<action no="5" player="885PokerG0d" type="3" discard="1" dealt="1" sum="20"/>
</round>
<round no="2"><cards type="Flop">C5 D7 H3</cards>
<action no="6" player="885PokerG0d" type="4" discard="1" dealt="1" sum="0"/>
<action no="7" player="Rakki" type="5" sum="40"/>
<action no="8" player="885PokerG0d" type="0" discard="1" dealt="1" sum="0"/>
</round>
</game>
<game gamecode="6437149961"><general><startdate>2025-07-25 00:20:02</startdate>
<round>1</round>
<failsafecounter/>
<players><player seat="10" name="Rakki" chips="460" dealer="0" win="20" bet="20" muck="1" rebuy="0" addon="0" merge="0" rebuychips="0" reg_code="5049534636"/>
<player seat="3" name="FayeValentine" chips="550" dealer="1" win="0" bet="0" muck="1" rebuy="0" addon="0" merge="0" rebuychips="0" reg_code="5049534606"/>
<player seat="6" name="885PokerG0d" chips="490" dealer="0" win="0" bet="10" muck="1" rebuy="0" addon="0" merge="0" rebuychips="0" reg_code="5049534620"/>
</players>
</general>
<round no="0"><action no="1" player="885PokerG0d" type="1" discard="1" dealt="1" sum="10"/>
<action no="2" player="Rakki" type="2" sum="20"/>
</round>
<round no="1"><cards type="Pocket" player="FayeValentine">X X</cards>
<cards type="Pocket" player="885PokerG0d">X X</cards>
<cards type="Pocket" player="Rakki">H3 HQ</cards>
<action no="3" player="FayeValentine" type="0" discard="1" dealt="1" sum="0"/>
<action no="4" player="885PokerG0d" type="0" discard="1" dealt="1" sum="0"/>
</round>
</game>
<game gamecode="6437149977"><general><startdate>2025-07-25 00:20:11</startdate>
<round>1</round>
<failsafecounter/>
<players><player seat="3" name="FayeValentine" chips="550" dealer="0" win="0" bet="65" muck="1" rebuy="0" addon="0" merge="0" rebuychips="0" reg_code="5049534606"/>
<player seat="6" name="885PokerG0d" chips="480" dealer="1" win="150" bet="215" muck="1" rebuy="0" addon="0" merge="0" rebuychips="0" reg_code="5049534620"/>
<player seat="10" name="Rakki" chips="470" dealer="0" win="0" bet="20" muck="1" rebuy="0" addon="0" merge="0" rebuychips="0" reg_code="5049534636"/>
</players>
</general>
<round no="0"><action no="1" player="Rakki" type="15" sum="5"/>
<action no="2" player="FayeValentine" type="15" discard="1" dealt="1" sum="5"/>
<action no="3" player="885PokerG0d" type="15" discard="1" dealt="1" sum="5"/>
<action no="4" player="Rakki" type="1" sum="15"/>
<action no="5" player="FayeValentine" type="2" discard="1" dealt="1" sum="30"/>
</round>
<round no="1"><cards type="Pocket" player="Rakki">D4 C7</cards>
<cards type="Pocket" player="FayeValentine">X X</cards>
<cards type="Pocket" player="885PokerG0d">X X</cards>
<action no="6" player="885PokerG0d" type="23" discard="1" dealt="1" sum="60"/>
<action no="7" player="Rakki" type="0" sum="0"/>
<action no="8" player="FayeValentine" type="3" discard="1" dealt="1" sum="30"/>
</round>
<round no="2"><cards type="Flop">S6 S2 H3</cards>
<action no="9" player="FayeValentine" type="4" discard="1" dealt="1" sum="0"/>
<action no="10" player="885PokerG0d" type="4" discard="1" dealt="1" sum="0"/>
</round>
<round no="3"><cards type="Turn">C6</cards>
<action no="11" player="FayeValentine" type="4" discard="1" dealt="1" sum="0"/>
<action no="12" player="885PokerG0d" type="4" discard="1" dealt="1" sum="0"/>
</round>
<round no="4"><cards type="River">HA</cards>
<action no="13" player="FayeValentine" type="4" discard="1" dealt="1" sum="0"/>
<action no="14" player="885PokerG0d" type="5" discard="1" dealt="1" sum="150"/>
<action no="15" player="FayeValentine" type="0" discard="1" dealt="1" sum="0"/>
</round>
</game>
<game gamecode="6437150036"><general><startdate>2025-07-25 00:20:47</startdate>
<round>1</round>
<failsafecounter/>
<players><player seat="6" name="885PokerG0d" chips="565" dealer="0" win="0" bet="35" muck="1" rebuy="0" addon="0" merge="0" rebuychips="0" reg_code="5049534620"/>
<player seat="10" name="Rakki" chips="450" dealer="1" win="0" bet="5" muck="1" rebuy="0" addon="0" merge="0" rebuychips="0" reg_code="5049534636"/>
<player seat="3" name="FayeValentine" chips="485" dealer="0" win="75" bet="485" muck="1" rebuy="0" addon="0" merge="0" rebuychips="0" reg_code="5049534606"/>
</players>
</general>
<round no="0"><action no="1" player="FayeValentine" type="15" discard="1" dealt="1" sum="5"/>
<action no="2" player="885PokerG0d" type="15" discard="1" dealt="1" sum="5"/>
<action no="3" player="Rakki" type="15" sum="5"/>
<action no="4" player="FayeValentine" type="1" discard="1" dealt="1" sum="15"/>
<action no="5" player="885PokerG0d" type="2" discard="1" dealt="1" sum="30"/>
</round>
<round no="1"><cards type="Pocket" player="Rakki">D2 H5</cards>
<cards type="Pocket" player="FayeValentine">X X</cards>
<cards type="Pocket" player="885PokerG0d">X X</cards>
<action no="6" player="Rakki" type="0" sum="0"/>
<action no="7" player="FayeValentine" type="23" discard="1" dealt="1" sum="480"/>
<action no="8" player="885PokerG0d" type="0" discard="1" dealt="1" sum="0"/>
</round>
</game>
<game gamecode="6437150059"><general><startdate>2025-07-25 00:21:00</startdate>
<round>1</round>
<failsafecounter/>
<players><player seat="10" name="Rakki" chips="445" dealer="0" win="0" bet="35" muck="1" rebuy="0" addon="0" merge="0" rebuychips="0" reg_code="5049534636"/>
<player seat="3" name="FayeValentine" chips="525" dealer="1" win="0" bet="5" muck="1" rebuy="0" addon="0" merge="0" rebuychips="0" reg_code="5049534606"/>
<player seat="6" name="885PokerG0d" chips="530" dealer="0" win="75" bet="65" muck="1" rebuy="0" addon="0" merge="0" rebuychips="0" reg_code="5049534620"/>
</players>
</general>
<round no="0"><action no="1" player="885PokerG0d" type="15" discard="1" dealt="1" sum="5"/>
<action no="2" player="Rakki" type="15" sum="5"/>
<action no="3" player="FayeValentine" type="15" discard="1" dealt="1" sum="5"/>
<action no="4" player="885PokerG0d" type="1" discard="1" dealt="1" sum="15"/>
<action no="5" player="Rakki" type="2" sum="30"/>
</round>
<round no="1"><cards type="Pocket" player="Rakki">H2 S4</cards>
<cards type="Pocket" player="885PokerG0d">X X</cards>
<cards type="Pocket" player="FayeValentine">X X</cards>
<action no="6" player="FayeValentine" type="0" discard="1" dealt="1" sum="0"/>
<action no="7" player="885PokerG0d" type="23" discard="1" dealt="1" sum="60"/>
<action no="8" player="Rakki" type="0" sum="0"/>
</round>
</game>
<game gamecode="6437150087"><general><startdate>2025-07-25 00:21:14</startdate>
<round>1</round>
<failsafecounter/>
<players><player seat="3" name="FayeValentine" chips="520" dealer="0" win="0" bet="35" muck="1" rebuy="0" addon="0" merge="0" rebuychips="0" reg_code="5049534606"/>
<player seat="6" name="885PokerG0d" chips="570" dealer="1" win="90" bet="65" muck="1" rebuy="0" addon="0" merge="0" rebuychips="0" reg_code="5049534620"/>
<player seat="10" name="Rakki" chips="410" dealer="0" win="0" bet="20" muck="1" rebuy="0" addon="0" merge="0" rebuychips="0" reg_code="5049534636"/>
</players>
</general>
<round no="0"><action no="1" player="Rakki" type="15" sum="5"/>
<action no="2" player="FayeValentine" type="15" discard="1" dealt="1" sum="5"/>
<action no="3" player="885PokerG0d" type="15" discard="1" dealt="1" sum="5"/>
<action no="4" player="Rakki" type="1" sum="15"/>
<action no="5" player="FayeValentine" type="2" discard="1" dealt="1" sum="30"/>
</round>
<round no="1"><cards type="Pocket" player="FayeValentine">X X</cards>
<cards type="Pocket" player="885PokerG0d">X X</cards>
<cards type="Pocket" player="Rakki">HJ H5</cards>
<action no="6" player="885PokerG0d" type="23" discard="1" dealt="1" sum="60"/>
<action no="7" player="Rakki" type="0" sum="0"/>
<action no="8" player="FayeValentine" type="0" discard="1" dealt="1" sum="0"/>
</round>
</game>
<game gamecode="6437150124"><general><startdate>2025-07-25 00:21:34</startdate>
<round>1</round>
<failsafecounter/>
<players><player seat="6" name="885PokerG0d" chips="625" dealer="0" win="0" bet="35" muck="1" rebuy="0" addon="0" merge="0" rebuychips="0" reg_code="5049534620"/>
<player seat="10" name="Rakki" chips="390" dealer="1" win="815" bet="390" muck="0" rebuy="0" addon="0" merge="0" rebuychips="0" reg_code="5049534636"/>
<player seat="3" name="FayeValentine" chips="485" dealer="0" win="0" bet="485" muck="1" rebuy="0" addon="0" merge="0" rebuychips="0" reg_code="5049534606"/>
</players>
</general>
<round no="0"><action no="1" player="FayeValentine" type="15" discard="1" dealt="1" sum="5"/>
<action no="2" player="885PokerG0d" type="15" discard="1" dealt="1" sum="5"/>
<action no="3" player="Rakki" type="15" sum="5"/>
<action no="4" player="FayeValentine" type="1" discard="1" dealt="1" sum="15"/>
<action no="5" player="885PokerG0d" type="2" discard="1" dealt="1" sum="30"/>
</round>
<round no="1"><cards type="Pocket" player="Rakki">DJ SJ</cards>
<cards type="Pocket" player="885PokerG0d">X X</cards>
<cards type="Pocket" player="FayeValentine">H5 D5</cards>
<action no="6" player="Rakki" type="23" sum="60"/>
<action no="7" player="FayeValentine" type="23" discard="1" dealt="1" sum="480"/>
<action no="8" player="885PokerG0d" type="0" discard="1" dealt="1" sum="0"/>
<action no="9" player="Rakki" type="7" sum="325"/>
</round>
<round no="2"><cards type="Flop">CJ C8 H2</cards>
</round>
<round no="3"><cards type="Turn">D3</cards>
</round>
<round no="4"><cards type="River">C7</cards>
</round>
</game>
<game gamecode="6437150184"><general><startdate>2025-07-25 00:22:07</startdate>
<round>1</round>
<failsafecounter/>
<players><player seat="10" name="Rakki" chips="815" dealer="0" win="215" bet="95" muck="0" rebuy="0" addon="0" merge="0" rebuychips="0" reg_code="5049534636"/>
<player seat="3" name="FayeValentine" chips="95" dealer="1" win="0" bet="95" muck="0" rebuy="0" addon="0" merge="0" rebuychips="0" reg_code="5049534606"/>
<player seat="6" name="885PokerG0d" chips="590" dealer="0" win="0" bet="25" muck="1" rebuy="0" addon="0" merge="0" rebuychips="0" reg_code="5049534620"/>
</players>
</general>
<round no="0"><action no="1" player="885PokerG0d" type="15" discard="1" dealt="1" sum="5"/>
<action no="2" player="Rakki" type="15" sum="5"/>
<action no="3" player="FayeValentine" type="15" discard="1" dealt="1" sum="5"/>
<action no="4" player="885PokerG0d" type="1" discard="1" dealt="1" sum="20"/>
<action no="5" player="Rakki" type="2" sum="40"/>
</round>
<round no="1"><cards type="Pocket" player="Rakki">H9 S5</cards>
<cards type="Pocket" player="885PokerG0d">X X</cards>
<cards type="Pocket" player="FayeValentine">SJ S4</cards>
<action no="6" player="FayeValentine" type="23" discard="1" dealt="1" sum="90"/>
<action no="7" player="885PokerG0d" type="0" discard="1" dealt="1" sum="0"/>
<action no="8" player="Rakki" type="3" sum="50"/>
</round>
<round no="2"><cards type="Flop">D7 S7 D9</cards>
</round>
<round no="3"><cards type="Turn">C5</cards>
</round>
<round no="4"><cards type="River">CA</cards>
</round>
</game>
<game gamecode="6437150220"><general><startdate>2025-07-25 00:22:28</startdate>
<round>1</round>
<failsafecounter/>
<players><player seat="10" name="Rakki" chips="935" dealer="0" win="90" bet="85" muck="1" rebuy="0" addon="0" merge="0" rebuychips="0" reg_code="5049534636"/>
<player seat="6" name="885PokerG0d" chips="565" dealer="1" win="0" bet="45" muck="1" rebuy="0" addon="0" merge="0" rebuychips="0" reg_code="5049534620"/>
</players>
</general>
<round no="0"><action no="1" player="885PokerG0d" type="15" discard="1" dealt="1" sum="5"/>
<action no="2" player="Rakki" type="15" sum="5"/>
<action no="3" player="885PokerG0d" type="1" discard="1" dealt="1" sum="20"/>
<action no="4" player="Rakki" type="2" sum="40"/>
</round>
<round no="1"><cards type="Pocket" player="885PokerG0d">X X</cards>
<cards type="Pocket" player="Rakki">H7 D9</cards>
<action no="5" player="885PokerG0d" type="3" discard="1" dealt="1" sum="20"/>
<action no="6" player="Rakki" type="4" sum="0"/>
</round>
<round no="2"><cards type="Flop">C6 DK C8</cards>
<action no="7" player="Rakki" type="4" sum="0"/>
<action no="8" player="885PokerG0d" type="4" discard="1" dealt="1" sum="0"/>
</round>
<round no="3"><cards type="Turn">SQ</cards>
<action no="9" player="Rakki" type="5" sum="40"/>
<action no="10" player="885PokerG0d" type="0" discard="1" dealt="1" sum="0"/>
</round>
</game>
<game gamecode="6437150256"><general><startdate>2025-07-25 00:22:47</startdate>
<round>1</round>
<failsafecounter/>
<players><player seat="6" name="885PokerG0d" chips="520" dealer="0" win="0" bet="45" muck="1" rebuy="0" addon="0" merge="0" rebuychips="0" reg_code="5049534620"/>
<player seat="10" name="Rakki" chips="980" dealer="1" win="90" bet="980" muck="1" rebuy="0" addon="0" merge="0" rebuychips="0" reg_code="5049534636"/>
</players>
</general>
<round no="0"><action no="1" player="Rakki" type="15" sum="5"/>
<action no="2" player="885PokerG0d" type="15" discard="1" dealt="1" sum="5"/>
<action no="3" player="Rakki" type="1" sum="20"/>
<action no="4" player="885PokerG0d" type="2" discard="1" dealt="1" sum="40"/>
</round>
<round no="1"><cards type="Pocket" player="Rakki">HA D3</cards>
<cards type="Pocket" player="885PokerG0d">X X</cards>
<action no="5" player="Rakki" type="23" sum="975"/>
<action no="6" player="885PokerG0d" type="0" discard="1" dealt="1" sum="0"/>
</round>
</game>
<game gamecode="6437150272"><general><startdate>2025-07-25 00:22:55</startdate>
<round>1</round>
<failsafecounter/>
<players><player seat="10" name="Rakki" chips="1,025" dealer="0" win="0" bet="135" muck="0" rebuy="0" addon="0" merge="0" rebuychips="0" reg_code="5049534636"/>
<player seat="6" name="885PokerG0d" chips="475" dealer="1" win="270" bet="135" muck="0" rebuy="0" addon="0" merge="0" rebuychips="0" reg_code="5049534620"/>
</players>
</general>
<round no="0"><action no="1" player="885PokerG0d" type="15" discard="1" dealt="1" sum="5"/>
<action no="2" player="Rakki" type="15" sum="5"/>
<action no="3" player="885PokerG0d" type="1" discard="1" dealt="1" sum="20"/>
<action no="4" player="Rakki" type="2" sum="40"/>
</round>
<round no="1"><cards type="Pocket" player="Rakki">S4 C2</cards>
<cards type="Pocket" player="885PokerG0d">C9 C6</cards>
<action no="5" player="885PokerG0d" type="3" discard="1" dealt="1" sum="20"/>
<action no="6" player="Rakki" type="4" sum="0"/>
</round>
<round no="2"><cards type="Flop">DQ D9 H10</cards>
<action no="7" player="Rakki" type="4" sum="0"/>
<action no="8" player="885PokerG0d" type="4" discard="1" dealt="1" sum="0"/>
</round>
<round no="3"><cards type="Turn">C7</cards>
<action no="9" player="Rakki" type="4" sum="0"/>
<action no="10" player="885PokerG0d" type="4" discard="1" dealt="1" sum="0"/>
</round>
<round no="4"><cards type="River">H6</cards>
<action no="11" player="Rakki" type="5" sum="90"/>
<action no="12" player="885PokerG0d" type="3" discard="1" dealt="1" sum="90"/>
</round>
</game>
<game gamecode="6437157319"><general><startdate>2025-07-25 00:23:29</startdate>
<round>1</round>
<failsafecounter/>
<players><player seat="6" name="885PokerG0d" chips="610" dealer="0" win="90" bet="610" muck="1" rebuy="0" addon="0" merge="0" rebuychips="0" reg_code="5049534620"/>
<player seat="10" name="Rakki" chips="890" dealer="1" win="0" bet="45" muck="1" rebuy="0" addon="0" merge="0" rebuychips="0" reg_code="5049534636"/>
</players>
</general>
<round no="0"><action no="1" player="Rakki" type="15" sum="5"/>
<action no="2" player="885PokerG0d" type="15" discard="1" dealt="1" sum="5"/>
<action no="3" player="Rakki" type="1" sum="20"/>
<action no="4" player="885PokerG0d" type="2" discard="1" dealt="1" sum="40"/>
</round>
<round no="1"><cards type="Pocket" player="885PokerG0d">X X</cards>
<cards type="Pocket" player="Rakki">H5 S4</cards>
<action no="5" player="Rakki" type="3" sum="20"/>
<action no="6" player="885PokerG0d" type="23" discard="1" dealt="1" sum="605"/>
<action no="7" player="Rakki" type="0" sum="0"/>
</round>
</game>
<game gamecode="6437157355"><general><startdate>2025-07-25 00:23:45</startdate>
<round>1</round>
<failsafecounter/>
<players><player seat="10" name="Rakki" chips="845" dealer="0" win="0" bet="655" muck="1" rebuy="0" addon="0" merge="0" rebuychips="0" reg_code="5049534636"/>
<player seat="6" name="885PokerG0d" chips="655" dealer="1" win="1,310" bet="655" muck="0" rebuy="0" addon="0" merge="0" rebuychips="0" reg_code="5049534620"/>
</players>
</general>
<round no="0"><action no="1" player="885PokerG0d" type="15" discard="1" dealt="1" sum="5"/>
<action no="2" player="Rakki" type="15" sum="5"/>
<action no="3" player="885PokerG0d" type="1" discard="1" dealt="1" sum="30"/>
<action no="4" player="Rakki" type="2" sum="60"/>
</round>
<round no="1"><cards type="Pocket" player="885PokerG0d">DJ SQ</cards>
<cards type="Pocket" player="Rakki">D8 D7</cards>
<action no="5" player="885PokerG0d" type="23" discard="1" dealt="1" sum="650"/>
<action no="6" player="Rakki" type="3" sum="590"/>
</round>
<round no="2"><cards type="Flop">C3 C6 C10</cards>
</round>
<round no="3"><cards type="Turn">S6</cards>
</round>
<round no="4"><cards type="River">DQ</cards>
</round>
</game>
<game gamecode="6437157400"><general><startdate>2025-07-25 00:24:03</startdate>
<round>1</round>
<failsafecounter/>
<players><player seat="6" name="885PokerG0d" chips="1,310" dealer="0" win="380" bet="190" muck="0" rebuy="0" addon="0" merge="0" rebuychips="0" reg_code="5049534620"/>
<player seat="10" name="Rakki" chips="190" dealer="1" win="0" bet="190" muck="0" rebuy="0" addon="0" merge="0" rebuychips="0" reg_code="5049534636"/>
</players>
</general>
<round no="0"><action no="1" player="Rakki" type="15" sum="5"/>
<action no="2" player="885PokerG0d" type="15" discard="1" dealt="1" sum="5"/>
<action no="3" player="Rakki" type="1" sum="30"/>
<action no="4" player="885PokerG0d" type="2" discard="1" dealt="1" sum="60"/>
</round>
<round no="1"><cards type="Pocket" player="885PokerG0d">DJ SA</cards>
<cards type="Pocket" player="Rakki">DK C5</cards>
<action no="5" player="Rakki" type="23" sum="185"/>
<action no="6" player="885PokerG0d" type="3" discard="1" dealt="1" sum="125"/>
</round>
<round no="2"><cards type="Flop">D10 CJ S4</cards>
</round>
<round no="3"><cards type="Turn">S9</cards>
</round>
<round no="4"><cards type="River">C4</cards>
</round>
</game>
</session>
