<?xml version="1.0" encoding="UTF-8"?>
<session sessioncode="5049139103">
<general>
<client_version>25.1.1.16</client_version>
<mode>real</mode>
<gametype>Holdem NL</gametype>
<tablename>Twister €100 SNG, 814459179</tablename>
<tournamentcode>814459178</tournamentcode>
<tournamentname>Twister €100 SNG</tournamentname>
<buyin>€0 + €7 + €93</buyin>
<totalbuyin>€100</totalbuyin>
<rewarddrawn>€200</rewarddrawn>
<tournamentcurrency>EUR</tournamentcurrency>
<currency>EUR</currency>
<nickname>Rakki</nickname>
<gamecount>26</gamecount>
<startdate>2025-07-23 00:49:49</startdate>
<place>1</place>
<win>€200</win>
<tablesize>3</tablesize>
</general>
<game gamecode="6435552810"><general><startdate>2025-07-23 00:50:04</startdate>
<round>1</round>
<failsafecounter/>
<players><player seat="3" name="Pannocchietta" chips="500" dealer="0" win="0" bet="20" muck="1" rebuy="0" addon="0" merge="0" rebuychips="0" reg_code="5049139058"/>
<player seat="6" name="Rakki" chips="500" dealer="1" win="160" bet="190" muck="1" rebuy="0" addon="0" merge="0" rebuychips="0" reg_code="5049139103"/>
<player seat="10" name="funix24" chips="500" dealer="0" win="0" bet="70" muck="1" rebuy="0" addon="0" merge="0" rebuychips="0" reg_code="5049139219"/>
</players>
</general>
<round no="0"><action no="1" player="funix24" type="1" discard="1" dealt="1" sum="10"/>
<action no="2" player="Pannocchietta" type="2" discard="1" dealt="1" sum="20"/>
</round>
<round no="1"><cards type="Pocket" player="Rakki">DK SQ</cards>
<cards type="Pocket" player="funix24">X X</cards>
<cards type="Pocket" player="Pannocchietta">X X</cards>
<action no="3" player="Rakki" type="23" sum="40"/>
<action no="4" player="funix24" type="3" discard="1" dealt="1" sum="30"/>
<action no="5" player="Pannocchietta" type="0" discard="1" dealt="1" sum="0"/>
</round>
<round no="2"><cards type="Flop">H7 SK C4</cards>
<action no="6" player="funix24" type="4" discard="1" dealt="1" sum="0"/>
<action no="7" player="Rakki" type="5" sum="30"/>
<action no="8" player="funix24" type="3" discard="1" dealt="1" sum="30"/>
</round>
<round no="3"><cards type="Turn">H10</cards>
<action no="9" player="funix24" type="4" discard="1" dealt="1" sum="0"/>
<action no="10" player="Rakki" type="5" sum="120"/>
<action no="11" player="funix24" type="0" discard="1" dealt="1" sum="0"/>
</round>
</game>
<game gamecode="6435552870"><general><startdate>2025-07-23 00:50:35</startdate>
<round>1</round>
<failsafecounter/>
<players><player seat="6" name="Rakki" chips="590" dealer="0" win="0" bet="80" muck="0" rebuy="0" addon="0" merge="0" rebuychips="0" reg_code="5049139103"/>
<player seat="10" name="funix24" chips="430" dealer="1" win="170" bet="80" muck="0" rebuy="0" addon="0" merge="0" rebuychips="0" reg_code="5049139219"/>
<player seat="3" name="Pannocchietta" chips="480" dealer="0" win="0" bet="10" muck="1" rebuy="0" addon="0" merge="0" rebuychips="0" reg_code="5049139058"/>
</players>
</general>
<round no="0"><action no="1" player="Pannocchietta" type="1" discard="1" dealt="1" sum="10"/>
<action no="2" player="Rakki" type="2" sum="20"/>
</round>
<round no="1"><cards type="Pocket" player="funix24">HA D7</cards>
<cards type="Pocket" player="Pannocchietta">X X</cards>
<cards type="Pocket" player="Rakki">C4 SJ</cards>
<action no="3" player="funix24" type="3" discard="1" dealt="1" sum="20"/>
<action no="4" player="Pannocchietta" type="0" discard="1" dealt="1" sum="0"/>
<action no="5" player="Rakki" type="4" sum="0"/>
</round>
<round no="2"><cards type="Flop">C8 H8 S10</cards>
<action no="6" player="Rakki" type="4" sum="0"/>
<action no="7" player="funix24" type="4" discard="1" dealt="1" sum="0"/>
</round>
<round no="3"><cards type="Turn">H9</cards>
<action no="8" player="Rakki" type="4" sum="0"/>
<action no="9" player="funix24" type="4" discard="1" dealt="1" sum="0"/>
</round>
<round no="4"><cards type="River">H5</cards>
<action no="10" player="Rakki" type="5" sum="60"/>
<action no="11" player="funix24" type="3" discard="1" dealt="1" sum="60"/>
</round>
</game>
<game gamecode="6435552918"><general><startdate>2025-07-23 00:51:00</startdate>
<round>1</round>
<failsafecounter/>
<players><player seat="10" name="funix24" chips="520" dealer="0" win="0" bet="80" muck="1" rebuy="0" addon="0" merge="0" rebuychips="0" reg_code="5049139219"/>
<player seat="3" name="Pannocchietta" chips="470" dealer="1" win="0" bet="80" muck="1" rebuy="0" addon="0" merge="0" rebuychips="0" reg_code="5049139058"/>
<player seat="6" name="Rakki" chips="510" dealer="0" win="240" bet="80" muck="0" rebuy="0" addon="0" merge="0" rebuychips="0" reg_code="5049139103"/>
</players>
</general>
<round no="0"><action no="1" player="Rakki" type="1" sum="10"/>
<action no="2" player="funix24" type="2" discard="1" dealt="1" sum="20"/>
</round>
<round no="1"><cards type="Pocket" player="Pannocchietta">C8 C9</cards>
<cards type="Pocket" player="funix24">HK S5</cards>
<cards type="Pocket" player="Rakki">HJ DK</cards>
<action no="3" player="Pannocchietta" type="23" discard="1" dealt="1" sum="40"/>
<action no="4" player="Rakki" type="3" sum="30"/>
<action no="5" player="funix24" type="3" discard="1" dealt="1" sum="20"/>
</round>
<round no="2"><cards type="Flop">CJ HA C6</cards>
<action no="6" player="Rakki" type="4" sum="0"/>
<action no="7" player="funix24" type="4" discard="1" dealt="1" sum="0"/>
<action no="8" player="Pannocchietta" type="4" discard="1" dealt="1" sum="0"/>
</round>
<round no="3"><cards type="Turn">S6</cards>
<action no="9" player="Rakki" type="4" sum="0"/>
<action no="10" player="funix24" type="5" discard="1" dealt="1" sum="40"/>
<action no="11" player="Pannocchietta" type="3" discard="1" dealt="1" sum="40"/>
<action no="12" player="Rakki" type="3" sum="40"/>
</round>
<round no="4"><cards type="River">H5</cards>
<action no="13" player="Rakki" type="4" sum="0"/>
<action no="14" player="funix24" type="4" discard="1" dealt="1" sum="0"/>
<action no="15" player="Pannocchietta" type="4" discard="1" dealt="1" sum="0"/>
</round>
</game>
<game gamecode="6435552981"><general><startdate>2025-07-23 00:51:34</startdate>
<round>1</round>
<failsafecounter/>
<players><player seat="3" name="Pannocchietta" chips="390" dealer="0" win="0" bet="390" muck="0" rebuy="0" addon="0" merge="0" rebuychips="0" reg_code="5049139058"/>
<player seat="6" name="Rakki" chips="670" dealer="1" win="820" bet="670" muck="0" rebuy="0" addon="0" merge="0" rebuychips="0" reg_code="5049139103"/>
<player seat="10" name="funix24" chips="440" dealer="0" win="0" bet="40" muck="1" rebuy="0" addon="0" merge="0" rebuychips="0" reg_code="5049139219"/>
</players>
</general>
<round no="0"><action no="1" player="funix24" type="1" discard="1" dealt="1" sum="10"/>
<action no="2" player="Pannocchietta" type="2" discard="1" dealt="1" sum="20"/>
</round>
<round no="1"><cards type="Pocket" player="Pannocchietta">HA CK</cards>
<cards type="Pocket" player="funix24">X X</cards>
<cards type="Pocket" player="Rakki">H4 S4</cards>
<action no="3" player="Rakki" type="23" sum="40"/>
<action no="4" player="funix24" type="3" discard="1" dealt="1" sum="30"/>
<action no="5" player="Pannocchietta" type="23" discard="1" dealt="1" sum="390"/>
<action no="6" player="Rakki" type="7" sum="630"/>
<action no="7" player="funix24" type="0" discard="1" dealt="1" sum="0"/>
</round>
<round no="2"><cards type="Flop">D7 CQ S3</cards>
</round>
<round no="3"><cards type="Turn">H7</cards>
</round>
<round no="4"><cards type="River">S9</cards>
</round>
</game>
<game gamecode="6435553023"><general><startdate>2025-07-23 00:51:58</startdate>
<round>1</round>
<failsafecounter/>
<players><player seat="6" name="Rakki" chips="1,100" dealer="0" win="0" bet="35" muck="1" rebuy="0" addon="0" merge="0" rebuychips="0" reg_code="5049139103"/>
<player seat="10" name="funix24" chips="400" dealer="1" win="70" bet="35" muck="0" rebuy="0" addon="0" merge="0" rebuychips="0" reg_code="5049139219"/>
</players>
</general>
<round no="0"><action no="1" player="funix24" type="15" discard="1" dealt="1" sum="5"/>
<action no="2" player="Rakki" type="15" sum="5"/>
<action no="3" player="funix24" type="1" discard="1" dealt="1" sum="15"/>
<action no="4" player="Rakki" type="2" sum="30"/>
</round>
<round no="1"><cards type="Pocket" player="funix24">H3 HK</cards>
<cards type="Pocket" player="Rakki">D9 S2</cards>
<action no="5" player="funix24" type="3" discard="1" dealt="1" sum="15"/>
<action no="6" player="Rakki" type="4" sum="0"/>
</round>
<round no="2"><cards type="Flop">HA DJ CA</cards>
<action no="7" player="Rakki" type="4" sum="0"/>
<action no="8" player="funix24" type="4" discard="1" dealt="1" sum="0"/>
</round>
<round no="3"><cards type="Turn">C3</cards>
<action no="9" player="Rakki" type="4" sum="0"/>
<action no="10" player="funix24" type="4" discard="1" dealt="1" sum="0"/>
</round>
<round no="4"><cards type="River">HQ</cards>
<action no="11" player="Rakki" type="4" sum="0"/>
<action no="12" player="funix24" type="4" discard="1" dealt="1" sum="0"/>
</round>
</game>
<game gamecode="6435553062"><general><startdate>2025-07-23 00:52:15</startdate>
<round>1</round>
<failsafecounter/>
<players><player seat="10" name="funix24" chips="435" dealer="0" win="190" bet="95" muck="0" rebuy="0" addon="0" merge="0" rebuychips="0" reg_code="5049139219"/>
<player seat="6" name="Rakki" chips="1,065" dealer="1" win="0" bet="95" muck="1" rebuy="0" addon="0" merge="0" rebuychips="0" reg_code="5049139103"/>
</players>
</general>
<round no="0"><action no="1" player="Rakki" type="15" sum="5"/>
<action no="2" player="funix24" type="15" discard="1" dealt="1" sum="5"/>
<action no="3" player="Rakki" type="1" sum="15"/>
<action no="4" player="funix24" type="2" discard="1" dealt="1" sum="30"/>
</round>
<round no="1"><cards type="Pocket" player="Rakki">D7 H6</cards>
<cards type="Pocket" player="funix24">C9 HQ</cards>
<action no="5" player="Rakki" type="3" sum="15"/>
<action no="6" player="funix24" type="4" discard="1" dealt="1" sum="0"/>
</round>
<round no="2"><cards type="Flop">DQ D3 C7</cards>
<action no="7" player="funix24" type="5" discard="1" dealt="1" sum="60"/>
<action no="8" player="Rakki" type="3" sum="60"/>
</round>
<round no="3"><cards type="Turn">HA</cards>
<action no="9" player="funix24" type="4" discard="1" dealt="1" sum="0"/>
<action no="10" player="Rakki" type="4" sum="0"/>
</round>
<round no="4"><cards type="River">C5</cards>
<action no="11" player="funix24" type="4" discard="1" dealt="1" sum="0"/>
<action no="12" player="Rakki" type="4" sum="0"/>
</round>
</game>
<game gamecode="6435561552"><general><startdate>2025-07-23 00:52:30</startdate>
<round>1</round>
<failsafecounter/>
<players><player seat="6" name="Rakki" chips="970" dealer="0" win="70" bet="65" muck="1" rebuy="0" addon="0" merge="0" rebuychips="0" reg_code="5049139103"/>
<player seat="10" name="funix24" chips="530" dealer="1" win="0" bet="35" muck="1" rebuy="0" addon="0" merge="0" rebuychips="0" reg_code="5049139219"/>
</players>
</general>
<round no="0"><action no="1" player="funix24" type="15" discard="1" dealt="1" sum="5"/>
<action no="2" player="Rakki" type="15" sum="5"/>
<action no="3" player="funix24" type="1" discard="1" dealt="1" sum="15"/>
<action no="4" player="Rakki" type="2" sum="30"/>
</round>
<round no="1"><cards type="Pocket" player="Rakki">H8 CQ</cards>
<cards type="Pocket" player="funix24">X X</cards>
<action no="5" player="funix24" type="3" discard="1" dealt="1" sum="15"/>
<action no="6" player="Rakki" type="4" sum="0"/>
</round>
<round no="2"><cards type="Flop">S7 HK S5</cards>
<action no="7" player="Rakki" type="4" sum="0"/>
<action no="8" player="funix24" type="4" discard="1" dealt="1" sum="0"/>
</round>
<round no="3"><cards type="Turn">SQ</cards>
<action no="9" player="Rakki" type="5" sum="30"/>
<action no="10" player="funix24" type="0" discard="1" dealt="1" sum="0"/>
</round>
</game>
<game gamecode="6435561591"><general><startdate>2025-07-23 00:52:48</startdate>
<round>1</round>
<failsafecounter/>
<players><player seat="10" name="funix24" chips="495" dealer="0" win="70" bet="95" muck="1" rebuy="0" addon="0" merge="0" rebuychips="0" reg_code="5049139219"/>
<player seat="6" name="Rakki" chips="1,005" dealer="1" win="0" bet="35" muck="1" rebuy="0" addon="0" merge="0" rebuychips="0" reg_code="5049139103"/>
</players>
</general>
<round no="0"><action no="1" player="Rakki" type="15" sum="5"/>
<action no="2" player="funix24" type="15" discard="1" dealt="1" sum="5"/>
<action no="3" player="Rakki" type="1" sum="15"/>
<action no="4" player="funix24" type="2" discard="1" dealt="1" sum="30"/>
</round>
<round no="1"><cards type="Pocket" player="Rakki">H2 C10</cards>
<cards type="Pocket" player="funix24">X X</cards>
<action no="5" player="Rakki" type="3" sum="15"/>
<action no="6" player="funix24" type="23" discard="1" dealt="1" sum="90"/>
<action no="7" player="Rakki" type="0" sum="0"/>
</round>
</game>
<game gamecode="6435561611"><general><startdate>2025-07-23 00:52:59</startdate>
<round>1</round>
<failsafecounter/>
<players><player seat="6" name="Rakki" chips="970" dealer="0" win="0" bet="35" muck="1" rebuy="0" addon="0" merge="0" rebuychips="0" reg_code="5049139103"/>
<player seat="10" name="funix24" chips="530" dealer="1" win="70" bet="95" muck="1" rebuy="0" addon="0" merge="0" rebuychips="0" reg_code="5049139219"/>
</players>
</general>
<round no="0"><action no="1" player="funix24" type="15" discard="1" dealt="1" sum="5"/>
<action no="2" player="Rakki" type="15" sum="5"/>
<action no="3" player="funix24" type="1" discard="1" dealt="1" sum="15"/>
<action no="4" player="Rakki" type="2" sum="30"/>
</round>
<round no="1"><cards type="Pocket" player="Rakki">C8 SK</cards>
<cards type="Pocket" player="funix24">X X</cards>
<action no="5" player="funix24" type="3" discard="1" dealt="1" sum="15"/>
<action no="6" player="Rakki" type="4" sum="0"/>
</round>
<round no="2"><cards type="Flop">SJ S4 H3</cards>
<action no="7" player="Rakki" type="4" sum="0"/>
<action no="8" player="funix24" type="4" discard="1" dealt="1" sum="0"/>
</round>
<round no="3"><cards type="Turn">DJ</cards>
<action no="9" player="Rakki" type="4" sum="0"/>
<action no="10" player="funix24" type="4" discard="1" dealt="1" sum="0"/>
</round>
<round no="4"><cards type="River">D6</cards>
<action no="11" player="Rakki" type="4" sum="0"/>
<action no="12" player="funix24" type="5" discard="1" dealt="1" sum="60"/>
<action no="13" player="Rakki" type="0" sum="0"/>
</round>
</game>
<game gamecode="6435561650"><general><startdate>2025-07-23 00:53:22</startdate>
<round>1</round>
<failsafecounter/>
<players><player seat="10" name="funix24" chips="565" dealer="0" win="0" bet="35" muck="1" rebuy="0" addon="0" merge="0" rebuychips="0" reg_code="5049139219"/>
<player seat="6" name="Rakki" chips="935" dealer="1" win="70" bet="65" muck="1" rebuy="0" addon="0" merge="0" rebuychips="0" reg_code="5049139103"/>
</players>
</general>
<round no="0"><action no="1" player="Rakki" type="15" sum="5"/>
<action no="2" player="funix24" type="15" discard="1" dealt="1" sum="5"/>
<action no="3" player="Rakki" type="1" sum="15"/>
<action no="4" player="funix24" type="2" discard="1" dealt="1" sum="30"/>
</round>
<round no="1"><cards type="Pocket" player="funix24">X X</cards>
<cards type="Pocket" player="Rakki">HJ D4</cards>
<action no="5" player="Rakki" type="3" sum="15"/>
<action no="6" player="funix24" type="4" discard="1" dealt="1" sum="0"/>
</round>
<round no="2"><cards type="Flop">S9 H6 D9</cards>
<action no="7" player="funix24" type="4" discard="1" dealt="1" sum="0"/>
<action no="8" player="Rakki" type="4" sum="0"/>
</round>
<round no="3"><cards type="Turn">SA</cards>
<action no="9" player="funix24" type="4" discard="1" dealt="1" sum="0"/>
<action no="10" player="Rakki" type="5" sum="30"/>
<action no="11" player="funix24" type="0" discard="1" dealt="1" sum="0"/>
</round>
</game>
<game gamecode="6435561675"><general><startdate>2025-07-23 00:53:34</startdate>
<round>1</round>
<failsafecounter/>
<players><player seat="6" name="Rakki" chips="970" dealer="0" win="0" bet="45" muck="1" rebuy="0" addon="0" merge="0" rebuychips="0" reg_code="5049139103"/>
<player seat="10" name="funix24" chips="530" dealer="1" win="90" bet="45" muck="0" rebuy="0" addon="0" merge="0" rebuychips="0" reg_code="5049139219"/>
</players>
</general>
<round no="0"><action no="1" player="funix24" type="15" discard="1" dealt="1" sum="5"/>
<action no="2" player="Rakki" type="15" sum="5"/>
<action no="3" player="funix24" type="1" discard="1" dealt="1" sum="20"/>
<action no="4" player="Rakki" type="2" sum="40"/>
</round>
<round no="1"><cards type="Pocket" player="funix24">HA H4</cards>
<cards type="Pocket" player="Rakki">H2 S9</cards>
<action no="5" player="funix24" type="3" discard="1" dealt="1" sum="20"/>
<action no="6" player="Rakki" type="4" sum="0"/>
</round>
<round no="2"><cards type="Flop">SJ HK D3</cards>
<action no="7" player="Rakki" type="4" sum="0"/>
<action no="8" player="funix24" type="4" discard="1" dealt="1" sum="0"/>
</round>
<round no="3"><cards type="Turn">S5</cards>
<action no="9" player="Rakki" type="4" sum="0"/>
<action no="10" player="funix24" type="4" discard="1" dealt="1" sum="0"/>
</round>
<round no="4"><cards type="River">C7</cards>
<action no="11" player="Rakki" type="4" sum="0"/>
<action no="12" player="funix24" type="4" discard="1" dealt="1" sum="0"/>
</round>
</game>
<game gamecode="6435561703"><general><startdate>2025-07-23 00:53:49</startdate>
<round>1</round>
<failsafecounter/>
<players><player seat="10" name="funix24" chips="575" dealer="0" win="330" bet="245" muck="1" rebuy="0" addon="0" merge="0" rebuychips="0" reg_code="5049139219"/>
<player seat="6" name="Rakki" chips="925" dealer="1" win="0" bet="165" muck="1" rebuy="0" addon="0" merge="0" rebuychips="0" reg_code="5049139103"/>
</players>
</general>
<round no="0"><action no="1" player="Rakki" type="15" sum="5"/>
<action no="2" player="funix24" type="15" discard="1" dealt="1" sum="5"/>
<action no="3" player="Rakki" type="1" sum="20"/>
<action no="4" player="funix24" type="2" discard="1" dealt="1" sum="40"/>
</round>
<round no="1"><cards type="Pocket" player="funix24">X X</cards>
<cards type="Pocket" player="Rakki">DA HJ</cards>
<action no="5" player="Rakki" type="23" sum="80"/>
<action no="6" player="funix24" type="3" discard="1" dealt="1" sum="40"/>
</round>
<round no="2"><cards type="Flop">S9 SK D10</cards>
<action no="7" player="funix24" type="4" discard="1" dealt="1" sum="0"/>
<action no="8" player="Rakki" type="4" sum="0"/>
</round>
<round no="3"><cards type="Turn">C3</cards>
<action no="9" player="funix24" type="5" discard="1" dealt="1" sum="80"/>
<action no="10" player="Rakki" type="3" sum="80"/>
</round>
<round no="4"><cards type="River">D4</cards>
<action no="11" player="funix24" type="5" discard="1" dealt="1" sum="80"/>
<action no="12" player="Rakki" type="0" sum="0"/>
</round>
</game>
<game gamecode="6435561728"><general><startdate>2025-07-23 00:54:02</startdate>
<round>1</round>
<failsafecounter/>
<players><player seat="6" name="Rakki" chips="760" dealer="0" win="250" bet="375" muck="1" rebuy="0" addon="0" merge="0" rebuychips="0" reg_code="5049139103"/>
<player seat="10" name="funix24" chips="740" dealer="1" win="0" bet="125" muck="1" rebuy="0" addon="0" merge="0" rebuychips="0" reg_code="5049139219"/>
</players>
</general>
<round no="0"><action no="1" player="funix24" type="15" discard="1" dealt="1" sum="5"/>
<action no="2" player="Rakki" type="15" sum="5"/>
<action no="3" player="funix24" type="1" discard="1" dealt="1" sum="20"/>
<action no="4" player="Rakki" type="2" sum="40"/>
</round>
<round no="1"><cards type="Pocket" player="Rakki">H7 SK</cards>
<cards type="Pocket" player="funix24">X X</cards>
<action no="5" player="funix24" type="3" discard="1" dealt="1" sum="20"/>
<action no="6" player="Rakki" type="4" sum="0"/>
</round>
<round no="2"><cards type="Flop">C8 H6 S7</cards>
<action no="7" player="Rakki" type="4" sum="0"/>
<action no="8" player="funix24" type="5" discard="1" dealt="1" sum="80"/>
<action no="9" player="Rakki" type="3" sum="80"/>
</round>
<round no="3"><cards type="Turn">H4</cards>
<action no="10" player="Rakki" type="4" sum="0"/>
<action no="11" player="funix24" type="4" discard="1" dealt="1" sum="0"/>
</round>
<round no="4"><cards type="River">D5</cards>
<action no="12" player="Rakki" type="5" sum="250"/>
<action no="13" player="funix24" type="0" discard="1" dealt="1" sum="0"/>
</round>
</game>
<game gamecode="6435561762"><general><startdate>2025-07-23 00:54:23</startdate>
<round>1</round>
<failsafecounter/>
<players><player seat="10" name="funix24" chips="615" dealer="0" win="90" bet="125" muck="1" rebuy="0" addon="0" merge="0" rebuychips="0" reg_code="5049139219"/>
<player seat="6" name="Rakki" chips="885" dealer="1" win="0" bet="45" muck="1" rebuy="0" addon="0" merge="0" rebuychips="0" reg_code="5049139103"/>
</players>
</general>
<round no="0"><action no="1" player="Rakki" type="15" sum="5"/>
<action no="2" player="funix24" type="15" discard="1" dealt="1" sum="5"/>
<action no="3" player="Rakki" type="1" sum="20"/>
<action no="4" player="funix24" type="2" discard="1" dealt="1" sum="40"/>
</round>
<round no="1"><cards type="Pocket" player="funix24">X X</cards>
<cards type="Pocket" player="Rakki">C2 HA</cards>
<action no="5" player="Rakki" type="3" sum="20"/>
<action no="6" player="funix24" type="23" discard="1" dealt="1" sum="120"/>
<action no="7" player="Rakki" type="0" sum="0"/>
</round>
</game>
<game gamecode="6435561786"><general><startdate>2025-07-23 00:54:35</startdate>
<round>1</round>
<failsafecounter/>
<players><player seat="6" name="Rakki" chips="840" dealer="0" win="0" bet="45" muck="1" rebuy="0" addon="0" merge="0" rebuychips="0" reg_code="5049139103"/>
<player seat="10" name="funix24" chips="660" dealer="1" win="90" bet="45" muck="0" rebuy="0" addon="0" merge="0" rebuychips="0" reg_code="5049139219"/>
</players>
</general>
<round no="0"><action no="1" player="funix24" type="15" discard="1" dealt="1" sum="5"/>
<action no="2" player="Rakki" type="15" sum="5"/>
<action no="3" player="funix24" type="1" discard="1" dealt="1" sum="20"/>
<action no="4" player="Rakki" type="2" sum="40"/>
</round>
<round no="1"><cards type="Pocket" player="funix24">H7 CQ</cards>
<cards type="Pocket" player="Rakki">D4 D8</cards>
<action no="5" player="funix24" type="3" discard="1" dealt="1" sum="20"/>
<action no="6" player="Rakki" type="4" sum="0"/>
</round>
<round no="2"><cards type="Flop">C3 S9 HJ</cards>
<action no="7" player="Rakki" type="4" sum="0"/>
<action no="8" player="funix24" type="4" discard="1" dealt="1" sum="0"/>
</round>
<round no="3"><cards type="Turn">S10</cards>
<action no="9" player="Rakki" type="4" sum="0"/>
<action no="10" player="funix24" type="4" discard="1" dealt="1" sum="0"/>
</round>
<round no="4"><cards type="River">CJ</cards>
<action no="11" player="Rakki" type="4" sum="0"/>
<action no="12" player="funix24" type="4" discard="1" dealt="1" sum="0"/>
</round>
</game>
<game gamecode="6435561812"><general><startdate>2025-07-23 00:54:49</startdate>
<round>1</round>
<failsafecounter/>
<players><player seat="10" name="funix24" chips="705" dealer="0" win="0" bet="207" muck="1" rebuy="0" addon="0" merge="0" rebuychips="0" reg_code="5049139219"/>
<player seat="6" name="Rakki" chips="795" dealer="1" win="414" bet="207" muck="0" rebuy="0" addon="0" merge="0" rebuychips="0" reg_code="5049139103"/>
</players>
</general>
<round no="0"><action no="1" player="Rakki" type="15" sum="5"/>
<action no="2" player="funix24" type="15" discard="1" dealt="1" sum="5"/>
<action no="3" player="Rakki" type="1" sum="20"/>
<action no="4" player="funix24" type="2" discard="1" dealt="1" sum="40"/>
</round>
<round no="1"><cards type="Pocket" player="funix24">S6 S8</cards>
<cards type="Pocket" player="Rakki">H10 S10</cards>
<action no="5" player="Rakki" type="23" sum="80"/>
<action no="6" player="funix24" type="3" discard="1" dealt="1" sum="40"/>
</round>
<round no="2"><cards type="Flop">SK S4 D4</cards>
<action no="7" player="funix24" type="4" discard="1" dealt="1" sum="0"/>
<action no="8" player="Rakki" type="5" sum="40"/>
<action no="9" player="funix24" type="3" discard="1" dealt="1" sum="40"/>
</round>
<round no="3"><cards type="Turn">H3</cards>
<action no="10" player="funix24" type="4" discard="1" dealt="1" sum="0"/>
<action no="11" player="Rakki" type="5" sum="82"/>
<action no="12" player="funix24" type="3" discard="1" dealt="1" sum="82"/>
</round>
<round no="4"><cards type="River">CJ</cards>
<action no="13" player="funix24" type="4" discard="1" dealt="1" sum="0"/>
<action no="14" player="Rakki" type="4" sum="0"/>
</round>
</game>
<game gamecode="6435561840"><general><startdate>2025-07-23 00:55:02</startdate>
<round>1</round>
<failsafecounter/>
<players><player seat="6" name="Rakki" chips="1,002" dealer="0" win="570" bet="1,002" muck="1" rebuy="0" addon="0" merge="0" rebuychips="0" reg_code="5049139103"/>
<player seat="10" name="funix24" chips="498" dealer="1" win="0" bet="285" muck="1" rebuy="0" addon="0" merge="0" rebuychips="0" reg_code="5049139219"/>
</players>
</general>
<round no="0"><action no="1" player="funix24" type="15" discard="1" dealt="1" sum="5"/>
<action no="2" player="Rakki" type="15" sum="5"/>
<action no="3" player="funix24" type="1" discard="1" dealt="1" sum="20"/>
<action no="4" player="Rakki" type="2" sum="40"/>
</round>
<round no="1"><cards type="Pocket" player="Rakki">H10 HA</cards>
<cards type="Pocket" player="funix24">X X</cards>
<action no="5" player="funix24" type="3" discard="1" dealt="1" sum="20"/>
<action no="6" player="Rakki" type="23" sum="160"/>
<action no="7" player="funix24" type="3" discard="1" dealt="1" sum="120"/>
</round>
<round no="2"><cards type="Flop">C2 SA H4</cards>
<action no="8" player="Rakki" type="5" sum="60"/>
<action no="9" player="funix24" type="3" discard="1" dealt="1" sum="60"/>
</round>
<round no="3"><cards type="Turn">H5</cards>
<action no="10" player="Rakki" type="5" sum="60"/>
<action no="11" player="funix24" type="3" discard="1" dealt="1" sum="60"/>
</round>
<round no="4"><cards type="River">D10</cards>
<action no="12" player="Rakki" type="5" sum="717"/>
<action no="13" player="funix24" type="0" discard="1" dealt="1" sum="0"/>
</round>
</game>
<game gamecode="6435561875"><general><startdate>2025-07-23 00:55:23</startdate>
<round>1</round>
<failsafecounter/>
<players><player seat="10" name="funix24" chips="213" dealer="0" win="426" bet="213" muck="0" rebuy="0" addon="0" merge="0" rebuychips="0" reg_code="5049139219"/>
<player seat="6" name="Rakki" chips="1,287" dealer="1" win="0" bet="1,287" muck="1" rebuy="0" addon="0" merge="0" rebuychips="0" reg_code="5049139103"/>
</players>
</general>
<round no="0"><action no="1" player="Rakki" type="15" sum="5"/>
<action no="2" player="funix24" type="15" discard="1" dealt="1" sum="5"/>
<action no="3" player="Rakki" type="1" sum="30"/>
<action no="4" player="funix24" type="2" discard="1" dealt="1" sum="60"/>
</round>
<round no="1"><cards type="Pocket" player="funix24">D8 HJ</cards>
<cards type="Pocket" player="Rakki">H8 D5</cards>
<action no="5" player="Rakki" type="23" sum="1,282"/>
<action no="6" player="funix24" type="7" discard="1" dealt="1" sum="148"/>
</round>
<round no="2"><cards type="Flop">CJ C2 S7</cards>
</round>
<round no="3"><cards type="Turn">HQ</cards>
</round>
<round no="4"><cards type="River">DA</cards>
</round>
</game>
<game gamecode="6435561898"><general><startdate>2025-07-23 00:55:39</startdate>
<round>1</round>
<failsafecounter/>
<players><player seat="6" name="Rakki" chips="1,074" dealer="0" win="130" bet="65" muck="0" rebuy="0" addon="0" merge="0" rebuychips="0" reg_code="5049139103"/>
<player seat="10" name="funix24" chips="426" dealer="1" win="0" bet="65" muck="1" rebuy="0" addon="0" merge="0" rebuychips="0" reg_code="5049139219"/>
</players>
</general>
<round no="0"><action no="1" player="funix24" type="15" discard="1" dealt="1" sum="5"/>
<action no="2" player="Rakki" type="15" sum="5"/>
<action no="3" player="funix24" type="1" discard="1" dealt="1" sum="30"/>
<action no="4" player="Rakki" type="2" sum="60"/>
</round>
<round no="1"><cards type="Pocket" player="Rakki">DJ C5</cards>
<cards type="Pocket" player="funix24">D4 S4</cards>
<action no="5" player="funix24" type="3" discard="1" dealt="1" sum="30"/>
<action no="6" player="Rakki" type="4" sum="0"/>
</round>
<round no="2"><cards type="Flop">DA H3 H8</cards>
<action no="7" player="Rakki" type="4" sum="0"/>
<action no="8" player="funix24" type="4" discard="1" dealt="1" sum="0"/>
</round>
<round no="3"><cards type="Turn">D5</cards>
<action no="9" player="Rakki" type="4" sum="0"/>
<action no="10" player="funix24" type="4" discard="1" dealt="1" sum="0"/>
</round>
<round no="4"><cards type="River">H6</cards>
<action no="11" player="Rakki" type="4" sum="0"/>
<action no="12" player="funix24" type="4" discard="1" dealt="1" sum="0"/>
</round>
</game>
<game gamecode="6435561920"><general><startdate>2025-07-23 00:55:50</startdate>
<round>1</round>
<failsafecounter/>
<players><player seat="10" name="funix24" chips="361" dealer="0" win="361" bet="361" muck="0" rebuy="0" addon="0" merge="0" rebuychips="0" reg_code="5049139219"/>
<player seat="6" name="Rakki" chips="1,139" dealer="1" win="361" bet="1,139" muck="0" rebuy="0" addon="0" merge="0" rebuychips="0" reg_code="5049139103"/>
</players>
</general>
<round no="0"><action no="1" player="Rakki" type="15" sum="5"/>
<action no="2" player="funix24" type="15" discard="1" dealt="1" sum="5"/>
<action no="3" player="Rakki" type="1" sum="30"/>
<action no="4" player="funix24" type="2" discard="1" dealt="1" sum="60"/>
</round>
<round no="1"><cards type="Pocket" player="Rakki">CA D8</cards>
<cards type="Pocket" player="funix24">H9 DA</cards>
<action no="5" player="Rakki" type="23" sum="1,134"/>
<action no="6" player="funix24" type="7" discard="1" dealt="1" sum="296"/>
</round>
<round no="2"><cards type="Flop">DK HQ CQ</cards>
</round>
<round no="3"><cards type="Turn">S7</cards>
</round>
<round no="4"><cards type="River">C7</cards>
</round>
</game>
<game gamecode="6435561948"><general><startdate>2025-07-23 00:56:07</startdate>
<round>1</round>
<failsafecounter/>
<players><player seat="6" name="Rakki" chips="1,139" dealer="0" win="0" bet="65" muck="1" rebuy="0" addon="0" merge="0" rebuychips="0" reg_code="5049139103"/>
<player seat="10" name="funix24" chips="361" dealer="1" win="130" bet="65" muck="0" rebuy="0" addon="0" merge="0" rebuychips="0" reg_code="5049139219"/>
</players>
</general>
<round no="0"><action no="1" player="funix24" type="15" discard="1" dealt="1" sum="5"/>
<action no="2" player="Rakki" type="15" sum="5"/>
<action no="3" player="funix24" type="1" discard="1" dealt="1" sum="30"/>
<action no="4" player="Rakki" type="2" sum="60"/>
</round>
<round no="1"><cards type="Pocket" player="funix24">DJ H4</cards>
<cards type="Pocket" player="Rakki">C4 D7</cards>
<action no="5" player="funix24" type="3" discard="1" dealt="1" sum="30"/>
<action no="6" player="Rakki" type="4" sum="0"/>
</round>
<round no="2"><cards type="Flop">C8 D2 SK</cards>
<action no="7" player="Rakki" type="4" sum="0"/>
<action no="8" player="funix24" type="4" discard="1" dealt="1" sum="0"/>
</round>
<round no="3"><cards type="Turn">DQ</cards>
<action no="9" player="Rakki" type="4" sum="0"/>
<action no="10" player="funix24" type="4" discard="1" dealt="1" sum="0"/>
</round>
<round no="4"><cards type="River">S10</cards>
<action no="11" player="Rakki" type="4" sum="0"/>
<action no="12" player="funix24" type="4" discard="1" dealt="1" sum="0"/>
</round>
</game>
<game gamecode="6435561972"><general><startdate>2025-07-23 00:56:18</startdate>
<round>1</round>
<failsafecounter/>
<players><player seat="10" name="funix24" chips="426" dealer="0" win="0" bet="65" muck="1" rebuy="0" addon="0" merge="0" rebuychips="0" reg_code="5049139219"/>
<player seat="6" name="Rakki" chips="1,074" dealer="1" win="130" bet="185" muck="1" rebuy="0" addon="0" merge="0" rebuychips="0" reg_code="5049139103"/>
</players>
</general>
<round no="0"><action no="1" player="Rakki" type="15" sum="5"/>
<action no="2" player="funix24" type="15" discard="1" dealt="1" sum="5"/>
<action no="3" player="Rakki" type="1" sum="30"/>
<action no="4" player="funix24" type="2" discard="1" dealt="1" sum="60"/>
</round>
<round no="1"><cards type="Pocket" player="Rakki">D3 C7</cards>
<cards type="Pocket" player="funix24">X X</cards>
<action no="5" player="Rakki" type="3" sum="30"/>
<action no="6" player="funix24" type="4" discard="1" dealt="1" sum="0"/>
</round>
<round no="2"><cards type="Flop">H4 D2 C5</cards>
<action no="7" player="funix24" type="4" discard="1" dealt="1" sum="0"/>
<action no="8" player="Rakki" type="4" sum="0"/>
</round>
<round no="3"><cards type="Turn">CQ</cards>
<action no="9" player="funix24" type="4" discard="1" dealt="1" sum="0"/>
<action no="10" player="Rakki" type="5" sum="120"/>
<action no="11" player="funix24" type="0" discard="1" dealt="1" sum="0"/>
</round>
</game>
<game gamecode="6435562000"><general><startdate>2025-07-23 00:56:32</startdate>
<round>1</round>
<failsafecounter/>
<players><player seat="6" name="Rakki" chips="1,139" dealer="0" win="70" bet="65" muck="1" rebuy="0" addon="0" merge="0" rebuychips="0" reg_code="5049139103"/>
<player seat="10" name="funix24" chips="361" dealer="1" win="0" bet="35" muck="1" rebuy="0" addon="0" merge="0" rebuychips="0" reg_code="5049139219"/>
</players>
</general>
<round no="0"><action no="1" player="funix24" type="15" discard="1" dealt="1" sum="5"/>
<action no="2" player="Rakki" type="15" sum="5"/>
<action no="3" player="funix24" type="1" discard="1" dealt="1" sum="30"/>
<action no="4" player="Rakki" type="2" sum="60"/>
</round>
<round no="1"><cards type="Pocket" player="funix24">X X</cards>
<cards type="Pocket" player="Rakki">CQ H2</cards>
<action no="5" player="funix24" type="0" discard="1" dealt="1" sum="0"/>
</round>
</game>
<game gamecode="6435562015"><general><startdate>2025-07-23 00:56:37</startdate>
<round>1</round>
<failsafecounter/>
<players><player seat="10" name="funix24" chips="326" dealer="0" win="0" bet="65" muck="1" rebuy="0" addon="0" merge="0" rebuychips="0" reg_code="5049139219"/>
<player seat="6" name="Rakki" chips="1,174" dealer="1" win="130" bet="1,174" muck="1" rebuy="0" addon="0" merge="0" rebuychips="0" reg_code="5049139103"/>
</players>
</general>
<round no="0"><action no="1" player="Rakki" type="15" sum="5"/>
<action no="2" player="funix24" type="15" discard="1" dealt="1" sum="5"/>
<action no="3" player="Rakki" type="1" sum="30"/>
<action no="4" player="funix24" type="2" discard="1" dealt="1" sum="60"/>
</round>
<round no="1"><cards type="Pocket" player="funix24">X X</cards>
<cards type="Pocket" player="Rakki">H10 DQ</cards>
<action no="5" player="Rakki" type="23" sum="1,169"/>
<action no="6" player="funix24" type="0" discard="1" dealt="1" sum="0"/>
</round>
</game>
<game gamecode="6435562030"><general><startdate>2025-07-23 00:56:42</startdate>
<round>1</round>
<failsafecounter/>
<players><player seat="6" name="Rakki" chips="1,239" dealer="0" win="70" bet="65" muck="1" rebuy="0" addon="0" merge="0" rebuychips="0" reg_code="5049139103"/>
<player seat="10" name="funix24" chips="261" dealer="1" win="0" bet="35" muck="1" rebuy="0" addon="0" merge="0" rebuychips="0" reg_code="5049139219"/>
</players>
</general>
<round no="0"><action no="1" player="funix24" type="15" discard="1" dealt="1" sum="5"/>
<action no="2" player="Rakki" type="15" sum="5"/>
<action no="3" player="funix24" type="1" discard="1" dealt="1" sum="30"/>
<action no="4" player="Rakki" type="2" sum="60"/>
</round>
<round no="1"><cards type="Pocket" player="Rakki">H5 C9</cards>
<cards type="Pocket" player="funix24">X X</cards>
<action no="5" player="funix24" type="0" discard="1" dealt="1" sum="0"/>
</round>
</game>
<game gamecode="6435562038"><general><startdate>2025-07-23 00:56:47</startdate>
<round>1</round>
<failsafecounter/>
<players><player seat="10" name="funix24" chips="226" dealer="0" win="0" bet="226" muck="0" rebuy="0" addon="0" merge="0" rebuychips="0" reg_code="5049139219"/>
<player seat="6" name="Rakki" chips="1,274" dealer="1" win="452" bet="1,274" muck="0" rebuy="0" addon="0" merge="0" rebuychips="0" reg_code="5049139103"/>
</players>
</general>
<round no="0"><action no="1" player="Rakki" type="15" sum="8"/>
<action no="2" player="funix24" type="15" discard="1" dealt="1" sum="8"/>
<action no="3" player="Rakki" type="1" sum="40"/>
<action no="4" player="funix24" type="2" discard="1" dealt="1" sum="80"/>
</round>
<round no="1"><cards type="Pocket" player="funix24">H5 D10</cards>
<cards type="Pocket" player="Rakki">CK C8</cards>
<action no="5" player="Rakki" type="23" sum="1,266"/>
<action no="6" player="funix24" type="7" discard="1" dealt="1" sum="138"/>
</round>
<round no="2"><cards type="Flop">D3 C3 D5</cards>
</round>
<round no="3"><cards type="Turn">SK</cards>
</round>
<round no="4"><cards type="River">H8</cards>
</round>
</game>
</session>
