<?xml version="1.0" encoding="UTF-8"?>
<session sessioncode="5049130231">
<general>
<client_version>25.1.1.16</client_version>
<mode>real</mode>
<gametype>Holdem NL</gametype>
<tablename>Twister €100 SNG, 814458188</tablename>
<tournamentcode>814458187</tournamentcode>
<tournamentname>Twister €100 SNG</tournamentname>
<buyin>€0 + €7 + €93</buyin>
<totalbuyin>€100</totalbuyin>
<rewarddrawn>€200</rewarddrawn>
<tournamentcurrency>EUR</tournamentcurrency>
<currency>EUR</currency>
<nickname>Rakki</nickname>
<gamecount>11</gamecount>
<startdate>2025-07-23 00:14:32</startdate>
<place>1</place>
<win>€200</win>
<tablesize>3</tablesize>
</general>
<game gamecode="6435523381"><general><startdate>2025-07-23 00:14:47</startdate>
<round>1</round>
<failsafecounter/>
<players><player seat="10" name="Bosio91" chips="500" dealer="0" win="270" bet="265" muck="1" rebuy="0" addon="0" merge="0" rebuychips="0" reg_code="5049130570"/>
<player seat="3" name="Thechosenoonee" chips="500" dealer="1" win="0" bet="130" muck="1" rebuy="0" addon="0" merge="0" rebuychips="0" reg_code="5049129012"/>
<player seat="6" name="Rakki" chips="500" dealer="0" win="0" bet="10" muck="1" rebuy="0" addon="0" merge="0" rebuychips="0" reg_code="5049130231"/>
</players>
</general>
<round no="0"><action no="1" player="Rakki" type="1" sum="10"/>
<action no="2" player="Bosio91" type="2" discard="1" dealt="1" sum="20"/>
</round>
<round no="1"><cards type="Pocket" player="Thechosenoonee">X X</cards>
<cards type="Pocket" player="Rakki">D7 CJ</cards>
<cards type="Pocket" player="Bosio91">X X</cards>
<action no="3" player="Thechosenoonee" type="23" discard="1" dealt="1" sum="40"/>
<action no="4" player="Rakki" type="0" sum="0"/>
<action no="5" player="Bosio91" type="3" discard="1" dealt="1" sum="20"/>
</round>
<round no="2"><cards type="Flop">HQ H6 DK</cards>
<action no="6" player="Bosio91" type="5" discard="1" dealt="1" sum="90"/>
<action no="7" player="Thechosenoonee" type="3" discard="1" dealt="1" sum="90"/>
</round>
<round no="3"><cards type="Turn">D4</cards>
<action no="8" player="Bosio91" type="5" discard="1" dealt="1" sum="135"/>
<action no="9" player="Thechosenoonee" type="0" discard="1" dealt="1" sum="0"/>
</round>
</game>
<game gamecode="6435523459"><general><startdate>2025-07-23 00:15:22</startdate>
<round>1</round>
<failsafecounter/>
<players><player seat="3" name="Thechosenoonee" chips="370" dealer="0" win="0" bet="320" muck="1" rebuy="0" addon="0" merge="0" rebuychips="0" reg_code="5049129012"/>
<player seat="6" name="Rakki" chips="490" dealer="1" win="0" bet="0" muck="1" rebuy="0" addon="0" merge="0" rebuychips="0" reg_code="5049130231"/>
<player seat="10" name="Bosio91" chips="640" dealer="0" win="640" bet="320" muck="0" rebuy="0" addon="0" merge="0" rebuychips="0" reg_code="5049130570"/>
</players>
</general>
<round no="0"><action no="1" player="Bosio91" type="1" discard="1" dealt="1" sum="10"/>
<action no="2" player="Thechosenoonee" type="2" discard="1" dealt="1" sum="20"/>
</round>
<round no="1"><cards type="Pocket" player="Bosio91">DK D3</cards>
<cards type="Pocket" player="Rakki">DQ H5</cards>
<cards type="Pocket" player="Thechosenoonee">D8 H6</cards>
<action no="3" player="Rakki" type="0" sum="0"/>
<action no="4" player="Bosio91" type="23" discard="1" dealt="1" sum="40"/>
<action no="5" player="Thechosenoonee" type="3" discard="1" dealt="1" sum="20"/>
</round>
<round no="2"><cards type="Flop">D7 D10 DA</cards>
<action no="6" player="Bosio91" type="5" discard="1" dealt="1" sum="40"/>
<action no="7" player="Thechosenoonee" type="3" discard="1" dealt="1" sum="40"/>
</round>
<round no="3"><cards type="Turn">DJ</cards>
<action no="8" player="Bosio91" type="5" discard="1" dealt="1" sum="80"/>
<action no="9" player="Thechosenoonee" type="3" discard="1" dealt="1" sum="80"/>
</round>
<round no="4"><cards type="River">S5</cards>
<action no="10" player="Bosio91" type="5" discard="1" dealt="1" sum="160"/>
<action no="11" player="Thechosenoonee" type="3" discard="1" dealt="1" sum="160"/>
</round>
</game>
<game gamecode="6435523518"><general><startdate>2025-07-23 00:15:49</startdate>
<round>1</round>
<failsafecounter/>
<players><player seat="6" name="Rakki" chips="490" dealer="0" win="0" bet="60" muck="1" rebuy="0" addon="0" merge="0" rebuychips="0" reg_code="5049130231"/>
<player seat="10" name="Bosio91" chips="960" dealer="1" win="20" bet="230" muck="0" rebuy="0" addon="0" merge="0" rebuychips="0" reg_code="5049130570"/>
<player seat="3" name="Thechosenoonee" chips="50" dealer="0" win="150" bet="50" muck="0" rebuy="0" addon="0" merge="0" rebuychips="0" reg_code="5049129012"/>
</players>
</general>
<round no="0"><action no="1" player="Thechosenoonee" type="1" discard="1" dealt="1" sum="10"/>
<action no="2" player="Rakki" type="2" sum="20"/>
</round>
<round no="1"><cards type="Pocket" player="Rakki">DQ D5</cards>
<cards type="Pocket" player="Bosio91">S8 CK</cards>
<cards type="Pocket" player="Thechosenoonee">C3 CA</cards>
<action no="3" player="Bosio91" type="23" discard="1" dealt="1" sum="60"/>
<action no="4" player="Thechosenoonee" type="7" discard="1" dealt="1" sum="40"/>
<action no="5" player="Rakki" type="3" sum="40"/>
</round>
<round no="2"><cards type="Flop">H2 D10 C10</cards>
<action no="6" player="Rakki" type="4" sum="0"/>
<action no="7" player="Bosio91" type="5" discard="1" dealt="1" sum="170"/>
<action no="8" player="Rakki" type="0" sum="0"/>
</round>
<round no="3"><cards type="Turn">HJ</cards>
</round>
<round no="4"><cards type="River">SQ</cards>
</round>
</game>
<game gamecode="6435523572"><general><startdate>2025-07-23 00:16:12</startdate>
<round>1</round>
<failsafecounter/>
<players><player seat="10" name="Bosio91" chips="920" dealer="0" win="100" bet="200" muck="1" rebuy="0" addon="0" merge="0" rebuychips="0" reg_code="5049130570"/>
<player seat="3" name="Thechosenoonee" chips="150" dealer="1" win="0" bet="0" muck="1" rebuy="0" addon="0" merge="0" rebuychips="0" reg_code="5049129012"/>
<player seat="6" name="Rakki" chips="430" dealer="0" win="0" bet="50" muck="1" rebuy="0" addon="0" merge="0" rebuychips="0" reg_code="5049130231"/>
</players>
</general>
<round no="0"><action no="1" player="Rakki" type="1" sum="10"/>
<action no="2" player="Bosio91" type="2" discard="1" dealt="1" sum="20"/>
</round>
<round no="1"><cards type="Pocket" player="Rakki">HQ C10</cards>
<cards type="Pocket" player="Bosio91">X X</cards>
<cards type="Pocket" player="Thechosenoonee">X X</cards>
<action no="3" player="Thechosenoonee" type="0" discard="1" dealt="1" sum="0"/>
<action no="4" player="Rakki" type="23" sum="50"/>
<action no="5" player="Bosio91" type="23" discard="1" dealt="1" sum="200"/>
<action no="6" player="Rakki" type="0" sum="0"/>
</round>
</game>
<game gamecode="6435523619"><general><startdate>2025-07-23 00:16:32</startdate>
<round>1</round>
<failsafecounter/>
<players><player seat="3" name="Thechosenoonee" chips="150" dealer="0" win="0" bet="35" muck="1" rebuy="0" addon="0" merge="0" rebuychips="0" reg_code="5049129012"/>
<player seat="6" name="Rakki" chips="380" dealer="1" win="0" bet="5" muck="1" rebuy="0" addon="0" merge="0" rebuychips="0" reg_code="5049130231"/>
<player seat="10" name="Bosio91" chips="970" dealer="0" win="75" bet="970" muck="1" rebuy="0" addon="0" merge="0" rebuychips="0" reg_code="5049130570"/>
</players>
</general>
<round no="0"><action no="1" player="Bosio91" type="15" discard="1" dealt="1" sum="5"/>
<action no="2" player="Thechosenoonee" type="15" discard="1" dealt="1" sum="5"/>
<action no="3" player="Rakki" type="15" sum="5"/>
<action no="4" player="Bosio91" type="1" discard="1" dealt="1" sum="15"/>
<action no="5" player="Thechosenoonee" type="2" discard="1" dealt="1" sum="30"/>
</round>
<round no="1"><cards type="Pocket" player="Rakki">C8 H10</cards>
<cards type="Pocket" player="Bosio91">X X</cards>
<cards type="Pocket" player="Thechosenoonee">X X</cards>
<action no="6" player="Rakki" type="0" sum="0"/>
<action no="7" player="Bosio91" type="23" discard="1" dealt="1" sum="965"/>
<action no="8" player="Thechosenoonee" type="0" discard="1" dealt="1" sum="0"/>
</round>
</game>
<game gamecode="6435523641"><general><startdate>2025-07-23 00:16:40</startdate>
<round>1</round>
<failsafecounter/>
<players><player seat="6" name="Rakki" chips="375" dealer="0" win="865" bet="375" muck="0" rebuy="0" addon="0" merge="0" rebuychips="0" reg_code="5049130231"/>
<player seat="10" name="Bosio91" chips="1,010" dealer="1" win="0" bet="1,010" muck="0" rebuy="0" addon="0" merge="0" rebuychips="0" reg_code="5049130570"/>
<player seat="3" name="Thechosenoonee" chips="115" dealer="0" win="0" bet="115" muck="1" rebuy="0" addon="0" merge="0" rebuychips="0" reg_code="5049129012"/>
</players>
</general>
<round no="0"><action no="1" player="Thechosenoonee" type="15" discard="1" dealt="1" sum="5"/>
<action no="2" player="Rakki" type="15" sum="5"/>
<action no="3" player="Bosio91" type="15" discard="1" dealt="1" sum="5"/>
<action no="4" player="Thechosenoonee" type="1" discard="1" dealt="1" sum="15"/>
<action no="5" player="Rakki" type="2" sum="30"/>
</round>
<round no="1"><cards type="Pocket" player="Rakki">DA H6</cards>
<cards type="Pocket" player="Bosio91">C2 H2</cards>
<cards type="Pocket" player="Thechosenoonee">HA C3</cards>
<action no="6" player="Bosio91" type="23" discard="1" dealt="1" sum="1,005"/>
<action no="7" player="Thechosenoonee" type="7" discard="1" dealt="1" sum="95"/>
<action no="8" player="Rakki" type="7" sum="340"/>
</round>
<round no="2"><cards type="Flop">S9 S5 D8</cards>
</round>
<round no="3"><cards type="Turn">D7</cards>
</round>
<round no="4"><cards type="River">C10</cards>
</round>
</game>
<game gamecode="6435523670"><general><startdate>2025-07-23 00:16:56</startdate>
<round>1</round>
<failsafecounter/>
<players><player seat="10" name="Bosio91" chips="635" dealer="0" win="70" bet="635" muck="1" rebuy="0" addon="0" merge="0" rebuychips="0" reg_code="5049130570"/>
<player seat="6" name="Rakki" chips="865" dealer="1" win="0" bet="35" muck="1" rebuy="0" addon="0" merge="0" rebuychips="0" reg_code="5049130231"/>
</players>
</general>
<round no="0"><action no="1" player="Rakki" type="15" sum="5"/>
<action no="2" player="Bosio91" type="15" discard="1" dealt="1" sum="5"/>
<action no="3" player="Rakki" type="1" sum="15"/>
<action no="4" player="Bosio91" type="2" discard="1" dealt="1" sum="30"/>
</round>
<round no="1"><cards type="Pocket" player="Rakki">H10 H6</cards>
<cards type="Pocket" player="Bosio91">X X</cards>
<action no="5" player="Rakki" type="3" sum="15"/>
<action no="6" player="Bosio91" type="23" discard="1" dealt="1" sum="630"/>
<action no="7" player="Rakki" type="0" sum="0"/>
</round>
</game>
<game gamecode="6435523684"><general><startdate>2025-07-23 00:17:05</startdate>
<round>1</round>
<failsafecounter/>
<players><player seat="6" name="Rakki" chips="830" dealer="0" win="280" bet="420" muck="1" rebuy="0" addon="0" merge="0" rebuychips="0" reg_code="5049130231"/>
<player seat="10" name="Bosio91" chips="670" dealer="1" win="0" bet="140" muck="1" rebuy="0" addon="0" merge="0" rebuychips="0" reg_code="5049130570"/>
</players>
</general>
<round no="0"><action no="1" player="Bosio91" type="15" discard="1" dealt="1" sum="5"/>
<action no="2" player="Rakki" type="15" sum="5"/>
<action no="3" player="Bosio91" type="1" discard="1" dealt="1" sum="15"/>
<action no="4" player="Rakki" type="2" sum="30"/>
</round>
<round no="1"><cards type="Pocket" player="Bosio91">X X</cards>
<cards type="Pocket" player="Rakki">S9 S6</cards>
<action no="5" player="Bosio91" type="3" discard="1" dealt="1" sum="15"/>
<action no="6" player="Rakki" type="4" sum="0"/>
</round>
<round no="2"><cards type="Flop">C9 H9 D10</cards>
<action no="7" player="Rakki" type="4" sum="0"/>
<action no="8" player="Bosio91" type="4" discard="1" dealt="1" sum="0"/>
</round>
<round no="3"><cards type="Turn">S3</cards>
<action no="9" player="Rakki" type="4" sum="0"/>
<action no="10" player="Bosio91" type="5" discard="1" dealt="1" sum="30"/>
<action no="11" player="Rakki" type="23" sum="105"/>
<action no="12" player="Bosio91" type="3" discard="1" dealt="1" sum="75"/>
</round>
<round no="4"><cards type="River">D8</cards>
<action no="13" player="Rakki" type="5" sum="280"/>
<action no="14" player="Bosio91" type="0" discard="1" dealt="1" sum="0"/>
</round>
</game>
<game gamecode="6435523719"><general><startdate>2025-07-23 00:17:24</startdate>
<round>1</round>
<failsafecounter/>
<players><player seat="10" name="Bosio91" chips="530" dealer="0" win="70" bet="530" muck="1" rebuy="0" addon="0" merge="0" rebuychips="0" reg_code="5049130570"/>
<player seat="6" name="Rakki" chips="970" dealer="1" win="0" bet="35" muck="1" rebuy="0" addon="0" merge="0" rebuychips="0" reg_code="5049130231"/>
</players>
</general>
<round no="0"><action no="1" player="Rakki" type="15" sum="5"/>
<action no="2" player="Bosio91" type="15" discard="1" dealt="1" sum="5"/>
<action no="3" player="Rakki" type="1" sum="15"/>
<action no="4" player="Bosio91" type="2" discard="1" dealt="1" sum="30"/>
</round>
<round no="1"><cards type="Pocket" player="Bosio91">X X</cards>
<cards type="Pocket" player="Rakki">C4 HJ</cards>
<action no="5" player="Rakki" type="3" sum="15"/>
<action no="6" player="Bosio91" type="23" discard="1" dealt="1" sum="525"/>
<action no="7" player="Rakki" type="0" sum="0"/>
</round>
</game>
<game gamecode="6435523737"><general><startdate>2025-07-23 00:17:33</startdate>
<round>1</round>
<failsafecounter/>
<players><player seat="6" name="Rakki" chips="935" dealer="0" win="0" bet="35" muck="1" rebuy="0" addon="0" merge="0" rebuychips="0" reg_code="5049130231"/>
<player seat="10" name="Bosio91" chips="565" dealer="1" win="70" bet="565" muck="1" rebuy="0" addon="0" merge="0" rebuychips="0" reg_code="5049130570"/>
</players>
</general>
<round no="0"><action no="1" player="Bosio91" type="15" discard="1" dealt="1" sum="5"/>
<action no="2" player="Rakki" type="15" sum="5"/>
<action no="3" player="Bosio91" type="1" discard="1" dealt="1" sum="15"/>
<action no="4" player="Rakki" type="2" sum="30"/>
</round>
<round no="1"><cards type="Pocket" player="Bosio91">X X</cards>
<cards type="Pocket" player="Rakki">C6 H10</cards>
<action no="5" player="Bosio91" type="23" discard="1" dealt="1" sum="560"/>
<action no="6" player="Rakki" type="0" sum="0"/>
</round>
</game>
<game gamecode="6435523749"><general><startdate>2025-07-23 00:17:40</startdate>
<round>1</round>
<failsafecounter/>
<players><player seat="10" name="Bosio91" chips="600" dealer="0" win="0" bet="600" muck="0" rebuy="0" addon="0" merge="0" rebuychips="0" reg_code="5049130570"/>
<player seat="6" name="Rakki" chips="900" dealer="1" win="1,200" bet="900" muck="0" rebuy="0" addon="0" merge="0" rebuychips="0" reg_code="5049130231"/>
</players>
</general>
<round no="0"><action no="1" player="Rakki" type="15" sum="5"/>
<action no="2" player="Bosio91" type="15" discard="1" dealt="1" sum="5"/>
<action no="3" player="Rakki" type="1" sum="15"/>
<action no="4" player="Bosio91" type="2" discard="1" dealt="1" sum="30"/>
</round>
<round no="1"><cards type="Pocket" player="Rakki">S8 HA</cards>
<cards type="Pocket" player="Bosio91">D10 HK</cards>
<action no="5" player="Rakki" type="3" sum="15"/>
<action no="6" player="Bosio91" type="23" discard="1" dealt="1" sum="90"/>
<action no="7" player="Rakki" type="23" sum="895"/>
<action no="8" player="Bosio91" type="7" discard="1" dealt="1" sum="505"/>
</round>
<round no="2"><cards type="Flop">H6 S4 DA</cards>
</round>
<round no="3"><cards type="Turn">DK</cards>
</round>
<round no="4"><cards type="River">HQ</cards>
</round>
</game>
</session>
