<?xml version="1.0" encoding="UTF-8"?>
<session sessioncode="5049140707">
<general>
<client_version>25.1.1.16</client_version>
<mode>real</mode>
<gametype>Holdem NL</gametype>
<tablename>Twister €100 SNG, 814459966</tablename>
<tournamentcode>814459965</tournamentcode>
<tournamentname>Twister €100 SNG</tournamentname>
<buyin>€0 + €7 + €93</buyin>
<totalbuyin>€100</totalbuyin>
<rewarddrawn>€300</rewarddrawn>
<tournamentcurrency>EUR</tournamentcurrency>
<currency>EUR</currency>
<nickname>Rakki</nickname>
<gamecount>11</gamecount>
<startdate>2025-07-23 00:56:58</startdate>
<place>1</place>
<win>€300</win>
<tablesize>3</tablesize>
</general>
<game gamecode="6435562085"><general><startdate>2025-07-23 00:57:14</startdate>
<round>1</round>
<failsafecounter/>
<players><player seat="6" name="Rakki" chips="500" dealer="0" win="0" bet="20" muck="1" rebuy="0" addon="0" merge="0" rebuychips="0" reg_code="5049140707"/>
<player seat="10" name="Pannocchietta" chips="500" dealer="1" win="0" bet="0" muck="1" rebuy="0" addon="0" merge="0" rebuychips="0" reg_code="5049140764"/>
<player seat="3" name="mocciolocaldo" chips="500" dealer="0" win="40" bet="50" muck="1" rebuy="0" addon="0" merge="0" rebuychips="0" reg_code="5049140559"/>
</players>
</general>
<round no="0"><action no="1" player="mocciolocaldo" type="1" discard="1" dealt="1" sum="10"/>
<action no="2" player="Rakki" type="2" sum="20"/>
</round>
<round no="1"><cards type="Pocket" player="mocciolocaldo">X X</cards>
<cards type="Pocket" player="Pannocchietta">X X</cards>
<cards type="Pocket" player="Rakki">S6 CK</cards>
<action no="3" player="Pannocchietta" type="0" discard="1" dealt="1" sum="0"/>
<action no="4" player="mocciolocaldo" type="3" discard="1" dealt="1" sum="10"/>
<action no="5" player="Rakki" type="4" sum="0"/>
</round>
<round no="2"><cards type="Flop">S4 S5 HQ</cards>
<action no="6" player="mocciolocaldo" type="4" discard="1" dealt="1" sum="0"/>
<action no="7" player="Rakki" type="4" sum="0"/>
</round>
<round no="3"><cards type="Turn">CJ</cards>
<action no="8" player="mocciolocaldo" type="4" discard="1" dealt="1" sum="0"/>
<action no="9" player="Rakki" type="4" sum="0"/>
</round>
<round no="4"><cards type="River">DQ</cards>
<action no="10" player="mocciolocaldo" type="5" discard="1" dealt="1" sum="30"/>
<action no="11" player="Rakki" type="0" sum="0"/>
</round>
</game>
<game gamecode="6435562184"><general><startdate>2025-07-23 00:58:06</startdate>
<round>1</round>
<failsafecounter/>
<players><player seat="10" name="Pannocchietta" chips="500" dealer="0" win="0" bet="20" muck="1" rebuy="0" addon="0" merge="0" rebuychips="0" reg_code="5049140764"/>
<player seat="3" name="mocciolocaldo" chips="520" dealer="1" win="0" bet="0" muck="1" rebuy="0" addon="0" merge="0" rebuychips="0" reg_code="5049140559"/>
<player seat="6" name="Rakki" chips="480" dealer="0" win="40" bet="50" muck="1" rebuy="0" addon="0" merge="0" rebuychips="0" reg_code="5049140707"/>
</players>
</general>
<round no="0"><action no="1" player="Rakki" type="1" sum="10"/>
<action no="2" player="Pannocchietta" type="2" discard="1" dealt="1" sum="20"/>
</round>
<round no="1"><cards type="Pocket" player="Pannocchietta">X X</cards>
<cards type="Pocket" player="mocciolocaldo">X X</cards>
<cards type="Pocket" player="Rakki">C9 D8</cards>
<action no="3" player="mocciolocaldo" type="0" discard="1" dealt="1" sum="0"/>
<action no="4" player="Rakki" type="23" sum="50"/>
<action no="5" player="Pannocchietta" type="0" discard="1" dealt="1" sum="0"/>
</round>
</game>
<game gamecode="6435562235"><general><startdate>2025-07-23 00:58:28</startdate>
<round>1</round>
<failsafecounter/>
<players><player seat="3" name="mocciolocaldo" chips="520" dealer="0" win="0" bet="20" muck="1" rebuy="0" addon="0" merge="0" rebuychips="0" reg_code="5049140559"/>
<player seat="6" name="Rakki" chips="500" dealer="1" win="50" bet="40" muck="1" rebuy="0" addon="0" merge="0" rebuychips="0" reg_code="5049140707"/>
<player seat="10" name="Pannocchietta" chips="480" dealer="0" win="0" bet="10" muck="1" rebuy="0" addon="0" merge="0" rebuychips="0" reg_code="5049140764"/>
</players>
</general>
<round no="0"><action no="1" player="Pannocchietta" type="1" discard="1" dealt="1" sum="10"/>
<action no="2" player="mocciolocaldo" type="2" discard="1" dealt="1" sum="20"/>
</round>
<round no="1"><cards type="Pocket" player="Rakki">C3 D3</cards>
<cards type="Pocket" player="mocciolocaldo">X X</cards>
<cards type="Pocket" player="Pannocchietta">X X</cards>
<action no="3" player="Rakki" type="23" sum="40"/>
<action no="4" player="Pannocchietta" type="0" discard="1" dealt="1" sum="0"/>
<action no="5" player="mocciolocaldo" type="0" discard="1" dealt="1" sum="0"/>
</round>
</game>
<game gamecode="6435562251"><general><startdate>2025-07-23 00:58:42</startdate>
<round>1</round>
<failsafecounter/>
<players><player seat="6" name="Rakki" chips="530" dealer="0" win="0" bet="20" muck="1" rebuy="0" addon="0" merge="0" rebuychips="0" reg_code="5049140707"/>
<player seat="10" name="Pannocchietta" chips="470" dealer="1" win="50" bet="40" muck="1" rebuy="0" addon="0" merge="0" rebuychips="0" reg_code="5049140764"/>
<player seat="3" name="mocciolocaldo" chips="500" dealer="0" win="0" bet="10" muck="1" rebuy="0" addon="0" merge="0" rebuychips="0" reg_code="5049140559"/>
</players>
</general>
<round no="0"><action no="1" player="mocciolocaldo" type="1" discard="1" dealt="1" sum="10"/>
<action no="2" player="Rakki" type="2" sum="20"/>
</round>
<round no="1"><cards type="Pocket" player="Rakki">D8 C3</cards>
<cards type="Pocket" player="mocciolocaldo">X X</cards>
<cards type="Pocket" player="Pannocchietta">X X</cards>
<action no="3" player="Pannocchietta" type="23" discard="1" dealt="1" sum="40"/>
<action no="4" player="mocciolocaldo" type="0" discard="1" dealt="1" sum="0"/>
<action no="5" player="Rakki" type="0" sum="0"/>
</round>
</game>
<game gamecode="6435562276"><general><startdate>2025-07-23 00:58:57</startdate>
<round>1</round>
<failsafecounter/>
<players><player seat="10" name="Pannocchietta" chips="500" dealer="0" win="0" bet="65" muck="1" rebuy="0" addon="0" merge="0" rebuychips="0" reg_code="5049140764"/>
<player seat="3" name="mocciolocaldo" chips="490" dealer="1" win="150" bet="140" muck="1" rebuy="0" addon="0" merge="0" rebuychips="0" reg_code="5049140559"/>
<player seat="6" name="Rakki" chips="510" dealer="0" win="0" bet="20" muck="1" rebuy="0" addon="0" merge="0" rebuychips="0" reg_code="5049140707"/>
</players>
</general>
<round no="0"><action no="1" player="Rakki" type="15" sum="5"/>
<action no="2" player="Pannocchietta" type="15" discard="1" dealt="1" sum="5"/>
<action no="3" player="mocciolocaldo" type="15" discard="1" dealt="1" sum="5"/>
<action no="4" player="Rakki" type="1" sum="15"/>
<action no="5" player="Pannocchietta" type="2" discard="1" dealt="1" sum="30"/>
</round>
<round no="1"><cards type="Pocket" player="mocciolocaldo">X X</cards>
<cards type="Pocket" player="Pannocchietta">X X</cards>
<cards type="Pocket" player="Rakki">CQ DJ</cards>
<action no="6" player="mocciolocaldo" type="23" discard="1" dealt="1" sum="60"/>
<action no="7" player="Rakki" type="0" sum="0"/>
<action no="8" player="Pannocchietta" type="3" discard="1" dealt="1" sum="30"/>
</round>
<round no="2"><cards type="Flop">D2 CA C10</cards>
<action no="9" player="Pannocchietta" type="4" discard="1" dealt="1" sum="0"/>
<action no="10" player="mocciolocaldo" type="5" discard="1" dealt="1" sum="75"/>
<action no="11" player="Pannocchietta" type="0" discard="1" dealt="1" sum="0"/>
</round>
</game>
<game gamecode="6435562325"><general><startdate>2025-07-23 00:59:26</startdate>
<round>1</round>
<failsafecounter/>
<players><player seat="3" name="mocciolocaldo" chips="575" dealer="0" win="45" bet="35" muck="1" rebuy="0" addon="0" merge="0" rebuychips="0" reg_code="5049140559"/>
<player seat="6" name="Rakki" chips="490" dealer="1" win="0" bet="5" muck="1" rebuy="0" addon="0" merge="0" rebuychips="0" reg_code="5049140707"/>
<player seat="10" name="Pannocchietta" chips="435" dealer="0" win="0" bet="20" muck="1" rebuy="0" addon="0" merge="0" rebuychips="0" reg_code="5049140764"/>
</players>
</general>
<round no="0"><action no="1" player="Pannocchietta" type="15" discard="1" dealt="1" sum="5"/>
<action no="2" player="mocciolocaldo" type="15" discard="1" dealt="1" sum="5"/>
<action no="3" player="Rakki" type="15" sum="5"/>
<action no="4" player="Pannocchietta" type="1" discard="1" dealt="1" sum="15"/>
<action no="5" player="mocciolocaldo" type="2" discard="1" dealt="1" sum="30"/>
</round>
<round no="1"><cards type="Pocket" player="Rakki">S2 S6</cards>
<cards type="Pocket" player="Pannocchietta">X X</cards>
<cards type="Pocket" player="mocciolocaldo">X X</cards>
<action no="6" player="Rakki" type="0" sum="0"/>
<action no="7" player="Pannocchietta" type="0" discard="1" dealt="1" sum="0"/>
</round>
</game>
<game gamecode="6435562350"><general><startdate>2025-07-23 00:59:39</startdate>
<round>1</round>
<failsafecounter/>
<players><player seat="6" name="Rakki" chips="485" dealer="0" win="0" bet="35" muck="1" rebuy="0" addon="0" merge="0" rebuychips="0" reg_code="5049140707"/>
<player seat="10" name="Pannocchietta" chips="415" dealer="1" win="90" bet="415" muck="1" rebuy="0" addon="0" merge="0" rebuychips="0" reg_code="5049140764"/>
<player seat="3" name="mocciolocaldo" chips="600" dealer="0" win="0" bet="20" muck="1" rebuy="0" addon="0" merge="0" rebuychips="0" reg_code="5049140559"/>
</players>
</general>
<round no="0"><action no="1" player="mocciolocaldo" type="15" discard="1" dealt="1" sum="5"/>
<action no="2" player="Rakki" type="15" sum="5"/>
<action no="3" player="Pannocchietta" type="15" discard="1" dealt="1" sum="5"/>
<action no="4" player="mocciolocaldo" type="1" discard="1" dealt="1" sum="15"/>
<action no="5" player="Rakki" type="2" sum="30"/>
</round>
<round no="1"><cards type="Pocket" player="Rakki">S3 H5</cards>
<cards type="Pocket" player="mocciolocaldo">X X</cards>
<cards type="Pocket" player="Pannocchietta">X X</cards>
<action no="6" player="Pannocchietta" type="23" discard="1" dealt="1" sum="410"/>
<action no="7" player="mocciolocaldo" type="0" discard="1" dealt="1" sum="0"/>
<action no="8" player="Rakki" type="0" sum="0"/>
</round>
</game>
<game gamecode="6435562364"><general><startdate>2025-07-23 00:59:49</startdate>
<round>1</round>
<failsafecounter/>
<players><player seat="10" name="Pannocchietta" chips="470" dealer="0" win="45" bet="35" muck="1" rebuy="0" addon="0" merge="0" rebuychips="0" reg_code="5049140764"/>
<player seat="3" name="mocciolocaldo" chips="580" dealer="1" win="0" bet="5" muck="1" rebuy="0" addon="0" merge="0" rebuychips="0" reg_code="5049140559"/>
<player seat="6" name="Rakki" chips="450" dealer="0" win="0" bet="20" muck="1" rebuy="0" addon="0" merge="0" rebuychips="0" reg_code="5049140707"/>
</players>
</general>
<round no="0"><action no="1" player="Rakki" type="15" sum="5"/>
<action no="2" player="Pannocchietta" type="15" discard="1" dealt="1" sum="5"/>
<action no="3" player="mocciolocaldo" type="15" discard="1" dealt="1" sum="5"/>
<action no="4" player="Rakki" type="1" sum="15"/>
<action no="5" player="Pannocchietta" type="2" discard="1" dealt="1" sum="30"/>
</round>
<round no="1"><cards type="Pocket" player="Rakki">H2 C4</cards>
<cards type="Pocket" player="mocciolocaldo">X X</cards>
<cards type="Pocket" player="Pannocchietta">X X</cards>
<action no="6" player="mocciolocaldo" type="0" discard="1" dealt="1" sum="0"/>
<action no="7" player="Rakki" type="0" sum="0"/>
</round>
</game>
<game gamecode="6435562383"><general><startdate>2025-07-23 00:59:59</startdate>
<round>1</round>
<failsafecounter/>
<players><player seat="3" name="mocciolocaldo" chips="575" dealer="0" win="45" bet="35" muck="1" rebuy="0" addon="0" merge="0" rebuychips="0" reg_code="5049140559"/>
<player seat="6" name="Rakki" chips="430" dealer="1" win="0" bet="5" muck="1" rebuy="0" addon="0" merge="0" rebuychips="0" reg_code="5049140707"/>
<player seat="10" name="Pannocchietta" chips="495" dealer="0" win="0" bet="20" muck="1" rebuy="0" addon="0" merge="0" rebuychips="0" reg_code="5049140764"/>
</players>
</general>
<round no="0"><action no="1" player="Pannocchietta" type="15" discard="1" dealt="1" sum="5"/>
<action no="2" player="mocciolocaldo" type="15" discard="1" dealt="1" sum="5"/>
<action no="3" player="Rakki" type="15" sum="5"/>
<action no="4" player="Pannocchietta" type="1" discard="1" dealt="1" sum="15"/>
<action no="5" player="mocciolocaldo" type="2" discard="1" dealt="1" sum="30"/>
</round>
<round no="1"><cards type="Pocket" player="Pannocchietta">X X</cards>
<cards type="Pocket" player="Rakki">H5 H4</cards>
<cards type="Pocket" player="mocciolocaldo">X X</cards>
<action no="6" player="Rakki" type="0" sum="0"/>
<action no="7" player="Pannocchietta" type="0" discard="1" dealt="1" sum="0"/>
</round>
</game>
<game gamecode="6435562402"><general><startdate>2025-07-23 01:00:10</startdate>
<round>1</round>
<failsafecounter/>
<players><player seat="6" name="Rakki" chips="425" dealer="0" win="870" bet="425" muck="0" rebuy="0" addon="0" merge="0" rebuychips="0" reg_code="5049140707"/>
<player seat="10" name="Pannocchietta" chips="475" dealer="1" win="0" bet="475" muck="0" rebuy="0" addon="0" merge="0" rebuychips="0" reg_code="5049140764"/>
<player seat="3" name="mocciolocaldo" chips="600" dealer="0" win="0" bet="20" muck="1" rebuy="0" addon="0" merge="0" rebuychips="0" reg_code="5049140559"/>
</players>
</general>
<round no="0"><action no="1" player="mocciolocaldo" type="15" discard="1" dealt="1" sum="5"/>
<action no="2" player="Rakki" type="15" sum="5"/>
<action no="3" player="Pannocchietta" type="15" discard="1" dealt="1" sum="5"/>
<action no="4" player="mocciolocaldo" type="1" discard="1" dealt="1" sum="15"/>
<action no="5" player="Rakki" type="2" sum="30"/>
</round>
<round no="1"><cards type="Pocket" player="Rakki">CJ CQ</cards>
<cards type="Pocket" player="mocciolocaldo">X X</cards>
<cards type="Pocket" player="Pannocchietta">C10 C9</cards>
<action no="6" player="Pannocchietta" type="23" discard="1" dealt="1" sum="470"/>
<action no="7" player="mocciolocaldo" type="0" discard="1" dealt="1" sum="0"/>
<action no="8" player="Rakki" type="7" sum="390"/>
</round>
<round no="2"><cards type="Flop">DK D10 SJ</cards>
</round>
<round no="3"><cards type="Turn">S2</cards>
</round>
<round no="4"><cards type="River">D3</cards>
</round>
</game>
<game gamecode="6435562433"><general><startdate>2025-07-23 01:00:28</startdate>
<round>1</round>
<failsafecounter/>
<players><player seat="10" name="Pannocchietta" chips="50" dealer="0" win="0" bet="50" muck="0" rebuy="0" addon="0" merge="0" rebuychips="0" reg_code="5049140764"/>
<player seat="3" name="mocciolocaldo" chips="580" dealer="1" win="0" bet="580" muck="1" rebuy="0" addon="0" merge="0" rebuychips="0" reg_code="5049140559"/>
<player seat="6" name="Rakki" chips="870" dealer="0" win="1,210" bet="870" muck="0" rebuy="0" addon="0" merge="0" rebuychips="0" reg_code="5049140707"/>
</players>
</general>
<round no="0"><action no="1" player="Rakki" type="15" sum="5"/>
<action no="2" player="Pannocchietta" type="15" discard="1" dealt="1" sum="5"/>
<action no="3" player="mocciolocaldo" type="15" discard="1" dealt="1" sum="5"/>
<action no="4" player="Rakki" type="1" sum="15"/>
<action no="5" player="Pannocchietta" type="2" discard="1" dealt="1" sum="30"/>
</round>
<round no="1"><cards type="Pocket" player="Pannocchietta">S10 HJ</cards>
<cards type="Pocket" player="Rakki">SK S6</cards>
<cards type="Pocket" player="mocciolocaldo">HA D8</cards>
<action no="6" player="mocciolocaldo" type="23" discard="1" dealt="1" sum="60"/>
<action no="7" player="Rakki" type="3" sum="45"/>
<action no="8" player="Pannocchietta" type="7" discard="1" dealt="1" sum="15"/>
</round>
<round no="2"><cards type="Flop">C3 C2 D5</cards>
<action no="9" player="Rakki" type="4" sum="0"/>
<action no="10" player="mocciolocaldo" type="4" discard="1" dealt="1" sum="0"/>
</round>
<round no="3"><cards type="Turn">DQ</cards>
<action no="11" player="Rakki" type="4" sum="0"/>
<action no="12" player="mocciolocaldo" type="5" discard="1" dealt="1" sum="46"/>
<action no="13" player="Rakki" type="3" sum="46"/>
</round>
<round no="4"><cards type="River">H4</cards>
<action no="14" player="Rakki" type="4" sum="0"/>
<action no="15" player="mocciolocaldo" type="5" discard="1" dealt="1" sum="204"/>
<action no="16" player="Rakki" type="23" sum="759"/>
<action no="17" player="mocciolocaldo" type="7" discard="1" dealt="1" sum="265"/>
</round>
</game>
</session>
