<?xml version="1.0" encoding="UTF-8"?>
<session sessioncode="5049115587">
<general>
<client_version>25.1.1.16</client_version>
<mode>real</mode>
<gametype>Holdem NL</gametype>
<tablename>Twister €50 SNG, 814455065</tablename>
<tournamentcode>814455064</tournamentcode>
<tournamentname>Twister €50 SNG</tournamentname>
<buyin>€0 + €3.50 + €46.50</buyin>
<totalbuyin>€50</totalbuyin>
<rewarddrawn>€100</rewarddrawn>
<tournamentcurrency>EUR</tournamentcurrency>
<currency>EUR</currency>
<nickname>Rakki</nickname>
<gamecount>15</gamecount>
<startdate>2025-07-22 23:16:11</startdate>
<place>3</place>
<win>€0</win>
<tablesize>3</tablesize>
</general>
<game gamecode="6435464434"><general><startdate>2025-07-22 23:16:26</startdate>
<round>1</round>
<failsafecounter/>
<players><player seat="6" name="ChiamamiG" chips="500" dealer="0" win="0" bet="20" muck="1" rebuy="0" addon="0" merge="0" rebuychips="0" reg_code="5049115627"/>
<player seat="10" name="1Lmaestr0" chips="500" dealer="1" win="0" bet="0" muck="1" rebuy="0" addon="0" merge="0" rebuychips="0" reg_code="5049115732"/>
<player seat="3" name="Rakki" chips="500" dealer="0" win="40" bet="50" muck="1" rebuy="0" addon="0" merge="0" rebuychips="0" reg_code="5049115587"/>
</players>
</general>
<round no="0"><action no="1" player="Rakki" type="1" sum="10"/>
<action no="2" player="ChiamamiG" type="2" discard="1" dealt="1" sum="20"/>
</round>
<round no="1"><cards type="Pocket" player="ChiamamiG">X X</cards>
<cards type="Pocket" player="1Lmaestr0">X X</cards>
<cards type="Pocket" player="Rakki">S10 CQ</cards>
<action no="3" player="1Lmaestr0" type="0" discard="1" dealt="1" sum="0"/>
<action no="4" player="Rakki" type="23" sum="50"/>
<action no="5" player="ChiamamiG" type="0" discard="1" dealt="1" sum="0"/>
</round>
</game>
<game gamecode="6435464502"><general><startdate>2025-07-22 23:17:08</startdate>
<round>1</round>
<failsafecounter/>
<players><player seat="10" name="1Lmaestr0" chips="500" dealer="0" win="0" bet="90" muck="1" rebuy="0" addon="0" merge="0" rebuychips="0" reg_code="5049115732"/>
<player seat="3" name="Rakki" chips="520" dealer="1" win="0" bet="0" muck="1" rebuy="0" addon="0" merge="0" rebuychips="0" reg_code="5049115587"/>
<player seat="6" name="ChiamamiG" chips="480" dealer="0" win="180" bet="210" muck="1" rebuy="0" addon="0" merge="0" rebuychips="0" reg_code="5049115627"/>
</players>
</general>
<round no="0"><action no="1" player="ChiamamiG" type="1" discard="1" dealt="1" sum="10"/>
<action no="2" player="1Lmaestr0" type="2" discard="1" dealt="1" sum="20"/>
</round>
<round no="1"><cards type="Pocket" player="Rakki">H4 H6</cards>
<cards type="Pocket" player="1Lmaestr0">X X</cards>
<cards type="Pocket" player="ChiamamiG">X X</cards>
<action no="3" player="Rakki" type="0" sum="0"/>
<action no="4" player="ChiamamiG" type="3" discard="1" dealt="1" sum="10"/>
<action no="5" player="1Lmaestr0" type="4" discard="1" dealt="1" sum="0"/>
</round>
<round no="2"><cards type="Flop">CK DK H8</cards>
<action no="6" player="ChiamamiG" type="5" discard="1" dealt="1" sum="20"/>
<action no="7" player="1Lmaestr0" type="23" discard="1" dealt="1" sum="70"/>
<action no="8" player="ChiamamiG" type="3" discard="1" dealt="1" sum="50"/>
</round>
<round no="3"><cards type="Turn">CA</cards>
<action no="9" player="ChiamamiG" type="4" discard="1" dealt="1" sum="0"/>
<action no="10" player="1Lmaestr0" type="4" discard="1" dealt="1" sum="0"/>
</round>
<round no="4"><cards type="River">S4</cards>
<action no="11" player="ChiamamiG" type="5" discard="1" dealt="1" sum="120"/>
<action no="12" player="1Lmaestr0" type="0" discard="1" dealt="1" sum="0"/>
</round>
</game>
<game gamecode="6435464615"><general><startdate>2025-07-22 23:18:16</startdate>
<round>1</round>
<failsafecounter/>
<players><player seat="3" name="Rakki" chips="520" dealer="0" win="135" bet="520" muck="1" rebuy="0" addon="0" merge="0" rebuychips="0" reg_code="5049115587"/>
<player seat="6" name="ChiamamiG" chips="570" dealer="1" win="0" bet="5" muck="1" rebuy="0" addon="0" merge="0" rebuychips="0" reg_code="5049115627"/>
<player seat="10" name="1Lmaestr0" chips="410" dealer="0" win="0" bet="65" muck="1" rebuy="0" addon="0" merge="0" rebuychips="0" reg_code="5049115732"/>
</players>
</general>
<round no="0"><action no="1" player="1Lmaestr0" type="15" discard="1" dealt="1" sum="5"/>
<action no="2" player="Rakki" type="15" sum="5"/>
<action no="3" player="ChiamamiG" type="15" discard="1" dealt="1" sum="5"/>
<action no="4" player="1Lmaestr0" type="1" discard="1" dealt="1" sum="15"/>
<action no="5" player="Rakki" type="2" sum="30"/>
</round>
<round no="1"><cards type="Pocket" player="1Lmaestr0">X X</cards>
<cards type="Pocket" player="ChiamamiG">X X</cards>
<cards type="Pocket" player="Rakki">S7 H7</cards>
<action no="6" player="ChiamamiG" type="0" discard="1" dealt="1" sum="0"/>
<action no="7" player="1Lmaestr0" type="23" discard="1" dealt="1" sum="60"/>
<action no="8" player="Rakki" type="23" sum="515"/>
<action no="9" player="1Lmaestr0" type="0" discard="1" dealt="1" sum="0"/>
</round>
</game>
<game gamecode="6435464640"><general><startdate>2025-07-22 23:18:33</startdate>
<round>1</round>
<failsafecounter/>
<players><player seat="6" name="ChiamamiG" chips="565" dealer="0" win="0" bet="35" muck="1" rebuy="0" addon="0" merge="0" rebuychips="0" reg_code="5049115627"/>
<player seat="10" name="1Lmaestr0" chips="345" dealer="1" win="0" bet="5" muck="1" rebuy="0" addon="0" merge="0" rebuychips="0" reg_code="5049115732"/>
<player seat="3" name="Rakki" chips="590" dealer="0" win="75" bet="80" muck="1" rebuy="0" addon="0" merge="0" rebuychips="0" reg_code="5049115587"/>
</players>
</general>
<round no="0"><action no="1" player="Rakki" type="15" sum="5"/>
<action no="2" player="ChiamamiG" type="15" discard="1" dealt="1" sum="5"/>
<action no="3" player="1Lmaestr0" type="15" discard="1" dealt="1" sum="5"/>
<action no="4" player="Rakki" type="1" sum="15"/>
<action no="5" player="ChiamamiG" type="2" discard="1" dealt="1" sum="30"/>
</round>
<round no="1"><cards type="Pocket" player="Rakki">C8 HK</cards>
<cards type="Pocket" player="1Lmaestr0">X X</cards>
<cards type="Pocket" player="ChiamamiG">X X</cards>
<action no="6" player="1Lmaestr0" type="0" discard="1" dealt="1" sum="0"/>
<action no="7" player="Rakki" type="23" sum="75"/>
<action no="8" player="ChiamamiG" type="0" discard="1" dealt="1" sum="0"/>
</round>
</game>
<game gamecode="6435464677"><general><startdate>2025-07-22 23:18:57</startdate>
<round>1</round>
<failsafecounter/>
<players><player seat="10" name="1Lmaestr0" chips="340" dealer="0" win="0" bet="35" muck="1" rebuy="0" addon="0" merge="0" rebuychips="0" reg_code="5049115732"/>
<player seat="3" name="Rakki" chips="630" dealer="1" win="0" bet="5" muck="1" rebuy="0" addon="0" merge="0" rebuychips="0" reg_code="5049115587"/>
<player seat="6" name="ChiamamiG" chips="530" dealer="0" win="75" bet="530" muck="1" rebuy="0" addon="0" merge="0" rebuychips="0" reg_code="5049115627"/>
</players>
</general>
<round no="0"><action no="1" player="ChiamamiG" type="15" discard="1" dealt="1" sum="5"/>
<action no="2" player="1Lmaestr0" type="15" discard="1" dealt="1" sum="5"/>
<action no="3" player="Rakki" type="15" sum="5"/>
<action no="4" player="ChiamamiG" type="1" discard="1" dealt="1" sum="15"/>
<action no="5" player="1Lmaestr0" type="2" discard="1" dealt="1" sum="30"/>
</round>
<round no="1"><cards type="Pocket" player="ChiamamiG">X X</cards>
<cards type="Pocket" player="1Lmaestr0">X X</cards>
<cards type="Pocket" player="Rakki">HJ S4</cards>
<action no="6" player="Rakki" type="0" sum="0"/>
<action no="7" player="ChiamamiG" type="23" discard="1" dealt="1" sum="525"/>
<action no="8" player="1Lmaestr0" type="0" discard="1" dealt="1" sum="0"/>
</round>
</game>
<game gamecode="6435464709"><general><startdate>2025-07-22 23:19:23</startdate>
<round>1</round>
<failsafecounter/>
<players><player seat="3" name="Rakki" chips="625" dealer="0" win="224" bet="102" muck="0" rebuy="0" addon="0" merge="0" rebuychips="0" reg_code="5049115587"/>
<player seat="6" name="ChiamamiG" chips="570" dealer="1" win="0" bet="102" muck="1" rebuy="0" addon="0" merge="0" rebuychips="0" reg_code="5049115627"/>
<player seat="10" name="1Lmaestr0" chips="305" dealer="0" win="0" bet="20" muck="1" rebuy="0" addon="0" merge="0" rebuychips="0" reg_code="5049115732"/>
</players>
</general>
<round no="0"><action no="1" player="1Lmaestr0" type="15" discard="1" dealt="1" sum="5"/>
<action no="2" player="Rakki" type="15" sum="5"/>
<action no="3" player="ChiamamiG" type="15" discard="1" dealt="1" sum="5"/>
<action no="4" player="1Lmaestr0" type="1" discard="1" dealt="1" sum="15"/>
<action no="5" player="Rakki" type="2" sum="30"/>
</round>
<round no="1"><cards type="Pocket" player="Rakki">D4 D7</cards>
<cards type="Pocket" player="ChiamamiG">C5 CK</cards>
<cards type="Pocket" player="1Lmaestr0">X X</cards>
<action no="6" player="ChiamamiG" type="23" discard="1" dealt="1" sum="60"/>
<action no="7" player="1Lmaestr0" type="0" discard="1" dealt="1" sum="0"/>
<action no="8" player="Rakki" type="3" sum="30"/>
</round>
<round no="2"><cards type="Flop">C4 SA S9</cards>
<action no="9" player="Rakki" type="4" sum="0"/>
<action no="10" player="ChiamamiG" type="5" discard="1" dealt="1" sum="37"/>
<action no="11" player="Rakki" type="3" sum="37"/>
</round>
<round no="3"><cards type="Turn">S7</cards>
<action no="12" player="Rakki" type="4" sum="0"/>
<action no="13" player="ChiamamiG" type="4" discard="1" dealt="1" sum="0"/>
</round>
<round no="4"><cards type="River">H5</cards>
<action no="14" player="Rakki" type="4" sum="0"/>
<action no="15" player="ChiamamiG" type="4" discard="1" dealt="1" sum="0"/>
</round>
</game>
<game gamecode="6435464796"><general><startdate>2025-07-22 23:20:21</startdate>
<round>1</round>
<failsafecounter/>
<players><player seat="6" name="ChiamamiG" chips="468" dealer="0" win="55" bet="45" muck="1" rebuy="0" addon="0" merge="0" rebuychips="0" reg_code="5049115627"/>
<player seat="10" name="1Lmaestr0" chips="285" dealer="1" win="0" bet="5" muck="1" rebuy="0" addon="0" merge="0" rebuychips="0" reg_code="5049115732"/>
<player seat="3" name="Rakki" chips="747" dealer="0" win="0" bet="25" muck="1" rebuy="0" addon="0" merge="0" rebuychips="0" reg_code="5049115587"/>
</players>
</general>
<round no="0"><action no="1" player="Rakki" type="15" sum="5"/>
<action no="2" player="ChiamamiG" type="15" discard="1" dealt="1" sum="5"/>
<action no="3" player="1Lmaestr0" type="15" discard="1" dealt="1" sum="5"/>
<action no="4" player="Rakki" type="1" sum="20"/>
<action no="5" player="ChiamamiG" type="2" discard="1" dealt="1" sum="40"/>
</round>
<round no="1"><cards type="Pocket" player="1Lmaestr0">X X</cards>
<cards type="Pocket" player="ChiamamiG">X X</cards>
<cards type="Pocket" player="Rakki">C5 H2</cards>
<action no="6" player="1Lmaestr0" type="0" discard="1" dealt="1" sum="0"/>
<action no="7" player="Rakki" type="0" sum="0"/>
</round>
</game>
<game gamecode="6435464813"><general><startdate>2025-07-22 23:20:30</startdate>
<round>1</round>
<failsafecounter/>
<players><player seat="10" name="1Lmaestr0" chips="280" dealer="0" win="55" bet="45" muck="1" rebuy="0" addon="0" merge="0" rebuychips="0" reg_code="5049115732"/>
<player seat="3" name="Rakki" chips="722" dealer="1" win="0" bet="5" muck="1" rebuy="0" addon="0" merge="0" rebuychips="0" reg_code="5049115587"/>
<player seat="6" name="ChiamamiG" chips="498" dealer="0" win="0" bet="25" muck="1" rebuy="0" addon="0" merge="0" rebuychips="0" reg_code="5049115627"/>
</players>
</general>
<round no="0"><action no="1" player="ChiamamiG" type="15" discard="1" dealt="1" sum="5"/>
<action no="2" player="1Lmaestr0" type="15" discard="1" dealt="1" sum="5"/>
<action no="3" player="Rakki" type="15" sum="5"/>
<action no="4" player="ChiamamiG" type="1" discard="1" dealt="1" sum="20"/>
<action no="5" player="1Lmaestr0" type="2" discard="1" dealt="1" sum="40"/>
</round>
<round no="1"><cards type="Pocket" player="ChiamamiG">X X</cards>
<cards type="Pocket" player="1Lmaestr0">X X</cards>
<cards type="Pocket" player="Rakki">H6 DQ</cards>
<action no="6" player="Rakki" type="0" sum="0"/>
<action no="7" player="ChiamamiG" type="0" discard="1" dealt="1" sum="0"/>
</round>
</game>
<game gamecode="6435464845"><general><startdate>2025-07-22 23:20:52</startdate>
<round>1</round>
<failsafecounter/>
<players><player seat="3" name="Rakki" chips="717" dealer="0" win="0" bet="45" muck="1" rebuy="0" addon="0" merge="0" rebuychips="0" reg_code="5049115587"/>
<player seat="6" name="ChiamamiG" chips="473" dealer="1" win="115" bet="473" muck="1" rebuy="0" addon="0" merge="0" rebuychips="0" reg_code="5049115627"/>
<player seat="10" name="1Lmaestr0" chips="310" dealer="0" win="0" bet="25" muck="1" rebuy="0" addon="0" merge="0" rebuychips="0" reg_code="5049115732"/>
</players>
</general>
<round no="0"><action no="1" player="1Lmaestr0" type="15" discard="1" dealt="1" sum="5"/>
<action no="2" player="Rakki" type="15" sum="5"/>
<action no="3" player="ChiamamiG" type="15" discard="1" dealt="1" sum="5"/>
<action no="4" player="1Lmaestr0" type="1" discard="1" dealt="1" sum="20"/>
<action no="5" player="Rakki" type="2" sum="40"/>
</round>
<round no="1"><cards type="Pocket" player="1Lmaestr0">X X</cards>
<cards type="Pocket" player="Rakki">SQ H6</cards>
<cards type="Pocket" player="ChiamamiG">X X</cards>
<action no="6" player="ChiamamiG" type="23" discard="1" dealt="1" sum="468"/>
<action no="7" player="1Lmaestr0" type="0" discard="1" dealt="1" sum="0"/>
<action no="8" player="Rakki" type="0" sum="0"/>
</round>
</game>
<game gamecode="6435464883"><general><startdate>2025-07-22 23:21:08</startdate>
<round>1</round>
<failsafecounter/>
<players><player seat="6" name="ChiamamiG" chips="543" dealer="0" win="0" bet="45" muck="1" rebuy="0" addon="0" merge="0" rebuychips="0" reg_code="5049115627"/>
<player seat="10" name="1Lmaestr0" chips="285" dealer="1" win="0" bet="5" muck="1" rebuy="0" addon="0" merge="0" rebuychips="0" reg_code="5049115732"/>
<player seat="3" name="Rakki" chips="672" dealer="0" win="95" bet="85" muck="1" rebuy="0" addon="0" merge="0" rebuychips="0" reg_code="5049115587"/>
</players>
</general>
<round no="0"><action no="1" player="Rakki" type="15" sum="5"/>
<action no="2" player="ChiamamiG" type="15" discard="1" dealt="1" sum="5"/>
<action no="3" player="1Lmaestr0" type="15" discard="1" dealt="1" sum="5"/>
<action no="4" player="Rakki" type="1" sum="20"/>
<action no="5" player="ChiamamiG" type="2" discard="1" dealt="1" sum="40"/>
</round>
<round no="1"><cards type="Pocket" player="1Lmaestr0">X X</cards>
<cards type="Pocket" player="ChiamamiG">X X</cards>
<cards type="Pocket" player="Rakki">D3 DK</cards>
<action no="6" player="1Lmaestr0" type="0" discard="1" dealt="1" sum="0"/>
<action no="7" player="Rakki" type="3" sum="20"/>
<action no="8" player="ChiamamiG" type="4" discard="1" dealt="1" sum="0"/>
</round>
<round no="2"><cards type="Flop">SJ H5 HJ</cards>
<action no="9" player="Rakki" type="4" sum="0"/>
<action no="10" player="ChiamamiG" type="4" discard="1" dealt="1" sum="0"/>
</round>
<round no="3"><cards type="Turn">S8</cards>
<action no="11" player="Rakki" type="4" sum="0"/>
<action no="12" player="ChiamamiG" type="4" discard="1" dealt="1" sum="0"/>
</round>
<round no="4"><cards type="River">C8</cards>
<action no="13" player="Rakki" type="5" sum="40"/>
<action no="14" player="ChiamamiG" type="0" discard="1" dealt="1" sum="0"/>
</round>
</game>
<game gamecode="6435464976"><general><startdate>2025-07-22 23:22:10</startdate>
<round>1</round>
<failsafecounter/>
<players><player seat="10" name="1Lmaestr0" chips="280" dealer="0" win="75" bet="65" muck="1" rebuy="0" addon="0" merge="0" rebuychips="0" reg_code="5049115732"/>
<player seat="3" name="Rakki" chips="722" dealer="1" win="0" bet="5" muck="1" rebuy="0" addon="0" merge="0" rebuychips="0" reg_code="5049115587"/>
<player seat="6" name="ChiamamiG" chips="498" dealer="0" win="0" bet="35" muck="1" rebuy="0" addon="0" merge="0" rebuychips="0" reg_code="5049115627"/>
</players>
</general>
<round no="0"><action no="1" player="ChiamamiG" type="15" discard="1" dealt="1" sum="5"/>
<action no="2" player="1Lmaestr0" type="15" discard="1" dealt="1" sum="5"/>
<action no="3" player="Rakki" type="15" sum="5"/>
<action no="4" player="ChiamamiG" type="1" discard="1" dealt="1" sum="30"/>
<action no="5" player="1Lmaestr0" type="2" discard="1" dealt="1" sum="60"/>
</round>
<round no="1"><cards type="Pocket" player="ChiamamiG">X X</cards>
<cards type="Pocket" player="1Lmaestr0">X X</cards>
<cards type="Pocket" player="Rakki">D4 S5</cards>
<action no="6" player="Rakki" type="0" sum="0"/>
<action no="7" player="ChiamamiG" type="0" discard="1" dealt="1" sum="0"/>
</round>
</game>
<game gamecode="6435465010"><general><startdate>2025-07-22 23:22:26</startdate>
<round>1</round>
<failsafecounter/>
<players><player seat="3" name="Rakki" chips="717" dealer="0" win="0" bet="463" muck="1" rebuy="0" addon="0" merge="0" rebuychips="0" reg_code="5049115587"/>
<player seat="6" name="ChiamamiG" chips="463" dealer="1" win="961" bet="463" muck="0" rebuy="0" addon="0" merge="0" rebuychips="0" reg_code="5049115627"/>
<player seat="10" name="1Lmaestr0" chips="320" dealer="0" win="0" bet="35" muck="1" rebuy="0" addon="0" merge="0" rebuychips="0" reg_code="5049115732"/>
</players>
</general>
<round no="0"><action no="1" player="1Lmaestr0" type="15" discard="1" dealt="1" sum="5"/>
<action no="2" player="Rakki" type="15" sum="5"/>
<action no="3" player="ChiamamiG" type="15" discard="1" dealt="1" sum="5"/>
<action no="4" player="1Lmaestr0" type="1" discard="1" dealt="1" sum="30"/>
<action no="5" player="Rakki" type="2" sum="60"/>
</round>
<round no="1"><cards type="Pocket" player="ChiamamiG">DQ CQ</cards>
<cards type="Pocket" player="1Lmaestr0">X X</cards>
<cards type="Pocket" player="Rakki">SA CK</cards>
<action no="6" player="ChiamamiG" type="23" discard="1" dealt="1" sum="458"/>
<action no="7" player="1Lmaestr0" type="0" discard="1" dealt="1" sum="0"/>
<action no="8" player="Rakki" type="3" sum="398"/>
</round>
<round no="2"><cards type="Flop">DJ SK HQ</cards>
</round>
<round no="3"><cards type="Turn">S2</cards>
</round>
<round no="4"><cards type="River">C7</cards>
</round>
</game>
<game gamecode="6435465059"><general><startdate>2025-07-22 23:22:56</startdate>
<round>1</round>
<failsafecounter/>
<players><player seat="6" name="ChiamamiG" chips="961" dealer="0" win="75" bet="65" muck="1" rebuy="0" addon="0" merge="0" rebuychips="0" reg_code="5049115627"/>
<player seat="10" name="1Lmaestr0" chips="285" dealer="1" win="0" bet="5" muck="1" rebuy="0" addon="0" merge="0" rebuychips="0" reg_code="5049115732"/>
<player seat="3" name="Rakki" chips="254" dealer="0" win="0" bet="35" muck="1" rebuy="0" addon="0" merge="0" rebuychips="0" reg_code="5049115587"/>
</players>
</general>
<round no="0"><action no="1" player="Rakki" type="15" sum="5"/>
<action no="2" player="ChiamamiG" type="15" discard="1" dealt="1" sum="5"/>
<action no="3" player="1Lmaestr0" type="15" discard="1" dealt="1" sum="5"/>
<action no="4" player="Rakki" type="1" sum="30"/>
<action no="5" player="ChiamamiG" type="2" discard="1" dealt="1" sum="60"/>
</round>
<round no="1"><cards type="Pocket" player="Rakki">D3 C6</cards>
<cards type="Pocket" player="ChiamamiG">X X</cards>
<cards type="Pocket" player="1Lmaestr0">X X</cards>
<action no="6" player="1Lmaestr0" type="0" discard="1" dealt="1" sum="0"/>
<action no="7" player="Rakki" type="0" sum="0"/>
</round>
</game>
<game gamecode="6435465093"><general><startdate>2025-07-22 23:23:16</startdate>
<round>1</round>
<failsafecounter/>
<players><player seat="10" name="1Lmaestr0" chips="280" dealer="0" win="0" bet="88" muck="1" rebuy="0" addon="0" merge="0" rebuychips="0" reg_code="5049115732"/>
<player seat="3" name="Rakki" chips="219" dealer="1" win="224" bet="219" muck="1" rebuy="0" addon="0" merge="0" rebuychips="0" reg_code="5049115587"/>
<player seat="6" name="ChiamamiG" chips="1,001" dealer="0" win="0" bet="48" muck="1" rebuy="0" addon="0" merge="0" rebuychips="0" reg_code="5049115627"/>
</players>
</general>
<round no="0"><action no="1" player="ChiamamiG" type="15" discard="1" dealt="1" sum="8"/>
<action no="2" player="1Lmaestr0" type="15" discard="1" dealt="1" sum="8"/>
<action no="3" player="Rakki" type="15" sum="8"/>
<action no="4" player="ChiamamiG" type="1" discard="1" dealt="1" sum="40"/>
<action no="5" player="1Lmaestr0" type="2" discard="1" dealt="1" sum="80"/>
</round>
<round no="1"><cards type="Pocket" player="Rakki">C10 CQ</cards>
<cards type="Pocket" player="1Lmaestr0">X X</cards>
<cards type="Pocket" player="ChiamamiG">X X</cards>
<action no="6" player="Rakki" type="23" sum="211"/>
<action no="7" player="ChiamamiG" type="0" discard="1" dealt="1" sum="0"/>
<action no="8" player="1Lmaestr0" type="0" discard="1" dealt="1" sum="0"/>
</round>
</game>
<game gamecode="6435465128"><general><startdate>2025-07-22 23:23:34</startdate>
<round>1</round>
<failsafecounter/>
<players><player seat="3" name="Rakki" chips="355" dealer="0" win="0" bet="355" muck="0" rebuy="0" addon="0" merge="0" rebuychips="0" reg_code="5049115587"/>
<player seat="6" name="ChiamamiG" chips="953" dealer="1" win="758" bet="888" muck="0" rebuy="0" addon="0" merge="0" rebuychips="0" reg_code="5049115627"/>
<player seat="10" name="1Lmaestr0" chips="192" dealer="0" win="0" bet="48" muck="1" rebuy="0" addon="0" merge="0" rebuychips="0" reg_code="5049115732"/>
</players>
</general>
<round no="0"><action no="1" player="1Lmaestr0" type="15" discard="1" dealt="1" sum="8"/>
<action no="2" player="Rakki" type="15" sum="8"/>
<action no="3" player="ChiamamiG" type="15" discard="1" dealt="1" sum="8"/>
<action no="4" player="1Lmaestr0" type="1" discard="1" dealt="1" sum="40"/>
<action no="5" player="Rakki" type="2" sum="80"/>
</round>
<round no="1"><cards type="Pocket" player="ChiamamiG">CA C4</cards>
<cards type="Pocket" player="1Lmaestr0">X X</cards>
<cards type="Pocket" player="Rakki">H9 HJ</cards>
<action no="6" player="ChiamamiG" type="23" discard="1" dealt="1" sum="880"/>
<action no="7" player="1Lmaestr0" type="0" discard="1" dealt="1" sum="0"/>
<action no="8" player="Rakki" type="7" sum="267"/>
</round>
<round no="2"><cards type="Flop">H10 S10 DQ</cards>
</round>
<round no="3"><cards type="Turn">H7</cards>
</round>
<round no="4"><cards type="River">SQ</cards>
</round>
</game>
</session>
