<?xml version="1.0" encoding="UTF-8"?>
<session sessioncode="5049147928">
<general>
<client_version>25.1.1.16</client_version>
<mode>real</mode>
<gametype>Holdem NL</gametype>
<tablename>Twister €100 SNG, 814462663</tablename>
<tournamentcode>814462662</tournamentcode>
<tournamentname>Twister €100 SNG</tournamentname>
<buyin>€0 + €7 + €93</buyin>
<totalbuyin>€100</totalbuyin>
<rewarddrawn>€200</rewarddrawn>
<tournamentcurrency>EUR</tournamentcurrency>
<currency>EUR</currency>
<nickname>Rakki</nickname>
<gamecount>1</gamecount>
<startdate>2025-07-23 01:30:52</startdate>
<place>3</place>
<win>€0</win>
<tablesize>3</tablesize>
</general>
<game gamecode="6435586231"><general><startdate>2025-07-23 01:31:07</startdate>
<round>1</round>
<failsafecounter/>
<players><player seat="3" name="Pannocchietta" chips="500" dealer="0" win="1,000" bet="500" muck="0" rebuy="0" addon="0" merge="0" rebuychips="0" reg_code="5049147285"/>
<player seat="6" name="mocciolocaldo" chips="500" dealer="1" win="0" bet="0" muck="1" rebuy="0" addon="0" merge="0" rebuychips="0" reg_code="5049147779"/>
<player seat="10" name="Rakki" chips="500" dealer="0" win="0" bet="500" muck="1" rebuy="0" addon="0" merge="0" rebuychips="0" reg_code="5049147928"/>
</players>
</general>
<round no="0"><action no="1" player="Rakki" type="1" sum="10"/>
<action no="2" player="Pannocchietta" type="2" discard="1" dealt="1" sum="20"/>
</round>
<round no="1"><cards type="Pocket" player="Pannocchietta">CK H8</cards>
<cards type="Pocket" player="Rakki">DK SQ</cards>
<cards type="Pocket" player="mocciolocaldo">X X</cards>
<action no="3" player="mocciolocaldo" type="0" discard="1" dealt="1" sum="0"/>
<action no="4" player="Rakki" type="23" sum="50"/>
<action no="5" player="Pannocchietta" type="3" discard="1" dealt="1" sum="30"/>
</round>
<round no="2"><cards type="Flop">H7 HK D8</cards>
<action no="6" player="Rakki" type="5" sum="50"/>
<action no="7" player="Pannocchietta" type="3" discard="1" dealt="1" sum="50"/>
</round>
<round no="3"><cards type="Turn">S4</cards>
<action no="8" player="Rakki" type="5" sum="140"/>
<action no="9" player="Pannocchietta" type="23" discard="1" dealt="1" sum="400"/>
<action no="10" player="Rakki" type="7" sum="260"/>
</round>
<round no="4"><cards type="River">H10</cards>
</round>
</game>
</session>
