<?xml version="1.0" encoding="UTF-8"?>
<session sessioncode="5049806392">
<general>
<client_version>25.1.1.16</client_version>
<mode>real</mode>
<gametype>Holdem NL</gametype>
<tablename>Twister €100 SNG, 814654600</tablename>
<tournamentcode>814654599</tournamentcode>
<tournamentname>Twister €100 SNG</tournamentname>
<buyin>€0 + €7 + €93</buyin>
<totalbuyin>€100</totalbuyin>
<rewarddrawn>€200</rewarddrawn>
<tournamentcurrency>EUR</tournamentcurrency>
<currency>EUR</currency>
<nickname>Rakki</nickname>
<gamecount>13</gamecount>
<startdate>2025-07-26 14:07:29</startdate>
<place>2</place>
<win>€0</win>
<tablesize>3</tablesize>
</general>
<game gamecode="6438213105"><general><startdate>2025-07-26 14:07:44</startdate>
<round>1</round>
<failsafecounter/>
<players><player seat="6" name="AntoniettaP68" chips="500" dealer="0" win="170" bet="80" muck="0" rebuy="0" addon="0" merge="0" rebuychips="0" reg_code="5049806527"/>
<player seat="10" name="facimmambress" chips="500" dealer="1" win="0" bet="80" muck="1" rebuy="0" addon="0" merge="0" rebuychips="0" reg_code="5049806556"/>
<player seat="3" name="Rakki" chips="500" dealer="0" win="0" bet="10" muck="1" rebuy="0" addon="0" merge="0" rebuychips="0" reg_code="5049806392"/>
</players>
</general>
<round no="0"><action no="1" player="Rakki" type="1" sum="10"/>
<action no="2" player="AntoniettaP68" type="2" discard="1" dealt="1" sum="20"/>
</round>
<round no="1"><cards type="Pocket" player="AntoniettaP68">C4 H10</cards>
<cards type="Pocket" player="facimmambress">DK CA</cards>
<cards type="Pocket" player="Rakki">HQ D3</cards>
<action no="3" player="facimmambress" type="23" discard="1" dealt="1" sum="60"/>
<action no="4" player="Rakki" type="0" sum="0"/>
<action no="5" player="AntoniettaP68" type="3" discard="1" dealt="1" sum="40"/>
</round>
<round no="2"><cards type="Flop">D7 SQ S4</cards>
<action no="6" player="AntoniettaP68" type="4" discard="1" dealt="1" sum="0"/>
<action no="7" player="facimmambress" type="4" discard="1" dealt="1" sum="0"/>
</round>
<round no="3"><cards type="Turn">S5</cards>
<action no="8" player="AntoniettaP68" type="4" discard="1" dealt="1" sum="0"/>
<action no="9" player="facimmambress" type="4" discard="1" dealt="1" sum="0"/>
</round>
<round no="4"><cards type="River">H3</cards>
<action no="10" player="AntoniettaP68" type="5" discard="1" dealt="1" sum="20"/>
<action no="11" player="facimmambress" type="3" discard="1" dealt="1" sum="20"/>
</round>
</game>
<game gamecode="6438213134"><general><startdate>2025-07-26 14:08:08</startdate>
<round>1</round>
<failsafecounter/>
<players><player seat="10" name="facimmambress" chips="420" dealer="0" win="880" bet="420" muck="0" rebuy="0" addon="0" merge="0" rebuychips="0" reg_code="5049806556"/>
<player seat="3" name="Rakki" chips="490" dealer="1" win="0" bet="40" muck="1" rebuy="0" addon="0" merge="0" rebuychips="0" reg_code="5049806392"/>
<player seat="6" name="AntoniettaP68" chips="590" dealer="0" win="0" bet="590" muck="1" rebuy="0" addon="0" merge="0" rebuychips="0" reg_code="5049806527"/>
</players>
</general>
<round no="0"><action no="1" player="AntoniettaP68" type="1" discard="1" dealt="1" sum="10"/>
<action no="2" player="facimmambress" type="2" discard="1" dealt="1" sum="20"/>
</round>
<round no="1"><cards type="Pocket" player="facimmambress">C9 H10</cards>
<cards type="Pocket" player="Rakki">D5 DK</cards>
<cards type="Pocket" player="AntoniettaP68">H9 DQ</cards>
<action no="3" player="Rakki" type="23" sum="40"/>
<action no="4" player="AntoniettaP68" type="3" discard="1" dealt="1" sum="30"/>
<action no="5" player="facimmambress" type="23" discard="1" dealt="1" sum="280"/>
<action no="6" player="Rakki" type="0" sum="0"/>
<action no="7" player="AntoniettaP68" type="23" discard="1" dealt="1" sum="590"/>
<action no="8" player="facimmambress" type="7" discard="1" dealt="1" sum="140"/>
</round>
<round no="2"><cards type="Flop">HQ D7 H6</cards>
</round>
<round no="3"><cards type="Turn">H4</cards>
</round>
<round no="4"><cards type="River">HA</cards>
</round>
</game>
<game gamecode="6438218938"><general><startdate>2025-07-26 14:08:37</startdate>
<round>1</round>
<failsafecounter/>
<players><player seat="3" name="Rakki" chips="450" dealer="0" win="0" bet="20" muck="1" rebuy="0" addon="0" merge="0" rebuychips="0" reg_code="5049806392"/>
<player seat="6" name="AntoniettaP68" chips="170" dealer="1" win="360" bet="170" muck="0" rebuy="0" addon="0" merge="0" rebuychips="0" reg_code="5049806527"/>
<player seat="10" name="facimmambress" chips="880" dealer="0" win="0" bet="170" muck="1" rebuy="0" addon="0" merge="0" rebuychips="0" reg_code="5049806556"/>
</players>
</general>
<round no="0"><action no="1" player="facimmambress" type="1" discard="1" dealt="1" sum="10"/>
<action no="2" player="Rakki" type="2" sum="20"/>
</round>
<round no="1"><cards type="Pocket" player="AntoniettaP68">CA S3</cards>
<cards type="Pocket" player="facimmambress">C9 H9</cards>
<cards type="Pocket" player="Rakki">H7 D5</cards>
<action no="3" player="AntoniettaP68" type="23" discard="1" dealt="1" sum="170"/>
<action no="4" player="facimmambress" type="3" discard="1" dealt="1" sum="160"/>
<action no="5" player="Rakki" type="0" sum="0"/>
</round>
<round no="2"><cards type="Flop">DA D8 S4</cards>
</round>
<round no="3"><cards type="Turn">SJ</cards>
</round>
<round no="4"><cards type="River">H2</cards>
</round>
</game>
<game gamecode="6438218965"><general><startdate>2025-07-26 14:08:54</startdate>
<round>1</round>
<failsafecounter/>
<players><player seat="6" name="AntoniettaP68" chips="360" dealer="0" win="0" bet="20" muck="1" rebuy="0" addon="0" merge="0" rebuychips="0" reg_code="5049806527"/>
<player seat="10" name="facimmambress" chips="710" dealer="1" win="0" bet="0" muck="1" rebuy="0" addon="0" merge="0" rebuychips="0" reg_code="5049806556"/>
<player seat="3" name="Rakki" chips="430" dealer="0" win="40" bet="430" muck="1" rebuy="0" addon="0" merge="0" rebuychips="0" reg_code="5049806392"/>
</players>
</general>
<round no="0"><action no="1" player="Rakki" type="1" sum="10"/>
<action no="2" player="AntoniettaP68" type="2" discard="1" dealt="1" sum="20"/>
</round>
<round no="1"><cards type="Pocket" player="facimmambress">X X</cards>
<cards type="Pocket" player="Rakki">C5 H5</cards>
<cards type="Pocket" player="AntoniettaP68">X X</cards>
<action no="3" player="facimmambress" type="0" discard="1" dealt="1" sum="0"/>
<action no="4" player="Rakki" type="23" sum="430"/>
<action no="5" player="AntoniettaP68" type="0" discard="1" dealt="1" sum="0"/>
</round>
</game>
<game gamecode="6438218983"><general><startdate>2025-07-26 14:09:05</startdate>
<round>1</round>
<failsafecounter/>
<players><player seat="10" name="facimmambress" chips="710" dealer="0" win="80" bet="40" muck="0" rebuy="0" addon="0" merge="0" rebuychips="0" reg_code="5049806556"/>
<player seat="3" name="Rakki" chips="450" dealer="1" win="0" bet="0" muck="1" rebuy="0" addon="0" merge="0" rebuychips="0" reg_code="5049806392"/>
<player seat="6" name="AntoniettaP68" chips="340" dealer="0" win="0" bet="40" muck="0" rebuy="0" addon="0" merge="0" rebuychips="0" reg_code="5049806527"/>
</players>
</general>
<round no="0"><action no="1" player="AntoniettaP68" type="1" discard="1" dealt="1" sum="10"/>
<action no="2" player="facimmambress" type="2" discard="1" dealt="1" sum="20"/>
</round>
<round no="1"><cards type="Pocket" player="AntoniettaP68">S4 SQ</cards>
<cards type="Pocket" player="facimmambress">C3 S10</cards>
<cards type="Pocket" player="Rakki">SJ C2</cards>
<action no="3" player="Rakki" type="0" sum="0"/>
<action no="4" player="AntoniettaP68" type="3" discard="1" dealt="1" sum="10"/>
<action no="5" player="facimmambress" type="4" discard="1" dealt="1" sum="0"/>
</round>
<round no="2"><cards type="Flop">C10 SK S7</cards>
<action no="6" player="AntoniettaP68" type="4" discard="1" dealt="1" sum="0"/>
<action no="7" player="facimmambress" type="4" discard="1" dealt="1" sum="0"/>
</round>
<round no="3"><cards type="Turn">HA</cards>
<action no="8" player="AntoniettaP68" type="4" discard="1" dealt="1" sum="0"/>
<action no="9" player="facimmambress" type="4" discard="1" dealt="1" sum="0"/>
</round>
<round no="4"><cards type="River">CK</cards>
<action no="10" player="AntoniettaP68" type="5" discard="1" dealt="1" sum="20"/>
<action no="11" player="facimmambress" type="3" discard="1" dealt="1" sum="20"/>
</round>
</game>
<game gamecode="6438219014"><general><startdate>2025-07-26 14:09:22</startdate>
<round>1</round>
<failsafecounter/>
<players><player seat="3" name="Rakki" chips="450" dealer="0" win="0" bet="80" muck="1" rebuy="0" addon="0" merge="0" rebuychips="0" reg_code="5049806392"/>
<player seat="6" name="AntoniettaP68" chips="300" dealer="1" win="170" bet="250" muck="1" rebuy="0" addon="0" merge="0" rebuychips="0" reg_code="5049806527"/>
<player seat="10" name="facimmambress" chips="750" dealer="0" win="0" bet="10" muck="1" rebuy="0" addon="0" merge="0" rebuychips="0" reg_code="5049806556"/>
</players>
</general>
<round no="0"><action no="1" player="facimmambress" type="1" discard="1" dealt="1" sum="10"/>
<action no="2" player="Rakki" type="2" sum="20"/>
</round>
<round no="1"><cards type="Pocket" player="Rakki">SK C4</cards>
<cards type="Pocket" player="AntoniettaP68">X X</cards>
<cards type="Pocket" player="facimmambress">X X</cards>
<action no="3" player="AntoniettaP68" type="23" discard="1" dealt="1" sum="40"/>
<action no="4" player="facimmambress" type="0" discard="1" dealt="1" sum="0"/>
<action no="5" player="Rakki" type="3" sum="20"/>
</round>
<round no="2"><cards type="Flop">CQ H4 C8</cards>
<action no="6" player="Rakki" type="4" sum="0"/>
<action no="7" player="AntoniettaP68" type="5" discard="1" dealt="1" sum="20"/>
<action no="8" player="Rakki" type="3" sum="20"/>
</round>
<round no="3"><cards type="Turn">H3</cards>
<action no="9" player="Rakki" type="4" sum="0"/>
<action no="10" player="AntoniettaP68" type="5" discard="1" dealt="1" sum="20"/>
<action no="11" player="Rakki" type="3" sum="20"/>
</round>
<round no="4"><cards type="River">S10</cards>
<action no="12" player="Rakki" type="4" sum="0"/>
<action no="13" player="AntoniettaP68" type="5" discard="1" dealt="1" sum="170"/>
<action no="14" player="Rakki" type="0" sum="0"/>
</round>
</game>
<game gamecode="6438219055"><general><startdate>2025-07-26 14:09:46</startdate>
<round>1</round>
<failsafecounter/>
<players><player seat="6" name="AntoniettaP68" chips="390" dealer="0" win="0" bet="390" muck="0" rebuy="0" addon="0" merge="0" rebuychips="0" reg_code="5049806527"/>
<player seat="10" name="facimmambress" chips="740" dealer="1" win="800" bet="390" muck="0" rebuy="0" addon="0" merge="0" rebuychips="0" reg_code="5049806556"/>
<player seat="3" name="Rakki" chips="370" dealer="0" win="0" bet="20" muck="1" rebuy="0" addon="0" merge="0" rebuychips="0" reg_code="5049806392"/>
</players>
</general>
<round no="0"><action no="1" player="Rakki" type="15" sum="5"/>
<action no="2" player="AntoniettaP68" type="15" discard="1" dealt="1" sum="5"/>
<action no="3" player="facimmambress" type="15" discard="1" dealt="1" sum="5"/>
<action no="4" player="Rakki" type="1" sum="15"/>
<action no="5" player="AntoniettaP68" type="2" discard="1" dealt="1" sum="30"/>
</round>
<round no="1"><cards type="Pocket" player="Rakki">D3 C7</cards>
<cards type="Pocket" player="AntoniettaP68">S4 C4</cards>
<cards type="Pocket" player="facimmambress">DJ CJ</cards>
<action no="6" player="facimmambress" type="23" discard="1" dealt="1" sum="90"/>
<action no="7" player="Rakki" type="0" sum="0"/>
<action no="8" player="AntoniettaP68" type="23" discard="1" dealt="1" sum="385"/>
<action no="9" player="facimmambress" type="3" discard="1" dealt="1" sum="295"/>
</round>
<round no="2"><cards type="Flop">D5 H9 H10</cards>
</round>
<round no="3"><cards type="Turn">S2</cards>
</round>
<round no="4"><cards type="River">C2</cards>
</round>
</game>
<game gamecode="6438219085"><general><startdate>2025-07-26 14:10:06</startdate>
<round>1</round>
<failsafecounter/>
<players><player seat="10" name="facimmambress" chips="1,150" dealer="0" win="40" bet="35" muck="1" rebuy="0" addon="0" merge="0" rebuychips="0" reg_code="5049806556"/>
<player seat="3" name="Rakki" chips="350" dealer="1" win="0" bet="20" muck="1" rebuy="0" addon="0" merge="0" rebuychips="0" reg_code="5049806392"/>
</players>
</general>
<round no="0"><action no="1" player="Rakki" type="15" sum="5"/>
<action no="2" player="facimmambress" type="15" discard="1" dealt="1" sum="5"/>
<action no="3" player="Rakki" type="1" sum="15"/>
<action no="4" player="facimmambress" type="2" discard="1" dealt="1" sum="30"/>
</round>
<round no="1"><cards type="Pocket" player="facimmambress">X X</cards>
<cards type="Pocket" player="Rakki">S2 DQ</cards>
<action no="5" player="Rakki" type="0" sum="0"/>
</round>
</game>
<game gamecode="6438219113"><general><startdate>2025-07-26 14:10:25</startdate>
<round>1</round>
<failsafecounter/>
<players><player seat="3" name="Rakki" chips="330" dealer="0" win="660" bet="330" muck="0" rebuy="0" addon="0" merge="0" rebuychips="0" reg_code="5049806392"/>
<player seat="10" name="facimmambress" chips="1,170" dealer="1" win="0" bet="330" muck="1" rebuy="0" addon="0" merge="0" rebuychips="0" reg_code="5049806556"/>
</players>
</general>
<round no="0"><action no="1" player="facimmambress" type="15" discard="1" dealt="1" sum="5"/>
<action no="2" player="Rakki" type="15" sum="5"/>
<action no="3" player="facimmambress" type="1" discard="1" dealt="1" sum="15"/>
<action no="4" player="Rakki" type="2" sum="30"/>
</round>
<round no="1"><cards type="Pocket" player="Rakki">SA DK</cards>
<cards type="Pocket" player="facimmambress">HJ CA</cards>
<action no="5" player="facimmambress" type="23" discard="1" dealt="1" sum="90"/>
<action no="6" player="Rakki" type="23" sum="325"/>
<action no="7" player="facimmambress" type="3" discard="1" dealt="1" sum="235"/>
</round>
<round no="2"><cards type="Flop">S5 DA C2</cards>
</round>
<round no="3"><cards type="Turn">S3</cards>
</round>
<round no="4"><cards type="River">C5</cards>
</round>
</game>
<game gamecode="6438219137"><general><startdate>2025-07-26 14:10:43</startdate>
<round>1</round>
<failsafecounter/>
<players><player seat="10" name="facimmambress" chips="840" dealer="0" win="310" bet="840" muck="1" rebuy="0" addon="0" merge="0" rebuychips="0" reg_code="5049806556"/>
<player seat="3" name="Rakki" chips="660" dealer="1" win="0" bet="155" muck="1" rebuy="0" addon="0" merge="0" rebuychips="0" reg_code="5049806392"/>
</players>
</general>
<round no="0"><action no="1" player="Rakki" type="15" sum="5"/>
<action no="2" player="facimmambress" type="15" discard="1" dealt="1" sum="5"/>
<action no="3" player="Rakki" type="1" sum="15"/>
<action no="4" player="facimmambress" type="2" discard="1" dealt="1" sum="30"/>
</round>
<round no="1"><cards type="Pocket" player="facimmambress">X X</cards>
<cards type="Pocket" player="Rakki">H6 H8</cards>
<action no="5" player="Rakki" type="3" sum="15"/>
<action no="6" player="facimmambress" type="23" discard="1" dealt="1" sum="150"/>
<action no="7" player="Rakki" type="3" sum="120"/>
</round>
<round no="2"><cards type="Flop">C5 C4 S5</cards>
<action no="8" player="facimmambress" type="5" discard="1" dealt="1" sum="685"/>
<action no="9" player="Rakki" type="0" sum="0"/>
</round>
</game>
<game gamecode="6438219158"><general><startdate>2025-07-26 14:11:00</startdate>
<round>1</round>
<failsafecounter/>
<players><player seat="3" name="Rakki" chips="505" dealer="0" win="40" bet="35" muck="1" rebuy="0" addon="0" merge="0" rebuychips="0" reg_code="5049806392"/>
<player seat="10" name="facimmambress" chips="995" dealer="1" win="0" bet="20" muck="1" rebuy="0" addon="0" merge="0" rebuychips="0" reg_code="5049806556"/>
</players>
</general>
<round no="0"><action no="1" player="facimmambress" type="15" discard="1" dealt="1" sum="5"/>
<action no="2" player="Rakki" type="15" sum="5"/>
<action no="3" player="facimmambress" type="1" discard="1" dealt="1" sum="15"/>
<action no="4" player="Rakki" type="2" sum="30"/>
</round>
<round no="1"><cards type="Pocket" player="Rakki">C9 H5</cards>
<cards type="Pocket" player="facimmambress">X X</cards>
<action no="5" player="facimmambress" type="0" discard="1" dealt="1" sum="0"/>
</round>
</game>
<game gamecode="6438219165"><general><startdate>2025-07-26 14:11:05</startdate>
<round>1</round>
<failsafecounter/>
<players><player seat="10" name="facimmambress" chips="975" dealer="0" win="0" bet="45" muck="1" rebuy="0" addon="0" merge="0" rebuychips="0" reg_code="5049806556"/>
<player seat="3" name="Rakki" chips="525" dealer="1" win="90" bet="85" muck="1" rebuy="0" addon="0" merge="0" rebuychips="0" reg_code="5049806392"/>
</players>
</general>
<round no="0"><action no="1" player="Rakki" type="15" sum="5"/>
<action no="2" player="facimmambress" type="15" discard="1" dealt="1" sum="5"/>
<action no="3" player="Rakki" type="1" sum="20"/>
<action no="4" player="facimmambress" type="2" discard="1" dealt="1" sum="40"/>
</round>
<round no="1"><cards type="Pocket" player="facimmambress">X X</cards>
<cards type="Pocket" player="Rakki">H4 S10</cards>
<action no="5" player="Rakki" type="3" sum="20"/>
<action no="6" player="facimmambress" type="4" discard="1" dealt="1" sum="0"/>
</round>
<round no="2"><cards type="Flop">SQ S8 D2</cards>
<action no="7" player="facimmambress" type="4" discard="1" dealt="1" sum="0"/>
<action no="8" player="Rakki" type="5" sum="40"/>
<action no="9" player="facimmambress" type="0" discard="1" dealt="1" sum="0"/>
</round>
</game>
<game gamecode="6438219176"><general><startdate>2025-07-26 14:11:15</startdate>
<round>1</round>
<failsafecounter/>
<players><player seat="3" name="Rakki" chips="570" dealer="0" win="0" bet="570" muck="0" rebuy="0" addon="0" merge="0" rebuychips="0" reg_code="5049806392"/>
<player seat="10" name="facimmambress" chips="930" dealer="1" win="1,140" bet="570" muck="0" rebuy="0" addon="0" merge="0" rebuychips="0" reg_code="5049806556"/>
</players>
</general>
<round no="0"><action no="1" player="facimmambress" type="15" discard="1" dealt="1" sum="5"/>
<action no="2" player="Rakki" type="15" sum="5"/>
<action no="3" player="facimmambress" type="1" discard="1" dealt="1" sum="20"/>
<action no="4" player="Rakki" type="2" sum="40"/>
</round>
<round no="1"><cards type="Pocket" player="facimmambress">SK DK</cards>
<cards type="Pocket" player="Rakki">D8 H7</cards>
<action no="5" player="facimmambress" type="23" discard="1" dealt="1" sum="120"/>
<action no="6" player="Rakki" type="3" sum="80"/>
</round>
<round no="2"><cards type="Flop">D4 CA C7</cards>
<action no="7" player="Rakki" type="4" sum="0"/>
<action no="8" player="facimmambress" type="5" discard="1" dealt="1" sum="240"/>
<action no="9" player="Rakki" type="7" sum="445"/>
<action no="10" player="facimmambress" type="3" discard="1" dealt="1" sum="205"/>
</round>
<round no="3"><cards type="Turn">H4</cards>
</round>
<round no="4"><cards type="River">D3</cards>
</round>
</game>
</session>
