<?xml version="1.0" encoding="UTF-8"?>
<session sessioncode="5049361332">
<general>
<client_version>25.1.1.16</client_version>
<mode>real</mode>
<gametype>Holdem NL</gametype>
<tablename>Twister €50 SNG, 814526782</tablename>
<tournamentcode>814526781</tournamentcode>
<tournamentname>Twister €50 SNG</tournamentname>
<buyin>€0 + €3.50 + €46.50</buyin>
<totalbuyin>€50</totalbuyin>
<rewarddrawn>€100</rewarddrawn>
<tournamentcurrency>EUR</tournamentcurrency>
<currency>EUR</currency>
<nickname>Rakki</nickname>
<gamecount>15</gamecount>
<startdate>2025-07-24 02:19:36</startdate>
<place>1</place>
<win>€100</win>
<tablesize>3</tablesize>
</general>
<game gamecode="6436475377"><general><startdate>2025-07-24 02:19:51</startdate>
<round>1</round>
<failsafecounter/>
<players><player seat="10" name="facimmambress" chips="500" dealer="0" win="160" bet="180" muck="1" rebuy="0" addon="0" merge="0" rebuychips="0" reg_code="5049361395"/>
<player seat="3" name="zzzzzzT1" chips="500" dealer="1" win="0" bet="0" muck="1" rebuy="0" addon="0" merge="0" rebuychips="0" reg_code="5049361285"/>
<player seat="6" name="Rakki" chips="500" dealer="0" win="0" bet="80" muck="1" rebuy="0" addon="0" merge="0" rebuychips="0" reg_code="5049361332"/>
</players>
</general>
<round no="0"><action no="1" player="Rakki" type="1" sum="10"/>
<action no="2" player="facimmambress" type="2" discard="1" dealt="1" sum="20"/>
</round>
<round no="1"><cards type="Pocket" player="facimmambress">X X</cards>
<cards type="Pocket" player="Rakki">H9 CJ</cards>
<cards type="Pocket" player="zzzzzzT1">X X</cards>
<action no="3" player="zzzzzzT1" type="0" discard="1" dealt="1" sum="0"/>
<action no="4" player="Rakki" type="3" sum="10"/>
<action no="5" player="facimmambress" type="23" discard="1" dealt="1" sum="80"/>
<action no="6" player="Rakki" type="3" sum="60"/>
</round>
<round no="2"><cards type="Flop">S7 H3 SQ</cards>
<action no="7" player="Rakki" type="4" sum="0"/>
<action no="8" player="facimmambress" type="5" discard="1" dealt="1" sum="100"/>
<action no="9" player="Rakki" type="0" sum="0"/>
</round>
</game>
<game gamecode="6436475405"><general><startdate>2025-07-24 02:20:17</startdate>
<round>1</round>
<failsafecounter/>
<players><player seat="3" name="zzzzzzT1" chips="500" dealer="0" win="0" bet="20" muck="1" rebuy="0" addon="0" merge="0" rebuychips="0" reg_code="5049361285"/>
<player seat="6" name="Rakki" chips="420" dealer="1" win="166" bet="156" muck="1" rebuy="0" addon="0" merge="0" rebuychips="0" reg_code="5049361332"/>
<player seat="10" name="facimmambress" chips="580" dealer="0" win="0" bet="73" muck="1" rebuy="0" addon="0" merge="0" rebuychips="0" reg_code="5049361395"/>
</players>
</general>
<round no="0"><action no="1" player="facimmambress" type="1" discard="1" dealt="1" sum="10"/>
<action no="2" player="zzzzzzT1" type="2" discard="1" dealt="1" sum="20"/>
</round>
<round no="1"><cards type="Pocket" player="Rakki">HA CQ</cards>
<cards type="Pocket" player="zzzzzzT1">X X</cards>
<cards type="Pocket" player="facimmambress">X X</cards>
<action no="3" player="Rakki" type="23" sum="40"/>
<action no="4" player="facimmambress" type="3" discard="1" dealt="1" sum="30"/>
<action no="5" player="zzzzzzT1" type="0" discard="1" dealt="1" sum="0"/>
</round>
<round no="2"><cards type="Flop">C8 H2 S5</cards>
<action no="6" player="facimmambress" type="4" discard="1" dealt="1" sum="0"/>
<action no="7" player="Rakki" type="5" sum="33"/>
<action no="8" player="facimmambress" type="3" discard="1" dealt="1" sum="33"/>
</round>
<round no="3"><cards type="Turn">DQ</cards>
<action no="9" player="facimmambress" type="4" discard="1" dealt="1" sum="0"/>
<action no="10" player="Rakki" type="5" sum="83"/>
<action no="11" player="facimmambress" type="0" discard="1" dealt="1" sum="0"/>
</round>
</game>
<game gamecode="6436475446"><general><startdate>2025-07-24 02:20:47</startdate>
<round>1</round>
<failsafecounter/>
<players><player seat="6" name="Rakki" chips="513" dealer="0" win="960" bet="480" muck="0" rebuy="0" addon="0" merge="0" rebuychips="0" reg_code="5049361332"/>
<player seat="10" name="facimmambress" chips="507" dealer="1" win="0" bet="0" muck="1" rebuy="0" addon="0" merge="0" rebuychips="0" reg_code="5049361395"/>
<player seat="3" name="zzzzzzT1" chips="480" dealer="0" win="0" bet="480" muck="0" rebuy="0" addon="0" merge="0" rebuychips="0" reg_code="5049361285"/>
</players>
</general>
<round no="0"><action no="1" player="zzzzzzT1" type="1" discard="1" dealt="1" sum="10"/>
<action no="2" player="Rakki" type="2" sum="20"/>
</round>
<round no="1"><cards type="Pocket" player="zzzzzzT1">HQ HA</cards>
<cards type="Pocket" player="facimmambress">X X</cards>
<cards type="Pocket" player="Rakki">D3 DK</cards>
<action no="3" player="facimmambress" type="0" discard="1" dealt="1" sum="0"/>
<action no="4" player="zzzzzzT1" type="23" discard="1" dealt="1" sum="50"/>
<action no="5" player="Rakki" type="3" sum="30"/>
</round>
<round no="2"><cards type="Flop">CA D6 D5</cards>
<action no="6" player="zzzzzzT1" type="5" discard="1" dealt="1" sum="70"/>
<action no="7" player="Rakki" type="3" sum="70"/>
</round>
<round no="3"><cards type="Turn">D7</cards>
<action no="8" player="zzzzzzT1" type="5" discard="1" dealt="1" sum="360"/>
<action no="9" player="Rakki" type="3" sum="360"/>
</round>
<round no="4"><cards type="River">S2</cards>
</round>
</game>
<game gamecode="6436475481"><general><startdate>2025-07-24 02:21:15</startdate>
<round>1</round>
<failsafecounter/>
<players><player seat="10" name="facimmambress" chips="507" dealer="0" win="0" bet="20" muck="1" rebuy="0" addon="0" merge="0" rebuychips="0" reg_code="5049361395"/>
<player seat="6" name="Rakki" chips="993" dealer="1" win="40" bet="20" muck="1" rebuy="0" addon="0" merge="0" rebuychips="0" reg_code="5049361332"/>
</players>
</general>
<round no="0"><action no="1" player="Rakki" type="1" sum="10"/>
<action no="2" player="facimmambress" type="2" discard="1" dealt="1" sum="20"/>
</round>
<round no="1"><cards type="Pocket" player="Rakki">CJ D5</cards>
<cards type="Pocket" player="facimmambress">X X</cards>
<action no="3" player="Rakki" type="3" sum="10"/>
<action no="4" player="facimmambress" type="4" discard="1" dealt="1" sum="0"/>
</round>
<round no="2"><cards type="Flop">SQ DK S3</cards>
<action no="5" player="facimmambress" type="0" discard="1" dealt="1" sum="0"/>
</round>
</game>
<game gamecode="6436475489"><general><startdate>2025-07-24 02:21:23</startdate>
<round>1</round>
<failsafecounter/>
<players><player seat="6" name="Rakki" chips="1,013" dealer="0" win="20" bet="20" muck="1" rebuy="0" addon="0" merge="0" rebuychips="0" reg_code="5049361332"/>
<player seat="10" name="facimmambress" chips="487" dealer="1" win="0" bet="10" muck="1" rebuy="0" addon="0" merge="0" rebuychips="0" reg_code="5049361395"/>
</players>
</general>
<round no="0"><action no="1" player="facimmambress" type="1" discard="1" dealt="1" sum="10"/>
<action no="2" player="Rakki" type="2" sum="20"/>
</round>
<round no="1"><cards type="Pocket" player="Rakki">D2 C2</cards>
<cards type="Pocket" player="facimmambress">X X</cards>
<action no="3" player="facimmambress" type="0" discard="1" dealt="1" sum="0"/>
</round>
</game>
<game gamecode="6436475495"><general><startdate>2025-07-24 02:21:28</startdate>
<round>1</round>
<failsafecounter/>
<players><player seat="10" name="facimmambress" chips="477" dealer="0" win="200" bet="200" muck="1" rebuy="0" addon="0" merge="0" rebuychips="0" reg_code="5049361395"/>
<player seat="6" name="Rakki" chips="1,023" dealer="1" win="0" bet="100" muck="1" rebuy="0" addon="0" merge="0" rebuychips="0" reg_code="5049361332"/>
</players>
</general>
<round no="0"><action no="1" player="Rakki" type="1" sum="10"/>
<action no="2" player="facimmambress" type="2" discard="1" dealt="1" sum="20"/>
</round>
<round no="1"><cards type="Pocket" player="facimmambress">X X</cards>
<cards type="Pocket" player="Rakki">SK S5</cards>
<action no="3" player="Rakki" type="3" sum="10"/>
<action no="4" player="facimmambress" type="23" discard="1" dealt="1" sum="100"/>
<action no="5" player="Rakki" type="3" sum="80"/>
</round>
<round no="2"><cards type="Flop">C3 C10 SA</cards>
<action no="6" player="facimmambress" type="5" discard="1" dealt="1" sum="100"/>
<action no="7" player="Rakki" type="0" sum="0"/>
</round>
</game>
<game gamecode="6436475516"><general><startdate>2025-07-24 02:21:45</startdate>
<round>1</round>
<failsafecounter/>
<players><player seat="6" name="Rakki" chips="923" dealer="0" win="40" bet="35" muck="1" rebuy="0" addon="0" merge="0" rebuychips="0" reg_code="5049361332"/>
<player seat="10" name="facimmambress" chips="577" dealer="1" win="0" bet="20" muck="1" rebuy="0" addon="0" merge="0" rebuychips="0" reg_code="5049361395"/>
</players>
</general>
<round no="0"><action no="1" player="facimmambress" type="15" discard="1" dealt="1" sum="5"/>
<action no="2" player="Rakki" type="15" sum="5"/>
<action no="3" player="facimmambress" type="1" discard="1" dealt="1" sum="15"/>
<action no="4" player="Rakki" type="2" sum="30"/>
</round>
<round no="1"><cards type="Pocket" player="Rakki">SA D6</cards>
<cards type="Pocket" player="facimmambress">X X</cards>
<action no="5" player="facimmambress" type="0" discard="1" dealt="1" sum="0"/>
</round>
</game>
<game gamecode="6436475524"><general><startdate>2025-07-24 02:21:50</startdate>
<round>1</round>
<failsafecounter/>
<players><player seat="10" name="facimmambress" chips="557" dealer="0" win="130" bet="65" muck="0" rebuy="0" addon="0" merge="0" rebuychips="0" reg_code="5049361395"/>
<player seat="6" name="Rakki" chips="943" dealer="1" win="0" bet="65" muck="1" rebuy="0" addon="0" merge="0" rebuychips="0" reg_code="5049361332"/>
</players>
</general>
<round no="0"><action no="1" player="Rakki" type="15" sum="5"/>
<action no="2" player="facimmambress" type="15" discard="1" dealt="1" sum="5"/>
<action no="3" player="Rakki" type="1" sum="15"/>
<action no="4" player="facimmambress" type="2" discard="1" dealt="1" sum="30"/>
</round>
<round no="1"><cards type="Pocket" player="facimmambress">S7 D3</cards>
<cards type="Pocket" player="Rakki">D9 C10</cards>
<action no="5" player="Rakki" type="3" sum="15"/>
<action no="6" player="facimmambress" type="4" discard="1" dealt="1" sum="0"/>
</round>
<round no="2"><cards type="Flop">D5 HQ S3</cards>
<action no="7" player="facimmambress" type="4" discard="1" dealt="1" sum="0"/>
<action no="8" player="Rakki" type="5" sum="30"/>
<action no="9" player="facimmambress" type="3" discard="1" dealt="1" sum="30"/>
</round>
<round no="3"><cards type="Turn">C5</cards>
<action no="10" player="facimmambress" type="4" discard="1" dealt="1" sum="0"/>
<action no="11" player="Rakki" type="4" sum="0"/>
</round>
<round no="4"><cards type="River">DK</cards>
<action no="12" player="facimmambress" type="4" discard="1" dealt="1" sum="0"/>
<action no="13" player="Rakki" type="4" sum="0"/>
</round>
</game>
<game gamecode="6436475560"><general><startdate>2025-07-24 02:22:20</startdate>
<round>1</round>
<failsafecounter/>
<players><player seat="6" name="Rakki" chips="878" dealer="0" win="70" bet="878" muck="1" rebuy="0" addon="0" merge="0" rebuychips="0" reg_code="5049361332"/>
<player seat="10" name="facimmambress" chips="622" dealer="1" win="0" bet="35" muck="1" rebuy="0" addon="0" merge="0" rebuychips="0" reg_code="5049361395"/>
</players>
</general>
<round no="0"><action no="1" player="facimmambress" type="15" discard="1" dealt="1" sum="5"/>
<action no="2" player="Rakki" type="15" sum="5"/>
<action no="3" player="facimmambress" type="1" discard="1" dealt="1" sum="15"/>
<action no="4" player="Rakki" type="2" sum="30"/>
</round>
<round no="1"><cards type="Pocket" player="Rakki">C3 DA</cards>
<cards type="Pocket" player="facimmambress">X X</cards>
<action no="5" player="facimmambress" type="3" discard="1" dealt="1" sum="15"/>
<action no="6" player="Rakki" type="23" sum="873"/>
<action no="7" player="facimmambress" type="0" discard="1" dealt="1" sum="0"/>
</round>
</game>
<game gamecode="6436475572"><general><startdate>2025-07-24 02:22:29</startdate>
<round>1</round>
<failsafecounter/>
<players><player seat="10" name="facimmambress" chips="587" dealer="0" win="130" bet="185" muck="1" rebuy="0" addon="0" merge="0" rebuychips="0" reg_code="5049361395"/>
<player seat="6" name="Rakki" chips="913" dealer="1" win="0" bet="65" muck="1" rebuy="0" addon="0" merge="0" rebuychips="0" reg_code="5049361332"/>
</players>
</general>
<round no="0"><action no="1" player="Rakki" type="15" sum="5"/>
<action no="2" player="facimmambress" type="15" discard="1" dealt="1" sum="5"/>
<action no="3" player="Rakki" type="1" sum="15"/>
<action no="4" player="facimmambress" type="2" discard="1" dealt="1" sum="30"/>
</round>
<round no="1"><cards type="Pocket" player="facimmambress">X X</cards>
<cards type="Pocket" player="Rakki">D3 D2</cards>
<action no="5" player="Rakki" type="23" sum="60"/>
<action no="6" player="facimmambress" type="23" discard="1" dealt="1" sum="180"/>
<action no="7" player="Rakki" type="0" sum="0"/>
</round>
</game>
<game gamecode="6436475589"><general><startdate>2025-07-24 02:22:38</startdate>
<round>1</round>
<failsafecounter/>
<players><player seat="6" name="Rakki" chips="848" dealer="0" win="0" bet="848" muck="0" rebuy="0" addon="0" merge="0" rebuychips="0" reg_code="5049361332"/>
<player seat="10" name="facimmambress" chips="652" dealer="1" win="1,304" bet="652" muck="0" rebuy="0" addon="0" merge="0" rebuychips="0" reg_code="5049361395"/>
</players>
</general>
<round no="0"><action no="1" player="facimmambress" type="15" discard="1" dealt="1" sum="5"/>
<action no="2" player="Rakki" type="15" sum="5"/>
<action no="3" player="facimmambress" type="1" discard="1" dealt="1" sum="15"/>
<action no="4" player="Rakki" type="2" sum="30"/>
</round>
<round no="1"><cards type="Pocket" player="facimmambress">DK S7</cards>
<cards type="Pocket" player="Rakki">H5 D5</cards>
<action no="5" player="facimmambress" type="3" discard="1" dealt="1" sum="15"/>
<action no="6" player="Rakki" type="23" sum="843"/>
<action no="7" player="facimmambress" type="7" discard="1" dealt="1" sum="617"/>
</round>
<round no="2"><cards type="Flop">H6 HK C6</cards>
</round>
<round no="3"><cards type="Turn">SK</cards>
</round>
<round no="4"><cards type="River">H3</cards>
</round>
</game>
<game gamecode="6436475614"><general><startdate>2025-07-24 02:23:04</startdate>
<round>1</round>
<failsafecounter/>
<players><player seat="10" name="facimmambress" chips="1,304" dealer="0" win="0" bet="35" muck="1" rebuy="0" addon="0" merge="0" rebuychips="0" reg_code="5049361395"/>
<player seat="6" name="Rakki" chips="196" dealer="1" win="70" bet="196" muck="1" rebuy="0" addon="0" merge="0" rebuychips="0" reg_code="5049361332"/>
</players>
</general>
<round no="0"><action no="1" player="Rakki" type="15" sum="5"/>
<action no="2" player="facimmambress" type="15" discard="1" dealt="1" sum="5"/>
<action no="3" player="Rakki" type="1" sum="15"/>
<action no="4" player="facimmambress" type="2" discard="1" dealt="1" sum="30"/>
</round>
<round no="1"><cards type="Pocket" player="Rakki">D6 D10</cards>
<cards type="Pocket" player="facimmambress">X X</cards>
<action no="5" player="Rakki" type="23" sum="191"/>
<action no="6" player="facimmambress" type="0" discard="1" dealt="1" sum="0"/>
</round>
</game>
<game gamecode="6436475626"><general><startdate>2025-07-24 02:23:10</startdate>
<round>1</round>
<failsafecounter/>
<players><player seat="6" name="Rakki" chips="231" dealer="0" win="462" bet="231" muck="0" rebuy="0" addon="0" merge="0" rebuychips="0" reg_code="5049361332"/>
<player seat="10" name="facimmambress" chips="1,269" dealer="1" win="0" bet="231" muck="1" rebuy="0" addon="0" merge="0" rebuychips="0" reg_code="5049361395"/>
</players>
</general>
<round no="0"><action no="1" player="facimmambress" type="15" discard="1" dealt="1" sum="5"/>
<action no="2" player="Rakki" type="15" sum="5"/>
<action no="3" player="facimmambress" type="1" discard="1" dealt="1" sum="20"/>
<action no="4" player="Rakki" type="2" sum="40"/>
</round>
<round no="1"><cards type="Pocket" player="Rakki">CJ SA</cards>
<cards type="Pocket" player="facimmambress">CQ C8</cards>
<action no="5" player="facimmambress" type="3" discard="1" dealt="1" sum="20"/>
<action no="6" player="Rakki" type="23" sum="226"/>
<action no="7" player="facimmambress" type="3" discard="1" dealt="1" sum="186"/>
</round>
<round no="2"><cards type="Flop">H3 DJ CK</cards>
</round>
<round no="3"><cards type="Turn">HA</cards>
</round>
<round no="4"><cards type="River">SQ</cards>
</round>
</game>
<game gamecode="6436475654"><general><startdate>2025-07-24 02:23:28</startdate>
<round>1</round>
<failsafecounter/>
<players><player seat="10" name="facimmambress" chips="1,038" dealer="0" win="0" bet="462" muck="1" rebuy="0" addon="0" merge="0" rebuychips="0" reg_code="5049361395"/>
<player seat="6" name="Rakki" chips="462" dealer="1" win="924" bet="462" muck="0" rebuy="0" addon="0" merge="0" rebuychips="0" reg_code="5049361332"/>
</players>
</general>
<round no="0"><action no="1" player="Rakki" type="15" sum="5"/>
<action no="2" player="facimmambress" type="15" discard="1" dealt="1" sum="5"/>
<action no="3" player="Rakki" type="1" sum="20"/>
<action no="4" player="facimmambress" type="2" discard="1" dealt="1" sum="40"/>
</round>
<round no="1"><cards type="Pocket" player="Rakki">H6 S6</cards>
<cards type="Pocket" player="facimmambress">C9 SK</cards>
<action no="5" player="Rakki" type="23" sum="457"/>
<action no="6" player="facimmambress" type="3" discard="1" dealt="1" sum="417"/>
</round>
<round no="2"><cards type="Flop">CJ S4 D8</cards>
</round>
<round no="3"><cards type="Turn">D5</cards>
</round>
<round no="4"><cards type="River">CQ</cards>
</round>
</game>
<game gamecode="6436475677"><general><startdate>2025-07-24 02:23:43</startdate>
<round>1</round>
<failsafecounter/>
<players><player seat="6" name="Rakki" chips="924" dealer="0" win="1,152" bet="576" muck="0" rebuy="0" addon="0" merge="0" rebuychips="0" reg_code="5049361332"/>
<player seat="10" name="facimmambress" chips="576" dealer="1" win="0" bet="576" muck="0" rebuy="0" addon="0" merge="0" rebuychips="0" reg_code="5049361395"/>
</players>
</general>
<round no="0"><action no="1" player="facimmambress" type="15" discard="1" dealt="1" sum="5"/>
<action no="2" player="Rakki" type="15" sum="5"/>
<action no="3" player="facimmambress" type="1" discard="1" dealt="1" sum="20"/>
<action no="4" player="Rakki" type="2" sum="40"/>
</round>
<round no="1"><cards type="Pocket" player="Rakki">C2 SA</cards>
<cards type="Pocket" player="facimmambress">D10 C7</cards>
<action no="5" player="facimmambress" type="23" discard="1" dealt="1" sum="571"/>
<action no="6" player="Rakki" type="3" sum="531"/>
</round>
<round no="2"><cards type="Flop">H3 H2 HQ</cards>
</round>
<round no="3"><cards type="Turn">S5</cards>
</round>
<round no="4"><cards type="River">C5</cards>
</round>
</game>
</session>
