<?xml version="1.0" encoding="UTF-8"?>
<session sessioncode="5049143954">
<general>
<client_version>25.1.1.16</client_version>
<mode>real</mode>
<gametype>Holdem NL</gametype>
<tablename>Twister €100 SNG, 814462026</tablename>
<tournamentcode>814462025</tournamentcode>
<tournamentname>Twister €100 SNG</tournamentname>
<buyin>€0 + €7 + €93</buyin>
<totalbuyin>€100</totalbuyin>
<rewarddrawn>€200</rewarddrawn>
<tournamentcurrency>EUR</tournamentcurrency>
<currency>EUR</currency>
<nickname>Rakki</nickname>
<gamecount>14</gamecount>
<startdate>2025-07-23 01:12:41</startdate>
<place>2</place>
<win>€0</win>
<tablesize>3</tablesize>
</general>
<game gamecode="6435577307"><general><startdate>2025-07-23 01:12:56</startdate>
<round>1</round>
<failsafecounter/>
<players><player seat="3" name="mocciolocaldo" chips="500" dealer="0" win="0" bet="100" muck="1" rebuy="0" addon="0" merge="0" rebuychips="0" reg_code="5049142669"/>
<player seat="6" name="Pannocchietta" chips="500" dealer="1" win="0" bet="0" muck="1" rebuy="0" addon="0" merge="0" rebuychips="0" reg_code="5049143719"/>
<player seat="10" name="Rakki" chips="500" dealer="0" win="200" bet="240" muck="1" rebuy="0" addon="0" merge="0" rebuychips="0" reg_code="5049143954"/>
</players>
</general>
<round no="0"><action no="1" player="Rakki" type="1" sum="10"/>
<action no="2" player="mocciolocaldo" type="2" discard="1" dealt="1" sum="20"/>
</round>
<round no="1"><cards type="Pocket" player="Pannocchietta">X X</cards>
<cards type="Pocket" player="Rakki">DK DQ</cards>
<cards type="Pocket" player="mocciolocaldo">X X</cards>
<action no="3" player="Pannocchietta" type="0" discard="1" dealt="1" sum="0"/>
<action no="4" player="Rakki" type="23" sum="50"/>
<action no="5" player="mocciolocaldo" type="3" discard="1" dealt="1" sum="30"/>
</round>
<round no="2"><cards type="Flop">HJ HA D10</cards>
<action no="6" player="Rakki" type="5" sum="50"/>
<action no="7" player="mocciolocaldo" type="3" discard="1" dealt="1" sum="50"/>
</round>
<round no="3"><cards type="Turn">HQ</cards>
<action no="8" player="Rakki" type="5" sum="140"/>
<action no="9" player="mocciolocaldo" type="0" discard="1" dealt="1" sum="0"/>
</round>
</game>
<game gamecode="6435577408"><general><startdate>2025-07-23 01:13:47</startdate>
<round>1</round>
<failsafecounter/>
<players><player seat="6" name="Pannocchietta" chips="500" dealer="0" win="20" bet="20" muck="1" rebuy="0" addon="0" merge="0" rebuychips="0" reg_code="5049143719"/>
<player seat="10" name="Rakki" chips="600" dealer="1" win="0" bet="0" muck="1" rebuy="0" addon="0" merge="0" rebuychips="0" reg_code="5049143954"/>
<player seat="3" name="mocciolocaldo" chips="400" dealer="0" win="0" bet="10" muck="1" rebuy="0" addon="0" merge="0" rebuychips="0" reg_code="5049142669"/>
</players>
</general>
<round no="0"><action no="1" player="mocciolocaldo" type="1" discard="1" dealt="1" sum="10"/>
<action no="2" player="Pannocchietta" type="2" discard="1" dealt="1" sum="20"/>
</round>
<round no="1"><cards type="Pocket" player="Pannocchietta">X X</cards>
<cards type="Pocket" player="mocciolocaldo">X X</cards>
<cards type="Pocket" player="Rakki">CJ H3</cards>
<action no="3" player="Rakki" type="0" sum="0"/>
<action no="4" player="mocciolocaldo" type="0" discard="1" dealt="1" sum="0"/>
</round>
</game>
<game gamecode="6435577428"><general><startdate>2025-07-23 01:13:54</startdate>
<round>1</round>
<failsafecounter/>
<players><player seat="10" name="Rakki" chips="600" dealer="0" win="0" bet="20" muck="1" rebuy="0" addon="0" merge="0" rebuychips="0" reg_code="5049143954"/>
<player seat="3" name="mocciolocaldo" chips="390" dealer="1" win="0" bet="0" muck="1" rebuy="0" addon="0" merge="0" rebuychips="0" reg_code="5049142669"/>
<player seat="6" name="Pannocchietta" chips="510" dealer="0" win="40" bet="510" muck="1" rebuy="0" addon="0" merge="0" rebuychips="0" reg_code="5049143719"/>
</players>
</general>
<round no="0"><action no="1" player="Pannocchietta" type="1" discard="1" dealt="1" sum="10"/>
<action no="2" player="Rakki" type="2" sum="20"/>
</round>
<round no="1"><cards type="Pocket" player="mocciolocaldo">X X</cards>
<cards type="Pocket" player="Pannocchietta">X X</cards>
<cards type="Pocket" player="Rakki">S7 C9</cards>
<action no="3" player="mocciolocaldo" type="0" discard="1" dealt="1" sum="0"/>
<action no="4" player="Pannocchietta" type="23" discard="1" dealt="1" sum="510"/>
<action no="5" player="Rakki" type="0" sum="0"/>
</round>
</game>
<game gamecode="6435577446"><general><startdate>2025-07-23 01:14:04</startdate>
<round>1</round>
<failsafecounter/>
<players><player seat="3" name="mocciolocaldo" chips="390" dealer="0" win="40" bet="40" muck="1" rebuy="0" addon="0" merge="0" rebuychips="0" reg_code="5049142669"/>
<player seat="6" name="Pannocchietta" chips="530" dealer="1" win="0" bet="0" muck="1" rebuy="0" addon="0" merge="0" rebuychips="0" reg_code="5049143719"/>
<player seat="10" name="Rakki" chips="580" dealer="0" win="0" bet="20" muck="1" rebuy="0" addon="0" merge="0" rebuychips="0" reg_code="5049143954"/>
</players>
</general>
<round no="0"><action no="1" player="Rakki" type="1" sum="10"/>
<action no="2" player="mocciolocaldo" type="2" discard="1" dealt="1" sum="20"/>
</round>
<round no="1"><cards type="Pocket" player="mocciolocaldo">X X</cards>
<cards type="Pocket" player="Rakki">S10 DJ</cards>
<cards type="Pocket" player="Pannocchietta">X X</cards>
<action no="3" player="Pannocchietta" type="0" discard="1" dealt="1" sum="0"/>
<action no="4" player="Rakki" type="3" sum="10"/>
<action no="5" player="mocciolocaldo" type="4" discard="1" dealt="1" sum="0"/>
</round>
<round no="2"><cards type="Flop">D8 D5 C5</cards>
<action no="6" player="Rakki" type="4" sum="0"/>
<action no="7" player="mocciolocaldo" type="4" discard="1" dealt="1" sum="0"/>
</round>
<round no="3"><cards type="Turn">C8</cards>
<action no="8" player="Rakki" type="4" sum="0"/>
<action no="9" player="mocciolocaldo" type="5" discard="1" dealt="1" sum="20"/>
<action no="10" player="Rakki" type="0" sum="0"/>
</round>
</game>
<game gamecode="6435577518"><general><startdate>2025-07-23 01:14:40</startdate>
<round>1</round>
<failsafecounter/>
<players><player seat="6" name="Pannocchietta" chips="530" dealer="0" win="45" bet="35" muck="1" rebuy="0" addon="0" merge="0" rebuychips="0" reg_code="5049143719"/>
<player seat="10" name="Rakki" chips="560" dealer="1" win="0" bet="5" muck="1" rebuy="0" addon="0" merge="0" rebuychips="0" reg_code="5049143954"/>
<player seat="3" name="mocciolocaldo" chips="410" dealer="0" win="0" bet="20" muck="1" rebuy="0" addon="0" merge="0" rebuychips="0" reg_code="5049142669"/>
</players>
</general>
<round no="0"><action no="1" player="mocciolocaldo" type="15" discard="1" dealt="1" sum="5"/>
<action no="2" player="Pannocchietta" type="15" discard="1" dealt="1" sum="5"/>
<action no="3" player="Rakki" type="15" sum="5"/>
<action no="4" player="mocciolocaldo" type="1" discard="1" dealt="1" sum="15"/>
<action no="5" player="Pannocchietta" type="2" discard="1" dealt="1" sum="30"/>
</round>
<round no="1"><cards type="Pocket" player="Pannocchietta">X X</cards>
<cards type="Pocket" player="Rakki">H7 D2</cards>
<cards type="Pocket" player="mocciolocaldo">X X</cards>
<action no="6" player="Rakki" type="0" sum="0"/>
<action no="7" player="mocciolocaldo" type="0" discard="1" dealt="1" sum="0"/>
</round>
</game>
<game gamecode="6435577544"><general><startdate>2025-07-23 01:14:53</startdate>
<round>1</round>
<failsafecounter/>
<players><player seat="10" name="Rakki" chips="555" dealer="0" win="150" bet="555" muck="1" rebuy="0" addon="0" merge="0" rebuychips="0" reg_code="5049143954"/>
<player seat="3" name="mocciolocaldo" chips="390" dealer="1" win="0" bet="65" muck="1" rebuy="0" addon="0" merge="0" rebuychips="0" reg_code="5049142669"/>
<player seat="6" name="Pannocchietta" chips="555" dealer="0" win="0" bet="20" muck="1" rebuy="0" addon="0" merge="0" rebuychips="0" reg_code="5049143719"/>
</players>
</general>
<round no="0"><action no="1" player="Pannocchietta" type="15" discard="1" dealt="1" sum="5"/>
<action no="2" player="Rakki" type="15" sum="5"/>
<action no="3" player="mocciolocaldo" type="15" discard="1" dealt="1" sum="5"/>
<action no="4" player="Pannocchietta" type="1" discard="1" dealt="1" sum="15"/>
<action no="5" player="Rakki" type="2" sum="30"/>
</round>
<round no="1"><cards type="Pocket" player="Pannocchietta">X X</cards>
<cards type="Pocket" player="mocciolocaldo">X X</cards>
<cards type="Pocket" player="Rakki">CK SQ</cards>
<action no="6" player="mocciolocaldo" type="23" discard="1" dealt="1" sum="60"/>
<action no="7" player="Pannocchietta" type="0" discard="1" dealt="1" sum="0"/>
<action no="8" player="Rakki" type="23" sum="550"/>
<action no="9" player="mocciolocaldo" type="0" discard="1" dealt="1" sum="0"/>
</round>
</game>
<game gamecode="6435577591"><general><startdate>2025-07-23 01:15:17</startdate>
<round>1</round>
<failsafecounter/>
<players><player seat="3" name="mocciolocaldo" chips="325" dealer="0" win="670" bet="325" muck="0" rebuy="0" addon="0" merge="0" rebuychips="0" reg_code="5049142669"/>
<player seat="6" name="Pannocchietta" chips="535" dealer="1" win="0" bet="535" muck="1" rebuy="0" addon="0" merge="0" rebuychips="0" reg_code="5049143719"/>
<player seat="10" name="Rakki" chips="640" dealer="0" win="0" bet="20" muck="1" rebuy="0" addon="0" merge="0" rebuychips="0" reg_code="5049143954"/>
</players>
</general>
<round no="0"><action no="1" player="Rakki" type="15" sum="5"/>
<action no="2" player="mocciolocaldo" type="15" discard="1" dealt="1" sum="5"/>
<action no="3" player="Pannocchietta" type="15" discard="1" dealt="1" sum="5"/>
<action no="4" player="Rakki" type="1" sum="15"/>
<action no="5" player="mocciolocaldo" type="2" discard="1" dealt="1" sum="30"/>
</round>
<round no="1"><cards type="Pocket" player="mocciolocaldo">HQ CA</cards>
<cards type="Pocket" player="Pannocchietta">S8 DA</cards>
<cards type="Pocket" player="Rakki">H6 C5</cards>
<action no="6" player="Pannocchietta" type="23" discard="1" dealt="1" sum="530"/>
<action no="7" player="Rakki" type="0" sum="0"/>
<action no="8" player="mocciolocaldo" type="7" discard="1" dealt="1" sum="290"/>
</round>
<round no="2"><cards type="Flop">D4 H10 SQ</cards>
</round>
<round no="3"><cards type="Turn">S10</cards>
</round>
<round no="4"><cards type="River">C8</cards>
</round>
</game>
<game gamecode="6435577641"><general><startdate>2025-07-23 01:15:45</startdate>
<round>1</round>
<failsafecounter/>
<players><player seat="6" name="Pannocchietta" chips="210" dealer="0" win="0" bet="210" muck="1" rebuy="0" addon="0" merge="0" rebuychips="0" reg_code="5049143719"/>
<player seat="10" name="Rakki" chips="620" dealer="1" win="0" bet="5" muck="1" rebuy="0" addon="0" merge="0" rebuychips="0" reg_code="5049143954"/>
<player seat="3" name="mocciolocaldo" chips="670" dealer="0" win="425" bet="670" muck="0" rebuy="0" addon="0" merge="0" rebuychips="0" reg_code="5049142669"/>
</players>
</general>
<round no="0"><action no="1" player="mocciolocaldo" type="15" discard="1" dealt="1" sum="5"/>
<action no="2" player="Pannocchietta" type="15" discard="1" dealt="1" sum="5"/>
<action no="3" player="Rakki" type="15" sum="5"/>
<action no="4" player="mocciolocaldo" type="1" discard="1" dealt="1" sum="15"/>
<action no="5" player="Pannocchietta" type="2" discard="1" dealt="1" sum="30"/>
</round>
<round no="1"><cards type="Pocket" player="mocciolocaldo">HJ CJ</cards>
<cards type="Pocket" player="Pannocchietta">D5 CA</cards>
<cards type="Pocket" player="Rakki">C8 S7</cards>
<action no="6" player="Rakki" type="0" sum="0"/>
<action no="7" player="mocciolocaldo" type="23" discard="1" dealt="1" sum="665"/>
<action no="8" player="Pannocchietta" type="7" discard="1" dealt="1" sum="175"/>
</round>
<round no="2"><cards type="Flop">C2 D8 S4</cards>
</round>
<round no="3"><cards type="Turn">C4</cards>
</round>
<round no="4"><cards type="River">H10</cards>
</round>
</game>
<game gamecode="6435577684"><general><startdate>2025-07-23 01:16:08</startdate>
<round>1</round>
<failsafecounter/>
<players><player seat="10" name="Rakki" chips="615" dealer="0" win="176" bet="298" muck="1" rebuy="0" addon="0" merge="0" rebuychips="0" reg_code="5049143954"/>
<player seat="3" name="mocciolocaldo" chips="885" dealer="1" win="0" bet="88" muck="1" rebuy="0" addon="0" merge="0" rebuychips="0" reg_code="5049142669"/>
</players>
</general>
<round no="0"><action no="1" player="mocciolocaldo" type="15" discard="1" dealt="1" sum="5"/>
<action no="2" player="Rakki" type="15" sum="5"/>
<action no="3" player="mocciolocaldo" type="1" discard="1" dealt="1" sum="15"/>
<action no="4" player="Rakki" type="2" sum="30"/>
</round>
<round no="1"><cards type="Pocket" player="Rakki">H5 C9</cards>
<cards type="Pocket" player="mocciolocaldo">X X</cards>
<action no="5" player="mocciolocaldo" type="3" discard="1" dealt="1" sum="15"/>
<action no="6" player="Rakki" type="4" sum="0"/>
</round>
<round no="2"><cards type="Flop">S9 S3 DK</cards>
<action no="7" player="Rakki" type="4" sum="0"/>
<action no="8" player="mocciolocaldo" type="5" discard="1" dealt="1" sum="53"/>
<action no="9" player="Rakki" type="3" sum="53"/>
</round>
<round no="3"><cards type="Turn">D2</cards>
<action no="10" player="Rakki" type="4" sum="0"/>
<action no="11" player="mocciolocaldo" type="4" discard="1" dealt="1" sum="0"/>
</round>
<round no="4"><cards type="River">C5</cards>
<action no="12" player="Rakki" type="5" sum="210"/>
<action no="13" player="mocciolocaldo" type="0" discard="1" dealt="1" sum="0"/>
</round>
</game>
<game gamecode="6435577741"><general><startdate>2025-07-23 01:16:53</startdate>
<round>1</round>
<failsafecounter/>
<players><player seat="3" name="mocciolocaldo" chips="797" dealer="0" win="50" bet="45" muck="1" rebuy="0" addon="0" merge="0" rebuychips="0" reg_code="5049142669"/>
<player seat="10" name="Rakki" chips="703" dealer="1" win="0" bet="25" muck="1" rebuy="0" addon="0" merge="0" rebuychips="0" reg_code="5049143954"/>
</players>
</general>
<round no="0"><action no="1" player="Rakki" type="15" sum="5"/>
<action no="2" player="mocciolocaldo" type="15" discard="1" dealt="1" sum="5"/>
<action no="3" player="Rakki" type="1" sum="20"/>
<action no="4" player="mocciolocaldo" type="2" discard="1" dealt="1" sum="40"/>
</round>
<round no="1"><cards type="Pocket" player="Rakki">H7 C2</cards>
<cards type="Pocket" player="mocciolocaldo">X X</cards>
<action no="5" player="Rakki" type="0" sum="0"/>
</round>
</game>
<game gamecode="6435577751"><general><startdate>2025-07-23 01:16:59</startdate>
<round>1</round>
<failsafecounter/>
<players><player seat="10" name="Rakki" chips="678" dealer="0" win="0" bet="45" muck="1" rebuy="0" addon="0" merge="0" rebuychips="0" reg_code="5049143954"/>
<player seat="3" name="mocciolocaldo" chips="822" dealer="1" win="90" bet="113" muck="1" rebuy="0" addon="0" merge="0" rebuychips="0" reg_code="5049142669"/>
</players>
</general>
<round no="0"><action no="1" player="mocciolocaldo" type="15" discard="1" dealt="1" sum="5"/>
<action no="2" player="Rakki" type="15" sum="5"/>
<action no="3" player="mocciolocaldo" type="1" discard="1" dealt="1" sum="20"/>
<action no="4" player="Rakki" type="2" sum="40"/>
</round>
<round no="1"><cards type="Pocket" player="mocciolocaldo">X X</cards>
<cards type="Pocket" player="Rakki">CJ H2</cards>
<action no="5" player="mocciolocaldo" type="3" discard="1" dealt="1" sum="20"/>
<action no="6" player="Rakki" type="4" sum="0"/>
</round>
<round no="2"><cards type="Flop">S4 D2 H5</cards>
<action no="7" player="Rakki" type="4" sum="0"/>
<action no="8" player="mocciolocaldo" type="5" discard="1" dealt="1" sum="68"/>
<action no="9" player="Rakki" type="0" sum="0"/>
</round>
</game>
<game gamecode="6435577778"><general><startdate>2025-07-23 01:17:19</startdate>
<round>1</round>
<failsafecounter/>
<players><player seat="3" name="mocciolocaldo" chips="867" dealer="0" win="0" bet="45" muck="1" rebuy="0" addon="0" merge="0" rebuychips="0" reg_code="5049142669"/>
<player seat="10" name="Rakki" chips="633" dealer="1" win="90" bet="85" muck="1" rebuy="0" addon="0" merge="0" rebuychips="0" reg_code="5049143954"/>
</players>
</general>
<round no="0"><action no="1" player="Rakki" type="15" sum="5"/>
<action no="2" player="mocciolocaldo" type="15" discard="1" dealt="1" sum="5"/>
<action no="3" player="Rakki" type="1" sum="20"/>
<action no="4" player="mocciolocaldo" type="2" discard="1" dealt="1" sum="40"/>
</round>
<round no="1"><cards type="Pocket" player="mocciolocaldo">X X</cards>
<cards type="Pocket" player="Rakki">C10 HK</cards>
<action no="5" player="Rakki" type="3" sum="20"/>
<action no="6" player="mocciolocaldo" type="4" discard="1" dealt="1" sum="0"/>
</round>
<round no="2"><cards type="Flop">C5 CA H6</cards>
<action no="7" player="mocciolocaldo" type="4" discard="1" dealt="1" sum="0"/>
<action no="8" player="Rakki" type="5" sum="40"/>
<action no="9" player="mocciolocaldo" type="0" discard="1" dealt="1" sum="0"/>
</round>
</game>
<game gamecode="6435577806"><general><startdate>2025-07-23 01:17:37</startdate>
<round>1</round>
<failsafecounter/>
<players><player seat="10" name="Rakki" chips="678" dealer="0" win="90" bet="678" muck="1" rebuy="0" addon="0" merge="0" rebuychips="0" reg_code="5049143954"/>
<player seat="3" name="mocciolocaldo" chips="822" dealer="1" win="0" bet="45" muck="1" rebuy="0" addon="0" merge="0" rebuychips="0" reg_code="5049142669"/>
</players>
</general>
<round no="0"><action no="1" player="mocciolocaldo" type="15" discard="1" dealt="1" sum="5"/>
<action no="2" player="Rakki" type="15" sum="5"/>
<action no="3" player="mocciolocaldo" type="1" discard="1" dealt="1" sum="20"/>
<action no="4" player="Rakki" type="2" sum="40"/>
</round>
<round no="1"><cards type="Pocket" player="Rakki">CA H3</cards>
<cards type="Pocket" player="mocciolocaldo">X X</cards>
<action no="5" player="mocciolocaldo" type="3" discard="1" dealt="1" sum="20"/>
<action no="6" player="Rakki" type="23" sum="673"/>
<action no="7" player="mocciolocaldo" type="0" discard="1" dealt="1" sum="0"/>
</round>
</game>
<game gamecode="6435577834"><general><startdate>2025-07-23 01:17:52</startdate>
<round>1</round>
<failsafecounter/>
<players><player seat="3" name="mocciolocaldo" chips="777" dealer="0" win="1,446" bet="723" muck="0" rebuy="0" addon="0" merge="0" rebuychips="0" reg_code="5049142669"/>
<player seat="10" name="Rakki" chips="723" dealer="1" win="0" bet="723" muck="0" rebuy="0" addon="0" merge="0" rebuychips="0" reg_code="5049143954"/>
</players>
</general>
<round no="0"><action no="1" player="Rakki" type="15" sum="5"/>
<action no="2" player="mocciolocaldo" type="15" discard="1" dealt="1" sum="5"/>
<action no="3" player="Rakki" type="1" sum="20"/>
<action no="4" player="mocciolocaldo" type="2" discard="1" dealt="1" sum="40"/>
</round>
<round no="1"><cards type="Pocket" player="Rakki">S3 H3</cards>
<cards type="Pocket" player="mocciolocaldo">HJ HQ</cards>
<action no="5" player="Rakki" type="23" sum="718"/>
<action no="6" player="mocciolocaldo" type="3" discard="1" dealt="1" sum="678"/>
</round>
<round no="2"><cards type="Flop">H10 DQ C6</cards>
</round>
<round no="3"><cards type="Turn">S5</cards>
</round>
<round no="4"><cards type="River">H8</cards>
</round>
</game>
</session>
