<?xml version="1.0" encoding="UTF-8"?>
<session sessioncode="5049139303">
<general>
<client_version>25.1.1.16</client_version>
<mode>real</mode>
<gametype>Holdem NL</gametype>
<tablename>Twister €100 SNG, 814459224</tablename>
<tournamentcode>814459223</tournamentcode>
<tournamentname>Twister €100 SNG</tournamentname>
<buyin>€0 + €7 + €93</buyin>
<totalbuyin>€100</totalbuyin>
<rewarddrawn>€200</rewarddrawn>
<tournamentcurrency>EUR</tournamentcurrency>
<currency>EUR</currency>
<nickname>Rakki</nickname>
<gamecount>13</gamecount>
<startdate>2025-07-23 00:50:32</startdate>
<place>2</place>
<win>€0</win>
<tablesize>3</tablesize>
</general>
<game gamecode="6435552891"><general><startdate>2025-07-23 00:50:47</startdate>
<round>1</round>
<failsafecounter/>
<players><player seat="10" name="Th3M4gici4n2" chips="500" dealer="0" win="40" bet="46" muck="1" rebuy="0" addon="0" merge="0" rebuychips="0" reg_code="5049139394"/>
<player seat="3" name="Rakki" chips="500" dealer="1" win="0" bet="0" muck="1" rebuy="0" addon="0" merge="0" rebuychips="0" reg_code="5049139303"/>
<player seat="6" name="mocciolocaldo" chips="500" dealer="0" win="0" bet="20" muck="1" rebuy="0" addon="0" merge="0" rebuychips="0" reg_code="5049139251"/>
</players>
</general>
<round no="0"><action no="1" player="mocciolocaldo" type="1" discard="1" dealt="1" sum="10"/>
<action no="2" player="Th3M4gici4n2" type="2" discard="1" dealt="1" sum="20"/>
</round>
<round no="1"><cards type="Pocket" player="Th3M4gici4n2">X X</cards>
<cards type="Pocket" player="mocciolocaldo">X X</cards>
<cards type="Pocket" player="Rakki">HJ C6</cards>
<action no="3" player="Rakki" type="0" sum="0"/>
<action no="4" player="mocciolocaldo" type="3" discard="1" dealt="1" sum="10"/>
<action no="5" player="Th3M4gici4n2" type="4" discard="1" dealt="1" sum="0"/>
</round>
<round no="2"><cards type="Flop">S4 D8 S5</cards>
<action no="6" player="mocciolocaldo" type="4" discard="1" dealt="1" sum="0"/>
<action no="7" player="Th3M4gici4n2" type="5" discard="1" dealt="1" sum="26"/>
<action no="8" player="mocciolocaldo" type="0" discard="1" dealt="1" sum="0"/>
</round>
</game>
<game gamecode="6435552942"><general><startdate>2025-07-23 00:51:13</startdate>
<round>1</round>
<failsafecounter/>
<players><player seat="3" name="Rakki" chips="500" dealer="0" win="0" bet="20" muck="1" rebuy="0" addon="0" merge="0" rebuychips="0" reg_code="5049139303"/>
<player seat="6" name="mocciolocaldo" chips="480" dealer="1" win="50" bet="40" muck="1" rebuy="0" addon="0" merge="0" rebuychips="0" reg_code="5049139251"/>
<player seat="10" name="Th3M4gici4n2" chips="520" dealer="0" win="0" bet="10" muck="1" rebuy="0" addon="0" merge="0" rebuychips="0" reg_code="5049139394"/>
</players>
</general>
<round no="0"><action no="1" player="Th3M4gici4n2" type="1" discard="1" dealt="1" sum="10"/>
<action no="2" player="Rakki" type="2" sum="20"/>
</round>
<round no="1"><cards type="Pocket" player="Rakki">H5 S2</cards>
<cards type="Pocket" player="Th3M4gici4n2">X X</cards>
<cards type="Pocket" player="mocciolocaldo">X X</cards>
<action no="3" player="mocciolocaldo" type="23" discard="1" dealt="1" sum="40"/>
<action no="4" player="Th3M4gici4n2" type="0" discard="1" dealt="1" sum="0"/>
<action no="5" player="Rakki" type="0" sum="0"/>
</round>
</game>
<game gamecode="6435552961"><general><startdate>2025-07-23 00:51:24</startdate>
<round>1</round>
<failsafecounter/>
<players><player seat="6" name="mocciolocaldo" chips="510" dealer="0" win="140" bet="185" muck="1" rebuy="0" addon="0" merge="0" rebuychips="0" reg_code="5049139251"/>
<player seat="10" name="Th3M4gici4n2" chips="510" dealer="1" win="0" bet="0" muck="1" rebuy="0" addon="0" merge="0" rebuychips="0" reg_code="5049139394"/>
<player seat="3" name="Rakki" chips="480" dealer="0" win="0" bet="70" muck="1" rebuy="0" addon="0" merge="0" rebuychips="0" reg_code="5049139303"/>
</players>
</general>
<round no="0"><action no="1" player="Rakki" type="1" sum="10"/>
<action no="2" player="mocciolocaldo" type="2" discard="1" dealt="1" sum="20"/>
</round>
<round no="1"><cards type="Pocket" player="mocciolocaldo">X X</cards>
<cards type="Pocket" player="Th3M4gici4n2">X X</cards>
<cards type="Pocket" player="Rakki">DQ DK</cards>
<action no="3" player="Th3M4gici4n2" type="0" discard="1" dealt="1" sum="0"/>
<action no="4" player="Rakki" type="23" sum="50"/>
<action no="5" player="mocciolocaldo" type="3" discard="1" dealt="1" sum="30"/>
</round>
<round no="2"><cards type="Flop">C6 SA D9</cards>
<action no="6" player="Rakki" type="5" sum="20"/>
<action no="7" player="mocciolocaldo" type="3" discard="1" dealt="1" sum="20"/>
</round>
<round no="3"><cards type="Turn">S5</cards>
<action no="8" player="Rakki" type="4" sum="0"/>
<action no="9" player="mocciolocaldo" type="4" discard="1" dealt="1" sum="0"/>
</round>
<round no="4"><cards type="River">C3</cards>
<action no="10" player="Rakki" type="4" sum="0"/>
<action no="11" player="mocciolocaldo" type="5" discard="1" dealt="1" sum="115"/>
<action no="12" player="Rakki" type="0" sum="0"/>
</round>
</game>
<game gamecode="6435553067"><general><startdate>2025-07-23 00:52:17</startdate>
<round>1</round>
<failsafecounter/>
<players><player seat="10" name="Th3M4gici4n2" chips="510" dealer="0" win="0" bet="40" muck="1" rebuy="0" addon="0" merge="0" rebuychips="0" reg_code="5049139394"/>
<player seat="3" name="Rakki" chips="410" dealer="1" win="90" bet="130" muck="1" rebuy="0" addon="0" merge="0" rebuychips="0" reg_code="5049139303"/>
<player seat="6" name="mocciolocaldo" chips="580" dealer="0" win="0" bet="10" muck="1" rebuy="0" addon="0" merge="0" rebuychips="0" reg_code="5049139251"/>
</players>
</general>
<round no="0"><action no="1" player="mocciolocaldo" type="1" discard="1" dealt="1" sum="10"/>
<action no="2" player="Th3M4gici4n2" type="2" discard="1" dealt="1" sum="20"/>
</round>
<round no="1"><cards type="Pocket" player="mocciolocaldo">X X</cards>
<cards type="Pocket" player="Rakki">CK C5</cards>
<cards type="Pocket" player="Th3M4gici4n2">X X</cards>
<action no="3" player="Rakki" type="23" sum="40"/>
<action no="4" player="mocciolocaldo" type="0" discard="1" dealt="1" sum="0"/>
<action no="5" player="Th3M4gici4n2" type="3" discard="1" dealt="1" sum="20"/>
</round>
<round no="2"><cards type="Flop">DJ SJ S8</cards>
<action no="6" player="Th3M4gici4n2" type="4" discard="1" dealt="1" sum="0"/>
<action no="7" player="Rakki" type="4" sum="0"/>
</round>
<round no="3"><cards type="Turn">S10</cards>
<action no="8" player="Th3M4gici4n2" type="4" discard="1" dealt="1" sum="0"/>
<action no="9" player="Rakki" type="4" sum="0"/>
</round>
<round no="4"><cards type="River">DQ</cards>
<action no="10" player="Th3M4gici4n2" type="4" discard="1" dealt="1" sum="0"/>
<action no="11" player="Rakki" type="5" sum="90"/>
<action no="12" player="Th3M4gici4n2" type="0" discard="1" dealt="1" sum="0"/>
</round>
</game>
<game gamecode="6435561588"><general><startdate>2025-07-23 00:52:46</startdate>
<round>1</round>
<failsafecounter/>
<players><player seat="3" name="Rakki" chips="460" dealer="0" win="0" bet="35" muck="1" rebuy="0" addon="0" merge="0" rebuychips="0" reg_code="5049139303"/>
<player seat="6" name="mocciolocaldo" chips="570" dealer="1" win="90" bet="570" muck="1" rebuy="0" addon="0" merge="0" rebuychips="0" reg_code="5049139251"/>
<player seat="10" name="Th3M4gici4n2" chips="470" dealer="0" win="0" bet="20" muck="1" rebuy="0" addon="0" merge="0" rebuychips="0" reg_code="5049139394"/>
</players>
</general>
<round no="0"><action no="1" player="Th3M4gici4n2" type="15" discard="1" dealt="1" sum="5"/>
<action no="2" player="Rakki" type="15" sum="5"/>
<action no="3" player="mocciolocaldo" type="15" discard="1" dealt="1" sum="5"/>
<action no="4" player="Th3M4gici4n2" type="1" discard="1" dealt="1" sum="15"/>
<action no="5" player="Rakki" type="2" sum="30"/>
</round>
<round no="1"><cards type="Pocket" player="mocciolocaldo">X X</cards>
<cards type="Pocket" player="Rakki">S6 H5</cards>
<cards type="Pocket" player="Th3M4gici4n2">X X</cards>
<action no="6" player="mocciolocaldo" type="23" discard="1" dealt="1" sum="565"/>
<action no="7" player="Th3M4gici4n2" type="0" discard="1" dealt="1" sum="0"/>
<action no="8" player="Rakki" type="0" sum="0"/>
</round>
</game>
<game gamecode="6435561612"><general><startdate>2025-07-23 00:53:00</startdate>
<round>1</round>
<failsafecounter/>
<players><player seat="6" name="mocciolocaldo" chips="625" dealer="0" win="0" bet="35" muck="1" rebuy="0" addon="0" merge="0" rebuychips="0" reg_code="5049139251"/>
<player seat="10" name="Th3M4gici4n2" chips="450" dealer="1" win="0" bet="5" muck="1" rebuy="0" addon="0" merge="0" rebuychips="0" reg_code="5049139394"/>
<player seat="3" name="Rakki" chips="425" dealer="0" win="75" bet="425" muck="1" rebuy="0" addon="0" merge="0" rebuychips="0" reg_code="5049139303"/>
</players>
</general>
<round no="0"><action no="1" player="Rakki" type="15" sum="5"/>
<action no="2" player="mocciolocaldo" type="15" discard="1" dealt="1" sum="5"/>
<action no="3" player="Th3M4gici4n2" type="15" discard="1" dealt="1" sum="5"/>
<action no="4" player="Rakki" type="1" sum="15"/>
<action no="5" player="mocciolocaldo" type="2" discard="1" dealt="1" sum="30"/>
</round>
<round no="1"><cards type="Pocket" player="Rakki">D3 H3</cards>
<cards type="Pocket" player="mocciolocaldo">X X</cards>
<cards type="Pocket" player="Th3M4gici4n2">X X</cards>
<action no="6" player="Th3M4gici4n2" type="0" discard="1" dealt="1" sum="0"/>
<action no="7" player="Rakki" type="23" sum="420"/>
<action no="8" player="mocciolocaldo" type="0" discard="1" dealt="1" sum="0"/>
</round>
</game>
<game gamecode="6435561639"><general><startdate>2025-07-23 00:53:15</startdate>
<round>1</round>
<failsafecounter/>
<players><player seat="10" name="Th3M4gici4n2" chips="445" dealer="0" win="75" bet="445" muck="1" rebuy="0" addon="0" merge="0" rebuychips="0" reg_code="5049139394"/>
<player seat="3" name="Rakki" chips="465" dealer="1" win="0" bet="5" muck="1" rebuy="0" addon="0" merge="0" rebuychips="0" reg_code="5049139303"/>
<player seat="6" name="mocciolocaldo" chips="590" dealer="0" win="0" bet="35" muck="1" rebuy="0" addon="0" merge="0" rebuychips="0" reg_code="5049139251"/>
</players>
</general>
<round no="0"><action no="1" player="mocciolocaldo" type="15" discard="1" dealt="1" sum="5"/>
<action no="2" player="Th3M4gici4n2" type="15" discard="1" dealt="1" sum="5"/>
<action no="3" player="Rakki" type="15" sum="5"/>
<action no="4" player="mocciolocaldo" type="1" discard="1" dealt="1" sum="15"/>
<action no="5" player="Th3M4gici4n2" type="2" discard="1" dealt="1" sum="30"/>
</round>
<round no="1"><cards type="Pocket" player="Rakki">C8 S2</cards>
<cards type="Pocket" player="Th3M4gici4n2">X X</cards>
<cards type="Pocket" player="mocciolocaldo">X X</cards>
<action no="6" player="Rakki" type="0" sum="0"/>
<action no="7" player="mocciolocaldo" type="3" discard="1" dealt="1" sum="15"/>
<action no="8" player="Th3M4gici4n2" type="23" discard="1" dealt="1" sum="440"/>
<action no="9" player="mocciolocaldo" type="0" discard="1" dealt="1" sum="0"/>
</round>
</game>
<game gamecode="6435561673"><general><startdate>2025-07-23 00:53:33</startdate>
<round>1</round>
<failsafecounter/>
<players><player seat="3" name="Rakki" chips="460" dealer="0" win="0" bet="35" muck="1" rebuy="0" addon="0" merge="0" rebuychips="0" reg_code="5049139303"/>
<player seat="6" name="mocciolocaldo" chips="555" dealer="1" win="90" bet="555" muck="1" rebuy="0" addon="0" merge="0" rebuychips="0" reg_code="5049139251"/>
<player seat="10" name="Th3M4gici4n2" chips="485" dealer="0" win="0" bet="20" muck="1" rebuy="0" addon="0" merge="0" rebuychips="0" reg_code="5049139394"/>
</players>
</general>
<round no="0"><action no="1" player="Th3M4gici4n2" type="15" discard="1" dealt="1" sum="5"/>
<action no="2" player="Rakki" type="15" sum="5"/>
<action no="3" player="mocciolocaldo" type="15" discard="1" dealt="1" sum="5"/>
<action no="4" player="Th3M4gici4n2" type="1" discard="1" dealt="1" sum="15"/>
<action no="5" player="Rakki" type="2" sum="30"/>
</round>
<round no="1"><cards type="Pocket" player="Rakki">D7 HK</cards>
<cards type="Pocket" player="Th3M4gici4n2">X X</cards>
<cards type="Pocket" player="mocciolocaldo">X X</cards>
<action no="6" player="mocciolocaldo" type="23" discard="1" dealt="1" sum="550"/>
<action no="7" player="Th3M4gici4n2" type="0" discard="1" dealt="1" sum="0"/>
<action no="8" player="Rakki" type="0" sum="0"/>
</round>
</game>
<game gamecode="6435561691"><general><startdate>2025-07-23 00:53:43</startdate>
<round>1</round>
<failsafecounter/>
<players><player seat="6" name="mocciolocaldo" chips="610" dealer="0" win="950" bet="465" muck="0" rebuy="0" addon="0" merge="0" rebuychips="0" reg_code="5049139251"/>
<player seat="10" name="Th3M4gici4n2" chips="465" dealer="1" win="0" bet="465" muck="0" rebuy="0" addon="0" merge="0" rebuychips="0" reg_code="5049139394"/>
<player seat="3" name="Rakki" chips="425" dealer="0" win="0" bet="20" muck="1" rebuy="0" addon="0" merge="0" rebuychips="0" reg_code="5049139303"/>
</players>
</general>
<round no="0"><action no="1" player="Rakki" type="15" sum="5"/>
<action no="2" player="mocciolocaldo" type="15" discard="1" dealt="1" sum="5"/>
<action no="3" player="Th3M4gici4n2" type="15" discard="1" dealt="1" sum="5"/>
<action no="4" player="Rakki" type="1" sum="15"/>
<action no="5" player="mocciolocaldo" type="2" discard="1" dealt="1" sum="30"/>
</round>
<round no="1"><cards type="Pocket" player="Rakki">C2 C4</cards>
<cards type="Pocket" player="mocciolocaldo">HA CA</cards>
<cards type="Pocket" player="Th3M4gici4n2">S4 DA</cards>
<action no="6" player="Th3M4gici4n2" type="23" discard="1" dealt="1" sum="460"/>
<action no="7" player="Rakki" type="0" sum="0"/>
<action no="8" player="mocciolocaldo" type="3" discard="1" dealt="1" sum="430"/>
</round>
<round no="2"><cards type="Flop">S3 CQ SA</cards>
</round>
<round no="3"><cards type="Turn">DQ</cards>
</round>
<round no="4"><cards type="River">D2</cards>
</round>
</game>
<game gamecode="6435561725"><general><startdate>2025-07-23 00:54:01</startdate>
<round>1</round>
<failsafecounter/>
<players><player seat="6" name="mocciolocaldo" chips="1,095" dealer="0" win="0" bet="35" muck="1" rebuy="0" addon="0" merge="0" rebuychips="0" reg_code="5049139251"/>
<player seat="3" name="Rakki" chips="405" dealer="1" win="70" bet="65" muck="1" rebuy="0" addon="0" merge="0" rebuychips="0" reg_code="5049139303"/>
</players>
</general>
<round no="0"><action no="1" player="Rakki" type="15" sum="5"/>
<action no="2" player="mocciolocaldo" type="15" discard="1" dealt="1" sum="5"/>
<action no="3" player="Rakki" type="1" sum="15"/>
<action no="4" player="mocciolocaldo" type="2" discard="1" dealt="1" sum="30"/>
</round>
<round no="1"><cards type="Pocket" player="Rakki">D2 C4</cards>
<cards type="Pocket" player="mocciolocaldo">X X</cards>
<action no="5" player="Rakki" type="3" sum="15"/>
<action no="6" player="mocciolocaldo" type="4" discard="1" dealt="1" sum="0"/>
</round>
<round no="2"><cards type="Flop">HK S7 CQ</cards>
<action no="7" player="mocciolocaldo" type="4" discard="1" dealt="1" sum="0"/>
<action no="8" player="Rakki" type="5" sum="30"/>
<action no="9" player="mocciolocaldo" type="0" discard="1" dealt="1" sum="0"/>
</round>
</game>
<game gamecode="6435561788"><general><startdate>2025-07-23 00:54:35</startdate>
<round>1</round>
<failsafecounter/>
<players><player seat="3" name="Rakki" chips="440" dealer="0" win="50" bet="45" muck="1" rebuy="0" addon="0" merge="0" rebuychips="0" reg_code="5049139303"/>
<player seat="6" name="mocciolocaldo" chips="1,060" dealer="1" win="0" bet="25" muck="1" rebuy="0" addon="0" merge="0" rebuychips="0" reg_code="5049139251"/>
</players>
</general>
<round no="0"><action no="1" player="mocciolocaldo" type="15" discard="1" dealt="1" sum="5"/>
<action no="2" player="Rakki" type="15" sum="5"/>
<action no="3" player="mocciolocaldo" type="1" discard="1" dealt="1" sum="20"/>
<action no="4" player="Rakki" type="2" sum="40"/>
</round>
<round no="1"><cards type="Pocket" player="Rakki">HQ D9</cards>
<cards type="Pocket" player="mocciolocaldo">X X</cards>
<action no="5" player="mocciolocaldo" type="0" discard="1" dealt="1" sum="0"/>
</round>
</game>
<game gamecode="6435561802"><general><startdate>2025-07-23 00:54:45</startdate>
<round>1</round>
<failsafecounter/>
<players><player seat="6" name="mocciolocaldo" chips="1,035" dealer="0" win="90" bet="1,035" muck="1" rebuy="0" addon="0" merge="0" rebuychips="0" reg_code="5049139251"/>
<player seat="3" name="Rakki" chips="465" dealer="1" win="0" bet="45" muck="1" rebuy="0" addon="0" merge="0" rebuychips="0" reg_code="5049139303"/>
</players>
</general>
<round no="0"><action no="1" player="Rakki" type="15" sum="5"/>
<action no="2" player="mocciolocaldo" type="15" discard="1" dealt="1" sum="5"/>
<action no="3" player="Rakki" type="1" sum="20"/>
<action no="4" player="mocciolocaldo" type="2" discard="1" dealt="1" sum="40"/>
</round>
<round no="1"><cards type="Pocket" player="mocciolocaldo">X X</cards>
<cards type="Pocket" player="Rakki">S9 CJ</cards>
<action no="5" player="Rakki" type="3" sum="20"/>
<action no="6" player="mocciolocaldo" type="23" discard="1" dealt="1" sum="1,030"/>
<action no="7" player="Rakki" type="0" sum="0"/>
</round>
</game>
<game gamecode="6435561841"><general><startdate>2025-07-23 00:55:04</startdate>
<round>1</round>
<failsafecounter/>
<players><player seat="3" name="Rakki" chips="420" dealer="0" win="0" bet="420" muck="0" rebuy="0" addon="0" merge="0" rebuychips="0" reg_code="5049139303"/>
<player seat="6" name="mocciolocaldo" chips="1,080" dealer="1" win="840" bet="1,080" muck="0" rebuy="0" addon="0" merge="0" rebuychips="0" reg_code="5049139251"/>
</players>
</general>
<round no="0"><action no="1" player="mocciolocaldo" type="15" discard="1" dealt="1" sum="5"/>
<action no="2" player="Rakki" type="15" sum="5"/>
<action no="3" player="mocciolocaldo" type="1" discard="1" dealt="1" sum="20"/>
<action no="4" player="Rakki" type="2" sum="40"/>
</round>
<round no="1"><cards type="Pocket" player="Rakki">S9 DK</cards>
<cards type="Pocket" player="mocciolocaldo">CK C2</cards>
<action no="5" player="mocciolocaldo" type="23" discard="1" dealt="1" sum="1,075"/>
<action no="6" player="Rakki" type="7" sum="375"/>
</round>
<round no="2"><cards type="Flop">H3 S10 D2</cards>
</round>
<round no="3"><cards type="Turn">S3</cards>
</round>
<round no="4"><cards type="River">DJ</cards>
</round>
</game>
</session>
