<?xml version="1.0" encoding="UTF-8"?>
<session sessioncode="5049691061">
<general>
<client_version>25.1.1.16</client_version>
<mode>real</mode>
<gametype>Holdem NL</gametype>
<tablename>Twister €50 SNG, 814622495</tablename>
<tournamentcode>814622494</tournamentcode>
<tournamentname>Twister €50 SNG</tournamentname>
<buyin>€0 + €3.50 + €46.50</buyin>
<totalbuyin>€50</totalbuyin>
<rewarddrawn>€150</rewarddrawn>
<tournamentcurrency>EUR</tournamentcurrency>
<currency>EUR</currency>
<nickname>Rakki</nickname>
<gamecount>16</gamecount>
<startdate>2025-07-25 21:53:06</startdate>
<place>3</place>
<win>€0</win>
<tablesize>3</tablesize>
</general>
<game gamecode="6437761117"><general><startdate>2025-07-25 21:53:21</startdate>
<round>1</round>
<failsafecounter/>
<players><player seat="3" name="Th3M4gici4n2" chips="500" dealer="0" win="0" bet="80" muck="1" rebuy="0" addon="0" merge="0" rebuychips="0" reg_code="5049690794"/>
<player seat="6" name="Rakki" chips="500" dealer="1" win="0" bet="0" muck="1" rebuy="0" addon="0" merge="0" rebuychips="0" reg_code="5049691061"/>
<player seat="10" name="Alpha2016" chips="500" dealer="0" win="160" bet="80" muck="0" rebuy="0" addon="0" merge="0" rebuychips="0" reg_code="5049691165"/>
</players>
</general>
<round no="0"><action no="1" player="Alpha2016" type="1" discard="1" dealt="1" sum="10"/>
<action no="2" player="Th3M4gici4n2" type="2" discard="1" dealt="1" sum="20"/>
</round>
<round no="1"><cards type="Pocket" player="Rakki">CA H2</cards>
<cards type="Pocket" player="Alpha2016">C8 D10</cards>
<cards type="Pocket" player="Th3M4gici4n2">S7 C9</cards>
<action no="3" player="Rakki" type="0" sum="0"/>
<action no="4" player="Alpha2016" type="3" discard="1" dealt="1" sum="10"/>
<action no="5" player="Th3M4gici4n2" type="4" discard="1" dealt="1" sum="0"/>
</round>
<round no="2"><cards type="Flop">DA D9 H8</cards>
<action no="6" player="Alpha2016" type="5" discard="1" dealt="1" sum="20"/>
<action no="7" player="Th3M4gici4n2" type="3" discard="1" dealt="1" sum="20"/>
</round>
<round no="3"><cards type="Turn">H6</cards>
<action no="8" player="Alpha2016" type="5" discard="1" dealt="1" sum="20"/>
<action no="9" player="Th3M4gici4n2" type="3" discard="1" dealt="1" sum="20"/>
</round>
<round no="4"><cards type="River">D8</cards>
<action no="10" player="Alpha2016" type="5" discard="1" dealt="1" sum="20"/>
<action no="11" player="Th3M4gici4n2" type="3" discard="1" dealt="1" sum="20"/>
</round>
</game>
<game gamecode="6437761153"><general><startdate>2025-07-25 21:53:53</startdate>
<round>1</round>
<failsafecounter/>
<players><player seat="6" name="Rakki" chips="500" dealer="0" win="0" bet="20" muck="1" rebuy="0" addon="0" merge="0" rebuychips="0" reg_code="5049691061"/>
<player seat="10" name="Alpha2016" chips="580" dealer="1" win="0" bet="0" muck="1" rebuy="0" addon="0" merge="0" rebuychips="0" reg_code="5049691165"/>
<player seat="3" name="Th3M4gici4n2" chips="420" dealer="0" win="40" bet="50" muck="1" rebuy="0" addon="0" merge="0" rebuychips="0" reg_code="5049690794"/>
</players>
</general>
<round no="0"><action no="1" player="Th3M4gici4n2" type="1" discard="1" dealt="1" sum="10"/>
<action no="2" player="Rakki" type="2" sum="20"/>
</round>
<round no="1"><cards type="Pocket" player="Alpha2016">X X</cards>
<cards type="Pocket" player="Rakki">S2 D6</cards>
<cards type="Pocket" player="Th3M4gici4n2">X X</cards>
<action no="3" player="Alpha2016" type="0" discard="1" dealt="1" sum="0"/>
<action no="4" player="Th3M4gici4n2" type="23" discard="1" dealt="1" sum="50"/>
<action no="5" player="Rakki" type="0" sum="0"/>
</round>
</game>
<game gamecode="6437761167"><general><startdate>2025-07-25 21:54:06</startdate>
<round>1</round>
<failsafecounter/>
<players><player seat="10" name="Alpha2016" chips="580" dealer="0" win="0" bet="40" muck="1" rebuy="0" addon="0" merge="0" rebuychips="0" reg_code="5049691165"/>
<player seat="3" name="Th3M4gici4n2" chips="440" dealer="1" win="0" bet="0" muck="1" rebuy="0" addon="0" merge="0" rebuychips="0" reg_code="5049690794"/>
<player seat="6" name="Rakki" chips="480" dealer="0" win="80" bet="40" muck="0" rebuy="0" addon="0" merge="0" rebuychips="0" reg_code="5049691061"/>
</players>
</general>
<round no="0"><action no="1" player="Rakki" type="1" sum="10"/>
<action no="2" player="Alpha2016" type="2" discard="1" dealt="1" sum="20"/>
</round>
<round no="1"><cards type="Pocket" player="Rakki">C3 HK</cards>
<cards type="Pocket" player="Th3M4gici4n2">X X</cards>
<cards type="Pocket" player="Alpha2016">D3 D6</cards>
<action no="3" player="Th3M4gici4n2" type="0" discard="1" dealt="1" sum="0"/>
<action no="4" player="Rakki" type="3" sum="10"/>
<action no="5" player="Alpha2016" type="4" discard="1" dealt="1" sum="0"/>
</round>
<round no="2"><cards type="Flop">S2 S9 C2</cards>
<action no="6" player="Rakki" type="4" sum="0"/>
<action no="7" player="Alpha2016" type="5" discard="1" dealt="1" sum="20"/>
<action no="8" player="Rakki" type="3" sum="20"/>
</round>
<round no="3"><cards type="Turn">C5</cards>
<action no="9" player="Rakki" type="4" sum="0"/>
<action no="10" player="Alpha2016" type="4" discard="1" dealt="1" sum="0"/>
</round>
<round no="4"><cards type="River">H7</cards>
<action no="11" player="Rakki" type="4" sum="0"/>
<action no="12" player="Alpha2016" type="4" discard="1" dealt="1" sum="0"/>
</round>
</game>
<game gamecode="6437761207"><general><startdate>2025-07-25 21:54:35</startdate>
<round>1</round>
<failsafecounter/>
<players><player seat="3" name="Th3M4gici4n2" chips="440" dealer="0" win="0" bet="40" muck="1" rebuy="0" addon="0" merge="0" rebuychips="0" reg_code="5049690794"/>
<player seat="6" name="Rakki" chips="520" dealer="1" win="0" bet="0" muck="1" rebuy="0" addon="0" merge="0" rebuychips="0" reg_code="5049691061"/>
<player seat="10" name="Alpha2016" chips="540" dealer="0" win="80" bet="60" muck="1" rebuy="0" addon="0" merge="0" rebuychips="0" reg_code="5049691165"/>
</players>
</general>
<round no="0"><action no="1" player="Alpha2016" type="1" discard="1" dealt="1" sum="10"/>
<action no="2" player="Th3M4gici4n2" type="2" discard="1" dealt="1" sum="20"/>
</round>
<round no="1"><cards type="Pocket" player="Alpha2016">X X</cards>
<cards type="Pocket" player="Th3M4gici4n2">X X</cards>
<cards type="Pocket" player="Rakki">H4 SK</cards>
<action no="3" player="Rakki" type="0" sum="0"/>
<action no="4" player="Alpha2016" type="23" discard="1" dealt="1" sum="40"/>
<action no="5" player="Th3M4gici4n2" type="3" discard="1" dealt="1" sum="20"/>
</round>
<round no="2"><cards type="Flop">D6 S4 H6</cards>
<action no="6" player="Alpha2016" type="4" discard="1" dealt="1" sum="0"/>
<action no="7" player="Th3M4gici4n2" type="4" discard="1" dealt="1" sum="0"/>
</round>
<round no="3"><cards type="Turn">CK</cards>
<action no="8" player="Alpha2016" type="5" discard="1" dealt="1" sum="20"/>
<action no="9" player="Th3M4gici4n2" type="0" discard="1" dealt="1" sum="0"/>
</round>
</game>
<game gamecode="6437761228"><general><startdate>2025-07-25 21:54:59</startdate>
<round>1</round>
<failsafecounter/>
<players><player seat="6" name="Rakki" chips="520" dealer="0" win="40" bet="50" muck="1" rebuy="0" addon="0" merge="0" rebuychips="0" reg_code="5049691061"/>
<player seat="10" name="Alpha2016" chips="580" dealer="1" win="0" bet="0" muck="1" rebuy="0" addon="0" merge="0" rebuychips="0" reg_code="5049691165"/>
<player seat="3" name="Th3M4gici4n2" chips="400" dealer="0" win="0" bet="20" muck="1" rebuy="0" addon="0" merge="0" rebuychips="0" reg_code="5049690794"/>
</players>
</general>
<round no="0"><action no="1" player="Th3M4gici4n2" type="1" discard="1" dealt="1" sum="10"/>
<action no="2" player="Rakki" type="2" sum="20"/>
</round>
<round no="1"><cards type="Pocket" player="Th3M4gici4n2">X X</cards>
<cards type="Pocket" player="Rakki">C4 S9</cards>
<cards type="Pocket" player="Alpha2016">X X</cards>
<action no="3" player="Alpha2016" type="0" discard="1" dealt="1" sum="0"/>
<action no="4" player="Th3M4gici4n2" type="3" discard="1" dealt="1" sum="10"/>
<action no="5" player="Rakki" type="4" sum="0"/>
</round>
<round no="2"><cards type="Flop">C5 D2 H4</cards>
<action no="6" player="Th3M4gici4n2" type="4" discard="1" dealt="1" sum="0"/>
<action no="7" player="Rakki" type="4" sum="0"/>
</round>
<round no="3"><cards type="Turn">C10</cards>
<action no="8" player="Th3M4gici4n2" type="4" discard="1" dealt="1" sum="0"/>
<action no="9" player="Rakki" type="4" sum="0"/>
</round>
<round no="4"><cards type="River">D10</cards>
<action no="10" player="Th3M4gici4n2" type="4" discard="1" dealt="1" sum="0"/>
<action no="11" player="Rakki" type="5" sum="30"/>
<action no="12" player="Th3M4gici4n2" type="0" discard="1" dealt="1" sum="0"/>
</round>
</game>
<game gamecode="6437761282"><general><startdate>2025-07-25 21:55:50</startdate>
<round>1</round>
<failsafecounter/>
<players><player seat="10" name="Alpha2016" chips="580" dealer="0" win="0" bet="35" muck="1" rebuy="0" addon="0" merge="0" rebuychips="0" reg_code="5049691165"/>
<player seat="3" name="Th3M4gici4n2" chips="380" dealer="1" win="90" bet="380" muck="1" rebuy="0" addon="0" merge="0" rebuychips="0" reg_code="5049690794"/>
<player seat="6" name="Rakki" chips="540" dealer="0" win="0" bet="20" muck="1" rebuy="0" addon="0" merge="0" rebuychips="0" reg_code="5049691061"/>
</players>
</general>
<round no="0"><action no="1" player="Rakki" type="15" sum="5"/>
<action no="2" player="Alpha2016" type="15" discard="1" dealt="1" sum="5"/>
<action no="3" player="Th3M4gici4n2" type="15" discard="1" dealt="1" sum="5"/>
<action no="4" player="Rakki" type="1" sum="15"/>
<action no="5" player="Alpha2016" type="2" discard="1" dealt="1" sum="30"/>
</round>
<round no="1"><cards type="Pocket" player="Th3M4gici4n2">X X</cards>
<cards type="Pocket" player="Alpha2016">X X</cards>
<cards type="Pocket" player="Rakki">D2 H8</cards>
<action no="6" player="Th3M4gici4n2" type="23" discard="1" dealt="1" sum="375"/>
<action no="7" player="Rakki" type="0" sum="0"/>
<action no="8" player="Alpha2016" type="0" discard="1" dealt="1" sum="0"/>
</round>
</game>
<game gamecode="6437761302"><general><startdate>2025-07-25 21:56:04</startdate>
<round>1</round>
<failsafecounter/>
<players><player seat="3" name="Th3M4gici4n2" chips="435" dealer="0" win="185" bet="175" muck="1" rebuy="0" addon="0" merge="0" rebuychips="0" reg_code="5049690794"/>
<player seat="6" name="Rakki" chips="520" dealer="1" win="0" bet="5" muck="1" rebuy="0" addon="0" merge="0" rebuychips="0" reg_code="5049691061"/>
<player seat="10" name="Alpha2016" chips="545" dealer="0" win="0" bet="90" muck="1" rebuy="0" addon="0" merge="0" rebuychips="0" reg_code="5049691165"/>
</players>
</general>
<round no="0"><action no="1" player="Alpha2016" type="15" discard="1" dealt="1" sum="5"/>
<action no="2" player="Th3M4gici4n2" type="15" discard="1" dealt="1" sum="5"/>
<action no="3" player="Rakki" type="15" sum="5"/>
<action no="4" player="Alpha2016" type="1" discard="1" dealt="1" sum="15"/>
<action no="5" player="Th3M4gici4n2" type="2" discard="1" dealt="1" sum="30"/>
</round>
<round no="1"><cards type="Pocket" player="Rakki">D3 D4</cards>
<cards type="Pocket" player="Th3M4gici4n2">X X</cards>
<cards type="Pocket" player="Alpha2016">X X</cards>
<action no="6" player="Rakki" type="0" sum="0"/>
<action no="7" player="Alpha2016" type="3" discard="1" dealt="1" sum="15"/>
<action no="8" player="Th3M4gici4n2" type="4" discard="1" dealt="1" sum="0"/>
</round>
<round no="2"><cards type="Flop">H4 H6 D9</cards>
<action no="9" player="Alpha2016" type="4" discard="1" dealt="1" sum="0"/>
<action no="10" player="Th3M4gici4n2" type="5" discard="1" dealt="1" sum="55"/>
<action no="11" player="Alpha2016" type="3" discard="1" dealt="1" sum="55"/>
</round>
<round no="3"><cards type="Turn">H5</cards>
<action no="12" player="Alpha2016" type="4" discard="1" dealt="1" sum="0"/>
<action no="13" player="Th3M4gici4n2" type="4" discard="1" dealt="1" sum="0"/>
</round>
<round no="4"><cards type="River">CK</cards>
<action no="14" player="Alpha2016" type="4" discard="1" dealt="1" sum="0"/>
<action no="15" player="Th3M4gici4n2" type="5" discard="1" dealt="1" sum="85"/>
<action no="16" player="Alpha2016" type="0" discard="1" dealt="1" sum="0"/>
</round>
</game>
<game gamecode="6437761336"><general><startdate>2025-07-25 21:56:38</startdate>
<round>1</round>
<failsafecounter/>
<players><player seat="6" name="Rakki" chips="515" dealer="0" win="45" bet="35" muck="1" rebuy="0" addon="0" merge="0" rebuychips="0" reg_code="5049691061"/>
<player seat="10" name="Alpha2016" chips="455" dealer="1" win="0" bet="5" muck="1" rebuy="0" addon="0" merge="0" rebuychips="0" reg_code="5049691165"/>
<player seat="3" name="Th3M4gici4n2" chips="530" dealer="0" win="0" bet="20" muck="1" rebuy="0" addon="0" merge="0" rebuychips="0" reg_code="5049690794"/>
</players>
</general>
<round no="0"><action no="1" player="Th3M4gici4n2" type="15" discard="1" dealt="1" sum="5"/>
<action no="2" player="Rakki" type="15" sum="5"/>
<action no="3" player="Alpha2016" type="15" discard="1" dealt="1" sum="5"/>
<action no="4" player="Th3M4gici4n2" type="1" discard="1" dealt="1" sum="15"/>
<action no="5" player="Rakki" type="2" sum="30"/>
</round>
<round no="1"><cards type="Pocket" player="Alpha2016">X X</cards>
<cards type="Pocket" player="Rakki">C5 C10</cards>
<cards type="Pocket" player="Th3M4gici4n2">X X</cards>
<action no="6" player="Alpha2016" type="0" discard="1" dealt="1" sum="0"/>
<action no="7" player="Th3M4gici4n2" type="0" discard="1" dealt="1" sum="0"/>
</round>
</game>
<game gamecode="6437761345"><general><startdate>2025-07-25 21:56:46</startdate>
<round>1</round>
<failsafecounter/>
<players><player seat="10" name="Alpha2016" chips="450" dealer="0" win="0" bet="172" muck="1" rebuy="0" addon="0" merge="0" rebuychips="0" reg_code="5049691165"/>
<player seat="3" name="Th3M4gici4n2" chips="510" dealer="1" win="0" bet="5" muck="1" rebuy="0" addon="0" merge="0" rebuychips="0" reg_code="5049690794"/>
<player seat="6" name="Rakki" chips="540" dealer="0" win="349" bet="540" muck="1" rebuy="0" addon="0" merge="0" rebuychips="0" reg_code="5049691061"/>
</players>
</general>
<round no="0"><action no="1" player="Rakki" type="15" sum="5"/>
<action no="2" player="Alpha2016" type="15" discard="1" dealt="1" sum="5"/>
<action no="3" player="Th3M4gici4n2" type="15" discard="1" dealt="1" sum="5"/>
<action no="4" player="Rakki" type="1" sum="20"/>
<action no="5" player="Alpha2016" type="2" discard="1" dealt="1" sum="40"/>
</round>
<round no="1"><cards type="Pocket" player="Rakki">DQ SQ</cards>
<cards type="Pocket" player="Alpha2016">X X</cards>
<cards type="Pocket" player="Th3M4gici4n2">X X</cards>
<action no="6" player="Th3M4gici4n2" type="0" discard="1" dealt="1" sum="0"/>
<action no="7" player="Rakki" type="23" sum="80"/>
<action no="8" player="Alpha2016" type="3" discard="1" dealt="1" sum="40"/>
</round>
<round no="2"><cards type="Flop">C9 H10 CJ</cards>
<action no="9" player="Rakki" type="5" sum="87"/>
<action no="10" player="Alpha2016" type="3" discard="1" dealt="1" sum="87"/>
</round>
<round no="3"><cards type="Turn">C5</cards>
<action no="11" player="Rakki" type="5" sum="368"/>
<action no="12" player="Alpha2016" type="0" discard="1" dealt="1" sum="0"/>
</round>
</game>
<game gamecode="6437761364"><general><startdate>2025-07-25 21:57:02</startdate>
<round>1</round>
<failsafecounter/>
<players><player seat="3" name="Th3M4gici4n2" chips="505" dealer="0" win="0" bet="45" muck="1" rebuy="0" addon="0" merge="0" rebuychips="0" reg_code="5049690794"/>
<player seat="6" name="Rakki" chips="717" dealer="1" win="0" bet="5" muck="1" rebuy="0" addon="0" merge="0" rebuychips="0" reg_code="5049691061"/>
<player seat="10" name="Alpha2016" chips="278" dealer="0" win="95" bet="278" muck="1" rebuy="0" addon="0" merge="0" rebuychips="0" reg_code="5049691165"/>
</players>
</general>
<round no="0"><action no="1" player="Alpha2016" type="15" discard="1" dealt="1" sum="5"/>
<action no="2" player="Th3M4gici4n2" type="15" discard="1" dealt="1" sum="5"/>
<action no="3" player="Rakki" type="15" sum="5"/>
<action no="4" player="Alpha2016" type="1" discard="1" dealt="1" sum="20"/>
<action no="5" player="Th3M4gici4n2" type="2" discard="1" dealt="1" sum="40"/>
</round>
<round no="1"><cards type="Pocket" player="Rakki">HK C5</cards>
<cards type="Pocket" player="Alpha2016">X X</cards>
<cards type="Pocket" player="Th3M4gici4n2">X X</cards>
<action no="6" player="Rakki" type="0" sum="0"/>
<action no="7" player="Alpha2016" type="23" discard="1" dealt="1" sum="273"/>
<action no="8" player="Th3M4gici4n2" type="0" discard="1" dealt="1" sum="0"/>
</round>
</game>
<game gamecode="6437761380"><general><startdate>2025-07-25 21:57:17</startdate>
<round>1</round>
<failsafecounter/>
<players><player seat="6" name="Rakki" chips="712" dealer="0" win="0" bet="328" muck="1" rebuy="0" addon="0" merge="0" rebuychips="0" reg_code="5049691061"/>
<player seat="10" name="Alpha2016" chips="328" dealer="1" win="681" bet="328" muck="0" rebuy="0" addon="0" merge="0" rebuychips="0" reg_code="5049691165"/>
<player seat="3" name="Th3M4gici4n2" chips="460" dealer="0" win="0" bet="25" muck="1" rebuy="0" addon="0" merge="0" rebuychips="0" reg_code="5049690794"/>
</players>
</general>
<round no="0"><action no="1" player="Th3M4gici4n2" type="15" discard="1" dealt="1" sum="5"/>
<action no="2" player="Rakki" type="15" sum="5"/>
<action no="3" player="Alpha2016" type="15" discard="1" dealt="1" sum="5"/>
<action no="4" player="Th3M4gici4n2" type="1" discard="1" dealt="1" sum="20"/>
<action no="5" player="Rakki" type="2" sum="40"/>
</round>
<round no="1"><cards type="Pocket" player="Th3M4gici4n2">X X</cards>
<cards type="Pocket" player="Rakki">SA C6</cards>
<cards type="Pocket" player="Alpha2016">HA DQ</cards>
<action no="6" player="Alpha2016" type="23" discard="1" dealt="1" sum="323"/>
<action no="7" player="Th3M4gici4n2" type="0" discard="1" dealt="1" sum="0"/>
<action no="8" player="Rakki" type="3" sum="283"/>
</round>
<round no="2"><cards type="Flop">HQ S4 D3</cards>
</round>
<round no="3"><cards type="Turn">H3</cards>
</round>
<round no="4"><cards type="River">H7</cards>
</round>
</game>
<game gamecode="6437761405"><general><startdate>2025-07-25 21:57:36</startdate>
<round>1</round>
<failsafecounter/>
<players><player seat="10" name="Alpha2016" chips="681" dealer="0" win="0" bet="45" muck="1" rebuy="0" addon="0" merge="0" rebuychips="0" reg_code="5049691165"/>
<player seat="3" name="Th3M4gici4n2" chips="435" dealer="1" win="0" bet="5" muck="1" rebuy="0" addon="0" merge="0" rebuychips="0" reg_code="5049690794"/>
<player seat="6" name="Rakki" chips="384" dealer="0" win="95" bet="384" muck="1" rebuy="0" addon="0" merge="0" rebuychips="0" reg_code="5049691061"/>
</players>
</general>
<round no="0"><action no="1" player="Rakki" type="15" sum="5"/>
<action no="2" player="Alpha2016" type="15" discard="1" dealt="1" sum="5"/>
<action no="3" player="Th3M4gici4n2" type="15" discard="1" dealt="1" sum="5"/>
<action no="4" player="Rakki" type="1" sum="20"/>
<action no="5" player="Alpha2016" type="2" discard="1" dealt="1" sum="40"/>
</round>
<round no="1"><cards type="Pocket" player="Rakki">CK DJ</cards>
<cards type="Pocket" player="Alpha2016">X X</cards>
<cards type="Pocket" player="Th3M4gici4n2">X X</cards>
<action no="6" player="Th3M4gici4n2" type="0" discard="1" dealt="1" sum="0"/>
<action no="7" player="Rakki" type="23" sum="379"/>
<action no="8" player="Alpha2016" type="0" discard="1" dealt="1" sum="0"/>
</round>
</game>
<game gamecode="6437761414"><general><startdate>2025-07-25 21:57:46</startdate>
<round>1</round>
<failsafecounter/>
<players><player seat="3" name="Th3M4gici4n2" chips="430" dealer="0" win="55" bet="45" muck="1" rebuy="0" addon="0" merge="0" rebuychips="0" reg_code="5049690794"/>
<player seat="6" name="Rakki" chips="434" dealer="1" win="0" bet="5" muck="1" rebuy="0" addon="0" merge="0" rebuychips="0" reg_code="5049691061"/>
<player seat="10" name="Alpha2016" chips="636" dealer="0" win="0" bet="25" muck="1" rebuy="0" addon="0" merge="0" rebuychips="0" reg_code="5049691165"/>
</players>
</general>
<round no="0"><action no="1" player="Alpha2016" type="15" discard="1" dealt="1" sum="5"/>
<action no="2" player="Th3M4gici4n2" type="15" discard="1" dealt="1" sum="5"/>
<action no="3" player="Rakki" type="15" sum="5"/>
<action no="4" player="Alpha2016" type="1" discard="1" dealt="1" sum="20"/>
<action no="5" player="Th3M4gici4n2" type="2" discard="1" dealt="1" sum="40"/>
</round>
<round no="1"><cards type="Pocket" player="Th3M4gici4n2">X X</cards>
<cards type="Pocket" player="Alpha2016">X X</cards>
<cards type="Pocket" player="Rakki">D9 S6</cards>
<action no="6" player="Rakki" type="0" sum="0"/>
<action no="7" player="Alpha2016" type="0" discard="1" dealt="1" sum="0"/>
</round>
</game>
<game gamecode="6437761425"><general><startdate>2025-07-25 21:57:54</startdate>
<round>1</round>
<failsafecounter/>
<players><player seat="6" name="Rakki" chips="429" dealer="0" win="0" bet="45" muck="1" rebuy="0" addon="0" merge="0" rebuychips="0" reg_code="5049691061"/>
<player seat="10" name="Alpha2016" chips="611" dealer="1" win="215" bet="125" muck="1" rebuy="0" addon="0" merge="0" rebuychips="0" reg_code="5049691165"/>
<player seat="3" name="Th3M4gici4n2" chips="460" dealer="0" win="0" bet="85" muck="1" rebuy="0" addon="0" merge="0" rebuychips="0" reg_code="5049690794"/>
</players>
</general>
<round no="0"><action no="1" player="Th3M4gici4n2" type="15" discard="1" dealt="1" sum="5"/>
<action no="2" player="Rakki" type="15" sum="5"/>
<action no="3" player="Alpha2016" type="15" discard="1" dealt="1" sum="5"/>
<action no="4" player="Th3M4gici4n2" type="1" discard="1" dealt="1" sum="20"/>
<action no="5" player="Rakki" type="2" sum="40"/>
</round>
<round no="1"><cards type="Pocket" player="Alpha2016">X X</cards>
<cards type="Pocket" player="Th3M4gici4n2">X X</cards>
<cards type="Pocket" player="Rakki">C10 S3</cards>
<action no="6" player="Alpha2016" type="3" discard="1" dealt="1" sum="40"/>
<action no="7" player="Th3M4gici4n2" type="3" discard="1" dealt="1" sum="20"/>
<action no="8" player="Rakki" type="4" sum="0"/>
</round>
<round no="2"><cards type="Flop">DQ SJ H6</cards>
<action no="9" player="Th3M4gici4n2" type="4" discard="1" dealt="1" sum="0"/>
<action no="10" player="Rakki" type="4" sum="0"/>
<action no="11" player="Alpha2016" type="5" discard="1" dealt="1" sum="40"/>
<action no="12" player="Th3M4gici4n2" type="3" discard="1" dealt="1" sum="40"/>
<action no="13" player="Rakki" type="0" sum="0"/>
</round>
<round no="3"><cards type="Turn">D9</cards>
<action no="14" player="Th3M4gici4n2" type="4" discard="1" dealt="1" sum="0"/>
<action no="15" player="Alpha2016" type="5" discard="1" dealt="1" sum="40"/>
<action no="16" player="Th3M4gici4n2" type="0" discard="1" dealt="1" sum="0"/>
</round>
</game>
<game gamecode="6437761471"><general><startdate>2025-07-25 21:58:28</startdate>
<round>1</round>
<failsafecounter/>
<players><player seat="10" name="Alpha2016" chips="741" dealer="0" win="0" bet="65" muck="1" rebuy="0" addon="0" merge="0" rebuychips="0" reg_code="5049691165"/>
<player seat="3" name="Th3M4gici4n2" chips="375" dealer="1" win="815" bet="375" muck="0" rebuy="0" addon="0" merge="0" rebuychips="0" reg_code="5049690794"/>
<player seat="6" name="Rakki" chips="384" dealer="0" win="0" bet="384" muck="1" rebuy="0" addon="0" merge="0" rebuychips="0" reg_code="5049691061"/>
</players>
</general>
<round no="0"><action no="1" player="Rakki" type="15" sum="5"/>
<action no="2" player="Alpha2016" type="15" discard="1" dealt="1" sum="5"/>
<action no="3" player="Th3M4gici4n2" type="15" discard="1" dealt="1" sum="5"/>
<action no="4" player="Rakki" type="1" sum="30"/>
<action no="5" player="Alpha2016" type="2" discard="1" dealt="1" sum="60"/>
</round>
<round no="1"><cards type="Pocket" player="Alpha2016">X X</cards>
<cards type="Pocket" player="Th3M4gici4n2">CJ C7</cards>
<cards type="Pocket" player="Rakki">S4 CA</cards>
<action no="6" player="Th3M4gici4n2" type="23" discard="1" dealt="1" sum="370"/>
<action no="7" player="Rakki" type="7" sum="349"/>
<action no="8" player="Alpha2016" type="0" discard="1" dealt="1" sum="0"/>
</round>
<round no="2"><cards type="Flop">D10 H7 H2</cards>
</round>
<round no="3"><cards type="Turn">H5</cards>
</round>
<round no="4"><cards type="River">C10</cards>
</round>
</game>
<game gamecode="6437761495"><general><startdate>2025-07-25 21:58:48</startdate>
<round>1</round>
<failsafecounter/>
<players><player seat="3" name="Th3M4gici4n2" chips="815" dealer="0" win="0" bet="125" muck="1" rebuy="0" addon="0" merge="0" rebuychips="0" reg_code="5049690794"/>
<player seat="6" name="Rakki" chips="9" dealer="1" win="0" bet="9" muck="0" rebuy="0" addon="0" merge="0" rebuychips="0" reg_code="5049691061"/>
<player seat="10" name="Alpha2016" chips="676" dealer="0" win="259" bet="306" muck="0" rebuy="0" addon="0" merge="0" rebuychips="0" reg_code="5049691165"/>
</players>
</general>
<round no="0"><action no="1" player="Alpha2016" type="15" discard="1" dealt="1" sum="5"/>
<action no="2" player="Th3M4gici4n2" type="15" discard="1" dealt="1" sum="5"/>
<action no="3" player="Rakki" type="15" sum="5"/>
<action no="4" player="Alpha2016" type="1" discard="1" dealt="1" sum="30"/>
<action no="5" player="Th3M4gici4n2" type="2" discard="1" dealt="1" sum="60"/>
</round>
<round no="1"><cards type="Pocket" player="Th3M4gici4n2">X X</cards>
<cards type="Pocket" player="Rakki">H3 C4</cards>
<cards type="Pocket" player="Alpha2016">SJ D6</cards>
<action no="6" player="Rakki" type="7" sum="4"/>
<action no="7" player="Alpha2016" type="3" discard="1" dealt="1" sum="30"/>
<action no="8" player="Th3M4gici4n2" type="4" discard="1" dealt="1" sum="0"/>
</round>
<round no="2"><cards type="Flop">DJ D3 C9</cards>
<action no="9" player="Alpha2016" type="5" discard="1" dealt="1" sum="60"/>
<action no="10" player="Th3M4gici4n2" type="3" discard="1" dealt="1" sum="60"/>
</round>
<round no="3"><cards type="Turn">H6</cards>
<action no="11" player="Alpha2016" type="5" discard="1" dealt="1" sum="181"/>
<action no="12" player="Th3M4gici4n2" type="0" discard="1" dealt="1" sum="0"/>
</round>
<round no="4"><cards type="River">SK</cards>
</round>
</game>
</session>
