<?xml version="1.0" encoding="UTF-8"?>
<session sessioncode="5049119528">
<general>
<client_version>25.1.1.16</client_version>
<mode>real</mode>
<gametype>Holdem NL</gametype>
<tablename>Twister €50 SNG, 814456187</tablename>
<tournamentcode>814456185</tournamentcode>
<tournamentname>Twister €50 SNG</tournamentname>
<buyin>€0 + €3.50 + €46.50</buyin>
<totalbuyin>€50</totalbuyin>
<rewarddrawn>€100</rewarddrawn>
<tournamentcurrency>EUR</tournamentcurrency>
<currency>EUR</currency>
<nickname>Rakki</nickname>
<gamecount>20</gamecount>
<startdate>2025-07-22 23:31:37</startdate>
<place>2</place>
<win>€0</win>
<tablesize>3</tablesize>
</general>
<game gamecode="6435475613"><general><startdate>2025-07-22 23:31:53</startdate>
<round>1</round>
<failsafecounter/>
<players><player seat="6" name="lolllli" chips="500" dealer="0" win="200" bet="240" muck="1" rebuy="0" addon="0" merge="0" rebuychips="0" reg_code="5049119479"/>
<player seat="10" name="Rakki" chips="500" dealer="1" win="0" bet="0" muck="1" rebuy="0" addon="0" merge="0" rebuychips="0" reg_code="5049119528"/>
<player seat="3" name="ChiamamiG" chips="500" dealer="0" win="0" bet="100" muck="1" rebuy="0" addon="0" merge="0" rebuychips="0" reg_code="5049119463"/>
</players>
</general>
<round no="0"><action no="1" player="ChiamamiG" type="1" discard="1" dealt="1" sum="10"/>
<action no="2" player="lolllli" type="2" discard="1" dealt="1" sum="20"/>
</round>
<round no="1"><cards type="Pocket" player="Rakki">C5 S6</cards>
<cards type="Pocket" player="lolllli">X X</cards>
<cards type="Pocket" player="ChiamamiG">X X</cards>
<action no="3" player="Rakki" type="0" sum="0"/>
<action no="4" player="ChiamamiG" type="3" discard="1" dealt="1" sum="10"/>
<action no="5" player="lolllli" type="4" discard="1" dealt="1" sum="0"/>
</round>
<round no="2"><cards type="Flop">C8 H10 CQ</cards>
<action no="6" player="ChiamamiG" type="5" discard="1" dealt="1" sum="20"/>
<action no="7" player="lolllli" type="3" discard="1" dealt="1" sum="20"/>
</round>
<round no="3"><cards type="Turn">HK</cards>
<action no="8" player="ChiamamiG" type="5" discard="1" dealt="1" sum="60"/>
<action no="9" player="lolllli" type="3" discard="1" dealt="1" sum="60"/>
</round>
<round no="4"><cards type="River">HA</cards>
<action no="10" player="ChiamamiG" type="4" discard="1" dealt="1" sum="0"/>
<action no="11" player="lolllli" type="5" discard="1" dealt="1" sum="140"/>
<action no="12" player="ChiamamiG" type="0" discard="1" dealt="1" sum="0"/>
</round>
</game>
<game gamecode="6435475719"><general><startdate>2025-07-22 23:32:53</startdate>
<round>1</round>
<failsafecounter/>
<players><player seat="10" name="Rakki" chips="500" dealer="0" win="0" bet="80" muck="1" rebuy="0" addon="0" merge="0" rebuychips="0" reg_code="5049119528"/>
<player seat="3" name="ChiamamiG" chips="400" dealer="1" win="0" bet="0" muck="1" rebuy="0" addon="0" merge="0" rebuychips="0" reg_code="5049119463"/>
<player seat="6" name="lolllli" chips="600" dealer="0" win="160" bet="80" muck="0" rebuy="0" addon="0" merge="0" rebuychips="0" reg_code="5049119479"/>
</players>
</general>
<round no="0"><action no="1" player="lolllli" type="1" discard="1" dealt="1" sum="10"/>
<action no="2" player="Rakki" type="2" sum="20"/>
</round>
<round no="1"><cards type="Pocket" player="ChiamamiG">X X</cards>
<cards type="Pocket" player="Rakki">D10 SA</cards>
<cards type="Pocket" player="lolllli">C4 CQ</cards>
<action no="3" player="ChiamamiG" type="0" discard="1" dealt="1" sum="0"/>
<action no="4" player="lolllli" type="3" discard="1" dealt="1" sum="10"/>
<action no="5" player="Rakki" type="23" sum="60"/>
<action no="6" player="lolllli" type="3" discard="1" dealt="1" sum="40"/>
</round>
<round no="2"><cards type="Flop">D2 SJ S6</cards>
<action no="7" player="lolllli" type="4" discard="1" dealt="1" sum="0"/>
<action no="8" player="Rakki" type="4" sum="0"/>
</round>
<round no="3"><cards type="Turn">S4</cards>
<action no="9" player="lolllli" type="4" discard="1" dealt="1" sum="0"/>
<action no="10" player="Rakki" type="4" sum="0"/>
</round>
<round no="4"><cards type="River">H2</cards>
<action no="11" player="lolllli" type="5" discard="1" dealt="1" sum="20"/>
<action no="12" player="Rakki" type="3" sum="20"/>
</round>
</game>
<game gamecode="6435475761"><general><startdate>2025-07-22 23:33:20</startdate>
<round>1</round>
<failsafecounter/>
<players><player seat="3" name="ChiamamiG" chips="400" dealer="0" win="0" bet="130" muck="1" rebuy="0" addon="0" merge="0" rebuychips="0" reg_code="5049119463"/>
<player seat="6" name="lolllli" chips="680" dealer="1" win="280" bet="680" muck="1" rebuy="0" addon="0" merge="0" rebuychips="0" reg_code="5049119479"/>
<player seat="10" name="Rakki" chips="420" dealer="0" win="0" bet="20" muck="1" rebuy="0" addon="0" merge="0" rebuychips="0" reg_code="5049119528"/>
</players>
</general>
<round no="0"><action no="1" player="Rakki" type="1" sum="10"/>
<action no="2" player="ChiamamiG" type="2" discard="1" dealt="1" sum="20"/>
</round>
<round no="1"><cards type="Pocket" player="ChiamamiG">X X</cards>
<cards type="Pocket" player="lolllli">X X</cards>
<cards type="Pocket" player="Rakki">DA C2</cards>
<action no="3" player="lolllli" type="3" discard="1" dealt="1" sum="20"/>
<action no="4" player="Rakki" type="3" sum="10"/>
<action no="5" player="ChiamamiG" type="23" discard="1" dealt="1" sum="60"/>
<action no="6" player="lolllli" type="3" discard="1" dealt="1" sum="40"/>
<action no="7" player="Rakki" type="0" sum="0"/>
</round>
<round no="2"><cards type="Flop">HQ H6 S9</cards>
<action no="8" player="ChiamamiG" type="4" discard="1" dealt="1" sum="0"/>
<action no="9" player="lolllli" type="4" discard="1" dealt="1" sum="0"/>
</round>
<round no="3"><cards type="Turn">CQ</cards>
<action no="10" player="ChiamamiG" type="5" discard="1" dealt="1" sum="70"/>
<action no="11" player="lolllli" type="3" discard="1" dealt="1" sum="70"/>
</round>
<round no="4"><cards type="River">D5</cards>
<action no="12" player="ChiamamiG" type="4" discard="1" dealt="1" sum="0"/>
<action no="13" player="lolllli" type="5" discard="1" dealt="1" sum="550"/>
<action no="14" player="ChiamamiG" type="0" discard="1" dealt="1" sum="0"/>
</round>
</game>
<game gamecode="6435475866"><general><startdate>2025-07-22 23:34:23</startdate>
<round>1</round>
<failsafecounter/>
<players><player seat="6" name="lolllli" chips="830" dealer="0" win="0" bet="35" muck="1" rebuy="0" addon="0" merge="0" rebuychips="0" reg_code="5049119479"/>
<player seat="10" name="Rakki" chips="400" dealer="1" win="0" bet="5" muck="1" rebuy="0" addon="0" merge="0" rebuychips="0" reg_code="5049119528"/>
<player seat="3" name="ChiamamiG" chips="270" dealer="0" win="75" bet="65" muck="1" rebuy="0" addon="0" merge="0" rebuychips="0" reg_code="5049119463"/>
</players>
</general>
<round no="0"><action no="1" player="ChiamamiG" type="15" discard="1" dealt="1" sum="5"/>
<action no="2" player="lolllli" type="15" discard="1" dealt="1" sum="5"/>
<action no="3" player="Rakki" type="15" sum="5"/>
<action no="4" player="ChiamamiG" type="1" discard="1" dealt="1" sum="15"/>
<action no="5" player="lolllli" type="2" discard="1" dealt="1" sum="30"/>
</round>
<round no="1"><cards type="Pocket" player="Rakki">HK D2</cards>
<cards type="Pocket" player="ChiamamiG">X X</cards>
<cards type="Pocket" player="lolllli">X X</cards>
<action no="6" player="Rakki" type="0" sum="0"/>
<action no="7" player="ChiamamiG" type="3" discard="1" dealt="1" sum="15"/>
<action no="8" player="lolllli" type="4" discard="1" dealt="1" sum="0"/>
</round>
<round no="2"><cards type="Flop">D4 S4 SJ</cards>
<action no="9" player="ChiamamiG" type="5" discard="1" dealt="1" sum="30"/>
<action no="10" player="lolllli" type="0" discard="1" dealt="1" sum="0"/>
</round>
</game>
<game gamecode="6435475913"><general><startdate>2025-07-22 23:34:58</startdate>
<round>1</round>
<failsafecounter/>
<players><player seat="10" name="Rakki" chips="395" dealer="0" win="75" bet="72" muck="1" rebuy="0" addon="0" merge="0" rebuychips="0" reg_code="5049119528"/>
<player seat="3" name="ChiamamiG" chips="310" dealer="1" win="0" bet="5" muck="1" rebuy="0" addon="0" merge="0" rebuychips="0" reg_code="5049119463"/>
<player seat="6" name="lolllli" chips="795" dealer="0" win="0" bet="35" muck="1" rebuy="0" addon="0" merge="0" rebuychips="0" reg_code="5049119479"/>
</players>
</general>
<round no="0"><action no="1" player="lolllli" type="15" discard="1" dealt="1" sum="5"/>
<action no="2" player="Rakki" type="15" sum="5"/>
<action no="3" player="ChiamamiG" type="15" discard="1" dealt="1" sum="5"/>
<action no="4" player="lolllli" type="1" discard="1" dealt="1" sum="15"/>
<action no="5" player="Rakki" type="2" sum="30"/>
</round>
<round no="1"><cards type="Pocket" player="ChiamamiG">X X</cards>
<cards type="Pocket" player="Rakki">D5 C9</cards>
<cards type="Pocket" player="lolllli">X X</cards>
<action no="6" player="ChiamamiG" type="0" discard="1" dealt="1" sum="0"/>
<action no="7" player="lolllli" type="3" discard="1" dealt="1" sum="15"/>
<action no="8" player="Rakki" type="4" sum="0"/>
</round>
<round no="2"><cards type="Flop">S2 C8 CK</cards>
<action no="9" player="lolllli" type="4" discard="1" dealt="1" sum="0"/>
<action no="10" player="Rakki" type="4" sum="0"/>
</round>
<round no="3"><cards type="Turn">D8</cards>
<action no="11" player="lolllli" type="4" discard="1" dealt="1" sum="0"/>
<action no="12" player="Rakki" type="4" sum="0"/>
</round>
<round no="4"><cards type="River">DQ</cards>
<action no="13" player="lolllli" type="4" discard="1" dealt="1" sum="0"/>
<action no="14" player="Rakki" type="5" sum="37"/>
<action no="15" player="lolllli" type="0" discard="1" dealt="1" sum="0"/>
</round>
</game>
<game gamecode="6435475969"><general><startdate>2025-07-22 23:35:43</startdate>
<round>1</round>
<failsafecounter/>
<players><player seat="3" name="ChiamamiG" chips="305" dealer="0" win="0" bet="45" muck="1" rebuy="0" addon="0" merge="0" rebuychips="0" reg_code="5049119463"/>
<player seat="6" name="lolllli" chips="760" dealer="1" win="115" bet="760" muck="1" rebuy="0" addon="0" merge="0" rebuychips="0" reg_code="5049119479"/>
<player seat="10" name="Rakki" chips="435" dealer="0" win="0" bet="25" muck="1" rebuy="0" addon="0" merge="0" rebuychips="0" reg_code="5049119528"/>
</players>
</general>
<round no="0"><action no="1" player="Rakki" type="15" sum="5"/>
<action no="2" player="ChiamamiG" type="15" discard="1" dealt="1" sum="5"/>
<action no="3" player="lolllli" type="15" discard="1" dealt="1" sum="5"/>
<action no="4" player="Rakki" type="1" sum="20"/>
<action no="5" player="ChiamamiG" type="2" discard="1" dealt="1" sum="40"/>
</round>
<round no="1"><cards type="Pocket" player="Rakki">D5 H9</cards>
<cards type="Pocket" player="ChiamamiG">X X</cards>
<cards type="Pocket" player="lolllli">X X</cards>
<action no="6" player="lolllli" type="23" discard="1" dealt="1" sum="755"/>
<action no="7" player="Rakki" type="0" sum="0"/>
<action no="8" player="ChiamamiG" type="0" discard="1" dealt="1" sum="0"/>
</round>
</game>
<game gamecode="6435475991"><general><startdate>2025-07-22 23:35:58</startdate>
<round>1</round>
<failsafecounter/>
<players><player seat="6" name="lolllli" chips="830" dealer="0" win="0" bet="45" muck="1" rebuy="0" addon="0" merge="0" rebuychips="0" reg_code="5049119479"/>
<player seat="10" name="Rakki" chips="410" dealer="1" win="115" bet="410" muck="1" rebuy="0" addon="0" merge="0" rebuychips="0" reg_code="5049119528"/>
<player seat="3" name="ChiamamiG" chips="260" dealer="0" win="0" bet="25" muck="1" rebuy="0" addon="0" merge="0" rebuychips="0" reg_code="5049119463"/>
</players>
</general>
<round no="0"><action no="1" player="ChiamamiG" type="15" discard="1" dealt="1" sum="5"/>
<action no="2" player="lolllli" type="15" discard="1" dealt="1" sum="5"/>
<action no="3" player="Rakki" type="15" sum="5"/>
<action no="4" player="ChiamamiG" type="1" discard="1" dealt="1" sum="20"/>
<action no="5" player="lolllli" type="2" discard="1" dealt="1" sum="40"/>
</round>
<round no="1"><cards type="Pocket" player="lolllli">X X</cards>
<cards type="Pocket" player="Rakki">SA HQ</cards>
<cards type="Pocket" player="ChiamamiG">X X</cards>
<action no="6" player="Rakki" type="23" sum="405"/>
<action no="7" player="ChiamamiG" type="0" discard="1" dealt="1" sum="0"/>
<action no="8" player="lolllli" type="0" discard="1" dealt="1" sum="0"/>
</round>
</game>
<game gamecode="6435476012"><general><startdate>2025-07-22 23:36:10</startdate>
<round>1</round>
<failsafecounter/>
<players><player seat="10" name="Rakki" chips="480" dealer="0" win="0" bet="45" muck="1" rebuy="0" addon="0" merge="0" rebuychips="0" reg_code="5049119528"/>
<player seat="3" name="ChiamamiG" chips="235" dealer="1" win="0" bet="5" muck="1" rebuy="0" addon="0" merge="0" rebuychips="0" reg_code="5049119463"/>
<player seat="6" name="lolllli" chips="785" dealer="0" win="95" bet="85" muck="1" rebuy="0" addon="0" merge="0" rebuychips="0" reg_code="5049119479"/>
</players>
</general>
<round no="0"><action no="1" player="lolllli" type="15" discard="1" dealt="1" sum="5"/>
<action no="2" player="Rakki" type="15" sum="5"/>
<action no="3" player="ChiamamiG" type="15" discard="1" dealt="1" sum="5"/>
<action no="4" player="lolllli" type="1" discard="1" dealt="1" sum="20"/>
<action no="5" player="Rakki" type="2" sum="40"/>
</round>
<round no="1"><cards type="Pocket" player="lolllli">X X</cards>
<cards type="Pocket" player="ChiamamiG">X X</cards>
<cards type="Pocket" player="Rakki">DK D6</cards>
<action no="6" player="ChiamamiG" type="0" discard="1" dealt="1" sum="0"/>
<action no="7" player="lolllli" type="3" discard="1" dealt="1" sum="20"/>
<action no="8" player="Rakki" type="4" sum="0"/>
</round>
<round no="2"><cards type="Flop">C2 HA S10</cards>
<action no="9" player="lolllli" type="5" discard="1" dealt="1" sum="40"/>
<action no="10" player="Rakki" type="0" sum="0"/>
</round>
</game>
<game gamecode="6435476040"><general><startdate>2025-07-22 23:36:31</startdate>
<round>1</round>
<failsafecounter/>
<players><player seat="3" name="ChiamamiG" chips="230" dealer="0" win="55" bet="45" muck="1" rebuy="0" addon="0" merge="0" rebuychips="0" reg_code="5049119463"/>
<player seat="6" name="lolllli" chips="835" dealer="1" win="0" bet="5" muck="1" rebuy="0" addon="0" merge="0" rebuychips="0" reg_code="5049119479"/>
<player seat="10" name="Rakki" chips="435" dealer="0" win="0" bet="25" muck="1" rebuy="0" addon="0" merge="0" rebuychips="0" reg_code="5049119528"/>
</players>
</general>
<round no="0"><action no="1" player="Rakki" type="15" sum="5"/>
<action no="2" player="ChiamamiG" type="15" discard="1" dealt="1" sum="5"/>
<action no="3" player="lolllli" type="15" discard="1" dealt="1" sum="5"/>
<action no="4" player="Rakki" type="1" sum="20"/>
<action no="5" player="ChiamamiG" type="2" discard="1" dealt="1" sum="40"/>
</round>
<round no="1"><cards type="Pocket" player="Rakki">C10 D4</cards>
<cards type="Pocket" player="ChiamamiG">X X</cards>
<cards type="Pocket" player="lolllli">X X</cards>
<action no="6" player="lolllli" type="0" discard="1" dealt="1" sum="0"/>
<action no="7" player="Rakki" type="0" sum="0"/>
</round>
</game>
<game gamecode="6435476065"><general><startdate>2025-07-22 23:36:45</startdate>
<round>1</round>
<failsafecounter/>
<players><player seat="6" name="lolllli" chips="830" dealer="0" win="525" bet="260" muck="0" rebuy="0" addon="0" merge="0" rebuychips="0" reg_code="5049119479"/>
<player seat="10" name="Rakki" chips="410" dealer="1" win="0" bet="5" muck="1" rebuy="0" addon="0" merge="0" rebuychips="0" reg_code="5049119528"/>
<player seat="3" name="ChiamamiG" chips="260" dealer="0" win="0" bet="260" muck="0" rebuy="0" addon="0" merge="0" rebuychips="0" reg_code="5049119463"/>
</players>
</general>
<round no="0"><action no="1" player="ChiamamiG" type="15" discard="1" dealt="1" sum="5"/>
<action no="2" player="lolllli" type="15" discard="1" dealt="1" sum="5"/>
<action no="3" player="Rakki" type="15" sum="5"/>
<action no="4" player="ChiamamiG" type="1" discard="1" dealt="1" sum="20"/>
<action no="5" player="lolllli" type="2" discard="1" dealt="1" sum="40"/>
</round>
<round no="1"><cards type="Pocket" player="ChiamamiG">HA S7</cards>
<cards type="Pocket" player="lolllli">C8 DA</cards>
<cards type="Pocket" player="Rakki">C5 SJ</cards>
<action no="6" player="Rakki" type="0" sum="0"/>
<action no="7" player="ChiamamiG" type="23" discard="1" dealt="1" sum="255"/>
<action no="8" player="lolllli" type="3" discard="1" dealt="1" sum="215"/>
</round>
<round no="2"><cards type="Flop">D10 D6 C3</cards>
</round>
<round no="3"><cards type="Turn">D4</cards>
</round>
<round no="4"><cards type="River">D7</cards>
</round>
</game>
<game gamecode="6435476109"><general><startdate>2025-07-22 23:37:11</startdate>
<round>1</round>
<failsafecounter/>
<players><player seat="10" name="Rakki" chips="405" dealer="0" win="130" bet="405" muck="1" rebuy="0" addon="0" merge="0" rebuychips="0" reg_code="5049119528"/>
<player seat="6" name="lolllli" chips="1,095" dealer="1" win="0" bet="65" muck="1" rebuy="0" addon="0" merge="0" rebuychips="0" reg_code="5049119479"/>
</players>
</general>
<round no="0"><action no="1" player="lolllli" type="15" discard="1" dealt="1" sum="5"/>
<action no="2" player="Rakki" type="15" sum="5"/>
<action no="3" player="lolllli" type="1" discard="1" dealt="1" sum="30"/>
<action no="4" player="Rakki" type="2" sum="60"/>
</round>
<round no="1"><cards type="Pocket" player="Rakki">S8 CK</cards>
<cards type="Pocket" player="lolllli">X X</cards>
<action no="5" player="lolllli" type="3" discard="1" dealt="1" sum="30"/>
<action no="6" player="Rakki" type="23" sum="400"/>
<action no="7" player="lolllli" type="0" discard="1" dealt="1" sum="0"/>
</round>
</game>
<game gamecode="6435476138"><general><startdate>2025-07-22 23:37:24</startdate>
<round>1</round>
<failsafecounter/>
<players><player seat="6" name="lolllli" chips="1,030" dealer="0" win="130" bet="1,030" muck="1" rebuy="0" addon="0" merge="0" rebuychips="0" reg_code="5049119479"/>
<player seat="10" name="Rakki" chips="470" dealer="1" win="0" bet="65" muck="1" rebuy="0" addon="0" merge="0" rebuychips="0" reg_code="5049119528"/>
</players>
</general>
<round no="0"><action no="1" player="Rakki" type="15" sum="5"/>
<action no="2" player="lolllli" type="15" discard="1" dealt="1" sum="5"/>
<action no="3" player="Rakki" type="1" sum="30"/>
<action no="4" player="lolllli" type="2" discard="1" dealt="1" sum="60"/>
</round>
<round no="1"><cards type="Pocket" player="Rakki">S3 S6</cards>
<cards type="Pocket" player="lolllli">X X</cards>
<action no="5" player="Rakki" type="3" sum="30"/>
<action no="6" player="lolllli" type="23" discard="1" dealt="1" sum="1,025"/>
<action no="7" player="Rakki" type="0" sum="0"/>
</round>
</game>
<game gamecode="6435476160"><general><startdate>2025-07-22 23:37:35</startdate>
<round>1</round>
<failsafecounter/>
<players><player seat="10" name="Rakki" chips="405" dealer="0" win="0" bet="125" muck="1" rebuy="0" addon="0" merge="0" rebuychips="0" reg_code="5049119528"/>
<player seat="6" name="lolllli" chips="1,095" dealer="1" win="250" bet="1,095" muck="1" rebuy="0" addon="0" merge="0" rebuychips="0" reg_code="5049119479"/>
</players>
</general>
<round no="0"><action no="1" player="lolllli" type="15" discard="1" dealt="1" sum="5"/>
<action no="2" player="Rakki" type="15" sum="5"/>
<action no="3" player="lolllli" type="1" discard="1" dealt="1" sum="30"/>
<action no="4" player="Rakki" type="2" sum="60"/>
</round>
<round no="1"><cards type="Pocket" player="Rakki">H9 C3</cards>
<cards type="Pocket" player="lolllli">X X</cards>
<action no="5" player="lolllli" type="3" discard="1" dealt="1" sum="30"/>
<action no="6" player="Rakki" type="4" sum="0"/>
</round>
<round no="2"><cards type="Flop">HA S10 H6</cards>
<action no="7" player="Rakki" type="4" sum="0"/>
<action no="8" player="lolllli" type="4" discard="1" dealt="1" sum="0"/>
</round>
<round no="3"><cards type="Turn">C9</cards>
<action no="9" player="Rakki" type="4" sum="0"/>
<action no="10" player="lolllli" type="5" discard="1" dealt="1" sum="60"/>
<action no="11" player="Rakki" type="3" sum="60"/>
</round>
<round no="4"><cards type="River">C10</cards>
<action no="12" player="Rakki" type="4" sum="0"/>
<action no="13" player="lolllli" type="5" discard="1" dealt="1" sum="970"/>
<action no="14" player="Rakki" type="0" sum="0"/>
</round>
</game>
<game gamecode="6435476206"><general><startdate>2025-07-22 23:38:07</startdate>
<round>1</round>
<failsafecounter/>
<players><player seat="6" name="lolllli" chips="1,220" dealer="0" win="0" bet="65" muck="1" rebuy="0" addon="0" merge="0" rebuychips="0" reg_code="5049119479"/>
<player seat="10" name="Rakki" chips="280" dealer="1" win="130" bet="280" muck="1" rebuy="0" addon="0" merge="0" rebuychips="0" reg_code="5049119528"/>
</players>
</general>
<round no="0"><action no="1" player="Rakki" type="15" sum="5"/>
<action no="2" player="lolllli" type="15" discard="1" dealt="1" sum="5"/>
<action no="3" player="Rakki" type="1" sum="30"/>
<action no="4" player="lolllli" type="2" discard="1" dealt="1" sum="60"/>
</round>
<round no="1"><cards type="Pocket" player="Rakki">CJ H6</cards>
<cards type="Pocket" player="lolllli">X X</cards>
<action no="5" player="Rakki" type="23" sum="275"/>
<action no="6" player="lolllli" type="0" discard="1" dealt="1" sum="0"/>
</round>
</game>
<game gamecode="6435476233"><general><startdate>2025-07-22 23:38:19</startdate>
<round>1</round>
<failsafecounter/>
<players><player seat="10" name="Rakki" chips="345" dealer="0" win="0" bet="65" muck="1" rebuy="0" addon="0" merge="0" rebuychips="0" reg_code="5049119528"/>
<player seat="6" name="lolllli" chips="1,155" dealer="1" win="130" bet="1,155" muck="1" rebuy="0" addon="0" merge="0" rebuychips="0" reg_code="5049119479"/>
</players>
</general>
<round no="0"><action no="1" player="lolllli" type="15" discard="1" dealt="1" sum="5"/>
<action no="2" player="Rakki" type="15" sum="5"/>
<action no="3" player="lolllli" type="1" discard="1" dealt="1" sum="30"/>
<action no="4" player="Rakki" type="2" sum="60"/>
</round>
<round no="1"><cards type="Pocket" player="lolllli">X X</cards>
<cards type="Pocket" player="Rakki">S6 H4</cards>
<action no="5" player="lolllli" type="23" discard="1" dealt="1" sum="1,150"/>
<action no="6" player="Rakki" type="0" sum="0"/>
</round>
</game>
<game gamecode="6435476246"><general><startdate>2025-07-22 23:38:27</startdate>
<round>1</round>
<failsafecounter/>
<players><player seat="6" name="lolllli" chips="1,220" dealer="0" win="0" bet="65" muck="1" rebuy="0" addon="0" merge="0" rebuychips="0" reg_code="5049119479"/>
<player seat="10" name="Rakki" chips="280" dealer="1" win="130" bet="280" muck="1" rebuy="0" addon="0" merge="0" rebuychips="0" reg_code="5049119528"/>
</players>
</general>
<round no="0"><action no="1" player="Rakki" type="15" sum="5"/>
<action no="2" player="lolllli" type="15" discard="1" dealt="1" sum="5"/>
<action no="3" player="Rakki" type="1" sum="30"/>
<action no="4" player="lolllli" type="2" discard="1" dealt="1" sum="60"/>
</round>
<round no="1"><cards type="Pocket" player="lolllli">X X</cards>
<cards type="Pocket" player="Rakki">C3 CQ</cards>
<action no="5" player="Rakki" type="23" sum="275"/>
<action no="6" player="lolllli" type="0" discard="1" dealt="1" sum="0"/>
</round>
</game>
<game gamecode="6435476262"><general><startdate>2025-07-22 23:38:35</startdate>
<round>1</round>
<failsafecounter/>
<players><player seat="10" name="Rakki" chips="345" dealer="0" win="690" bet="345" muck="0" rebuy="0" addon="0" merge="0" rebuychips="0" reg_code="5049119528"/>
<player seat="6" name="lolllli" chips="1,155" dealer="1" win="0" bet="1,155" muck="1" rebuy="0" addon="0" merge="0" rebuychips="0" reg_code="5049119479"/>
</players>
</general>
<round no="0"><action no="1" player="lolllli" type="15" discard="1" dealt="1" sum="8"/>
<action no="2" player="Rakki" type="15" sum="8"/>
<action no="3" player="lolllli" type="1" discard="1" dealt="1" sum="40"/>
<action no="4" player="Rakki" type="2" sum="80"/>
</round>
<round no="1"><cards type="Pocket" player="lolllli">S3 CJ</cards>
<cards type="Pocket" player="Rakki">CQ DK</cards>
<action no="5" player="lolllli" type="23" discard="1" dealt="1" sum="1,147"/>
<action no="6" player="Rakki" type="7" sum="257"/>
</round>
<round no="2"><cards type="Flop">S10 H9 D10</cards>
</round>
<round no="3"><cards type="Turn">D7</cards>
</round>
<round no="4"><cards type="River">HK</cards>
</round>
</game>
<game gamecode="6435489661"><general><startdate>2025-07-22 23:38:51</startdate>
<round>1</round>
<failsafecounter/>
<players><player seat="6" name="lolllli" chips="810" dealer="0" win="0" bet="88" muck="1" rebuy="0" addon="0" merge="0" rebuychips="0" reg_code="5049119479"/>
<player seat="10" name="Rakki" chips="690" dealer="1" win="176" bet="690" muck="1" rebuy="0" addon="0" merge="0" rebuychips="0" reg_code="5049119528"/>
</players>
</general>
<round no="0"><action no="1" player="Rakki" type="15" sum="8"/>
<action no="2" player="lolllli" type="15" discard="1" dealt="1" sum="8"/>
<action no="3" player="Rakki" type="1" sum="40"/>
<action no="4" player="lolllli" type="2" discard="1" dealt="1" sum="80"/>
</round>
<round no="1"><cards type="Pocket" player="lolllli">X X</cards>
<cards type="Pocket" player="Rakki">DQ HJ</cards>
<action no="5" player="Rakki" type="23" sum="682"/>
<action no="6" player="lolllli" type="0" discard="1" dealt="1" sum="0"/>
</round>
</game>
<game gamecode="6435489680"><general><startdate>2025-07-22 23:38:59</startdate>
<round>1</round>
<failsafecounter/>
<players><player seat="10" name="Rakki" chips="778" dealer="0" win="0" bet="88" muck="1" rebuy="0" addon="0" merge="0" rebuychips="0" reg_code="5049119528"/>
<player seat="6" name="lolllli" chips="722" dealer="1" win="176" bet="722" muck="1" rebuy="0" addon="0" merge="0" rebuychips="0" reg_code="5049119479"/>
</players>
</general>
<round no="0"><action no="1" player="lolllli" type="15" discard="1" dealt="1" sum="8"/>
<action no="2" player="Rakki" type="15" sum="8"/>
<action no="3" player="lolllli" type="1" discard="1" dealt="1" sum="40"/>
<action no="4" player="Rakki" type="2" sum="80"/>
</round>
<round no="1"><cards type="Pocket" player="lolllli">X X</cards>
<cards type="Pocket" player="Rakki">H7 S9</cards>
<action no="5" player="lolllli" type="23" discard="1" dealt="1" sum="714"/>
<action no="6" player="Rakki" type="0" sum="0"/>
</round>
</game>
<game gamecode="6435489700"><general><startdate>2025-07-22 23:39:08</startdate>
<round>1</round>
<failsafecounter/>
<players><player seat="6" name="lolllli" chips="810" dealer="0" win="1,380" bet="690" muck="0" rebuy="0" addon="0" merge="0" rebuychips="0" reg_code="5049119479"/>
<player seat="10" name="Rakki" chips="690" dealer="1" win="0" bet="690" muck="0" rebuy="0" addon="0" merge="0" rebuychips="0" reg_code="5049119528"/>
</players>
</general>
<round no="0"><action no="1" player="Rakki" type="15" sum="8"/>
<action no="2" player="lolllli" type="15" discard="1" dealt="1" sum="8"/>
<action no="3" player="Rakki" type="1" sum="40"/>
<action no="4" player="lolllli" type="2" discard="1" dealt="1" sum="80"/>
</round>
<round no="1"><cards type="Pocket" player="lolllli">CA S9</cards>
<cards type="Pocket" player="Rakki">S5 DK</cards>
<action no="5" player="Rakki" type="23" sum="682"/>
<action no="6" player="lolllli" type="3" discard="1" dealt="1" sum="602"/>
</round>
<round no="2"><cards type="Flop">D9 CK D4</cards>
</round>
<round no="3"><cards type="Turn">HA</cards>
</round>
<round no="4"><cards type="River">DJ</cards>
</round>
</game>
</session>
