<?xml version="1.0" encoding="UTF-8"?>
<session sessioncode="5049120669">
<general>
<client_version>25.1.1.16</client_version>
<mode>real</mode>
<gametype>Holdem NL</gametype>
<tablename>Twister €50 SNG, 814456444</tablename>
<tournamentcode>814456443</tournamentcode>
<tournamentname>Twister €50 SNG</tournamentname>
<buyin>€0 + €3.50 + €46.50</buyin>
<totalbuyin>€50</totalbuyin>
<rewarddrawn>€100</rewarddrawn>
<tournamentcurrency>EUR</tournamentcurrency>
<currency>EUR</currency>
<nickname>Rakki</nickname>
<gamecount>15</gamecount>
<startdate>2025-07-22 23:37:11</startdate>
<place>1</place>
<win>€100</win>
<tablesize>3</tablesize>
</general>
<game gamecode="6435476142"><general><startdate>2025-07-22 23:37:26</startdate>
<round>1</round>
<failsafecounter/>
<players><player seat="6" name="Rakki" chips="500" dealer="0" win="0" bet="40" muck="1" rebuy="0" addon="0" merge="0" rebuychips="0" reg_code="5049120669"/>
<player seat="10" name="Panta19999" chips="500" dealer="1" win="90" bet="107" muck="1" rebuy="0" addon="0" merge="0" rebuychips="0" reg_code="5049120769"/>
<player seat="3" name="1Lmaestr0" chips="500" dealer="0" win="0" bet="10" muck="1" rebuy="0" addon="0" merge="0" rebuychips="0" reg_code="5049120342"/>
</players>
</general>
<round no="0"><action no="1" player="1Lmaestr0" type="1" discard="1" dealt="1" sum="10"/>
<action no="2" player="Rakki" type="2" sum="20"/>
</round>
<round no="1"><cards type="Pocket" player="1Lmaestr0">X X</cards>
<cards type="Pocket" player="Rakki">DK D6</cards>
<cards type="Pocket" player="Panta19999">X X</cards>
<action no="3" player="Panta19999" type="23" discard="1" dealt="1" sum="40"/>
<action no="4" player="1Lmaestr0" type="0" discard="1" dealt="1" sum="0"/>
<action no="5" player="Rakki" type="3" sum="20"/>
</round>
<round no="2"><cards type="Flop">C8 S4 D3</cards>
<action no="6" player="Rakki" type="4" sum="0"/>
<action no="7" player="Panta19999" type="5" discard="1" dealt="1" sum="67"/>
<action no="8" player="Rakki" type="0" sum="0"/>
</round>
</game>
<game gamecode="6435476192"><general><startdate>2025-07-22 23:37:55</startdate>
<round>1</round>
<failsafecounter/>
<players><player seat="10" name="Panta19999" chips="550" dealer="0" win="0" bet="20" muck="1" rebuy="0" addon="0" merge="0" rebuychips="0" reg_code="5049120769"/>
<player seat="3" name="1Lmaestr0" chips="490" dealer="1" win="50" bet="40" muck="1" rebuy="0" addon="0" merge="0" rebuychips="0" reg_code="5049120342"/>
<player seat="6" name="Rakki" chips="460" dealer="0" win="0" bet="10" muck="1" rebuy="0" addon="0" merge="0" rebuychips="0" reg_code="5049120669"/>
</players>
</general>
<round no="0"><action no="1" player="Rakki" type="1" sum="10"/>
<action no="2" player="Panta19999" type="2" discard="1" dealt="1" sum="20"/>
</round>
<round no="1"><cards type="Pocket" player="Rakki">C10 C6</cards>
<cards type="Pocket" player="1Lmaestr0">X X</cards>
<cards type="Pocket" player="Panta19999">X X</cards>
<action no="3" player="1Lmaestr0" type="23" discard="1" dealt="1" sum="40"/>
<action no="4" player="Rakki" type="0" sum="0"/>
<action no="5" player="Panta19999" type="0" discard="1" dealt="1" sum="0"/>
</round>
</game>
<game gamecode="6435476214"><general><startdate>2025-07-22 23:38:10</startdate>
<round>1</round>
<failsafecounter/>
<players><player seat="3" name="1Lmaestr0" chips="520" dealer="0" win="160" bet="150" muck="1" rebuy="0" addon="0" merge="0" rebuychips="0" reg_code="5049120342"/>
<player seat="6" name="Rakki" chips="450" dealer="1" win="0" bet="0" muck="1" rebuy="0" addon="0" merge="0" rebuychips="0" reg_code="5049120669"/>
<player seat="10" name="Panta19999" chips="530" dealer="0" win="0" bet="80" muck="1" rebuy="0" addon="0" merge="0" rebuychips="0" reg_code="5049120769"/>
</players>
</general>
<round no="0"><action no="1" player="Panta19999" type="1" discard="1" dealt="1" sum="10"/>
<action no="2" player="1Lmaestr0" type="2" discard="1" dealt="1" sum="20"/>
</round>
<round no="1"><cards type="Pocket" player="Panta19999">X X</cards>
<cards type="Pocket" player="1Lmaestr0">X X</cards>
<cards type="Pocket" player="Rakki">C10 H3</cards>
<action no="3" player="Rakki" type="0" sum="0"/>
<action no="4" player="Panta19999" type="23" discard="1" dealt="1" sum="50"/>
<action no="5" player="1Lmaestr0" type="3" discard="1" dealt="1" sum="30"/>
</round>
<round no="2"><cards type="Flop">D2 HK D5</cards>
<action no="6" player="Panta19999" type="5" discard="1" dealt="1" sum="30"/>
<action no="7" player="1Lmaestr0" type="23" discard="1" dealt="1" sum="100"/>
<action no="8" player="Panta19999" type="0" discard="1" dealt="1" sum="0"/>
</round>
</game>
<game gamecode="6435489660"><general><startdate>2025-07-22 23:38:49</startdate>
<round>1</round>
<failsafecounter/>
<players><player seat="6" name="Rakki" chips="450" dealer="0" win="20" bet="20" muck="1" rebuy="0" addon="0" merge="0" rebuychips="0" reg_code="5049120669"/>
<player seat="10" name="Panta19999" chips="450" dealer="1" win="0" bet="0" muck="1" rebuy="0" addon="0" merge="0" rebuychips="0" reg_code="5049120769"/>
<player seat="3" name="1Lmaestr0" chips="600" dealer="0" win="0" bet="10" muck="1" rebuy="0" addon="0" merge="0" rebuychips="0" reg_code="5049120342"/>
</players>
</general>
<round no="0"><action no="1" player="1Lmaestr0" type="1" discard="1" dealt="1" sum="10"/>
<action no="2" player="Rakki" type="2" sum="20"/>
</round>
<round no="1"><cards type="Pocket" player="Rakki">S2 CA</cards>
<cards type="Pocket" player="1Lmaestr0">X X</cards>
<cards type="Pocket" player="Panta19999">X X</cards>
<action no="3" player="Panta19999" type="0" discard="1" dealt="1" sum="0"/>
<action no="4" player="1Lmaestr0" type="0" discard="1" dealt="1" sum="0"/>
</round>
</game>
<game gamecode="6435489702"><general><startdate>2025-07-22 23:39:10</startdate>
<round>1</round>
<failsafecounter/>
<players><player seat="10" name="Panta19999" chips="450" dealer="0" win="0" bet="35" muck="1" rebuy="0" addon="0" merge="0" rebuychips="0" reg_code="5049120769"/>
<player seat="3" name="1Lmaestr0" chips="590" dealer="1" win="0" bet="5" muck="1" rebuy="0" addon="0" merge="0" rebuychips="0" reg_code="5049120342"/>
<player seat="6" name="Rakki" chips="460" dealer="0" win="75" bet="460" muck="1" rebuy="0" addon="0" merge="0" rebuychips="0" reg_code="5049120669"/>
</players>
</general>
<round no="0"><action no="1" player="Rakki" type="15" sum="5"/>
<action no="2" player="Panta19999" type="15" discard="1" dealt="1" sum="5"/>
<action no="3" player="1Lmaestr0" type="15" discard="1" dealt="1" sum="5"/>
<action no="4" player="Rakki" type="1" sum="15"/>
<action no="5" player="Panta19999" type="2" discard="1" dealt="1" sum="30"/>
</round>
<round no="1"><cards type="Pocket" player="1Lmaestr0">X X</cards>
<cards type="Pocket" player="Rakki">C2 S2</cards>
<cards type="Pocket" player="Panta19999">X X</cards>
<action no="6" player="1Lmaestr0" type="0" discard="1" dealt="1" sum="0"/>
<action no="7" player="Rakki" type="23" sum="455"/>
<action no="8" player="Panta19999" type="0" discard="1" dealt="1" sum="0"/>
</round>
</game>
<game gamecode="6435489724"><general><startdate>2025-07-22 23:39:24</startdate>
<round>1</round>
<failsafecounter/>
<players><player seat="3" name="1Lmaestr0" chips="585" dealer="0" win="835" bet="415" muck="0" rebuy="0" addon="0" merge="0" rebuychips="0" reg_code="5049120342"/>
<player seat="6" name="Rakki" chips="500" dealer="1" win="0" bet="5" muck="1" rebuy="0" addon="0" merge="0" rebuychips="0" reg_code="5049120669"/>
<player seat="10" name="Panta19999" chips="415" dealer="0" win="0" bet="415" muck="0" rebuy="0" addon="0" merge="0" rebuychips="0" reg_code="5049120769"/>
</players>
</general>
<round no="0"><action no="1" player="Panta19999" type="15" discard="1" dealt="1" sum="5"/>
<action no="2" player="1Lmaestr0" type="15" discard="1" dealt="1" sum="5"/>
<action no="3" player="Rakki" type="15" sum="5"/>
<action no="4" player="Panta19999" type="1" discard="1" dealt="1" sum="15"/>
<action no="5" player="1Lmaestr0" type="2" discard="1" dealt="1" sum="30"/>
</round>
<round no="1"><cards type="Pocket" player="1Lmaestr0">SJ CQ</cards>
<cards type="Pocket" player="Rakki">S3 C6</cards>
<cards type="Pocket" player="Panta19999">H7 H5</cards>
<action no="6" player="Rakki" type="0" sum="0"/>
<action no="7" player="Panta19999" type="23" discard="1" dealt="1" sum="410"/>
<action no="8" player="1Lmaestr0" type="3" discard="1" dealt="1" sum="380"/>
</round>
<round no="2"><cards type="Flop">S5 S2 SQ</cards>
</round>
<round no="3"><cards type="Turn">S6</cards>
</round>
<round no="4"><cards type="River">H6</cards>
</round>
</game>
<game gamecode="6435489766"><general><startdate>2025-07-22 23:39:44</startdate>
<round>1</round>
<failsafecounter/>
<players><player seat="6" name="Rakki" chips="495" dealer="0" win="0" bet="35" muck="1" rebuy="0" addon="0" merge="0" rebuychips="0" reg_code="5049120669"/>
<player seat="3" name="1Lmaestr0" chips="1,005" dealer="1" win="70" bet="80" muck="1" rebuy="0" addon="0" merge="0" rebuychips="0" reg_code="5049120342"/>
</players>
</general>
<round no="0"><action no="1" player="1Lmaestr0" type="15" discard="1" dealt="1" sum="5"/>
<action no="2" player="Rakki" type="15" sum="5"/>
<action no="3" player="1Lmaestr0" type="1" discard="1" dealt="1" sum="15"/>
<action no="4" player="Rakki" type="2" sum="30"/>
</round>
<round no="1"><cards type="Pocket" player="1Lmaestr0">X X</cards>
<cards type="Pocket" player="Rakki">HQ H8</cards>
<action no="5" player="1Lmaestr0" type="3" discard="1" dealt="1" sum="15"/>
<action no="6" player="Rakki" type="4" sum="0"/>
</round>
<round no="2"><cards type="Flop">DJ D10 D3</cards>
<action no="7" player="Rakki" type="4" sum="0"/>
<action no="8" player="1Lmaestr0" type="4" discard="1" dealt="1" sum="0"/>
</round>
<round no="3"><cards type="Turn">HJ</cards>
<action no="9" player="Rakki" type="4" sum="0"/>
<action no="10" player="1Lmaestr0" type="5" discard="1" dealt="1" sum="45"/>
<action no="11" player="Rakki" type="0" sum="0"/>
</round>
</game>
<game gamecode="6435489812"><general><startdate>2025-07-22 23:40:11</startdate>
<round>1</round>
<failsafecounter/>
<players><player seat="3" name="1Lmaestr0" chips="1,040" dealer="0" win="0" bet="65" muck="1" rebuy="0" addon="0" merge="0" rebuychips="0" reg_code="5049120342"/>
<player seat="6" name="Rakki" chips="460" dealer="1" win="130" bet="65" muck="0" rebuy="0" addon="0" merge="0" rebuychips="0" reg_code="5049120669"/>
</players>
</general>
<round no="0"><action no="1" player="Rakki" type="15" sum="5"/>
<action no="2" player="1Lmaestr0" type="15" discard="1" dealt="1" sum="5"/>
<action no="3" player="Rakki" type="1" sum="15"/>
<action no="4" player="1Lmaestr0" type="2" discard="1" dealt="1" sum="30"/>
</round>
<round no="1"><cards type="Pocket" player="1Lmaestr0">D6 DK</cards>
<cards type="Pocket" player="Rakki">CK SA</cards>
<action no="5" player="Rakki" type="23" sum="60"/>
<action no="6" player="1Lmaestr0" type="3" discard="1" dealt="1" sum="30"/>
</round>
<round no="2"><cards type="Flop">H8 D7 C3</cards>
<action no="7" player="1Lmaestr0" type="4" discard="1" dealt="1" sum="0"/>
<action no="8" player="Rakki" type="4" sum="0"/>
</round>
<round no="3"><cards type="Turn">HQ</cards>
<action no="9" player="1Lmaestr0" type="4" discard="1" dealt="1" sum="0"/>
<action no="10" player="Rakki" type="4" sum="0"/>
</round>
<round no="4"><cards type="River">H7</cards>
<action no="11" player="1Lmaestr0" type="4" discard="1" dealt="1" sum="0"/>
<action no="12" player="Rakki" type="4" sum="0"/>
</round>
</game>
<game gamecode="6435489875"><general><startdate>2025-07-22 23:40:47</startdate>
<round>1</round>
<failsafecounter/>
<players><player seat="6" name="Rakki" chips="525" dealer="0" win="0" bet="45" muck="1" rebuy="0" addon="0" merge="0" rebuychips="0" reg_code="5049120669"/>
<player seat="3" name="1Lmaestr0" chips="975" dealer="1" win="90" bet="45" muck="0" rebuy="0" addon="0" merge="0" rebuychips="0" reg_code="5049120342"/>
</players>
</general>
<round no="0"><action no="1" player="1Lmaestr0" type="15" discard="1" dealt="1" sum="5"/>
<action no="2" player="Rakki" type="15" sum="5"/>
<action no="3" player="1Lmaestr0" type="1" discard="1" dealt="1" sum="20"/>
<action no="4" player="Rakki" type="2" sum="40"/>
</round>
<round no="1"><cards type="Pocket" player="1Lmaestr0">DQ H3</cards>
<cards type="Pocket" player="Rakki">H4 H10</cards>
<action no="5" player="1Lmaestr0" type="3" discard="1" dealt="1" sum="20"/>
<action no="6" player="Rakki" type="4" sum="0"/>
</round>
<round no="2"><cards type="Flop">S6 C2 SK</cards>
<action no="7" player="Rakki" type="4" sum="0"/>
<action no="8" player="1Lmaestr0" type="4" discard="1" dealt="1" sum="0"/>
</round>
<round no="3"><cards type="Turn">CA</cards>
<action no="9" player="Rakki" type="4" sum="0"/>
<action no="10" player="1Lmaestr0" type="4" discard="1" dealt="1" sum="0"/>
</round>
<round no="4"><cards type="River">D2</cards>
<action no="11" player="Rakki" type="4" sum="0"/>
<action no="12" player="1Lmaestr0" type="4" discard="1" dealt="1" sum="0"/>
</round>
</game>
<game gamecode="6435489939"><general><startdate>2025-07-22 23:41:26</startdate>
<round>1</round>
<failsafecounter/>
<players><player seat="3" name="1Lmaestr0" chips="1,020" dealer="0" win="0" bet="45" muck="1" rebuy="0" addon="0" merge="0" rebuychips="0" reg_code="5049120342"/>
<player seat="6" name="Rakki" chips="480" dealer="1" win="90" bet="85" muck="1" rebuy="0" addon="0" merge="0" rebuychips="0" reg_code="5049120669"/>
</players>
</general>
<round no="0"><action no="1" player="Rakki" type="15" sum="5"/>
<action no="2" player="1Lmaestr0" type="15" discard="1" dealt="1" sum="5"/>
<action no="3" player="Rakki" type="1" sum="20"/>
<action no="4" player="1Lmaestr0" type="2" discard="1" dealt="1" sum="40"/>
</round>
<round no="1"><cards type="Pocket" player="Rakki">H7 C6</cards>
<cards type="Pocket" player="1Lmaestr0">X X</cards>
<action no="5" player="Rakki" type="3" sum="20"/>
<action no="6" player="1Lmaestr0" type="4" discard="1" dealt="1" sum="0"/>
</round>
<round no="2"><cards type="Flop">D3 CK C3</cards>
<action no="7" player="1Lmaestr0" type="4" discard="1" dealt="1" sum="0"/>
<action no="8" player="Rakki" type="5" sum="40"/>
<action no="9" player="1Lmaestr0" type="0" discard="1" dealt="1" sum="0"/>
</round>
</game>
<game gamecode="6435489983"><general><startdate>2025-07-22 23:41:52</startdate>
<round>1</round>
<failsafecounter/>
<players><player seat="6" name="Rakki" chips="525" dealer="0" win="274" bet="227" muck="1" rebuy="0" addon="0" merge="0" rebuychips="0" reg_code="5049120669"/>
<player seat="3" name="1Lmaestr0" chips="975" dealer="1" win="0" bet="137" muck="1" rebuy="0" addon="0" merge="0" rebuychips="0" reg_code="5049120342"/>
</players>
</general>
<round no="0"><action no="1" player="1Lmaestr0" type="15" discard="1" dealt="1" sum="5"/>
<action no="2" player="Rakki" type="15" sum="5"/>
<action no="3" player="1Lmaestr0" type="1" discard="1" dealt="1" sum="20"/>
<action no="4" player="Rakki" type="2" sum="40"/>
</round>
<round no="1"><cards type="Pocket" player="1Lmaestr0">X X</cards>
<cards type="Pocket" player="Rakki">C9 C5</cards>
<action no="5" player="1Lmaestr0" type="3" discard="1" dealt="1" sum="20"/>
<action no="6" player="Rakki" type="4" sum="0"/>
</round>
<round no="2"><cards type="Flop">SA C4 D4</cards>
<action no="7" player="Rakki" type="4" sum="0"/>
<action no="8" player="1Lmaestr0" type="5" discard="1" dealt="1" sum="40"/>
<action no="9" player="Rakki" type="23" sum="92"/>
<action no="10" player="1Lmaestr0" type="3" discard="1" dealt="1" sum="52"/>
</round>
<round no="3"><cards type="Turn">CJ</cards>
<action no="11" player="Rakki" type="5" sum="90"/>
<action no="12" player="1Lmaestr0" type="0" discard="1" dealt="1" sum="0"/>
</round>
</game>
<game gamecode="6435490037"><general><startdate>2025-07-22 23:42:23</startdate>
<round>1</round>
<failsafecounter/>
<players><player seat="3" name="1Lmaestr0" chips="838" dealer="0" win="0" bet="85" muck="1" rebuy="0" addon="0" merge="0" rebuychips="0" reg_code="5049120342"/>
<player seat="6" name="Rakki" chips="662" dealer="1" win="170" bet="85" muck="0" rebuy="0" addon="0" merge="0" rebuychips="0" reg_code="5049120669"/>
</players>
</general>
<round no="0"><action no="1" player="Rakki" type="15" sum="5"/>
<action no="2" player="1Lmaestr0" type="15" discard="1" dealt="1" sum="5"/>
<action no="3" player="Rakki" type="1" sum="20"/>
<action no="4" player="1Lmaestr0" type="2" discard="1" dealt="1" sum="40"/>
</round>
<round no="1"><cards type="Pocket" player="1Lmaestr0">H7 HJ</cards>
<cards type="Pocket" player="Rakki">C9 H10</cards>
<action no="5" player="Rakki" type="3" sum="20"/>
<action no="6" player="1Lmaestr0" type="4" discard="1" dealt="1" sum="0"/>
</round>
<round no="2"><cards type="Flop">DK C10 HA</cards>
<action no="7" player="1Lmaestr0" type="4" discard="1" dealt="1" sum="0"/>
<action no="8" player="Rakki" type="5" sum="40"/>
<action no="9" player="1Lmaestr0" type="3" discard="1" dealt="1" sum="40"/>
</round>
<round no="3"><cards type="Turn">H3</cards>
<action no="10" player="1Lmaestr0" type="4" discard="1" dealt="1" sum="0"/>
<action no="11" player="Rakki" type="4" sum="0"/>
</round>
<round no="4"><cards type="River">S3</cards>
<action no="12" player="1Lmaestr0" type="4" discard="1" dealt="1" sum="0"/>
<action no="13" player="Rakki" type="4" sum="0"/>
</round>
</game>
<game gamecode="6435490091"><general><startdate>2025-07-22 23:42:55</startdate>
<round>1</round>
<failsafecounter/>
<players><player seat="6" name="Rakki" chips="747" dealer="0" win="130" bet="245" muck="1" rebuy="0" addon="0" merge="0" rebuychips="0" reg_code="5049120669"/>
<player seat="3" name="1Lmaestr0" chips="753" dealer="1" win="0" bet="65" muck="1" rebuy="0" addon="0" merge="0" rebuychips="0" reg_code="5049120342"/>
</players>
</general>
<round no="0"><action no="1" player="1Lmaestr0" type="15" discard="1" dealt="1" sum="5"/>
<action no="2" player="Rakki" type="15" sum="5"/>
<action no="3" player="1Lmaestr0" type="1" discard="1" dealt="1" sum="30"/>
<action no="4" player="Rakki" type="2" sum="60"/>
</round>
<round no="1"><cards type="Pocket" player="1Lmaestr0">X X</cards>
<cards type="Pocket" player="Rakki">HK DA</cards>
<action no="5" player="1Lmaestr0" type="3" discard="1" dealt="1" sum="30"/>
<action no="6" player="Rakki" type="23" sum="240"/>
<action no="7" player="1Lmaestr0" type="0" discard="1" dealt="1" sum="0"/>
</round>
</game>
<game gamecode="6435490115"><general><startdate>2025-07-22 23:43:04</startdate>
<round>1</round>
<failsafecounter/>
<players><player seat="3" name="1Lmaestr0" chips="688" dealer="0" win="70" bet="65" muck="1" rebuy="0" addon="0" merge="0" rebuychips="0" reg_code="5049120342"/>
<player seat="6" name="Rakki" chips="812" dealer="1" win="0" bet="35" muck="1" rebuy="0" addon="0" merge="0" rebuychips="0" reg_code="5049120669"/>
</players>
</general>
<round no="0"><action no="1" player="Rakki" type="15" sum="5"/>
<action no="2" player="1Lmaestr0" type="15" discard="1" dealt="1" sum="5"/>
<action no="3" player="Rakki" type="1" sum="30"/>
<action no="4" player="1Lmaestr0" type="2" discard="1" dealt="1" sum="60"/>
</round>
<round no="1"><cards type="Pocket" player="Rakki">D7 C2</cards>
<cards type="Pocket" player="1Lmaestr0">X X</cards>
<action no="5" player="Rakki" type="0" sum="0"/>
</round>
</game>
<game gamecode="6435490127"><general><startdate>2025-07-22 23:43:10</startdate>
<round>1</round>
<failsafecounter/>
<players><player seat="6" name="Rakki" chips="777" dealer="0" win="1,446" bet="723" muck="0" rebuy="0" addon="0" merge="0" rebuychips="0" reg_code="5049120669"/>
<player seat="3" name="1Lmaestr0" chips="723" dealer="1" win="0" bet="723" muck="0" rebuy="0" addon="0" merge="0" rebuychips="0" reg_code="5049120342"/>
</players>
</general>
<round no="0"><action no="1" player="1Lmaestr0" type="15" discard="1" dealt="1" sum="5"/>
<action no="2" player="Rakki" type="15" sum="5"/>
<action no="3" player="1Lmaestr0" type="1" discard="1" dealt="1" sum="30"/>
<action no="4" player="Rakki" type="2" sum="60"/>
</round>
<round no="1"><cards type="Pocket" player="Rakki">CA D2</cards>
<cards type="Pocket" player="1Lmaestr0">H8 SK</cards>
<action no="5" player="1Lmaestr0" type="23" discard="1" dealt="1" sum="718"/>
<action no="6" player="Rakki" type="3" sum="658"/>
</round>
<round no="2"><cards type="Flop">C9 S2 DA</cards>
</round>
<round no="3"><cards type="Turn">S5</cards>
</round>
<round no="4"><cards type="River">SA</cards>
</round>
</game>
</session>
