<?xml version="1.0" encoding="UTF-8"?>
<session sessioncode="5050698294">
<general>
<client_version>25.1.1.16</client_version>
<mode>real</mode>
<gametype>Holdem NL</gametype>
<tablename>Twister €100 SNG, 814927800</tablename>
<tournamentcode>814927799</tournamentcode>
<tournamentname>Twister €100 SNG</tournamentname>
<buyin>€0 + €7 + €93</buyin>
<totalbuyin>€100</totalbuyin>
<rewarddrawn>€300</rewarddrawn>
<tournamentcurrency>EUR</tournamentcurrency>
<currency>EUR</currency>
<nickname>Rakki</nickname>
<gamecount>13</gamecount>
<startdate>2025-07-30 23:11:06</startdate>
<place>3</place>
<win>€0</win>
<tablesize>3</tablesize>
</general>
<game gamecode="6441820346"><general><startdate>2025-07-30 23:11:21</startdate>
<round>1</round>
<failsafecounter/>
<players><player seat="10" name="Rakki" chips="500" dealer="0" win="120" bet="180" muck="1" rebuy="0" addon="0" merge="0" rebuychips="0" reg_code="5050698294"/>
<player seat="3" name="Nonloso6" chips="500" dealer="1" win="0" bet="0" muck="1" rebuy="0" addon="0" merge="0" rebuychips="0" reg_code="5050697482"/>
<player seat="6" name="iICapo9" chips="500" dealer="0" win="0" bet="60" muck="1" rebuy="0" addon="0" merge="0" rebuychips="0" reg_code="5050697682"/>
</players>
</general>
<round no="0"><action no="1" player="iICapo9" type="1" discard="1" dealt="1" sum="10"/>
<action no="2" player="Rakki" type="2" sum="20"/>
</round>
<round no="1"><cards type="Pocket" player="iICapo9">X X</cards>
<cards type="Pocket" player="Nonloso6">X X</cards>
<cards type="Pocket" player="Rakki">SA C6</cards>
<action no="3" player="Nonloso6" type="0" discard="1" dealt="1" sum="0"/>
<action no="4" player="iICapo9" type="23" discard="1" dealt="1" sum="60"/>
<action no="5" player="Rakki" type="3" sum="40"/>
</round>
<round no="2"><cards type="Flop">DA H8 H2</cards>
<action no="6" player="iICapo9" type="4" discard="1" dealt="1" sum="0"/>
<action no="7" player="Rakki" type="4" sum="0"/>
</round>
<round no="3"><cards type="Turn">D5</cards>
<action no="8" player="iICapo9" type="4" discard="1" dealt="1" sum="0"/>
<action no="9" player="Rakki" type="5" sum="120"/>
<action no="10" player="iICapo9" type="0" discard="1" dealt="1" sum="0"/>
</round>
</game>
<game gamecode="6441820413"><general><startdate>2025-07-30 23:12:05</startdate>
<round>1</round>
<failsafecounter/>
<players><player seat="3" name="Nonloso6" chips="500" dealer="0" win="1,000" bet="500" muck="0" rebuy="0" addon="0" merge="0" rebuychips="0" reg_code="5050697482"/>
<player seat="6" name="iICapo9" chips="440" dealer="1" win="0" bet="0" muck="1" rebuy="0" addon="0" merge="0" rebuychips="0" reg_code="5050697682"/>
<player seat="10" name="Rakki" chips="560" dealer="0" win="0" bet="560" muck="1" rebuy="0" addon="0" merge="0" rebuychips="0" reg_code="5050698294"/>
</players>
</general>
<round no="0"><action no="1" player="Rakki" type="1" sum="10"/>
<action no="2" player="Nonloso6" type="2" discard="1" dealt="1" sum="20"/>
</round>
<round no="1"><cards type="Pocket" player="Nonloso6">DA DK</cards>
<cards type="Pocket" player="iICapo9">X X</cards>
<cards type="Pocket" player="Rakki">S10 D10</cards>
<action no="3" player="iICapo9" type="0" discard="1" dealt="1" sum="0"/>
<action no="4" player="Rakki" type="23" sum="50"/>
<action no="5" player="Nonloso6" type="23" discard="1" dealt="1" sum="120"/>
<action no="6" player="Rakki" type="23" sum="560"/>
<action no="7" player="Nonloso6" type="7" discard="1" dealt="1" sum="380"/>
</round>
<round no="2"><cards type="Flop">SK CQ C5</cards>
</round>
<round no="3"><cards type="Turn">D5</cards>
</round>
<round no="4"><cards type="River">H2</cards>
</round>
</game>
<game gamecode="6441820459"><general><startdate>2025-07-30 23:12:34</startdate>
<round>1</round>
<failsafecounter/>
<players><player seat="6" name="iICapo9" chips="440" dealer="0" win="0" bet="60" muck="1" rebuy="0" addon="0" merge="0" rebuychips="0" reg_code="5050697682"/>
<player seat="10" name="Rakki" chips="60" dealer="1" win="130" bet="60" muck="0" rebuy="0" addon="0" merge="0" rebuychips="0" reg_code="5050698294"/>
<player seat="3" name="Nonloso6" chips="1,000" dealer="0" win="0" bet="10" muck="1" rebuy="0" addon="0" merge="0" rebuychips="0" reg_code="5050697482"/>
</players>
</general>
<round no="0"><action no="1" player="Nonloso6" type="1" discard="1" dealt="1" sum="10"/>
<action no="2" player="iICapo9" type="2" discard="1" dealt="1" sum="20"/>
</round>
<round no="1"><cards type="Pocket" player="iICapo9">S8 D10</cards>
<cards type="Pocket" player="Rakki">HK HA</cards>
<cards type="Pocket" player="Nonloso6">X X</cards>
<action no="3" player="Rakki" type="23" sum="60"/>
<action no="4" player="Nonloso6" type="0" discard="1" dealt="1" sum="0"/>
<action no="5" player="iICapo9" type="3" discard="1" dealt="1" sum="40"/>
</round>
<round no="2"><cards type="Flop">D9 CQ S2</cards>
</round>
<round no="3"><cards type="Turn">H4</cards>
</round>
<round no="4"><cards type="River">D6</cards>
</round>
</game>
<game gamecode="6441820506"><general><startdate>2025-07-30 23:12:57</startdate>
<round>1</round>
<failsafecounter/>
<players><player seat="10" name="Rakki" chips="130" dealer="0" win="0" bet="20" muck="1" rebuy="0" addon="0" merge="0" rebuychips="0" reg_code="5050698294"/>
<player seat="3" name="Nonloso6" chips="990" dealer="1" win="50" bet="40" muck="1" rebuy="0" addon="0" merge="0" rebuychips="0" reg_code="5050697482"/>
<player seat="6" name="iICapo9" chips="380" dealer="0" win="0" bet="10" muck="1" rebuy="0" addon="0" merge="0" rebuychips="0" reg_code="5050697682"/>
</players>
</general>
<round no="0"><action no="1" player="iICapo9" type="1" discard="1" dealt="1" sum="10"/>
<action no="2" player="Rakki" type="2" sum="20"/>
</round>
<round no="1"><cards type="Pocket" player="Rakki">S3 D6</cards>
<cards type="Pocket" player="iICapo9">X X</cards>
<cards type="Pocket" player="Nonloso6">X X</cards>
<action no="3" player="Nonloso6" type="23" discard="1" dealt="1" sum="40"/>
<action no="4" player="iICapo9" type="0" discard="1" dealt="1" sum="0"/>
<action no="5" player="Rakki" type="0" sum="0"/>
</round>
</game>
<game gamecode="6441820525"><general><startdate>2025-07-30 23:13:07</startdate>
<round>1</round>
<failsafecounter/>
<players><player seat="3" name="Nonloso6" chips="1,020" dealer="0" win="0" bet="35" muck="1" rebuy="0" addon="0" merge="0" rebuychips="0" reg_code="5050697482"/>
<player seat="6" name="iICapo9" chips="370" dealer="1" win="0" bet="370" muck="0" rebuy="0" addon="0" merge="0" rebuychips="0" reg_code="5050697682"/>
<player seat="10" name="Rakki" chips="110" dealer="0" win="255" bet="110" muck="0" rebuy="0" addon="0" merge="0" rebuychips="0" reg_code="5050698294"/>
</players>
</general>
<round no="0"><action no="1" player="Rakki" type="15" sum="5"/>
<action no="2" player="Nonloso6" type="15" discard="1" dealt="1" sum="5"/>
<action no="3" player="iICapo9" type="15" discard="1" dealt="1" sum="5"/>
<action no="4" player="Rakki" type="1" sum="15"/>
<action no="5" player="Nonloso6" type="2" discard="1" dealt="1" sum="30"/>
</round>
<round no="1"><cards type="Pocket" player="iICapo9">S5 C5</cards>
<cards type="Pocket" player="Rakki">DA DK</cards>
<cards type="Pocket" player="Nonloso6">X X</cards>
<action no="6" player="iICapo9" type="23" discard="1" dealt="1" sum="365"/>
<action no="7" player="Rakki" type="7" sum="90"/>
<action no="8" player="Nonloso6" type="0" discard="1" dealt="1" sum="0"/>
</round>
<round no="2"><cards type="Flop">DJ SK S3</cards>
</round>
<round no="3"><cards type="Turn">D9</cards>
</round>
<round no="4"><cards type="River">S4</cards>
</round>
</game>
<game gamecode="6441820556"><general><startdate>2025-07-30 23:13:28</startdate>
<round>1</round>
<failsafecounter/>
<players><player seat="6" name="iICapo9" chips="260" dealer="0" win="0" bet="35" muck="1" rebuy="0" addon="0" merge="0" rebuychips="0" reg_code="5050697682"/>
<player seat="10" name="Rakki" chips="255" dealer="1" win="0" bet="5" muck="1" rebuy="0" addon="0" merge="0" rebuychips="0" reg_code="5050698294"/>
<player seat="3" name="Nonloso6" chips="985" dealer="0" win="75" bet="985" muck="1" rebuy="0" addon="0" merge="0" rebuychips="0" reg_code="5050697482"/>
</players>
</general>
<round no="0"><action no="1" player="Nonloso6" type="15" discard="1" dealt="1" sum="5"/>
<action no="2" player="iICapo9" type="15" discard="1" dealt="1" sum="5"/>
<action no="3" player="Rakki" type="15" sum="5"/>
<action no="4" player="Nonloso6" type="1" discard="1" dealt="1" sum="15"/>
<action no="5" player="iICapo9" type="2" discard="1" dealt="1" sum="30"/>
</round>
<round no="1"><cards type="Pocket" player="Nonloso6">X X</cards>
<cards type="Pocket" player="iICapo9">X X</cards>
<cards type="Pocket" player="Rakki">CJ S2</cards>
<action no="6" player="Rakki" type="0" sum="0"/>
<action no="7" player="Nonloso6" type="23" discard="1" dealt="1" sum="980"/>
<action no="8" player="iICapo9" type="0" discard="1" dealt="1" sum="0"/>
</round>
</game>
<game gamecode="6441820569"><general><startdate>2025-07-30 23:13:37</startdate>
<round>1</round>
<failsafecounter/>
<players><player seat="10" name="Rakki" chips="250" dealer="0" win="45" bet="35" muck="1" rebuy="0" addon="0" merge="0" rebuychips="0" reg_code="5050698294"/>
<player seat="3" name="Nonloso6" chips="1,025" dealer="1" win="0" bet="5" muck="1" rebuy="0" addon="0" merge="0" rebuychips="0" reg_code="5050697482"/>
<player seat="6" name="iICapo9" chips="225" dealer="0" win="0" bet="20" muck="1" rebuy="0" addon="0" merge="0" rebuychips="0" reg_code="5050697682"/>
</players>
</general>
<round no="0"><action no="1" player="iICapo9" type="15" discard="1" dealt="1" sum="5"/>
<action no="2" player="Rakki" type="15" sum="5"/>
<action no="3" player="Nonloso6" type="15" discard="1" dealt="1" sum="5"/>
<action no="4" player="iICapo9" type="1" discard="1" dealt="1" sum="15"/>
<action no="5" player="Rakki" type="2" sum="30"/>
</round>
<round no="1"><cards type="Pocket" player="Nonloso6">X X</cards>
<cards type="Pocket" player="Rakki">SK DJ</cards>
<cards type="Pocket" player="iICapo9">X X</cards>
<action no="6" player="Nonloso6" type="0" discard="1" dealt="1" sum="0"/>
<action no="7" player="iICapo9" type="0" discard="1" dealt="1" sum="0"/>
</round>
</game>
<game gamecode="6441820583"><general><startdate>2025-07-30 23:13:47</startdate>
<round>1</round>
<failsafecounter/>
<players><player seat="3" name="Nonloso6" chips="1,020" dealer="0" win="0" bet="35" muck="1" rebuy="0" addon="0" merge="0" rebuychips="0" reg_code="5050697482"/>
<player seat="6" name="iICapo9" chips="205" dealer="1" win="0" bet="5" muck="1" rebuy="0" addon="0" merge="0" rebuychips="0" reg_code="5050697682"/>
<player seat="10" name="Rakki" chips="275" dealer="0" win="75" bet="275" muck="1" rebuy="0" addon="0" merge="0" rebuychips="0" reg_code="5050698294"/>
</players>
</general>
<round no="0"><action no="1" player="Rakki" type="15" sum="5"/>
<action no="2" player="Nonloso6" type="15" discard="1" dealt="1" sum="5"/>
<action no="3" player="iICapo9" type="15" discard="1" dealt="1" sum="5"/>
<action no="4" player="Rakki" type="1" sum="15"/>
<action no="5" player="Nonloso6" type="2" discard="1" dealt="1" sum="30"/>
</round>
<round no="1"><cards type="Pocket" player="iICapo9">X X</cards>
<cards type="Pocket" player="Nonloso6">X X</cards>
<cards type="Pocket" player="Rakki">S2 CA</cards>
<action no="6" player="iICapo9" type="0" discard="1" dealt="1" sum="0"/>
<action no="7" player="Rakki" type="23" sum="270"/>
<action no="8" player="Nonloso6" type="0" discard="1" dealt="1" sum="0"/>
</round>
</game>
<game gamecode="6441820605"><general><startdate>2025-07-30 23:13:59</startdate>
<round>1</round>
<failsafecounter/>
<players><player seat="6" name="iICapo9" chips="200" dealer="0" win="45" bet="35" muck="1" rebuy="0" addon="0" merge="0" rebuychips="0" reg_code="5050697682"/>
<player seat="10" name="Rakki" chips="315" dealer="1" win="0" bet="5" muck="1" rebuy="0" addon="0" merge="0" rebuychips="0" reg_code="5050698294"/>
<player seat="3" name="Nonloso6" chips="985" dealer="0" win="0" bet="20" muck="1" rebuy="0" addon="0" merge="0" rebuychips="0" reg_code="5050697482"/>
</players>
</general>
<round no="0"><action no="1" player="Nonloso6" type="15" discard="1" dealt="1" sum="5"/>
<action no="2" player="iICapo9" type="15" discard="1" dealt="1" sum="5"/>
<action no="3" player="Rakki" type="15" sum="5"/>
<action no="4" player="Nonloso6" type="1" discard="1" dealt="1" sum="15"/>
<action no="5" player="iICapo9" type="2" discard="1" dealt="1" sum="30"/>
</round>
<round no="1"><cards type="Pocket" player="Nonloso6">X X</cards>
<cards type="Pocket" player="Rakki">D9 S3</cards>
<cards type="Pocket" player="iICapo9">X X</cards>
<action no="6" player="Rakki" type="0" sum="0"/>
<action no="7" player="Nonloso6" type="0" discard="1" dealt="1" sum="0"/>
</round>
</game>
<game gamecode="6441820615"><general><startdate>2025-07-30 23:14:08</startdate>
<round>1</round>
<failsafecounter/>
<players><player seat="10" name="Rakki" chips="310" dealer="0" win="0" bet="35" muck="1" rebuy="0" addon="0" merge="0" rebuychips="0" reg_code="5050698294"/>
<player seat="3" name="Nonloso6" chips="965" dealer="1" win="0" bet="5" muck="1" rebuy="0" addon="0" merge="0" rebuychips="0" reg_code="5050697482"/>
<player seat="6" name="iICapo9" chips="225" dealer="0" win="75" bet="225" muck="1" rebuy="0" addon="0" merge="0" rebuychips="0" reg_code="5050697682"/>
</players>
</general>
<round no="0"><action no="1" player="iICapo9" type="15" discard="1" dealt="1" sum="5"/>
<action no="2" player="Rakki" type="15" sum="5"/>
<action no="3" player="Nonloso6" type="15" discard="1" dealt="1" sum="5"/>
<action no="4" player="iICapo9" type="1" discard="1" dealt="1" sum="15"/>
<action no="5" player="Rakki" type="2" sum="30"/>
</round>
<round no="1"><cards type="Pocket" player="Nonloso6">X X</cards>
<cards type="Pocket" player="Rakki">S4 S3</cards>
<cards type="Pocket" player="iICapo9">X X</cards>
<action no="6" player="Nonloso6" type="0" discard="1" dealt="1" sum="0"/>
<action no="7" player="iICapo9" type="23" discard="1" dealt="1" sum="220"/>
<action no="8" player="Rakki" type="0" sum="0"/>
</round>
</game>
<game gamecode="6441820636"><general><startdate>2025-07-30 23:14:18</startdate>
<round>1</round>
<failsafecounter/>
<players><player seat="3" name="Nonloso6" chips="960" dealer="0" win="0" bet="35" muck="1" rebuy="0" addon="0" merge="0" rebuychips="0" reg_code="5050697482"/>
<player seat="6" name="iICapo9" chips="265" dealer="1" win="90" bet="265" muck="1" rebuy="0" addon="0" merge="0" rebuychips="0" reg_code="5050697682"/>
<player seat="10" name="Rakki" chips="275" dealer="0" win="0" bet="20" muck="1" rebuy="0" addon="0" merge="0" rebuychips="0" reg_code="5050698294"/>
</players>
</general>
<round no="0"><action no="1" player="Rakki" type="15" sum="5"/>
<action no="2" player="Nonloso6" type="15" discard="1" dealt="1" sum="5"/>
<action no="3" player="iICapo9" type="15" discard="1" dealt="1" sum="5"/>
<action no="4" player="Rakki" type="1" sum="15"/>
<action no="5" player="Nonloso6" type="2" discard="1" dealt="1" sum="30"/>
</round>
<round no="1"><cards type="Pocket" player="Rakki">C7 H2</cards>
<cards type="Pocket" player="Nonloso6">X X</cards>
<cards type="Pocket" player="iICapo9">X X</cards>
<action no="6" player="iICapo9" type="23" discard="1" dealt="1" sum="260"/>
<action no="7" player="Rakki" type="0" sum="0"/>
<action no="8" player="Nonloso6" type="0" discard="1" dealt="1" sum="0"/>
</round>
</game>
<game gamecode="6441820647"><general><startdate>2025-07-30 23:14:28</startdate>
<round>1</round>
<failsafecounter/>
<players><player seat="6" name="iICapo9" chips="320" dealer="0" win="645" bet="320" muck="0" rebuy="0" addon="0" merge="0" rebuychips="0" reg_code="5050697682"/>
<player seat="10" name="Rakki" chips="255" dealer="1" win="0" bet="5" muck="1" rebuy="0" addon="0" merge="0" rebuychips="0" reg_code="5050698294"/>
<player seat="3" name="Nonloso6" chips="925" dealer="0" win="0" bet="925" muck="0" rebuy="0" addon="0" merge="0" rebuychips="0" reg_code="5050697482"/>
</players>
</general>
<round no="0"><action no="1" player="Nonloso6" type="15" discard="1" dealt="1" sum="5"/>
<action no="2" player="iICapo9" type="15" discard="1" dealt="1" sum="5"/>
<action no="3" player="Rakki" type="15" sum="5"/>
<action no="4" player="Nonloso6" type="1" discard="1" dealt="1" sum="15"/>
<action no="5" player="iICapo9" type="2" discard="1" dealt="1" sum="30"/>
</round>
<round no="1"><cards type="Pocket" player="Rakki">S6 HJ</cards>
<cards type="Pocket" player="Nonloso6">S8 HA</cards>
<cards type="Pocket" player="iICapo9">SK SA</cards>
<action no="6" player="Rakki" type="0" sum="0"/>
<action no="7" player="Nonloso6" type="23" discard="1" dealt="1" sum="920"/>
<action no="8" player="iICapo9" type="7" discard="1" dealt="1" sum="285"/>
</round>
<round no="2"><cards type="Flop">HK C6 C2</cards>
</round>
<round no="3"><cards type="Turn">D6</cards>
</round>
<round no="4"><cards type="River">D4</cards>
</round>
</game>
<game gamecode="6441820674"><general><startdate>2025-07-30 23:14:44</startdate>
<round>1</round>
<failsafecounter/>
<players><player seat="10" name="Rakki" chips="250" dealer="0" win="0" bet="250" muck="0" rebuy="0" addon="0" merge="0" rebuychips="0" reg_code="5050698294"/>
<player seat="3" name="Nonloso6" chips="605" dealer="1" win="0" bet="5" muck="1" rebuy="0" addon="0" merge="0" rebuychips="0" reg_code="5050697482"/>
<player seat="6" name="iICapo9" chips="645" dealer="0" win="505" bet="645" muck="0" rebuy="0" addon="0" merge="0" rebuychips="0" reg_code="5050697682"/>
</players>
</general>
<round no="0"><action no="1" player="iICapo9" type="15" discard="1" dealt="1" sum="5"/>
<action no="2" player="Rakki" type="15" sum="5"/>
<action no="3" player="Nonloso6" type="15" discard="1" dealt="1" sum="5"/>
<action no="4" player="iICapo9" type="1" discard="1" dealt="1" sum="20"/>
<action no="5" player="Rakki" type="2" sum="40"/>
</round>
<round no="1"><cards type="Pocket" player="iICapo9">D4 D6</cards>
<cards type="Pocket" player="Rakki">C6 C7</cards>
<cards type="Pocket" player="Nonloso6">X X</cards>
<action no="6" player="Nonloso6" type="0" discard="1" dealt="1" sum="0"/>
<action no="7" player="iICapo9" type="23" discard="1" dealt="1" sum="640"/>
<action no="8" player="Rakki" type="7" sum="205"/>
</round>
<round no="2"><cards type="Flop">S9 S4 S10</cards>
</round>
<round no="3"><cards type="Turn">CQ</cards>
</round>
<round no="4"><cards type="River">CJ</cards>
</round>
</game>
</session>
