<?xml version="1.0" encoding="UTF-8"?>
<session sessioncode="5050342790">
<general>
<client_version>25.1.1.16</client_version>
<mode>real</mode>
<gametype>Holdem NL</gametype>
<tablename>Twister €100 SNG, 814821373</tablename>
<tournamentcode>814821372</tournamentcode>
<tournamentname>Twister €100 SNG</tournamentname>
<buyin>€0 + €7 + €93</buyin>
<totalbuyin>€100</totalbuyin>
<rewarddrawn>€300</rewarddrawn>
<tournamentcurrency>EUR</tournamentcurrency>
<currency>EUR</currency>
<nickname>Rakki</nickname>
<gamecount>21</gamecount>
<startdate>2025-07-29 02:27:31</startdate>
<place>2</place>
<win>€0</win>
<tablesize>3</tablesize>
</general>
<game gamecode="6440402385"><general><startdate>2025-07-29 02:27:46</startdate>
<round>1</round>
<failsafecounter/>
<players><player seat="10" name="Rakki" chips="500" dealer="0" win="0" bet="50" muck="1" rebuy="0" addon="0" merge="0" rebuychips="0" reg_code="5050342790"/>
<player seat="3" name="Thechosenoonee" chips="500" dealer="1" win="0" bet="0" muck="1" rebuy="0" addon="0" merge="0" rebuychips="0" reg_code="5050342689"/>
<player seat="6" name="Mnmmal" chips="500" dealer="0" win="100" bet="50" muck="0" rebuy="0" addon="0" merge="0" rebuychips="0" reg_code="5050342788"/>
</players>
</general>
<round no="0"><action no="1" player="Mnmmal" type="1" discard="1" dealt="1" sum="10"/>
<action no="2" player="Rakki" type="2" sum="20"/>
</round>
<round no="1"><cards type="Pocket" player="Mnmmal">DK C5</cards>
<cards type="Pocket" player="Thechosenoonee">X X</cards>
<cards type="Pocket" player="Rakki">C9 D6</cards>
<action no="3" player="Thechosenoonee" type="0" discard="1" dealt="1" sum="0"/>
<action no="4" player="Mnmmal" type="3" discard="1" dealt="1" sum="10"/>
<action no="5" player="Rakki" type="4" sum="0"/>
</round>
<round no="2"><cards type="Flop">S2 D10 D3</cards>
<action no="6" player="Mnmmal" type="4" discard="1" dealt="1" sum="0"/>
<action no="7" player="Rakki" type="5" sum="30"/>
<action no="8" player="Mnmmal" type="3" discard="1" dealt="1" sum="30"/>
</round>
<round no="3"><cards type="Turn">H2</cards>
<action no="9" player="Mnmmal" type="4" discard="1" dealt="1" sum="0"/>
<action no="10" player="Rakki" type="4" sum="0"/>
</round>
<round no="4"><cards type="River">CJ</cards>
<action no="11" player="Mnmmal" type="4" discard="1" dealt="1" sum="0"/>
<action no="12" player="Rakki" type="4" sum="0"/>
</round>
</game>
<game gamecode="6440402414"><general><startdate>2025-07-29 02:28:07</startdate>
<round>1</round>
<failsafecounter/>
<players><player seat="3" name="Thechosenoonee" chips="500" dealer="0" win="90" bet="140" muck="1" rebuy="0" addon="0" merge="0" rebuychips="0" reg_code="5050342689"/>
<player seat="6" name="Mnmmal" chips="550" dealer="1" win="0" bet="40" muck="1" rebuy="0" addon="0" merge="0" rebuychips="0" reg_code="5050342788"/>
<player seat="10" name="Rakki" chips="450" dealer="0" win="0" bet="10" muck="1" rebuy="0" addon="0" merge="0" rebuychips="0" reg_code="5050342790"/>
</players>
</general>
<round no="0"><action no="1" player="Rakki" type="1" sum="10"/>
<action no="2" player="Thechosenoonee" type="2" discard="1" dealt="1" sum="20"/>
</round>
<round no="1"><cards type="Pocket" player="Rakki">C4 D7</cards>
<cards type="Pocket" player="Thechosenoonee">X X</cards>
<cards type="Pocket" player="Mnmmal">X X</cards>
<action no="3" player="Mnmmal" type="23" discard="1" dealt="1" sum="40"/>
<action no="4" player="Rakki" type="0" sum="0"/>
<action no="5" player="Thechosenoonee" type="3" discard="1" dealt="1" sum="20"/>
</round>
<round no="2"><cards type="Flop">S4 D10 C10</cards>
<action no="6" player="Thechosenoonee" type="4" discard="1" dealt="1" sum="0"/>
<action no="7" player="Mnmmal" type="4" discard="1" dealt="1" sum="0"/>
</round>
<round no="3"><cards type="Turn">H7</cards>
<action no="8" player="Thechosenoonee" type="5" discard="1" dealt="1" sum="100"/>
<action no="9" player="Mnmmal" type="0" discard="1" dealt="1" sum="0"/>
</round>
</game>
<game gamecode="6440402464"><general><startdate>2025-07-29 02:28:40</startdate>
<round>1</round>
<failsafecounter/>
<players><player seat="6" name="Mnmmal" chips="510" dealer="0" win="240" bet="120" muck="0" rebuy="0" addon="0" merge="0" rebuychips="0" reg_code="5050342788"/>
<player seat="10" name="Rakki" chips="440" dealer="1" win="0" bet="0" muck="1" rebuy="0" addon="0" merge="0" rebuychips="0" reg_code="5050342790"/>
<player seat="3" name="Thechosenoonee" chips="550" dealer="0" win="0" bet="120" muck="1" rebuy="0" addon="0" merge="0" rebuychips="0" reg_code="5050342689"/>
</players>
</general>
<round no="0"><action no="1" player="Thechosenoonee" type="1" discard="1" dealt="1" sum="10"/>
<action no="2" player="Mnmmal" type="2" discard="1" dealt="1" sum="20"/>
</round>
<round no="1"><cards type="Pocket" player="Mnmmal">HQ S7</cards>
<cards type="Pocket" player="Thechosenoonee">HK D9</cards>
<cards type="Pocket" player="Rakki">D10 C7</cards>
<action no="3" player="Rakki" type="0" sum="0"/>
<action no="4" player="Thechosenoonee" type="23" discard="1" dealt="1" sum="50"/>
<action no="5" player="Mnmmal" type="3" discard="1" dealt="1" sum="30"/>
</round>
<round no="2"><cards type="Flop">CA D3 CQ</cards>
<action no="6" player="Thechosenoonee" type="4" discard="1" dealt="1" sum="0"/>
<action no="7" player="Mnmmal" type="4" discard="1" dealt="1" sum="0"/>
</round>
<round no="3"><cards type="Turn">HA</cards>
<action no="8" player="Thechosenoonee" type="4" discard="1" dealt="1" sum="0"/>
<action no="9" player="Mnmmal" type="5" discard="1" dealt="1" sum="70"/>
<action no="10" player="Thechosenoonee" type="3" discard="1" dealt="1" sum="70"/>
</round>
<round no="4"><cards type="River">SJ</cards>
<action no="11" player="Thechosenoonee" type="4" discard="1" dealt="1" sum="0"/>
<action no="12" player="Mnmmal" type="4" discard="1" dealt="1" sum="0"/>
</round>
</game>
<game gamecode="6440402514"><general><startdate>2025-07-29 02:29:24</startdate>
<round>1</round>
<failsafecounter/>
<players><player seat="10" name="Rakki" chips="440" dealer="0" win="40" bet="60" muck="1" rebuy="0" addon="0" merge="0" rebuychips="0" reg_code="5050342790"/>
<player seat="3" name="Thechosenoonee" chips="430" dealer="1" win="0" bet="0" muck="1" rebuy="0" addon="0" merge="0" rebuychips="0" reg_code="5050342689"/>
<player seat="6" name="Mnmmal" chips="630" dealer="0" win="0" bet="20" muck="1" rebuy="0" addon="0" merge="0" rebuychips="0" reg_code="5050342788"/>
</players>
</general>
<round no="0"><action no="1" player="Mnmmal" type="1" discard="1" dealt="1" sum="10"/>
<action no="2" player="Rakki" type="2" sum="20"/>
</round>
<round no="1"><cards type="Pocket" player="Thechosenoonee">X X</cards>
<cards type="Pocket" player="Mnmmal">X X</cards>
<cards type="Pocket" player="Rakki">S6 SA</cards>
<action no="3" player="Thechosenoonee" type="0" discard="1" dealt="1" sum="0"/>
<action no="4" player="Mnmmal" type="3" discard="1" dealt="1" sum="10"/>
<action no="5" player="Rakki" type="23" sum="60"/>
<action no="6" player="Mnmmal" type="0" discard="1" dealt="1" sum="0"/>
</round>
</game>
<game gamecode="6440402525"><general><startdate>2025-07-29 02:29:34</startdate>
<round>1</round>
<failsafecounter/>
<players><player seat="3" name="Thechosenoonee" chips="430" dealer="0" win="0" bet="35" muck="1" rebuy="0" addon="0" merge="0" rebuychips="0" reg_code="5050342689"/>
<player seat="6" name="Mnmmal" chips="610" dealer="1" win="90" bet="65" muck="1" rebuy="0" addon="0" merge="0" rebuychips="0" reg_code="5050342788"/>
<player seat="10" name="Rakki" chips="460" dealer="0" win="0" bet="20" muck="1" rebuy="0" addon="0" merge="0" rebuychips="0" reg_code="5050342790"/>
</players>
</general>
<round no="0"><action no="1" player="Rakki" type="15" sum="5"/>
<action no="2" player="Thechosenoonee" type="15" discard="1" dealt="1" sum="5"/>
<action no="3" player="Mnmmal" type="15" discard="1" dealt="1" sum="5"/>
<action no="4" player="Rakki" type="1" sum="15"/>
<action no="5" player="Thechosenoonee" type="2" discard="1" dealt="1" sum="30"/>
</round>
<round no="1"><cards type="Pocket" player="Rakki">CA D5</cards>
<cards type="Pocket" player="Thechosenoonee">X X</cards>
<cards type="Pocket" player="Mnmmal">X X</cards>
<action no="6" player="Mnmmal" type="23" discard="1" dealt="1" sum="60"/>
<action no="7" player="Rakki" type="0" sum="0"/>
<action no="8" player="Thechosenoonee" type="0" discard="1" dealt="1" sum="0"/>
</round>
</game>
<game gamecode="6440402546"><general><startdate>2025-07-29 02:29:50</startdate>
<round>1</round>
<failsafecounter/>
<players><player seat="6" name="Mnmmal" chips="665" dealer="0" win="201" bet="198" muck="1" rebuy="0" addon="0" merge="0" rebuychips="0" reg_code="5050342788"/>
<player seat="10" name="Rakki" chips="440" dealer="1" win="0" bet="5" muck="1" rebuy="0" addon="0" merge="0" rebuychips="0" reg_code="5050342790"/>
<player seat="3" name="Thechosenoonee" chips="395" dealer="0" win="0" bet="98" muck="1" rebuy="0" addon="0" merge="0" rebuychips="0" reg_code="5050342689"/>
</players>
</general>
<round no="0"><action no="1" player="Thechosenoonee" type="15" discard="1" dealt="1" sum="5"/>
<action no="2" player="Mnmmal" type="15" discard="1" dealt="1" sum="5"/>
<action no="3" player="Rakki" type="15" sum="5"/>
<action no="4" player="Thechosenoonee" type="1" discard="1" dealt="1" sum="15"/>
<action no="5" player="Mnmmal" type="2" discard="1" dealt="1" sum="30"/>
</round>
<round no="1"><cards type="Pocket" player="Rakki">S8 H4</cards>
<cards type="Pocket" player="Thechosenoonee">X X</cards>
<cards type="Pocket" player="Mnmmal">X X</cards>
<action no="6" player="Rakki" type="0" sum="0"/>
<action no="7" player="Thechosenoonee" type="23" discard="1" dealt="1" sum="60"/>
<action no="8" player="Mnmmal" type="3" discard="1" dealt="1" sum="30"/>
</round>
<round no="2"><cards type="Flop">D5 H2 HJ</cards>
<action no="9" player="Thechosenoonee" type="5" discard="1" dealt="1" sum="33"/>
<action no="10" player="Mnmmal" type="3" discard="1" dealt="1" sum="33"/>
</round>
<round no="3"><cards type="Turn">DQ</cards>
<action no="11" player="Thechosenoonee" type="4" discard="1" dealt="1" sum="0"/>
<action no="12" player="Mnmmal" type="5" discard="1" dealt="1" sum="100"/>
<action no="13" player="Thechosenoonee" type="0" discard="1" dealt="1" sum="0"/>
</round>
</game>
<game gamecode="6440402582"><general><startdate>2025-07-29 02:30:18</startdate>
<round>1</round>
<failsafecounter/>
<players><player seat="10" name="Rakki" chips="435" dealer="0" win="0" bet="297" muck="1" rebuy="0" addon="0" merge="0" rebuychips="0" reg_code="5050342790"/>
<player seat="3" name="Thechosenoonee" chips="297" dealer="1" win="614" bet="297" muck="0" rebuy="0" addon="0" merge="0" rebuychips="0" reg_code="5050342689"/>
<player seat="6" name="Mnmmal" chips="768" dealer="0" win="0" bet="20" muck="1" rebuy="0" addon="0" merge="0" rebuychips="0" reg_code="5050342788"/>
</players>
</general>
<round no="0"><action no="1" player="Mnmmal" type="15" discard="1" dealt="1" sum="5"/>
<action no="2" player="Rakki" type="15" sum="5"/>
<action no="3" player="Thechosenoonee" type="15" discard="1" dealt="1" sum="5"/>
<action no="4" player="Mnmmal" type="1" discard="1" dealt="1" sum="15"/>
<action no="5" player="Rakki" type="2" sum="30"/>
</round>
<round no="1"><cards type="Pocket" player="Rakki">DA HK</cards>
<cards type="Pocket" player="Mnmmal">X X</cards>
<cards type="Pocket" player="Thechosenoonee">S9 DQ</cards>
<action no="6" player="Thechosenoonee" type="23" discard="1" dealt="1" sum="292"/>
<action no="7" player="Mnmmal" type="0" discard="1" dealt="1" sum="0"/>
<action no="8" player="Rakki" type="3" sum="262"/>
</round>
<round no="2"><cards type="Flop">S3 D7 D4</cards>
</round>
<round no="3"><cards type="Turn">SQ</cards>
</round>
<round no="4"><cards type="River">H8</cards>
</round>
</game>
<game gamecode="6440407233"><general><startdate>2025-07-29 02:30:41</startdate>
<round>1</round>
<failsafecounter/>
<players><player seat="3" name="Thechosenoonee" chips="614" dealer="0" win="0" bet="35" muck="1" rebuy="0" addon="0" merge="0" rebuychips="0" reg_code="5050342689"/>
<player seat="6" name="Mnmmal" chips="748" dealer="1" win="0" bet="5" muck="1" rebuy="0" addon="0" merge="0" rebuychips="0" reg_code="5050342788"/>
<player seat="10" name="Rakki" chips="138" dealer="0" win="75" bet="138" muck="1" rebuy="0" addon="0" merge="0" rebuychips="0" reg_code="5050342790"/>
</players>
</general>
<round no="0"><action no="1" player="Rakki" type="15" sum="5"/>
<action no="2" player="Thechosenoonee" type="15" discard="1" dealt="1" sum="5"/>
<action no="3" player="Mnmmal" type="15" discard="1" dealt="1" sum="5"/>
<action no="4" player="Rakki" type="1" sum="15"/>
<action no="5" player="Thechosenoonee" type="2" discard="1" dealt="1" sum="30"/>
</round>
<round no="1"><cards type="Pocket" player="Thechosenoonee">X X</cards>
<cards type="Pocket" player="Mnmmal">X X</cards>
<cards type="Pocket" player="Rakki">DK D3</cards>
<action no="6" player="Mnmmal" type="0" discard="1" dealt="1" sum="0"/>
<action no="7" player="Rakki" type="23" sum="133"/>
<action no="8" player="Thechosenoonee" type="0" discard="1" dealt="1" sum="0"/>
</round>
</game>
<game gamecode="6440407249"><general><startdate>2025-07-29 02:30:55</startdate>
<round>1</round>
<failsafecounter/>
<players><player seat="6" name="Mnmmal" chips="743" dealer="0" win="0" bet="80" muck="1" rebuy="0" addon="0" merge="0" rebuychips="0" reg_code="5050342788"/>
<player seat="10" name="Rakki" chips="178" dealer="1" win="0" bet="5" muck="1" rebuy="0" addon="0" merge="0" rebuychips="0" reg_code="5050342790"/>
<player seat="3" name="Thechosenoonee" chips="579" dealer="0" win="165" bet="121" muck="1" rebuy="0" addon="0" merge="0" rebuychips="0" reg_code="5050342689"/>
</players>
</general>
<round no="0"><action no="1" player="Thechosenoonee" type="15" discard="1" dealt="1" sum="5"/>
<action no="2" player="Mnmmal" type="15" discard="1" dealt="1" sum="5"/>
<action no="3" player="Rakki" type="15" sum="5"/>
<action no="4" player="Thechosenoonee" type="1" discard="1" dealt="1" sum="15"/>
<action no="5" player="Mnmmal" type="2" discard="1" dealt="1" sum="30"/>
</round>
<round no="1"><cards type="Pocket" player="Mnmmal">X X</cards>
<cards type="Pocket" player="Thechosenoonee">X X</cards>
<cards type="Pocket" player="Rakki">S9 S5</cards>
<action no="6" player="Rakki" type="0" sum="0"/>
<action no="7" player="Thechosenoonee" type="23" discard="1" dealt="1" sum="75"/>
<action no="8" player="Mnmmal" type="3" discard="1" dealt="1" sum="45"/>
</round>
<round no="2"><cards type="Flop">DA CA C5</cards>
<action no="9" player="Thechosenoonee" type="5" discard="1" dealt="1" sum="41"/>
<action no="10" player="Mnmmal" type="0" discard="1" dealt="1" sum="0"/>
</round>
</game>
<game gamecode="6440407277"><general><startdate>2025-07-29 02:31:16</startdate>
<round>1</round>
<failsafecounter/>
<players><player seat="10" name="Rakki" chips="173" dealer="0" win="55" bet="45" muck="1" rebuy="0" addon="0" merge="0" rebuychips="0" reg_code="5050342790"/>
<player seat="3" name="Thechosenoonee" chips="664" dealer="1" win="0" bet="5" muck="1" rebuy="0" addon="0" merge="0" rebuychips="0" reg_code="5050342689"/>
<player seat="6" name="Mnmmal" chips="663" dealer="0" win="0" bet="25" muck="1" rebuy="0" addon="0" merge="0" rebuychips="0" reg_code="5050342788"/>
</players>
</general>
<round no="0"><action no="1" player="Mnmmal" type="15" discard="1" dealt="1" sum="5"/>
<action no="2" player="Rakki" type="15" sum="5"/>
<action no="3" player="Thechosenoonee" type="15" discard="1" dealt="1" sum="5"/>
<action no="4" player="Mnmmal" type="1" discard="1" dealt="1" sum="20"/>
<action no="5" player="Rakki" type="2" sum="40"/>
</round>
<round no="1"><cards type="Pocket" player="Rakki">S7 H3</cards>
<cards type="Pocket" player="Thechosenoonee">X X</cards>
<cards type="Pocket" player="Mnmmal">X X</cards>
<action no="6" player="Thechosenoonee" type="0" discard="1" dealt="1" sum="0"/>
<action no="7" player="Mnmmal" type="0" discard="1" dealt="1" sum="0"/>
</round>
</game>
<game gamecode="6440407285"><general><startdate>2025-07-29 02:31:23</startdate>
<round>1</round>
<failsafecounter/>
<players><player seat="3" name="Thechosenoonee" chips="659" dealer="0" win="55" bet="45" muck="1" rebuy="0" addon="0" merge="0" rebuychips="0" reg_code="5050342689"/>
<player seat="6" name="Mnmmal" chips="638" dealer="1" win="0" bet="5" muck="1" rebuy="0" addon="0" merge="0" rebuychips="0" reg_code="5050342788"/>
<player seat="10" name="Rakki" chips="203" dealer="0" win="0" bet="25" muck="1" rebuy="0" addon="0" merge="0" rebuychips="0" reg_code="5050342790"/>
</players>
</general>
<round no="0"><action no="1" player="Rakki" type="15" sum="5"/>
<action no="2" player="Thechosenoonee" type="15" discard="1" dealt="1" sum="5"/>
<action no="3" player="Mnmmal" type="15" discard="1" dealt="1" sum="5"/>
<action no="4" player="Rakki" type="1" sum="20"/>
<action no="5" player="Thechosenoonee" type="2" discard="1" dealt="1" sum="40"/>
</round>
<round no="1"><cards type="Pocket" player="Thechosenoonee">X X</cards>
<cards type="Pocket" player="Rakki">C7 H2</cards>
<cards type="Pocket" player="Mnmmal">X X</cards>
<action no="6" player="Mnmmal" type="0" discard="1" dealt="1" sum="0"/>
<action no="7" player="Rakki" type="0" sum="0"/>
</round>
</game>
<game gamecode="6440407298"><general><startdate>2025-07-29 02:31:30</startdate>
<round>1</round>
<failsafecounter/>
<players><player seat="6" name="Mnmmal" chips="633" dealer="0" win="0" bet="633" muck="1" rebuy="0" addon="0" merge="0" rebuychips="0" reg_code="5050342788"/>
<player seat="10" name="Rakki" chips="178" dealer="1" win="0" bet="5" muck="1" rebuy="0" addon="0" merge="0" rebuychips="0" reg_code="5050342790"/>
<player seat="3" name="Thechosenoonee" chips="689" dealer="0" win="1,271" bet="689" muck="0" rebuy="0" addon="0" merge="0" rebuychips="0" reg_code="5050342689"/>
</players>
</general>
<round no="0"><action no="1" player="Thechosenoonee" type="15" discard="1" dealt="1" sum="5"/>
<action no="2" player="Mnmmal" type="15" discard="1" dealt="1" sum="5"/>
<action no="3" player="Rakki" type="15" sum="5"/>
<action no="4" player="Thechosenoonee" type="1" discard="1" dealt="1" sum="20"/>
<action no="5" player="Mnmmal" type="2" discard="1" dealt="1" sum="40"/>
</round>
<round no="1"><cards type="Pocket" player="Thechosenoonee">D9 C7</cards>
<cards type="Pocket" player="Rakki">C10 C6</cards>
<cards type="Pocket" player="Mnmmal">CQ CA</cards>
<action no="6" player="Rakki" type="0" sum="0"/>
<action no="7" player="Thechosenoonee" type="23" discard="1" dealt="1" sum="100"/>
<action no="8" player="Mnmmal" type="3" discard="1" dealt="1" sum="60"/>
</round>
<round no="2"><cards type="Flop">D4 C4 C9</cards>
<action no="9" player="Thechosenoonee" type="5" discard="1" dealt="1" sum="40"/>
<action no="10" player="Mnmmal" type="3" discard="1" dealt="1" sum="40"/>
</round>
<round no="3"><cards type="Turn">S9</cards>
<action no="11" player="Thechosenoonee" type="4" discard="1" dealt="1" sum="0"/>
<action no="12" player="Mnmmal" type="4" discard="1" dealt="1" sum="0"/>
</round>
<round no="4"><cards type="River">DQ</cards>
<action no="13" player="Thechosenoonee" type="4" discard="1" dealt="1" sum="0"/>
<action no="14" player="Mnmmal" type="5" discard="1" dealt="1" sum="188"/>
<action no="15" player="Thechosenoonee" type="23" discard="1" dealt="1" sum="544"/>
<action no="16" player="Mnmmal" type="7" discard="1" dealt="1" sum="300"/>
</round>
</game>
<game gamecode="6440407361"><general><startdate>2025-07-29 02:32:31</startdate>
<round>1</round>
<failsafecounter/>
<players><player seat="10" name="Rakki" chips="173" dealer="0" win="50" bet="45" muck="1" rebuy="0" addon="0" merge="0" rebuychips="0" reg_code="5050342790"/>
<player seat="3" name="Thechosenoonee" chips="1,327" dealer="1" win="0" bet="25" muck="1" rebuy="0" addon="0" merge="0" rebuychips="0" reg_code="5050342689"/>
</players>
</general>
<round no="0"><action no="1" player="Thechosenoonee" type="15" discard="1" dealt="1" sum="5"/>
<action no="2" player="Rakki" type="15" sum="5"/>
<action no="3" player="Thechosenoonee" type="1" discard="1" dealt="1" sum="20"/>
<action no="4" player="Rakki" type="2" sum="40"/>
</round>
<round no="1"><cards type="Pocket" player="Rakki">C2 DK</cards>
<cards type="Pocket" player="Thechosenoonee">X X</cards>
<action no="5" player="Thechosenoonee" type="0" discard="1" dealt="1" sum="0"/>
</round>
</game>
<game gamecode="6440407365"><general><startdate>2025-07-29 02:32:37</startdate>
<round>1</round>
<failsafecounter/>
<players><player seat="3" name="Thechosenoonee" chips="1,302" dealer="0" win="0" bet="45" muck="1" rebuy="0" addon="0" merge="0" rebuychips="0" reg_code="5050342689"/>
<player seat="10" name="Rakki" chips="198" dealer="1" win="90" bet="198" muck="1" rebuy="0" addon="0" merge="0" rebuychips="0" reg_code="5050342790"/>
</players>
</general>
<round no="0"><action no="1" player="Rakki" type="15" sum="5"/>
<action no="2" player="Thechosenoonee" type="15" discard="1" dealt="1" sum="5"/>
<action no="3" player="Rakki" type="1" sum="20"/>
<action no="4" player="Thechosenoonee" type="2" discard="1" dealt="1" sum="40"/>
</round>
<round no="1"><cards type="Pocket" player="Rakki">D8 S7</cards>
<cards type="Pocket" player="Thechosenoonee">X X</cards>
<action no="5" player="Rakki" type="23" sum="193"/>
<action no="6" player="Thechosenoonee" type="0" discard="1" dealt="1" sum="0"/>
</round>
</game>
<game gamecode="6440407375"><general><startdate>2025-07-29 02:32:44</startdate>
<round>1</round>
<failsafecounter/>
<players><player seat="10" name="Rakki" chips="243" dealer="0" win="0" bet="45" muck="1" rebuy="0" addon="0" merge="0" rebuychips="0" reg_code="5050342790"/>
<player seat="3" name="Thechosenoonee" chips="1,257" dealer="1" win="90" bet="325" muck="1" rebuy="0" addon="0" merge="0" rebuychips="0" reg_code="5050342689"/>
</players>
</general>
<round no="0"><action no="1" player="Thechosenoonee" type="15" discard="1" dealt="1" sum="5"/>
<action no="2" player="Rakki" type="15" sum="5"/>
<action no="3" player="Thechosenoonee" type="1" discard="1" dealt="1" sum="20"/>
<action no="4" player="Rakki" type="2" sum="40"/>
</round>
<round no="1"><cards type="Pocket" player="Rakki">S9 S2</cards>
<cards type="Pocket" player="Thechosenoonee">X X</cards>
<action no="5" player="Thechosenoonee" type="23" discard="1" dealt="1" sum="320"/>
<action no="6" player="Rakki" type="0" sum="0"/>
</round>
</game>
<game gamecode="6440407380"><general><startdate>2025-07-29 02:32:51</startdate>
<round>1</round>
<failsafecounter/>
<players><player seat="3" name="Thechosenoonee" chips="1,302" dealer="0" win="0" bet="198" muck="1" rebuy="0" addon="0" merge="0" rebuychips="0" reg_code="5050342689"/>
<player seat="10" name="Rakki" chips="198" dealer="1" win="396" bet="198" muck="0" rebuy="0" addon="0" merge="0" rebuychips="0" reg_code="5050342790"/>
</players>
</general>
<round no="0"><action no="1" player="Rakki" type="15" sum="5"/>
<action no="2" player="Thechosenoonee" type="15" discard="1" dealt="1" sum="5"/>
<action no="3" player="Rakki" type="1" sum="30"/>
<action no="4" player="Thechosenoonee" type="2" discard="1" dealt="1" sum="60"/>
</round>
<round no="1"><cards type="Pocket" player="Thechosenoonee">HK DQ</cards>
<cards type="Pocket" player="Rakki">C4 C3</cards>
<action no="5" player="Rakki" type="23" sum="193"/>
<action no="6" player="Thechosenoonee" type="3" discard="1" dealt="1" sum="133"/>
</round>
<round no="2"><cards type="Flop">D8 C2 D4</cards>
</round>
<round no="3"><cards type="Turn">CJ</cards>
</round>
<round no="4"><cards type="River">D6</cards>
</round>
</game>
<game gamecode="6440407393"><general><startdate>2025-07-29 02:33:06</startdate>
<round>1</round>
<failsafecounter/>
<players><player seat="10" name="Rakki" chips="396" dealer="0" win="792" bet="396" muck="0" rebuy="0" addon="0" merge="0" rebuychips="0" reg_code="5050342790"/>
<player seat="3" name="Thechosenoonee" chips="1,104" dealer="1" win="0" bet="1,104" muck="0" rebuy="0" addon="0" merge="0" rebuychips="0" reg_code="5050342689"/>
</players>
</general>
<round no="0"><action no="1" player="Thechosenoonee" type="15" discard="1" dealt="1" sum="5"/>
<action no="2" player="Rakki" type="15" sum="5"/>
<action no="3" player="Thechosenoonee" type="1" discard="1" dealt="1" sum="30"/>
<action no="4" player="Rakki" type="2" sum="60"/>
</round>
<round no="1"><cards type="Pocket" player="Rakki">D10 HA</cards>
<cards type="Pocket" player="Thechosenoonee">C2 DQ</cards>
<action no="5" player="Thechosenoonee" type="23" discard="1" dealt="1" sum="1,099"/>
<action no="6" player="Rakki" type="7" sum="331"/>
</round>
<round no="2"><cards type="Flop">HK S3 CJ</cards>
</round>
<round no="3"><cards type="Turn">S6</cards>
</round>
<round no="4"><cards type="River">D4</cards>
</round>
</game>
<game gamecode="6440407419"><general><startdate>2025-07-29 02:33:28</startdate>
<round>1</round>
<failsafecounter/>
<players><player seat="3" name="Thechosenoonee" chips="708" dealer="0" win="0" bet="65" muck="1" rebuy="0" addon="0" merge="0" rebuychips="0" reg_code="5050342689"/>
<player seat="10" name="Rakki" chips="792" dealer="1" win="130" bet="125" muck="1" rebuy="0" addon="0" merge="0" rebuychips="0" reg_code="5050342790"/>
</players>
</general>
<round no="0"><action no="1" player="Rakki" type="15" sum="5"/>
<action no="2" player="Thechosenoonee" type="15" discard="1" dealt="1" sum="5"/>
<action no="3" player="Rakki" type="1" sum="30"/>
<action no="4" player="Thechosenoonee" type="2" discard="1" dealt="1" sum="60"/>
</round>
<round no="1"><cards type="Pocket" player="Thechosenoonee">X X</cards>
<cards type="Pocket" player="Rakki">HQ C10</cards>
<action no="5" player="Rakki" type="3" sum="30"/>
<action no="6" player="Thechosenoonee" type="4" discard="1" dealt="1" sum="0"/>
</round>
<round no="2"><cards type="Flop">H9 CJ DJ</cards>
<action no="7" player="Thechosenoonee" type="4" discard="1" dealt="1" sum="0"/>
<action no="8" player="Rakki" type="5" sum="60"/>
<action no="9" player="Thechosenoonee" type="0" discard="1" dealt="1" sum="0"/>
</round>
</game>
<game gamecode="6440407445"><general><startdate>2025-07-29 02:33:50</startdate>
<round>1</round>
<failsafecounter/>
<players><player seat="10" name="Rakki" chips="857" dealer="0" win="0" bet="65" muck="1" rebuy="0" addon="0" merge="0" rebuychips="0" reg_code="5050342790"/>
<player seat="3" name="Thechosenoonee" chips="643" dealer="1" win="130" bet="125" muck="1" rebuy="0" addon="0" merge="0" rebuychips="0" reg_code="5050342689"/>
</players>
</general>
<round no="0"><action no="1" player="Thechosenoonee" type="15" discard="1" dealt="1" sum="5"/>
<action no="2" player="Rakki" type="15" sum="5"/>
<action no="3" player="Thechosenoonee" type="1" discard="1" dealt="1" sum="30"/>
<action no="4" player="Rakki" type="2" sum="60"/>
</round>
<round no="1"><cards type="Pocket" player="Rakki">H6 D10</cards>
<cards type="Pocket" player="Thechosenoonee">X X</cards>
<action no="5" player="Thechosenoonee" type="3" discard="1" dealt="1" sum="30"/>
<action no="6" player="Rakki" type="4" sum="0"/>
</round>
<round no="2"><cards type="Flop">H2 C9 HK</cards>
<action no="7" player="Rakki" type="4" sum="0"/>
<action no="8" player="Thechosenoonee" type="5" discard="1" dealt="1" sum="60"/>
<action no="9" player="Rakki" type="0" sum="0"/>
</round>
</game>
<game gamecode="6440407476"><general><startdate>2025-07-29 02:34:13</startdate>
<round>1</round>
<failsafecounter/>
<players><player seat="3" name="Thechosenoonee" chips="708" dealer="0" win="1,416" bet="708" muck="0" rebuy="0" addon="0" merge="0" rebuychips="0" reg_code="5050342689"/>
<player seat="10" name="Rakki" chips="792" dealer="1" win="0" bet="708" muck="1" rebuy="0" addon="0" merge="0" rebuychips="0" reg_code="5050342790"/>
</players>
</general>
<round no="0"><action no="1" player="Rakki" type="15" sum="5"/>
<action no="2" player="Thechosenoonee" type="15" discard="1" dealt="1" sum="5"/>
<action no="3" player="Rakki" type="1" sum="30"/>
<action no="4" player="Thechosenoonee" type="2" discard="1" dealt="1" sum="60"/>
</round>
<round no="1"><cards type="Pocket" player="Thechosenoonee">D6 H6</cards>
<cards type="Pocket" player="Rakki">DQ D10</cards>
<action no="5" player="Rakki" type="3" sum="30"/>
<action no="6" player="Thechosenoonee" type="23" discard="1" dealt="1" sum="703"/>
<action no="7" player="Rakki" type="3" sum="643"/>
</round>
<round no="2"><cards type="Flop">H9 CJ S2</cards>
</round>
<round no="3"><cards type="Turn">H7</cards>
</round>
<round no="4"><cards type="River">HA</cards>
</round>
</game>
<game gamecode="6440407500"><general><startdate>2025-07-29 02:34:29</startdate>
<round>1</round>
<failsafecounter/>
<players><player seat="10" name="Rakki" chips="84" dealer="0" win="0" bet="84" muck="0" rebuy="0" addon="0" merge="0" rebuychips="0" reg_code="5050342790"/>
<player seat="3" name="Thechosenoonee" chips="1,416" dealer="1" win="168" bet="84" muck="0" rebuy="0" addon="0" merge="0" rebuychips="0" reg_code="5050342689"/>
</players>
</general>
<round no="0"><action no="1" player="Thechosenoonee" type="15" discard="1" dealt="1" sum="8"/>
<action no="2" player="Rakki" type="15" sum="8"/>
<action no="3" player="Thechosenoonee" type="1" discard="1" dealt="1" sum="40"/>
<action no="4" player="Rakki" type="2" sum="76"/>
</round>
<round no="1"><cards type="Pocket" player="Thechosenoonee">H7 D4</cards>
<cards type="Pocket" player="Rakki">D3 S2</cards>
<action no="5" player="Thechosenoonee" type="3" discard="1" dealt="1" sum="36"/>
</round>
<round no="2"><cards type="Flop">H6 CJ H10</cards>
</round>
<round no="3"><cards type="Turn">S7</cards>
</round>
<round no="4"><cards type="River">HQ</cards>
</round>
</game>
</session>
