<?xml version="1.0" encoding="UTF-8"?>
<session sessioncode="5050342874">
<general>
<client_version>25.1.1.16</client_version>
<mode>real</mode>
<gametype>Holdem NL</gametype>
<tablename>Twister €50 SNG, 814821823</tablename>
<tournamentcode>814821822</tournamentcode>
<tournamentname>Twister €50 SNG</tournamentname>
<buyin>€0 + €3.50 + €46.50</buyin>
<totalbuyin>€50</totalbuyin>
<rewarddrawn>€100</rewarddrawn>
<tournamentcurrency>EUR</tournamentcurrency>
<currency>EUR</currency>
<nickname>Rakki</nickname>
<gamecount>31</gamecount>
<startdate>2025-07-29 02:29:31</startdate>
<place>1</place>
<win>€100</win>
<tablesize>3</tablesize>
</general>
<game gamecode="6440402542"><general><startdate>2025-07-29 02:29:46</startdate>
<round>1</round>
<failsafecounter/>
<players><player seat="10" name="Yonutkas1" chips="500" dealer="0" win="0" bet="500" muck="0" rebuy="0" addon="0" merge="0" rebuychips="0" reg_code="5050342973"/>
<player seat="3" name="SalvoMiracoli2" chips="500" dealer="1" win="0" bet="0" muck="1" rebuy="0" addon="0" merge="0" rebuychips="0" reg_code="5050342797"/>
<player seat="6" name="Rakki" chips="500" dealer="0" win="1,000" bet="500" muck="0" rebuy="0" addon="0" merge="0" rebuychips="0" reg_code="5050342874"/>
</players>
</general>
<round no="0"><action no="1" player="Rakki" type="1" sum="10"/>
<action no="2" player="Yonutkas1" type="2" discard="1" dealt="1" sum="20"/>
</round>
<round no="1"><cards type="Pocket" player="SalvoMiracoli2">X X</cards>
<cards type="Pocket" player="Yonutkas1">H9 D10</cards>
<cards type="Pocket" player="Rakki">C6 H6</cards>
<action no="3" player="SalvoMiracoli2" type="0" discard="1" dealt="1" sum="0"/>
<action no="4" player="Rakki" type="23" sum="500"/>
<action no="5" player="Yonutkas1" type="7" discard="1" dealt="1" sum="480"/>
</round>
<round no="2"><cards type="Flop">HA S7 S5</cards>
</round>
<round no="3"><cards type="Turn">H7</cards>
</round>
<round no="4"><cards type="River">DK</cards>
</round>
</game>
<game gamecode="6440402566"><general><startdate>2025-07-29 02:30:08</startdate>
<round>1</round>
<failsafecounter/>
<players><player seat="3" name="SalvoMiracoli2" chips="500" dealer="0" win="80" bet="500" muck="1" rebuy="0" addon="0" merge="0" rebuychips="0" reg_code="5050342797"/>
<player seat="6" name="Rakki" chips="1,000" dealer="1" win="0" bet="40" muck="1" rebuy="0" addon="0" merge="0" rebuychips="0" reg_code="5050342874"/>
</players>
</general>
<round no="0"><action no="1" player="Rakki" type="1" sum="10"/>
<action no="2" player="SalvoMiracoli2" type="2" discard="1" dealt="1" sum="20"/>
</round>
<round no="1"><cards type="Pocket" player="SalvoMiracoli2">X X</cards>
<cards type="Pocket" player="Rakki">S9 HQ</cards>
<action no="3" player="Rakki" type="23" sum="40"/>
<action no="4" player="SalvoMiracoli2" type="23" discard="1" dealt="1" sum="500"/>
<action no="5" player="Rakki" type="0" sum="0"/>
</round>
</game>
<game gamecode="6440402583"><general><startdate>2025-07-29 02:30:20</startdate>
<round>1</round>
<failsafecounter/>
<players><player seat="6" name="Rakki" chips="960" dealer="0" win="0" bet="40" muck="1" rebuy="0" addon="0" merge="0" rebuychips="0" reg_code="5050342874"/>
<player seat="3" name="SalvoMiracoli2" chips="540" dealer="1" win="80" bet="60" muck="1" rebuy="0" addon="0" merge="0" rebuychips="0" reg_code="5050342797"/>
</players>
</general>
<round no="0"><action no="1" player="SalvoMiracoli2" type="1" discard="1" dealt="1" sum="10"/>
<action no="2" player="Rakki" type="2" sum="20"/>
</round>
<round no="1"><cards type="Pocket" player="Rakki">CJ D10</cards>
<cards type="Pocket" player="SalvoMiracoli2">X X</cards>
<action no="3" player="SalvoMiracoli2" type="23" discard="1" dealt="1" sum="40"/>
<action no="4" player="Rakki" type="3" sum="20"/>
</round>
<round no="2"><cards type="Flop">D5 DK SK</cards>
<action no="5" player="Rakki" type="4" sum="0"/>
<action no="6" player="SalvoMiracoli2" type="5" discard="1" dealt="1" sum="20"/>
<action no="7" player="Rakki" type="0" sum="0"/>
</round>
</game>
<game gamecode="6440407217"><general><startdate>2025-07-29 02:30:32</startdate>
<round>1</round>
<failsafecounter/>
<players><player seat="3" name="SalvoMiracoli2" chips="580" dealer="0" win="0" bet="40" muck="1" rebuy="0" addon="0" merge="0" rebuychips="0" reg_code="5050342797"/>
<player seat="6" name="Rakki" chips="920" dealer="1" win="80" bet="100" muck="1" rebuy="0" addon="0" merge="0" rebuychips="0" reg_code="5050342874"/>
</players>
</general>
<round no="0"><action no="1" player="Rakki" type="1" sum="10"/>
<action no="2" player="SalvoMiracoli2" type="2" discard="1" dealt="1" sum="20"/>
</round>
<round no="1"><cards type="Pocket" player="Rakki">CK D3</cards>
<cards type="Pocket" player="SalvoMiracoli2">X X</cards>
<action no="3" player="Rakki" type="23" sum="40"/>
<action no="4" player="SalvoMiracoli2" type="3" discard="1" dealt="1" sum="20"/>
</round>
<round no="2"><cards type="Flop">HQ C8 S10</cards>
<action no="5" player="SalvoMiracoli2" type="4" discard="1" dealt="1" sum="0"/>
<action no="6" player="Rakki" type="4" sum="0"/>
</round>
<round no="3"><cards type="Turn">S4</cards>
<action no="7" player="SalvoMiracoli2" type="4" discard="1" dealt="1" sum="0"/>
<action no="8" player="Rakki" type="5" sum="60"/>
<action no="9" player="SalvoMiracoli2" type="0" discard="1" dealt="1" sum="0"/>
</round>
</game>
<game gamecode="6440407246"><general><startdate>2025-07-29 02:30:50</startdate>
<round>1</round>
<failsafecounter/>
<players><player seat="6" name="Rakki" chips="960" dealer="0" win="0" bet="20" muck="1" rebuy="0" addon="0" merge="0" rebuychips="0" reg_code="5050342874"/>
<player seat="3" name="SalvoMiracoli2" chips="540" dealer="1" win="40" bet="40" muck="1" rebuy="0" addon="0" merge="0" rebuychips="0" reg_code="5050342797"/>
</players>
</general>
<round no="0"><action no="1" player="SalvoMiracoli2" type="1" discard="1" dealt="1" sum="10"/>
<action no="2" player="Rakki" type="2" sum="20"/>
</round>
<round no="1"><cards type="Pocket" player="Rakki">S2 C5</cards>
<cards type="Pocket" player="SalvoMiracoli2">X X</cards>
<action no="3" player="SalvoMiracoli2" type="23" discard="1" dealt="1" sum="40"/>
<action no="4" player="Rakki" type="0" sum="0"/>
</round>
</game>
<game gamecode="6440407252"><general><startdate>2025-07-29 02:30:58</startdate>
<round>1</round>
<failsafecounter/>
<players><player seat="3" name="SalvoMiracoli2" chips="560" dealer="0" win="80" bet="560" muck="1" rebuy="0" addon="0" merge="0" rebuychips="0" reg_code="5050342797"/>
<player seat="6" name="Rakki" chips="940" dealer="1" win="0" bet="40" muck="1" rebuy="0" addon="0" merge="0" rebuychips="0" reg_code="5050342874"/>
</players>
</general>
<round no="0"><action no="1" player="Rakki" type="1" sum="10"/>
<action no="2" player="SalvoMiracoli2" type="2" discard="1" dealt="1" sum="20"/>
</round>
<round no="1"><cards type="Pocket" player="SalvoMiracoli2">X X</cards>
<cards type="Pocket" player="Rakki">HQ S6</cards>
<action no="3" player="Rakki" type="23" sum="40"/>
<action no="4" player="SalvoMiracoli2" type="23" discard="1" dealt="1" sum="560"/>
<action no="5" player="Rakki" type="0" sum="0"/>
</round>
</game>
<game gamecode="6440407262"><general><startdate>2025-07-29 02:31:05</startdate>
<round>1</round>
<failsafecounter/>
<players><player seat="6" name="Rakki" chips="900" dealer="0" win="0" bet="40" muck="1" rebuy="0" addon="0" merge="0" rebuychips="0" reg_code="5050342874"/>
<player seat="3" name="SalvoMiracoli2" chips="600" dealer="1" win="80" bet="100" muck="1" rebuy="0" addon="0" merge="0" rebuychips="0" reg_code="5050342797"/>
</players>
</general>
<round no="0"><action no="1" player="SalvoMiracoli2" type="1" discard="1" dealt="1" sum="10"/>
<action no="2" player="Rakki" type="2" sum="20"/>
</round>
<round no="1"><cards type="Pocket" player="SalvoMiracoli2">X X</cards>
<cards type="Pocket" player="Rakki">DK D3</cards>
<action no="3" player="SalvoMiracoli2" type="23" discard="1" dealt="1" sum="40"/>
<action no="4" player="Rakki" type="3" sum="20"/>
</round>
<round no="2"><cards type="Flop">HK SJ H9</cards>
<action no="5" player="Rakki" type="4" sum="0"/>
<action no="6" player="SalvoMiracoli2" type="4" discard="1" dealt="1" sum="0"/>
</round>
<round no="3"><cards type="Turn">S10</cards>
<action no="7" player="Rakki" type="4" sum="0"/>
<action no="8" player="SalvoMiracoli2" type="5" discard="1" dealt="1" sum="60"/>
<action no="9" player="Rakki" type="0" sum="0"/>
</round>
</game>
<game gamecode="6440407281"><general><startdate>2025-07-29 02:31:20</startdate>
<round>1</round>
<failsafecounter/>
<players><player seat="3" name="SalvoMiracoli2" chips="640" dealer="0" win="0" bet="20" muck="1" rebuy="0" addon="0" merge="0" rebuychips="0" reg_code="5050342797"/>
<player seat="6" name="Rakki" chips="860" dealer="1" win="40" bet="40" muck="1" rebuy="0" addon="0" merge="0" rebuychips="0" reg_code="5050342874"/>
</players>
</general>
<round no="0"><action no="1" player="Rakki" type="1" sum="10"/>
<action no="2" player="SalvoMiracoli2" type="2" discard="1" dealt="1" sum="20"/>
</round>
<round no="1"><cards type="Pocket" player="SalvoMiracoli2">X X</cards>
<cards type="Pocket" player="Rakki">S10 CA</cards>
<action no="3" player="Rakki" type="23" sum="40"/>
<action no="4" player="SalvoMiracoli2" type="0" discard="1" dealt="1" sum="0"/>
</round>
</game>
<game gamecode="6440407288"><general><startdate>2025-07-29 02:31:26</startdate>
<round>1</round>
<failsafecounter/>
<players><player seat="6" name="Rakki" chips="880" dealer="0" win="430" bet="215" muck="0" rebuy="0" addon="0" merge="0" rebuychips="0" reg_code="5050342874"/>
<player seat="3" name="SalvoMiracoli2" chips="620" dealer="1" win="0" bet="215" muck="1" rebuy="0" addon="0" merge="0" rebuychips="0" reg_code="5050342797"/>
</players>
</general>
<round no="0"><action no="1" player="SalvoMiracoli2" type="15" discard="1" dealt="1" sum="5"/>
<action no="2" player="Rakki" type="15" sum="5"/>
<action no="3" player="SalvoMiracoli2" type="1" discard="1" dealt="1" sum="15"/>
<action no="4" player="Rakki" type="2" sum="30"/>
</round>
<round no="1"><cards type="Pocket" player="Rakki">CQ HJ</cards>
<cards type="Pocket" player="SalvoMiracoli2">H7 H10</cards>
<action no="5" player="SalvoMiracoli2" type="23" discard="1" dealt="1" sum="60"/>
<action no="6" player="Rakki" type="3" sum="30"/>
</round>
<round no="2"><cards type="Flop">DJ D3 CA</cards>
<action no="7" player="Rakki" type="4" sum="0"/>
<action no="8" player="SalvoMiracoli2" type="5" discard="1" dealt="1" sum="30"/>
<action no="9" player="Rakki" type="3" sum="30"/>
</round>
<round no="3"><cards type="Turn">H4</cards>
<action no="10" player="Rakki" type="4" sum="0"/>
<action no="11" player="SalvoMiracoli2" type="5" discard="1" dealt="1" sum="120"/>
<action no="12" player="Rakki" type="3" sum="120"/>
</round>
<round no="4"><cards type="River">DK</cards>
<action no="13" player="Rakki" type="4" sum="0"/>
<action no="14" player="SalvoMiracoli2" type="4" discard="1" dealt="1" sum="0"/>
</round>
</game>
<game gamecode="6440407330"><general><startdate>2025-07-29 02:31:54</startdate>
<round>1</round>
<failsafecounter/>
<players><player seat="3" name="SalvoMiracoli2" chips="405" dealer="0" win="40" bet="35" muck="1" rebuy="0" addon="0" merge="0" rebuychips="0" reg_code="5050342797"/>
<player seat="6" name="Rakki" chips="1,095" dealer="1" win="0" bet="20" muck="1" rebuy="0" addon="0" merge="0" rebuychips="0" reg_code="5050342874"/>
</players>
</general>
<round no="0"><action no="1" player="Rakki" type="15" sum="5"/>
<action no="2" player="SalvoMiracoli2" type="15" discard="1" dealt="1" sum="5"/>
<action no="3" player="Rakki" type="1" sum="15"/>
<action no="4" player="SalvoMiracoli2" type="2" discard="1" dealt="1" sum="30"/>
</round>
<round no="1"><cards type="Pocket" player="SalvoMiracoli2">X X</cards>
<cards type="Pocket" player="Rakki">H3 S2</cards>
<action no="5" player="Rakki" type="0" sum="0"/>
</round>
</game>
<game gamecode="6440407334"><general><startdate>2025-07-29 02:31:59</startdate>
<round>1</round>
<failsafecounter/>
<players><player seat="6" name="Rakki" chips="1,075" dealer="0" win="130" bet="65" muck="0" rebuy="0" addon="0" merge="0" rebuychips="0" reg_code="5050342874"/>
<player seat="3" name="SalvoMiracoli2" chips="425" dealer="1" win="0" bet="65" muck="1" rebuy="0" addon="0" merge="0" rebuychips="0" reg_code="5050342797"/>
</players>
</general>
<round no="0"><action no="1" player="SalvoMiracoli2" type="15" discard="1" dealt="1" sum="5"/>
<action no="2" player="Rakki" type="15" sum="5"/>
<action no="3" player="SalvoMiracoli2" type="1" discard="1" dealt="1" sum="15"/>
<action no="4" player="Rakki" type="2" sum="30"/>
</round>
<round no="1"><cards type="Pocket" player="SalvoMiracoli2">C4 CK</cards>
<cards type="Pocket" player="Rakki">SK C6</cards>
<action no="5" player="SalvoMiracoli2" type="3" discard="1" dealt="1" sum="15"/>
<action no="6" player="Rakki" type="4" sum="0"/>
</round>
<round no="2"><cards type="Flop">H2 S8 D3</cards>
<action no="7" player="Rakki" type="4" sum="0"/>
<action no="8" player="SalvoMiracoli2" type="5" discard="1" dealt="1" sum="30"/>
<action no="9" player="Rakki" type="3" sum="30"/>
</round>
<round no="3"><cards type="Turn">SQ</cards>
<action no="10" player="Rakki" type="4" sum="0"/>
<action no="11" player="SalvoMiracoli2" type="4" discard="1" dealt="1" sum="0"/>
</round>
<round no="4"><cards type="River">H9</cards>
<action no="12" player="Rakki" type="4" sum="0"/>
<action no="13" player="SalvoMiracoli2" type="4" discard="1" dealt="1" sum="0"/>
</round>
</game>
<game gamecode="6440407349"><general><startdate>2025-07-29 02:32:18</startdate>
<round>1</round>
<failsafecounter/>
<players><player seat="3" name="SalvoMiracoli2" chips="360" dealer="0" win="130" bet="125" muck="1" rebuy="0" addon="0" merge="0" rebuychips="0" reg_code="5050342797"/>
<player seat="6" name="Rakki" chips="1,140" dealer="1" win="0" bet="65" muck="1" rebuy="0" addon="0" merge="0" rebuychips="0" reg_code="5050342874"/>
</players>
</general>
<round no="0"><action no="1" player="Rakki" type="15" sum="5"/>
<action no="2" player="SalvoMiracoli2" type="15" discard="1" dealt="1" sum="5"/>
<action no="3" player="Rakki" type="1" sum="15"/>
<action no="4" player="SalvoMiracoli2" type="2" discard="1" dealt="1" sum="30"/>
</round>
<round no="1"><cards type="Pocket" player="Rakki">S2 D5</cards>
<cards type="Pocket" player="SalvoMiracoli2">X X</cards>
<action no="5" player="Rakki" type="3" sum="15"/>
<action no="6" player="SalvoMiracoli2" type="4" discard="1" dealt="1" sum="0"/>
</round>
<round no="2"><cards type="Flop">D4 H4 S10</cards>
<action no="7" player="SalvoMiracoli2" type="4" discard="1" dealt="1" sum="0"/>
<action no="8" player="Rakki" type="5" sum="30"/>
<action no="9" player="SalvoMiracoli2" type="23" discard="1" dealt="1" sum="90"/>
<action no="10" player="Rakki" type="0" sum="0"/>
</round>
</game>
<game gamecode="6440407371"><general><startdate>2025-07-29 02:32:41</startdate>
<round>1</round>
<failsafecounter/>
<players><player seat="6" name="Rakki" chips="1,075" dealer="0" win="0" bet="35" muck="1" rebuy="0" addon="0" merge="0" rebuychips="0" reg_code="5050342874"/>
<player seat="3" name="SalvoMiracoli2" chips="425" dealer="1" win="70" bet="88" muck="1" rebuy="0" addon="0" merge="0" rebuychips="0" reg_code="5050342797"/>
</players>
</general>
<round no="0"><action no="1" player="SalvoMiracoli2" type="15" discard="1" dealt="1" sum="5"/>
<action no="2" player="Rakki" type="15" sum="5"/>
<action no="3" player="SalvoMiracoli2" type="1" discard="1" dealt="1" sum="15"/>
<action no="4" player="Rakki" type="2" sum="30"/>
</round>
<round no="1"><cards type="Pocket" player="Rakki">S6 D4</cards>
<cards type="Pocket" player="SalvoMiracoli2">X X</cards>
<action no="5" player="SalvoMiracoli2" type="3" discard="1" dealt="1" sum="15"/>
<action no="6" player="Rakki" type="4" sum="0"/>
</round>
<round no="2"><cards type="Flop">S5 H10 H8</cards>
<action no="7" player="Rakki" type="4" sum="0"/>
<action no="8" player="SalvoMiracoli2" type="4" discard="1" dealt="1" sum="0"/>
</round>
<round no="3"><cards type="Turn">C5</cards>
<action no="9" player="Rakki" type="4" sum="0"/>
<action no="10" player="SalvoMiracoli2" type="5" discard="1" dealt="1" sum="53"/>
<action no="11" player="Rakki" type="0" sum="0"/>
</round>
</game>
<game gamecode="6440407395"><general><startdate>2025-07-29 02:33:06</startdate>
<round>1</round>
<failsafecounter/>
<players><player seat="3" name="SalvoMiracoli2" chips="460" dealer="0" win="170" bet="165" muck="1" rebuy="0" addon="0" merge="0" rebuychips="0" reg_code="5050342797"/>
<player seat="6" name="Rakki" chips="1,040" dealer="1" win="0" bet="85" muck="1" rebuy="0" addon="0" merge="0" rebuychips="0" reg_code="5050342874"/>
</players>
</general>
<round no="0"><action no="1" player="Rakki" type="15" sum="5"/>
<action no="2" player="SalvoMiracoli2" type="15" discard="1" dealt="1" sum="5"/>
<action no="3" player="Rakki" type="1" sum="20"/>
<action no="4" player="SalvoMiracoli2" type="2" discard="1" dealt="1" sum="40"/>
</round>
<round no="1"><cards type="Pocket" player="SalvoMiracoli2">X X</cards>
<cards type="Pocket" player="Rakki">H10 D6</cards>
<action no="5" player="Rakki" type="3" sum="20"/>
<action no="6" player="SalvoMiracoli2" type="4" discard="1" dealt="1" sum="0"/>
</round>
<round no="2"><cards type="Flop">D5 D7 C5</cards>
<action no="7" player="SalvoMiracoli2" type="4" discard="1" dealt="1" sum="0"/>
<action no="8" player="Rakki" type="5" sum="40"/>
<action no="9" player="SalvoMiracoli2" type="23" discard="1" dealt="1" sum="120"/>
<action no="10" player="Rakki" type="0" sum="0"/>
</round>
</game>
<game gamecode="6440407418"><general><startdate>2025-07-29 02:33:26</startdate>
<round>1</round>
<failsafecounter/>
<players><player seat="6" name="Rakki" chips="955" dealer="0" win="0" bet="545" muck="1" rebuy="0" addon="0" merge="0" rebuychips="0" reg_code="5050342874"/>
<player seat="3" name="SalvoMiracoli2" chips="545" dealer="1" win="1,090" bet="545" muck="0" rebuy="0" addon="0" merge="0" rebuychips="0" reg_code="5050342797"/>
</players>
</general>
<round no="0"><action no="1" player="SalvoMiracoli2" type="15" discard="1" dealt="1" sum="5"/>
<action no="2" player="Rakki" type="15" sum="5"/>
<action no="3" player="SalvoMiracoli2" type="1" discard="1" dealt="1" sum="20"/>
<action no="4" player="Rakki" type="2" sum="40"/>
</round>
<round no="1"><cards type="Pocket" player="Rakki">CQ HA</cards>
<cards type="Pocket" player="SalvoMiracoli2">CK SA</cards>
<action no="5" player="SalvoMiracoli2" type="3" discard="1" dealt="1" sum="20"/>
<action no="6" player="Rakki" type="23" sum="180"/>
<action no="7" player="SalvoMiracoli2" type="23" discard="1" dealt="1" sum="540"/>
<action no="8" player="Rakki" type="3" sum="360"/>
</round>
<round no="2"><cards type="Flop">C5 DJ S8</cards>
</round>
<round no="3"><cards type="Turn">C8</cards>
</round>
<round no="4"><cards type="River">H6</cards>
</round>
</game>
<game gamecode="6440407439"><general><startdate>2025-07-29 02:33:47</startdate>
<round>1</round>
<failsafecounter/>
<players><player seat="3" name="SalvoMiracoli2" chips="1,090" dealer="0" win="90" bet="1,090" muck="1" rebuy="0" addon="0" merge="0" rebuychips="0" reg_code="5050342797"/>
<player seat="6" name="Rakki" chips="410" dealer="1" win="0" bet="45" muck="1" rebuy="0" addon="0" merge="0" rebuychips="0" reg_code="5050342874"/>
</players>
</general>
<round no="0"><action no="1" player="Rakki" type="15" sum="5"/>
<action no="2" player="SalvoMiracoli2" type="15" discard="1" dealt="1" sum="5"/>
<action no="3" player="Rakki" type="1" sum="20"/>
<action no="4" player="SalvoMiracoli2" type="2" discard="1" dealt="1" sum="40"/>
</round>
<round no="1"><cards type="Pocket" player="SalvoMiracoli2">X X</cards>
<cards type="Pocket" player="Rakki">C5 S9</cards>
<action no="5" player="Rakki" type="3" sum="20"/>
<action no="6" player="SalvoMiracoli2" type="23" discard="1" dealt="1" sum="1,085"/>
<action no="7" player="Rakki" type="0" sum="0"/>
</round>
</game>
<game gamecode="6440407452"><general><startdate>2025-07-29 02:33:55</startdate>
<round>1</round>
<failsafecounter/>
<players><player seat="6" name="Rakki" chips="365" dealer="0" win="0" bet="45" muck="1" rebuy="0" addon="0" merge="0" rebuychips="0" reg_code="5050342874"/>
<player seat="3" name="SalvoMiracoli2" chips="1,135" dealer="1" win="90" bet="85" muck="1" rebuy="0" addon="0" merge="0" rebuychips="0" reg_code="5050342797"/>
</players>
</general>
<round no="0"><action no="1" player="SalvoMiracoli2" type="15" discard="1" dealt="1" sum="5"/>
<action no="2" player="Rakki" type="15" sum="5"/>
<action no="3" player="SalvoMiracoli2" type="1" discard="1" dealt="1" sum="20"/>
<action no="4" player="Rakki" type="2" sum="40"/>
</round>
<round no="1"><cards type="Pocket" player="Rakki">S7 H5</cards>
<cards type="Pocket" player="SalvoMiracoli2">X X</cards>
<action no="5" player="SalvoMiracoli2" type="3" discard="1" dealt="1" sum="20"/>
<action no="6" player="Rakki" type="4" sum="0"/>
</round>
<round no="2"><cards type="Flop">S10 C2 S2</cards>
<action no="7" player="Rakki" type="4" sum="0"/>
<action no="8" player="SalvoMiracoli2" type="5" discard="1" dealt="1" sum="40"/>
<action no="9" player="Rakki" type="0" sum="0"/>
</round>
</game>
<game gamecode="6440407465"><general><startdate>2025-07-29 02:34:06</startdate>
<round>1</round>
<failsafecounter/>
<players><player seat="3" name="SalvoMiracoli2" chips="1,180" dealer="0" win="0" bet="320" muck="1" rebuy="0" addon="0" merge="0" rebuychips="0" reg_code="5050342797"/>
<player seat="6" name="Rakki" chips="320" dealer="1" win="640" bet="320" muck="0" rebuy="0" addon="0" merge="0" rebuychips="0" reg_code="5050342874"/>
</players>
</general>
<round no="0"><action no="1" player="Rakki" type="15" sum="5"/>
<action no="2" player="SalvoMiracoli2" type="15" discard="1" dealt="1" sum="5"/>
<action no="3" player="Rakki" type="1" sum="20"/>
<action no="4" player="SalvoMiracoli2" type="2" discard="1" dealt="1" sum="40"/>
</round>
<round no="1"><cards type="Pocket" player="Rakki">D8 S7</cards>
<cards type="Pocket" player="SalvoMiracoli2">CQ DK</cards>
<action no="5" player="Rakki" type="23" sum="315"/>
<action no="6" player="SalvoMiracoli2" type="3" discard="1" dealt="1" sum="275"/>
</round>
<round no="2"><cards type="Flop">H2 H7 C3</cards>
</round>
<round no="3"><cards type="Turn">H9</cards>
</round>
<round no="4"><cards type="River">D5</cards>
</round>
</game>
<game gamecode="6440407484"><general><startdate>2025-07-29 02:34:20</startdate>
<round>1</round>
<failsafecounter/>
<players><player seat="6" name="Rakki" chips="640" dealer="0" win="0" bet="45" muck="1" rebuy="0" addon="0" merge="0" rebuychips="0" reg_code="5050342874"/>
<player seat="3" name="SalvoMiracoli2" chips="860" dealer="1" win="90" bet="860" muck="1" rebuy="0" addon="0" merge="0" rebuychips="0" reg_code="5050342797"/>
</players>
</general>
<round no="0"><action no="1" player="SalvoMiracoli2" type="15" discard="1" dealt="1" sum="5"/>
<action no="2" player="Rakki" type="15" sum="5"/>
<action no="3" player="SalvoMiracoli2" type="1" discard="1" dealt="1" sum="20"/>
<action no="4" player="Rakki" type="2" sum="40"/>
</round>
<round no="1"><cards type="Pocket" player="Rakki">D7 H2</cards>
<cards type="Pocket" player="SalvoMiracoli2">X X</cards>
<action no="5" player="SalvoMiracoli2" type="23" discard="1" dealt="1" sum="855"/>
<action no="6" player="Rakki" type="0" sum="0"/>
</round>
</game>
<game gamecode="6440407498"><general><startdate>2025-07-29 02:34:28</startdate>
<round>1</round>
<failsafecounter/>
<players><player seat="3" name="SalvoMiracoli2" chips="905" dealer="0" win="0" bet="905" muck="0" rebuy="0" addon="0" merge="0" rebuychips="0" reg_code="5050342797"/>
<player seat="6" name="Rakki" chips="595" dealer="1" win="1,190" bet="595" muck="0" rebuy="0" addon="0" merge="0" rebuychips="0" reg_code="5050342874"/>
</players>
</general>
<round no="0"><action no="1" player="Rakki" type="15" sum="5"/>
<action no="2" player="SalvoMiracoli2" type="15" discard="1" dealt="1" sum="5"/>
<action no="3" player="Rakki" type="1" sum="20"/>
<action no="4" player="SalvoMiracoli2" type="2" discard="1" dealt="1" sum="40"/>
</round>
<round no="1"><cards type="Pocket" player="Rakki">CQ SQ</cards>
<cards type="Pocket" player="SalvoMiracoli2">D2 H2</cards>
<action no="5" player="Rakki" type="23" sum="80"/>
<action no="6" player="SalvoMiracoli2" type="23" discard="1" dealt="1" sum="900"/>
<action no="7" player="Rakki" type="7" sum="510"/>
</round>
<round no="2"><cards type="Flop">CK S9 DQ</cards>
</round>
<round no="3"><cards type="Turn">H9</cards>
</round>
<round no="4"><cards type="River">D7</cards>
</round>
</game>
<game gamecode="6440407521"><general><startdate>2025-07-29 02:34:46</startdate>
<round>1</round>
<failsafecounter/>
<players><player seat="6" name="Rakki" chips="1,190" dealer="0" win="0" bet="310" muck="1" rebuy="0" addon="0" merge="0" rebuychips="0" reg_code="5050342874"/>
<player seat="3" name="SalvoMiracoli2" chips="310" dealer="1" win="620" bet="310" muck="0" rebuy="0" addon="0" merge="0" rebuychips="0" reg_code="5050342797"/>
</players>
</general>
<round no="0"><action no="1" player="SalvoMiracoli2" type="15" discard="1" dealt="1" sum="5"/>
<action no="2" player="Rakki" type="15" sum="5"/>
<action no="3" player="SalvoMiracoli2" type="1" discard="1" dealt="1" sum="20"/>
<action no="4" player="Rakki" type="2" sum="40"/>
</round>
<round no="1"><cards type="Pocket" player="SalvoMiracoli2">DA DJ</cards>
<cards type="Pocket" player="Rakki">S7 CQ</cards>
<action no="5" player="SalvoMiracoli2" type="23" discard="1" dealt="1" sum="305"/>
<action no="6" player="Rakki" type="3" sum="265"/>
</round>
<round no="2"><cards type="Flop">H2 DK S8</cards>
</round>
<round no="3"><cards type="Turn">D3</cards>
</round>
<round no="4"><cards type="River">HJ</cards>
</round>
</game>
<game gamecode="6440407542"><general><startdate>2025-07-29 02:35:00</startdate>
<round>1</round>
<failsafecounter/>
<players><player seat="3" name="SalvoMiracoli2" chips="620" dealer="0" win="130" bet="620" muck="1" rebuy="0" addon="0" merge="0" rebuychips="0" reg_code="5050342797"/>
<player seat="6" name="Rakki" chips="880" dealer="1" win="0" bet="65" muck="1" rebuy="0" addon="0" merge="0" rebuychips="0" reg_code="5050342874"/>
</players>
</general>
<round no="0"><action no="1" player="Rakki" type="15" sum="5"/>
<action no="2" player="SalvoMiracoli2" type="15" discard="1" dealt="1" sum="5"/>
<action no="3" player="Rakki" type="1" sum="30"/>
<action no="4" player="SalvoMiracoli2" type="2" discard="1" dealt="1" sum="60"/>
</round>
<round no="1"><cards type="Pocket" player="SalvoMiracoli2">X X</cards>
<cards type="Pocket" player="Rakki">D4 S9</cards>
<action no="5" player="Rakki" type="3" sum="30"/>
<action no="6" player="SalvoMiracoli2" type="23" discard="1" dealt="1" sum="615"/>
<action no="7" player="Rakki" type="0" sum="0"/>
</round>
</game>
<game gamecode="6440407558"><general><startdate>2025-07-29 02:35:09</startdate>
<round>1</round>
<failsafecounter/>
<players><player seat="6" name="Rakki" chips="815" dealer="0" win="0" bet="185" muck="0" rebuy="0" addon="0" merge="0" rebuychips="0" reg_code="5050342874"/>
<player seat="3" name="SalvoMiracoli2" chips="685" dealer="1" win="370" bet="185" muck="0" rebuy="0" addon="0" merge="0" rebuychips="0" reg_code="5050342797"/>
</players>
</general>
<round no="0"><action no="1" player="SalvoMiracoli2" type="15" discard="1" dealt="1" sum="5"/>
<action no="2" player="Rakki" type="15" sum="5"/>
<action no="3" player="SalvoMiracoli2" type="1" discard="1" dealt="1" sum="30"/>
<action no="4" player="Rakki" type="2" sum="60"/>
</round>
<round no="1"><cards type="Pocket" player="SalvoMiracoli2">D4 S10</cards>
<cards type="Pocket" player="Rakki">C8 SQ</cards>
<action no="5" player="SalvoMiracoli2" type="3" discard="1" dealt="1" sum="30"/>
<action no="6" player="Rakki" type="4" sum="0"/>
</round>
<round no="2"><cards type="Flop">HK S2 S4</cards>
<action no="7" player="Rakki" type="4" sum="0"/>
<action no="8" player="SalvoMiracoli2" type="5" discard="1" dealt="1" sum="60"/>
<action no="9" player="Rakki" type="3" sum="60"/>
</round>
<round no="3"><cards type="Turn">DK</cards>
<action no="10" player="Rakki" type="4" sum="0"/>
<action no="11" player="SalvoMiracoli2" type="4" discard="1" dealt="1" sum="0"/>
</round>
<round no="4"><cards type="River">D2</cards>
<action no="12" player="Rakki" type="5" sum="60"/>
<action no="13" player="SalvoMiracoli2" type="3" discard="1" dealt="1" sum="60"/>
</round>
</game>
<game gamecode="6440407592"><general><startdate>2025-07-29 02:35:34</startdate>
<round>1</round>
<failsafecounter/>
<players><player seat="3" name="SalvoMiracoli2" chips="870" dealer="0" win="0" bet="185" muck="1" rebuy="0" addon="0" merge="0" rebuychips="0" reg_code="5050342797"/>
<player seat="6" name="Rakki" chips="630" dealer="1" win="370" bet="630" muck="1" rebuy="0" addon="0" merge="0" rebuychips="0" reg_code="5050342874"/>
</players>
</general>
<round no="0"><action no="1" player="Rakki" type="15" sum="5"/>
<action no="2" player="SalvoMiracoli2" type="15" discard="1" dealt="1" sum="5"/>
<action no="3" player="Rakki" type="1" sum="30"/>
<action no="4" player="SalvoMiracoli2" type="2" discard="1" dealt="1" sum="60"/>
</round>
<round no="1"><cards type="Pocket" player="SalvoMiracoli2">X X</cards>
<cards type="Pocket" player="Rakki">DK HA</cards>
<action no="5" player="Rakki" type="3" sum="30"/>
<action no="6" player="SalvoMiracoli2" type="23" discard="1" dealt="1" sum="180"/>
<action no="7" player="Rakki" type="23" sum="625"/>
<action no="8" player="SalvoMiracoli2" type="0" discard="1" dealt="1" sum="0"/>
</round>
</game>
<game gamecode="6440407608"><general><startdate>2025-07-29 02:35:48</startdate>
<round>1</round>
<failsafecounter/>
<players><player seat="6" name="Rakki" chips="815" dealer="0" win="250" bet="125" muck="0" rebuy="0" addon="0" merge="0" rebuychips="0" reg_code="5050342874"/>
<player seat="3" name="SalvoMiracoli2" chips="685" dealer="1" win="0" bet="125" muck="1" rebuy="0" addon="0" merge="0" rebuychips="0" reg_code="5050342797"/>
</players>
</general>
<round no="0"><action no="1" player="SalvoMiracoli2" type="15" discard="1" dealt="1" sum="5"/>
<action no="2" player="Rakki" type="15" sum="5"/>
<action no="3" player="SalvoMiracoli2" type="1" discard="1" dealt="1" sum="30"/>
<action no="4" player="Rakki" type="2" sum="60"/>
</round>
<round no="1"><cards type="Pocket" player="SalvoMiracoli2">C6 D5</cards>
<cards type="Pocket" player="Rakki">S9 CQ</cards>
<action no="5" player="SalvoMiracoli2" type="3" discard="1" dealt="1" sum="30"/>
<action no="6" player="Rakki" type="4" sum="0"/>
</round>
<round no="2"><cards type="Flop">D10 H3 SA</cards>
<action no="7" player="Rakki" type="4" sum="0"/>
<action no="8" player="SalvoMiracoli2" type="5" discard="1" dealt="1" sum="60"/>
<action no="9" player="Rakki" type="3" sum="60"/>
</round>
<round no="3"><cards type="Turn">C3</cards>
<action no="10" player="Rakki" type="4" sum="0"/>
<action no="11" player="SalvoMiracoli2" type="4" discard="1" dealt="1" sum="0"/>
</round>
<round no="4"><cards type="River">S8</cards>
<action no="12" player="Rakki" type="4" sum="0"/>
<action no="13" player="SalvoMiracoli2" type="4" discard="1" dealt="1" sum="0"/>
</round>
</game>
<game gamecode="6440407629"><general><startdate>2025-07-29 02:36:07</startdate>
<round>1</round>
<failsafecounter/>
<players><player seat="3" name="SalvoMiracoli2" chips="560" dealer="0" win="130" bet="185" muck="1" rebuy="0" addon="0" merge="0" rebuychips="0" reg_code="5050342797"/>
<player seat="6" name="Rakki" chips="940" dealer="1" win="0" bet="65" muck="1" rebuy="0" addon="0" merge="0" rebuychips="0" reg_code="5050342874"/>
</players>
</general>
<round no="0"><action no="1" player="Rakki" type="15" sum="5"/>
<action no="2" player="SalvoMiracoli2" type="15" discard="1" dealt="1" sum="5"/>
<action no="3" player="Rakki" type="1" sum="30"/>
<action no="4" player="SalvoMiracoli2" type="2" discard="1" dealt="1" sum="60"/>
</round>
<round no="1"><cards type="Pocket" player="Rakki">H10 S3</cards>
<cards type="Pocket" player="SalvoMiracoli2">X X</cards>
<action no="5" player="Rakki" type="3" sum="30"/>
<action no="6" player="SalvoMiracoli2" type="23" discard="1" dealt="1" sum="180"/>
<action no="7" player="Rakki" type="0" sum="0"/>
</round>
</game>
<game gamecode="6440407641"><general><startdate>2025-07-29 02:36:16</startdate>
<round>1</round>
<failsafecounter/>
<players><player seat="6" name="Rakki" chips="875" dealer="0" win="250" bet="305" muck="1" rebuy="0" addon="0" merge="0" rebuychips="0" reg_code="5050342874"/>
<player seat="3" name="SalvoMiracoli2" chips="625" dealer="1" win="0" bet="125" muck="1" rebuy="0" addon="0" merge="0" rebuychips="0" reg_code="5050342797"/>
</players>
</general>
<round no="0"><action no="1" player="SalvoMiracoli2" type="15" discard="1" dealt="1" sum="5"/>
<action no="2" player="Rakki" type="15" sum="5"/>
<action no="3" player="SalvoMiracoli2" type="1" discard="1" dealt="1" sum="30"/>
<action no="4" player="Rakki" type="2" sum="60"/>
</round>
<round no="1"><cards type="Pocket" player="Rakki">C3 D5</cards>
<cards type="Pocket" player="SalvoMiracoli2">X X</cards>
<action no="5" player="SalvoMiracoli2" type="3" discard="1" dealt="1" sum="30"/>
<action no="6" player="Rakki" type="4" sum="0"/>
</round>
<round no="2"><cards type="Flop">S7 SK S3</cards>
<action no="7" player="Rakki" type="4" sum="0"/>
<action no="8" player="SalvoMiracoli2" type="5" discard="1" dealt="1" sum="60"/>
<action no="9" player="Rakki" type="3" sum="60"/>
</round>
<round no="3"><cards type="Turn">H5</cards>
<action no="10" player="Rakki" type="4" sum="0"/>
<action no="11" player="SalvoMiracoli2" type="4" discard="1" dealt="1" sum="0"/>
</round>
<round no="4"><cards type="River">C8</cards>
<action no="12" player="Rakki" type="5" sum="180"/>
<action no="13" player="SalvoMiracoli2" type="0" discard="1" dealt="1" sum="0"/>
</round>
</game>
<game gamecode="6440407666"><general><startdate>2025-07-29 02:36:40</startdate>
<round>1</round>
<failsafecounter/>
<players><player seat="3" name="SalvoMiracoli2" chips="500" dealer="0" win="0" bet="168" muck="1" rebuy="0" addon="0" merge="0" rebuychips="0" reg_code="5050342797"/>
<player seat="6" name="Rakki" chips="1,000" dealer="1" win="336" bet="292" muck="1" rebuy="0" addon="0" merge="0" rebuychips="0" reg_code="5050342874"/>
</players>
</general>
<round no="0"><action no="1" player="Rakki" type="15" sum="8"/>
<action no="2" player="SalvoMiracoli2" type="15" discard="1" dealt="1" sum="8"/>
<action no="3" player="Rakki" type="1" sum="40"/>
<action no="4" player="SalvoMiracoli2" type="2" discard="1" dealt="1" sum="80"/>
</round>
<round no="1"><cards type="Pocket" player="SalvoMiracoli2">X X</cards>
<cards type="Pocket" player="Rakki">C5 S6</cards>
<action no="5" player="Rakki" type="3" sum="40"/>
<action no="6" player="SalvoMiracoli2" type="4" discard="1" dealt="1" sum="0"/>
</round>
<round no="2"><cards type="Flop">H2 SA D3</cards>
<action no="7" player="SalvoMiracoli2" type="4" discard="1" dealt="1" sum="0"/>
<action no="8" player="Rakki" type="5" sum="80"/>
<action no="9" player="SalvoMiracoli2" type="3" discard="1" dealt="1" sum="80"/>
</round>
<round no="3"><cards type="Turn">HK</cards>
<action no="10" player="SalvoMiracoli2" type="4" discard="1" dealt="1" sum="0"/>
<action no="11" player="Rakki" type="5" sum="124"/>
<action no="12" player="SalvoMiracoli2" type="0" discard="1" dealt="1" sum="0"/>
</round>
</game>
<game gamecode="6440407694"><general><startdate>2025-07-29 02:37:10</startdate>
<round>1</round>
<failsafecounter/>
<players><player seat="6" name="Rakki" chips="1,168" dealer="0" win="0" bet="88" muck="1" rebuy="0" addon="0" merge="0" rebuychips="0" reg_code="5050342874"/>
<player seat="3" name="SalvoMiracoli2" chips="332" dealer="1" win="176" bet="332" muck="1" rebuy="0" addon="0" merge="0" rebuychips="0" reg_code="5050342797"/>
</players>
</general>
<round no="0"><action no="1" player="SalvoMiracoli2" type="15" discard="1" dealt="1" sum="8"/>
<action no="2" player="Rakki" type="15" sum="8"/>
<action no="3" player="SalvoMiracoli2" type="1" discard="1" dealt="1" sum="40"/>
<action no="4" player="Rakki" type="2" sum="80"/>
</round>
<round no="1"><cards type="Pocket" player="SalvoMiracoli2">X X</cards>
<cards type="Pocket" player="Rakki">D10 H3</cards>
<action no="5" player="SalvoMiracoli2" type="23" discard="1" dealt="1" sum="324"/>
<action no="6" player="Rakki" type="0" sum="0"/>
</round>
</game>
<game gamecode="6440407706"><general><startdate>2025-07-29 02:37:17</startdate>
<round>1</round>
<failsafecounter/>
<players><player seat="3" name="SalvoMiracoli2" chips="420" dealer="0" win="0" bet="88" muck="1" rebuy="0" addon="0" merge="0" rebuychips="0" reg_code="5050342797"/>
<player seat="6" name="Rakki" chips="1,080" dealer="1" win="176" bet="1,080" muck="1" rebuy="0" addon="0" merge="0" rebuychips="0" reg_code="5050342874"/>
</players>
</general>
<round no="0"><action no="1" player="Rakki" type="15" sum="8"/>
<action no="2" player="SalvoMiracoli2" type="15" discard="1" dealt="1" sum="8"/>
<action no="3" player="Rakki" type="1" sum="40"/>
<action no="4" player="SalvoMiracoli2" type="2" discard="1" dealt="1" sum="80"/>
</round>
<round no="1"><cards type="Pocket" player="SalvoMiracoli2">X X</cards>
<cards type="Pocket" player="Rakki">HQ H5</cards>
<action no="5" player="Rakki" type="23" sum="1,072"/>
<action no="6" player="SalvoMiracoli2" type="0" discard="1" dealt="1" sum="0"/>
</round>
</game>
<game gamecode="6440407713"><general><startdate>2025-07-29 02:37:23</startdate>
<round>1</round>
<failsafecounter/>
<players><player seat="6" name="Rakki" chips="1,168" dealer="0" win="664" bet="332" muck="0" rebuy="0" addon="0" merge="0" rebuychips="0" reg_code="5050342874"/>
<player seat="3" name="SalvoMiracoli2" chips="332" dealer="1" win="0" bet="332" muck="0" rebuy="0" addon="0" merge="0" rebuychips="0" reg_code="5050342797"/>
</players>
</general>
<round no="0"><action no="1" player="SalvoMiracoli2" type="15" discard="1" dealt="1" sum="8"/>
<action no="2" player="Rakki" type="15" sum="8"/>
<action no="3" player="SalvoMiracoli2" type="1" discard="1" dealt="1" sum="40"/>
<action no="4" player="Rakki" type="2" sum="80"/>
</round>
<round no="1"><cards type="Pocket" player="Rakki">C7 S7</cards>
<cards type="Pocket" player="SalvoMiracoli2">S10 H6</cards>
<action no="5" player="SalvoMiracoli2" type="23" discard="1" dealt="1" sum="324"/>
<action no="6" player="Rakki" type="3" sum="244"/>
</round>
<round no="2"><cards type="Flop">DJ D2 S3</cards>
</round>
<round no="3"><cards type="Turn">C9</cards>
</round>
<round no="4"><cards type="River">SJ</cards>
</round>
</game>
</session>
