<?xml version="1.0" encoding="UTF-8"?>
<session sessioncode="5050692762">
<general>
<client_version>25.1.1.16</client_version>
<mode>real</mode>
<gametype>Holdem NL</gametype>
<tablename>Twister €100 SNG, 814925927</tablename>
<tournamentcode>814925926</tournamentcode>
<tournamentname>Twister €100 SNG</tournamentname>
<buyin>€0 + €7 + €93</buyin>
<totalbuyin>€100</totalbuyin>
<rewarddrawn>€200</rewarddrawn>
<tournamentcurrency>EUR</tournamentcurrency>
<currency>EUR</currency>
<nickname>Rakki</nickname>
<gamecount>9</gamecount>
<startdate>2025-07-30 22:47:57</startdate>
<place>2</place>
<win>€0</win>
<tablesize>3</tablesize>
</general>
<game gamecode="6441794257"><general><startdate>2025-07-30 22:48:13</startdate>
<round>1</round>
<failsafecounter/>
<players><player seat="6" name="Rakki" chips="500" dealer="0" win="0" bet="40" muck="1" rebuy="0" addon="0" merge="0" rebuychips="0" reg_code="5050692762"/>
<player seat="10" name="iICapo9" chips="500" dealer="1" win="90" bet="85" muck="1" rebuy="0" addon="0" merge="0" rebuychips="0" reg_code="5050692765"/>
<player seat="3" name="Nonloso6" chips="500" dealer="0" win="0" bet="10" muck="1" rebuy="0" addon="0" merge="0" rebuychips="0" reg_code="5050692221"/>
</players>
</general>
<round no="0"><action no="1" player="Nonloso6" type="1" discard="1" dealt="1" sum="10"/>
<action no="2" player="Rakki" type="2" sum="20"/>
</round>
<round no="1"><cards type="Pocket" player="iICapo9">X X</cards>
<cards type="Pocket" player="Rakki">S3 SJ</cards>
<cards type="Pocket" player="Nonloso6">X X</cards>
<action no="3" player="iICapo9" type="23" discard="1" dealt="1" sum="40"/>
<action no="4" player="Nonloso6" type="0" discard="1" dealt="1" sum="0"/>
<action no="5" player="Rakki" type="3" sum="20"/>
</round>
<round no="2"><cards type="Flop">D10 HQ S10</cards>
<action no="6" player="Rakki" type="4" sum="0"/>
<action no="7" player="iICapo9" type="4" discard="1" dealt="1" sum="0"/>
</round>
<round no="3"><cards type="Turn">H6</cards>
<action no="8" player="Rakki" type="4" sum="0"/>
<action no="9" player="iICapo9" type="5" discard="1" dealt="1" sum="45"/>
<action no="10" player="Rakki" type="0" sum="0"/>
</round>
</game>
<game gamecode="6441794301"><general><startdate>2025-07-30 22:48:43</startdate>
<round>1</round>
<failsafecounter/>
<players><player seat="10" name="iICapo9" chips="550" dealer="0" win="0" bet="20" muck="1" rebuy="0" addon="0" merge="0" rebuychips="0" reg_code="5050692765"/>
<player seat="3" name="Nonloso6" chips="490" dealer="1" win="50" bet="40" muck="1" rebuy="0" addon="0" merge="0" rebuychips="0" reg_code="5050692221"/>
<player seat="6" name="Rakki" chips="460" dealer="0" win="0" bet="10" muck="1" rebuy="0" addon="0" merge="0" rebuychips="0" reg_code="5050692762"/>
</players>
</general>
<round no="0"><action no="1" player="Rakki" type="1" sum="10"/>
<action no="2" player="iICapo9" type="2" discard="1" dealt="1" sum="20"/>
</round>
<round no="1"><cards type="Pocket" player="iICapo9">X X</cards>
<cards type="Pocket" player="Rakki">C2 CK</cards>
<cards type="Pocket" player="Nonloso6">X X</cards>
<action no="3" player="Nonloso6" type="23" discard="1" dealt="1" sum="40"/>
<action no="4" player="Rakki" type="0" sum="0"/>
<action no="5" player="iICapo9" type="0" discard="1" dealt="1" sum="0"/>
</round>
</game>
<game gamecode="6441794318"><general><startdate>2025-07-30 22:48:55</startdate>
<round>1</round>
<failsafecounter/>
<players><player seat="3" name="Nonloso6" chips="520" dealer="0" win="20" bet="20" muck="1" rebuy="0" addon="0" merge="0" rebuychips="0" reg_code="5050692221"/>
<player seat="6" name="Rakki" chips="450" dealer="1" win="0" bet="0" muck="1" rebuy="0" addon="0" merge="0" rebuychips="0" reg_code="5050692762"/>
<player seat="10" name="iICapo9" chips="530" dealer="0" win="0" bet="10" muck="1" rebuy="0" addon="0" merge="0" rebuychips="0" reg_code="5050692765"/>
</players>
</general>
<round no="0"><action no="1" player="iICapo9" type="1" discard="1" dealt="1" sum="10"/>
<action no="2" player="Nonloso6" type="2" discard="1" dealt="1" sum="20"/>
</round>
<round no="1"><cards type="Pocket" player="Nonloso6">X X</cards>
<cards type="Pocket" player="Rakki">H3 S9</cards>
<cards type="Pocket" player="iICapo9">X X</cards>
<action no="3" player="Rakki" type="0" sum="0"/>
<action no="4" player="iICapo9" type="0" discard="1" dealt="1" sum="0"/>
</round>
</game>
<game gamecode="6441794335"><general><startdate>2025-07-30 22:49:03</startdate>
<round>1</round>
<failsafecounter/>
<players><player seat="6" name="Rakki" chips="450" dealer="0" win="400" bet="450" muck="1" rebuy="0" addon="0" merge="0" rebuychips="0" reg_code="5050692762"/>
<player seat="10" name="iICapo9" chips="520" dealer="1" win="0" bet="0" muck="1" rebuy="0" addon="0" merge="0" rebuychips="0" reg_code="5050692765"/>
<player seat="3" name="Nonloso6" chips="530" dealer="0" win="0" bet="200" muck="1" rebuy="0" addon="0" merge="0" rebuychips="0" reg_code="5050692221"/>
</players>
</general>
<round no="0"><action no="1" player="Nonloso6" type="1" discard="1" dealt="1" sum="10"/>
<action no="2" player="Rakki" type="2" sum="20"/>
</round>
<round no="1"><cards type="Pocket" player="Rakki">SQ DK</cards>
<cards type="Pocket" player="Nonloso6">X X</cards>
<cards type="Pocket" player="iICapo9">X X</cards>
<action no="3" player="iICapo9" type="0" discard="1" dealt="1" sum="0"/>
<action no="4" player="Nonloso6" type="23" discard="1" dealt="1" sum="60"/>
<action no="5" player="Rakki" type="3" sum="40"/>
</round>
<round no="2"><cards type="Flop">S4 H4 HJ</cards>
<action no="6" player="Nonloso6" type="5" discard="1" dealt="1" sum="60"/>
<action no="7" player="Rakki" type="3" sum="60"/>
</round>
<round no="3"><cards type="Turn">CQ</cards>
<action no="8" player="Nonloso6" type="4" discard="1" dealt="1" sum="0"/>
<action no="9" player="Rakki" type="5" sum="80"/>
<action no="10" player="Nonloso6" type="3" discard="1" dealt="1" sum="80"/>
</round>
<round no="4"><cards type="River">D9</cards>
<action no="11" player="Nonloso6" type="4" discard="1" dealt="1" sum="0"/>
<action no="12" player="Rakki" type="5" sum="250"/>
<action no="13" player="Nonloso6" type="0" discard="1" dealt="1" sum="0"/>
</round>
</game>
<game gamecode="6441794446"><general><startdate>2025-07-30 22:50:15</startdate>
<round>1</round>
<failsafecounter/>
<players><player seat="10" name="iICapo9" chips="520" dealer="0" win="75" bet="35" muck="0" rebuy="0" addon="0" merge="0" rebuychips="0" reg_code="5050692765"/>
<player seat="3" name="Nonloso6" chips="330" dealer="1" win="0" bet="5" muck="1" rebuy="0" addon="0" merge="0" rebuychips="0" reg_code="5050692221"/>
<player seat="6" name="Rakki" chips="650" dealer="0" win="0" bet="35" muck="1" rebuy="0" addon="0" merge="0" rebuychips="0" reg_code="5050692762"/>
</players>
</general>
<round no="0"><action no="1" player="Rakki" type="15" sum="5"/>
<action no="2" player="iICapo9" type="15" discard="1" dealt="1" sum="5"/>
<action no="3" player="Nonloso6" type="15" discard="1" dealt="1" sum="5"/>
<action no="4" player="Rakki" type="1" sum="15"/>
<action no="5" player="iICapo9" type="2" discard="1" dealt="1" sum="30"/>
</round>
<round no="1"><cards type="Pocket" player="Nonloso6">X X</cards>
<cards type="Pocket" player="iICapo9">HK H4</cards>
<cards type="Pocket" player="Rakki">D9 HJ</cards>
<action no="6" player="Nonloso6" type="0" discard="1" dealt="1" sum="0"/>
<action no="7" player="Rakki" type="3" sum="15"/>
<action no="8" player="iICapo9" type="4" discard="1" dealt="1" sum="0"/>
</round>
<round no="2"><cards type="Flop">S6 HQ D6</cards>
<action no="9" player="Rakki" type="4" sum="0"/>
<action no="10" player="iICapo9" type="4" discard="1" dealt="1" sum="0"/>
</round>
<round no="3"><cards type="Turn">C5</cards>
<action no="11" player="Rakki" type="4" sum="0"/>
<action no="12" player="iICapo9" type="4" discard="1" dealt="1" sum="0"/>
</round>
<round no="4"><cards type="River">H10</cards>
<action no="13" player="Rakki" type="4" sum="0"/>
<action no="14" player="iICapo9" type="4" discard="1" dealt="1" sum="0"/>
</round>
</game>
<game gamecode="6441794494"><general><startdate>2025-07-30 22:50:47</startdate>
<round>1</round>
<failsafecounter/>
<players><player seat="3" name="Nonloso6" chips="325" dealer="0" win="0" bet="35" muck="1" rebuy="0" addon="0" merge="0" rebuychips="0" reg_code="5050692221"/>
<player seat="6" name="Rakki" chips="615" dealer="1" win="0" bet="5" muck="1" rebuy="0" addon="0" merge="0" rebuychips="0" reg_code="5050692762"/>
<player seat="10" name="iICapo9" chips="560" dealer="0" win="75" bet="560" muck="1" rebuy="0" addon="0" merge="0" rebuychips="0" reg_code="5050692765"/>
</players>
</general>
<round no="0"><action no="1" player="iICapo9" type="15" discard="1" dealt="1" sum="5"/>
<action no="2" player="Nonloso6" type="15" discard="1" dealt="1" sum="5"/>
<action no="3" player="Rakki" type="15" sum="5"/>
<action no="4" player="iICapo9" type="1" discard="1" dealt="1" sum="15"/>
<action no="5" player="Nonloso6" type="2" discard="1" dealt="1" sum="30"/>
</round>
<round no="1"><cards type="Pocket" player="Rakki">D6 S3</cards>
<cards type="Pocket" player="iICapo9">X X</cards>
<cards type="Pocket" player="Nonloso6">X X</cards>
<action no="6" player="Rakki" type="0" sum="0"/>
<action no="7" player="iICapo9" type="23" discard="1" dealt="1" sum="555"/>
<action no="8" player="Nonloso6" type="0" discard="1" dealt="1" sum="0"/>
</round>
</game>
<game gamecode="6441794527"><general><startdate>2025-07-30 22:51:04</startdate>
<round>1</round>
<failsafecounter/>
<players><player seat="6" name="Rakki" chips="610" dealer="0" win="0" bet="35" muck="1" rebuy="0" addon="0" merge="0" rebuychips="0" reg_code="5050692762"/>
<player seat="10" name="iICapo9" chips="600" dealer="1" win="90" bet="65" muck="1" rebuy="0" addon="0" merge="0" rebuychips="0" reg_code="5050692765"/>
<player seat="3" name="Nonloso6" chips="290" dealer="0" win="0" bet="20" muck="1" rebuy="0" addon="0" merge="0" rebuychips="0" reg_code="5050692221"/>
</players>
</general>
<round no="0"><action no="1" player="Nonloso6" type="15" discard="1" dealt="1" sum="5"/>
<action no="2" player="Rakki" type="15" sum="5"/>
<action no="3" player="iICapo9" type="15" discard="1" dealt="1" sum="5"/>
<action no="4" player="Nonloso6" type="1" discard="1" dealt="1" sum="15"/>
<action no="5" player="Rakki" type="2" sum="30"/>
</round>
<round no="1"><cards type="Pocket" player="Rakki">H3 C8</cards>
<cards type="Pocket" player="iICapo9">X X</cards>
<cards type="Pocket" player="Nonloso6">X X</cards>
<action no="6" player="iICapo9" type="23" discard="1" dealt="1" sum="60"/>
<action no="7" player="Nonloso6" type="0" discard="1" dealt="1" sum="0"/>
<action no="8" player="Rakki" type="0" sum="0"/>
</round>
</game>
<game gamecode="6441794551"><general><startdate>2025-07-30 22:51:16</startdate>
<round>1</round>
<failsafecounter/>
<players><player seat="10" name="iICapo9" chips="655" dealer="0" win="560" bet="270" muck="0" rebuy="0" addon="0" merge="0" rebuychips="0" reg_code="5050692765"/>
<player seat="3" name="Nonloso6" chips="270" dealer="1" win="0" bet="270" muck="0" rebuy="0" addon="0" merge="0" rebuychips="0" reg_code="5050692221"/>
<player seat="6" name="Rakki" chips="575" dealer="0" win="0" bet="20" muck="1" rebuy="0" addon="0" merge="0" rebuychips="0" reg_code="5050692762"/>
</players>
</general>
<round no="0"><action no="1" player="Rakki" type="15" sum="5"/>
<action no="2" player="iICapo9" type="15" discard="1" dealt="1" sum="5"/>
<action no="3" player="Nonloso6" type="15" discard="1" dealt="1" sum="5"/>
<action no="4" player="Rakki" type="1" sum="15"/>
<action no="5" player="iICapo9" type="2" discard="1" dealt="1" sum="30"/>
</round>
<round no="1"><cards type="Pocket" player="iICapo9">DA D2</cards>
<cards type="Pocket" player="Nonloso6">C10 DK</cards>
<cards type="Pocket" player="Rakki">HK C7</cards>
<action no="6" player="Nonloso6" type="23" discard="1" dealt="1" sum="265"/>
<action no="7" player="Rakki" type="0" sum="0"/>
<action no="8" player="iICapo9" type="3" discard="1" dealt="1" sum="235"/>
</round>
<round no="2"><cards type="Flop">D10 C5 D3</cards>
</round>
<round no="3"><cards type="Turn">SJ</cards>
</round>
<round no="4"><cards type="River">SA</cards>
</round>
</game>
<game gamecode="6441794603"><general><startdate>2025-07-30 22:51:44</startdate>
<round>1</round>
<failsafecounter/>
<players><player seat="10" name="iICapo9" chips="945" dealer="0" win="1,110" bet="945" muck="0" rebuy="0" addon="0" merge="0" rebuychips="0" reg_code="5050692765"/>
<player seat="6" name="Rakki" chips="555" dealer="1" win="0" bet="555" muck="1" rebuy="0" addon="0" merge="0" rebuychips="0" reg_code="5050692762"/>
</players>
</general>
<round no="0"><action no="1" player="Rakki" type="15" sum="5"/>
<action no="2" player="iICapo9" type="15" discard="1" dealt="1" sum="5"/>
<action no="3" player="Rakki" type="1" sum="20"/>
<action no="4" player="iICapo9" type="2" discard="1" dealt="1" sum="40"/>
</round>
<round no="1"><cards type="Pocket" player="iICapo9">S7 H7</cards>
<cards type="Pocket" player="Rakki">C6 C7</cards>
<action no="5" player="Rakki" type="3" sum="20"/>
<action no="6" player="iICapo9" type="23" discard="1" dealt="1" sum="200"/>
<action no="7" player="Rakki" type="3" sum="160"/>
</round>
<round no="2"><cards type="Flop">H4 C9 D5</cards>
<action no="8" player="iICapo9" type="5" discard="1" dealt="1" sum="740"/>
<action no="9" player="Rakki" type="7" sum="350"/>
</round>
<round no="3"><cards type="Turn">D2</cards>
</round>
<round no="4"><cards type="River">HA</cards>
</round>
</game>
</session>
