<?xml version="1.0" encoding="UTF-8"?>
<session sessioncode="5050699633">
<general>
<client_version>25.1.1.16</client_version>
<mode>real</mode>
<gametype>Holdem NL</gametype>
<tablename>Twister €100 SNG, 814927912</tablename>
<tournamentcode>814927911</tournamentcode>
<tournamentname>Twister €100 SNG</tournamentname>
<buyin>€0 + €7 + €93</buyin>
<totalbuyin>€100</totalbuyin>
<rewarddrawn>€200</rewarddrawn>
<tournamentcurrency>EUR</tournamentcurrency>
<currency>EUR</currency>
<nickname>Rakki</nickname>
<gamecount>37</gamecount>
<startdate>2025-07-30 23:18:30</startdate>
<place>2</place>
<win>€0</win>
<tablesize>3</tablesize>
</general>
<game gamecode="6441820998"><general><startdate>2025-07-30 23:18:45</startdate>
<round>1</round>
<failsafecounter/>
<players><player seat="10" name="Tiuualex" chips="500" dealer="0" win="0" bet="50" muck="1" rebuy="0" addon="0" merge="0" rebuychips="0" reg_code="5050699961"/>
<player seat="3" name="Nonloso6" chips="500" dealer="1" win="0" bet="0" muck="1" rebuy="0" addon="0" merge="0" rebuychips="0" reg_code="5050698502"/>
<player seat="6" name="Rakki" chips="500" dealer="0" win="100" bet="100" muck="1" rebuy="0" addon="0" merge="0" rebuychips="0" reg_code="5050699633"/>
</players>
</general>
<round no="0"><action no="1" player="Rakki" type="1" sum="10"/>
<action no="2" player="Tiuualex" type="2" discard="1" dealt="1" sum="20"/>
</round>
<round no="1"><cards type="Pocket" player="Rakki">D4 D8</cards>
<cards type="Pocket" player="Tiuualex">X X</cards>
<cards type="Pocket" player="Nonloso6">X X</cards>
<action no="3" player="Nonloso6" type="0" discard="1" dealt="1" sum="0"/>
<action no="4" player="Rakki" type="23" sum="50"/>
<action no="5" player="Tiuualex" type="3" discard="1" dealt="1" sum="30"/>
</round>
<round no="2"><cards type="Flop">C10 S4 C8</cards>
<action no="6" player="Rakki" type="5" sum="50"/>
<action no="7" player="Tiuualex" type="0" discard="1" dealt="1" sum="0"/>
</round>
</game>
<game gamecode="6441821069"><general><startdate>2025-07-30 23:19:39</startdate>
<round>1</round>
<failsafecounter/>
<players><player seat="3" name="Nonloso6" chips="500" dealer="0" win="150" bet="75" muck="0" rebuy="0" addon="0" merge="0" rebuychips="0" reg_code="5050698502"/>
<player seat="6" name="Rakki" chips="550" dealer="1" win="0" bet="0" muck="1" rebuy="0" addon="0" merge="0" rebuychips="0" reg_code="5050699633"/>
<player seat="10" name="Tiuualex" chips="450" dealer="0" win="0" bet="75" muck="1" rebuy="0" addon="0" merge="0" rebuychips="0" reg_code="5050699961"/>
</players>
</general>
<round no="0"><action no="1" player="Tiuualex" type="1" discard="1" dealt="1" sum="10"/>
<action no="2" player="Nonloso6" type="2" discard="1" dealt="1" sum="20"/>
</round>
<round no="1"><cards type="Pocket" player="Nonloso6">D2 DK</cards>
<cards type="Pocket" player="Tiuualex">CQ S8</cards>
<cards type="Pocket" player="Rakki">D9 D5</cards>
<action no="3" player="Rakki" type="0" sum="0"/>
<action no="4" player="Tiuualex" type="23" discard="1" dealt="1" sum="50"/>
<action no="5" player="Nonloso6" type="3" discard="1" dealt="1" sum="30"/>
</round>
<round no="2"><cards type="Flop">H9 C3 C7</cards>
<action no="6" player="Tiuualex" type="4" discard="1" dealt="1" sum="0"/>
<action no="7" player="Nonloso6" type="4" discard="1" dealt="1" sum="0"/>
</round>
<round no="3"><cards type="Turn">H7</cards>
<action no="8" player="Tiuualex" type="5" discard="1" dealt="1" sum="25"/>
<action no="9" player="Nonloso6" type="3" discard="1" dealt="1" sum="25"/>
</round>
<round no="4"><cards type="River">S10</cards>
<action no="10" player="Tiuualex" type="4" discard="1" dealt="1" sum="0"/>
<action no="11" player="Nonloso6" type="4" discard="1" dealt="1" sum="0"/>
</round>
</game>
<game gamecode="6441832028"><general><startdate>2025-07-30 23:20:31</startdate>
<round>1</round>
<failsafecounter/>
<players><player seat="6" name="Rakki" chips="550" dealer="0" win="0" bet="35" muck="1" rebuy="0" addon="0" merge="0" rebuychips="0" reg_code="5050699633"/>
<player seat="10" name="Tiuualex" chips="375" dealer="1" win="90" bet="65" muck="1" rebuy="0" addon="0" merge="0" rebuychips="0" reg_code="5050699961"/>
<player seat="3" name="Nonloso6" chips="575" dealer="0" win="0" bet="20" muck="1" rebuy="0" addon="0" merge="0" rebuychips="0" reg_code="5050698502"/>
</players>
</general>
<round no="0"><action no="1" player="Nonloso6" type="15" discard="1" dealt="1" sum="5"/>
<action no="2" player="Rakki" type="15" sum="5"/>
<action no="3" player="Tiuualex" type="15" discard="1" dealt="1" sum="5"/>
<action no="4" player="Nonloso6" type="1" discard="1" dealt="1" sum="15"/>
<action no="5" player="Rakki" type="2" sum="30"/>
</round>
<round no="1"><cards type="Pocket" player="Tiuualex">X X</cards>
<cards type="Pocket" player="Rakki">D8 H4</cards>
<cards type="Pocket" player="Nonloso6">X X</cards>
<action no="6" player="Tiuualex" type="23" discard="1" dealt="1" sum="60"/>
<action no="7" player="Nonloso6" type="0" discard="1" dealt="1" sum="0"/>
<action no="8" player="Rakki" type="0" sum="0"/>
</round>
</game>
<game gamecode="6441832044"><general><startdate>2025-07-30 23:20:41</startdate>
<round>1</round>
<failsafecounter/>
<players><player seat="10" name="Tiuualex" chips="430" dealer="0" win="0" bet="35" muck="1" rebuy="0" addon="0" merge="0" rebuychips="0" reg_code="5050699961"/>
<player seat="3" name="Nonloso6" chips="555" dealer="1" win="0" bet="5" muck="1" rebuy="0" addon="0" merge="0" rebuychips="0" reg_code="5050698502"/>
<player seat="6" name="Rakki" chips="515" dealer="0" win="75" bet="65" muck="1" rebuy="0" addon="0" merge="0" rebuychips="0" reg_code="5050699633"/>
</players>
</general>
<round no="0"><action no="1" player="Rakki" type="15" sum="5"/>
<action no="2" player="Tiuualex" type="15" discard="1" dealt="1" sum="5"/>
<action no="3" player="Nonloso6" type="15" discard="1" dealt="1" sum="5"/>
<action no="4" player="Rakki" type="1" sum="15"/>
<action no="5" player="Tiuualex" type="2" discard="1" dealt="1" sum="30"/>
</round>
<round no="1"><cards type="Pocket" player="Nonloso6">X X</cards>
<cards type="Pocket" player="Rakki">S4 S2</cards>
<cards type="Pocket" player="Tiuualex">X X</cards>
<action no="6" player="Nonloso6" type="0" discard="1" dealt="1" sum="0"/>
<action no="7" player="Rakki" type="3" sum="15"/>
<action no="8" player="Tiuualex" type="4" discard="1" dealt="1" sum="0"/>
</round>
<round no="2"><cards type="Flop">DA C10 D4</cards>
<action no="9" player="Rakki" type="5" sum="30"/>
<action no="10" player="Tiuualex" type="0" discard="1" dealt="1" sum="0"/>
</round>
</game>
<game gamecode="6441832078"><general><startdate>2025-07-30 23:21:06</startdate>
<round>1</round>
<failsafecounter/>
<players><player seat="3" name="Nonloso6" chips="550" dealer="0" win="0" bet="35" muck="1" rebuy="0" addon="0" merge="0" rebuychips="0" reg_code="5050698502"/>
<player seat="6" name="Rakki" chips="555" dealer="1" win="0" bet="5" muck="1" rebuy="0" addon="0" merge="0" rebuychips="0" reg_code="5050699633"/>
<player seat="10" name="Tiuualex" chips="395" dealer="0" win="75" bet="65" muck="1" rebuy="0" addon="0" merge="0" rebuychips="0" reg_code="5050699961"/>
</players>
</general>
<round no="0"><action no="1" player="Tiuualex" type="15" discard="1" dealt="1" sum="5"/>
<action no="2" player="Nonloso6" type="15" discard="1" dealt="1" sum="5"/>
<action no="3" player="Rakki" type="15" sum="5"/>
<action no="4" player="Tiuualex" type="1" discard="1" dealt="1" sum="15"/>
<action no="5" player="Nonloso6" type="2" discard="1" dealt="1" sum="30"/>
</round>
<round no="1"><cards type="Pocket" player="Nonloso6">X X</cards>
<cards type="Pocket" player="Rakki">S8 D10</cards>
<cards type="Pocket" player="Tiuualex">X X</cards>
<action no="6" player="Rakki" type="0" sum="0"/>
<action no="7" player="Tiuualex" type="3" discard="1" dealt="1" sum="15"/>
<action no="8" player="Nonloso6" type="4" discard="1" dealt="1" sum="0"/>
</round>
<round no="2"><cards type="Flop">S6 C9 DA</cards>
<action no="9" player="Tiuualex" type="5" discard="1" dealt="1" sum="30"/>
<action no="10" player="Nonloso6" type="0" discard="1" dealt="1" sum="0"/>
</round>
</game>
<game gamecode="6441832129"><general><startdate>2025-07-30 23:21:40</startdate>
<round>1</round>
<failsafecounter/>
<players><player seat="6" name="Rakki" chips="550" dealer="0" win="45" bet="35" muck="1" rebuy="0" addon="0" merge="0" rebuychips="0" reg_code="5050699633"/>
<player seat="10" name="Tiuualex" chips="435" dealer="1" win="0" bet="5" muck="1" rebuy="0" addon="0" merge="0" rebuychips="0" reg_code="5050699961"/>
<player seat="3" name="Nonloso6" chips="515" dealer="0" win="0" bet="20" muck="1" rebuy="0" addon="0" merge="0" rebuychips="0" reg_code="5050698502"/>
</players>
</general>
<round no="0"><action no="1" player="Nonloso6" type="15" discard="1" dealt="1" sum="5"/>
<action no="2" player="Rakki" type="15" sum="5"/>
<action no="3" player="Tiuualex" type="15" discard="1" dealt="1" sum="5"/>
<action no="4" player="Nonloso6" type="1" discard="1" dealt="1" sum="15"/>
<action no="5" player="Rakki" type="2" sum="30"/>
</round>
<round no="1"><cards type="Pocket" player="Tiuualex">X X</cards>
<cards type="Pocket" player="Nonloso6">X X</cards>
<cards type="Pocket" player="Rakki">DQ H7</cards>
<action no="6" player="Tiuualex" type="0" discard="1" dealt="1" sum="0"/>
<action no="7" player="Nonloso6" type="0" discard="1" dealt="1" sum="0"/>
</round>
</game>
<game gamecode="6441832145"><general><startdate>2025-07-30 23:21:51</startdate>
<round>1</round>
<failsafecounter/>
<players><player seat="10" name="Tiuualex" chips="430" dealer="0" win="135" bet="125" muck="1" rebuy="0" addon="0" merge="0" rebuychips="0" reg_code="5050699961"/>
<player seat="3" name="Nonloso6" chips="495" dealer="1" win="0" bet="5" muck="1" rebuy="0" addon="0" merge="0" rebuychips="0" reg_code="5050698502"/>
<player seat="6" name="Rakki" chips="575" dealer="0" win="0" bet="65" muck="1" rebuy="0" addon="0" merge="0" rebuychips="0" reg_code="5050699633"/>
</players>
</general>
<round no="0"><action no="1" player="Rakki" type="15" sum="5"/>
<action no="2" player="Tiuualex" type="15" discard="1" dealt="1" sum="5"/>
<action no="3" player="Nonloso6" type="15" discard="1" dealt="1" sum="5"/>
<action no="4" player="Rakki" type="1" sum="15"/>
<action no="5" player="Tiuualex" type="2" discard="1" dealt="1" sum="30"/>
</round>
<round no="1"><cards type="Pocket" player="Nonloso6">X X</cards>
<cards type="Pocket" player="Rakki">H3 HJ</cards>
<cards type="Pocket" player="Tiuualex">X X</cards>
<action no="6" player="Nonloso6" type="0" discard="1" dealt="1" sum="0"/>
<action no="7" player="Rakki" type="3" sum="15"/>
<action no="8" player="Tiuualex" type="4" discard="1" dealt="1" sum="0"/>
</round>
<round no="2"><cards type="Flop">D9 C9 C2</cards>
<action no="9" player="Rakki" type="4" sum="0"/>
<action no="10" player="Tiuualex" type="4" discard="1" dealt="1" sum="0"/>
</round>
<round no="3"><cards type="Turn">C10</cards>
<action no="11" player="Rakki" type="5" sum="30"/>
<action no="12" player="Tiuualex" type="23" discard="1" dealt="1" sum="90"/>
<action no="13" player="Rakki" type="0" sum="0"/>
</round>
</game>
<game gamecode="6441832199"><general><startdate>2025-07-30 23:22:29</startdate>
<round>1</round>
<failsafecounter/>
<players><player seat="3" name="Nonloso6" chips="490" dealer="0" win="55" bet="45" muck="1" rebuy="0" addon="0" merge="0" rebuychips="0" reg_code="5050698502"/>
<player seat="6" name="Rakki" chips="510" dealer="1" win="0" bet="5" muck="1" rebuy="0" addon="0" merge="0" rebuychips="0" reg_code="5050699633"/>
<player seat="10" name="Tiuualex" chips="500" dealer="0" win="0" bet="25" muck="1" rebuy="0" addon="0" merge="0" rebuychips="0" reg_code="5050699961"/>
</players>
</general>
<round no="0"><action no="1" player="Tiuualex" type="15" discard="1" dealt="1" sum="5"/>
<action no="2" player="Nonloso6" type="15" discard="1" dealt="1" sum="5"/>
<action no="3" player="Rakki" type="15" sum="5"/>
<action no="4" player="Tiuualex" type="1" discard="1" dealt="1" sum="20"/>
<action no="5" player="Nonloso6" type="2" discard="1" dealt="1" sum="40"/>
</round>
<round no="1"><cards type="Pocket" player="Nonloso6">X X</cards>
<cards type="Pocket" player="Rakki">H2 S9</cards>
<cards type="Pocket" player="Tiuualex">X X</cards>
<action no="6" player="Rakki" type="0" sum="0"/>
<action no="7" player="Tiuualex" type="0" discard="1" dealt="1" sum="0"/>
</round>
</game>
<game gamecode="6441832214"><general><startdate>2025-07-30 23:22:40</startdate>
<round>1</round>
<failsafecounter/>
<players><player seat="6" name="Rakki" chips="505" dealer="0" win="55" bet="45" muck="1" rebuy="0" addon="0" merge="0" rebuychips="0" reg_code="5050699633"/>
<player seat="10" name="Tiuualex" chips="475" dealer="1" win="0" bet="5" muck="1" rebuy="0" addon="0" merge="0" rebuychips="0" reg_code="5050699961"/>
<player seat="3" name="Nonloso6" chips="520" dealer="0" win="0" bet="25" muck="1" rebuy="0" addon="0" merge="0" rebuychips="0" reg_code="5050698502"/>
</players>
</general>
<round no="0"><action no="1" player="Nonloso6" type="15" discard="1" dealt="1" sum="5"/>
<action no="2" player="Rakki" type="15" sum="5"/>
<action no="3" player="Tiuualex" type="15" discard="1" dealt="1" sum="5"/>
<action no="4" player="Nonloso6" type="1" discard="1" dealt="1" sum="20"/>
<action no="5" player="Rakki" type="2" sum="40"/>
</round>
<round no="1"><cards type="Pocket" player="Rakki">D7 S4</cards>
<cards type="Pocket" player="Nonloso6">X X</cards>
<cards type="Pocket" player="Tiuualex">X X</cards>
<action no="6" player="Tiuualex" type="0" discard="1" dealt="1" sum="0"/>
<action no="7" player="Nonloso6" type="0" discard="1" dealt="1" sum="0"/>
</round>
</game>
<game gamecode="6441832225"><general><startdate>2025-07-30 23:22:46</startdate>
<round>1</round>
<failsafecounter/>
<players><player seat="10" name="Tiuualex" chips="470" dealer="0" win="55" bet="45" muck="1" rebuy="0" addon="0" merge="0" rebuychips="0" reg_code="5050699961"/>
<player seat="3" name="Nonloso6" chips="495" dealer="1" win="0" bet="5" muck="1" rebuy="0" addon="0" merge="0" rebuychips="0" reg_code="5050698502"/>
<player seat="6" name="Rakki" chips="535" dealer="0" win="0" bet="25" muck="1" rebuy="0" addon="0" merge="0" rebuychips="0" reg_code="5050699633"/>
</players>
</general>
<round no="0"><action no="1" player="Rakki" type="15" sum="5"/>
<action no="2" player="Tiuualex" type="15" discard="1" dealt="1" sum="5"/>
<action no="3" player="Nonloso6" type="15" discard="1" dealt="1" sum="5"/>
<action no="4" player="Rakki" type="1" sum="20"/>
<action no="5" player="Tiuualex" type="2" discard="1" dealt="1" sum="40"/>
</round>
<round no="1"><cards type="Pocket" player="Rakki">H4 C7</cards>
<cards type="Pocket" player="Tiuualex">X X</cards>
<cards type="Pocket" player="Nonloso6">X X</cards>
<action no="6" player="Nonloso6" type="0" discard="1" dealt="1" sum="0"/>
<action no="7" player="Rakki" type="0" sum="0"/>
</round>
</game>
<game gamecode="6441832245"><general><startdate>2025-07-30 23:22:54</startdate>
<round>1</round>
<failsafecounter/>
<players><player seat="3" name="Nonloso6" chips="490" dealer="0" win="95" bet="490" muck="1" rebuy="0" addon="0" merge="0" rebuychips="0" reg_code="5050698502"/>
<player seat="6" name="Rakki" chips="510" dealer="1" win="0" bet="5" muck="1" rebuy="0" addon="0" merge="0" rebuychips="0" reg_code="5050699633"/>
<player seat="10" name="Tiuualex" chips="500" dealer="0" win="0" bet="45" muck="1" rebuy="0" addon="0" merge="0" rebuychips="0" reg_code="5050699961"/>
</players>
</general>
<round no="0"><action no="1" player="Tiuualex" type="15" discard="1" dealt="1" sum="5"/>
<action no="2" player="Nonloso6" type="15" discard="1" dealt="1" sum="5"/>
<action no="3" player="Rakki" type="15" sum="5"/>
<action no="4" player="Tiuualex" type="1" discard="1" dealt="1" sum="20"/>
<action no="5" player="Nonloso6" type="2" discard="1" dealt="1" sum="40"/>
</round>
<round no="1"><cards type="Pocket" player="Nonloso6">X X</cards>
<cards type="Pocket" player="Rakki">S3 SJ</cards>
<cards type="Pocket" player="Tiuualex">X X</cards>
<action no="6" player="Rakki" type="0" sum="0"/>
<action no="7" player="Tiuualex" type="3" discard="1" dealt="1" sum="20"/>
<action no="8" player="Nonloso6" type="23" discard="1" dealt="1" sum="485"/>
<action no="9" player="Tiuualex" type="0" discard="1" dealt="1" sum="0"/>
</round>
</game>
<game gamecode="6441832266"><general><startdate>2025-07-30 23:23:07</startdate>
<round>1</round>
<failsafecounter/>
<players><player seat="6" name="Rakki" chips="505" dealer="0" win="0" bet="45" muck="1" rebuy="0" addon="0" merge="0" rebuychips="0" reg_code="5050699633"/>
<player seat="10" name="Tiuualex" chips="455" dealer="1" win="0" bet="5" muck="1" rebuy="0" addon="0" merge="0" rebuychips="0" reg_code="5050699961"/>
<player seat="3" name="Nonloso6" chips="540" dealer="0" win="95" bet="540" muck="1" rebuy="0" addon="0" merge="0" rebuychips="0" reg_code="5050698502"/>
</players>
</general>
<round no="0"><action no="1" player="Nonloso6" type="15" discard="1" dealt="1" sum="5"/>
<action no="2" player="Rakki" type="15" sum="5"/>
<action no="3" player="Tiuualex" type="15" discard="1" dealt="1" sum="5"/>
<action no="4" player="Nonloso6" type="1" discard="1" dealt="1" sum="20"/>
<action no="5" player="Rakki" type="2" sum="40"/>
</round>
<round no="1"><cards type="Pocket" player="Rakki">S4 SJ</cards>
<cards type="Pocket" player="Nonloso6">X X</cards>
<cards type="Pocket" player="Tiuualex">X X</cards>
<action no="6" player="Tiuualex" type="0" discard="1" dealt="1" sum="0"/>
<action no="7" player="Nonloso6" type="23" discard="1" dealt="1" sum="535"/>
<action no="8" player="Rakki" type="0" sum="0"/>
</round>
</game>
<game gamecode="6441832281"><general><startdate>2025-07-30 23:23:17</startdate>
<round>1</round>
<failsafecounter/>
<players><player seat="10" name="Tiuualex" chips="450" dealer="0" win="55" bet="45" muck="1" rebuy="0" addon="0" merge="0" rebuychips="0" reg_code="5050699961"/>
<player seat="3" name="Nonloso6" chips="590" dealer="1" win="0" bet="5" muck="1" rebuy="0" addon="0" merge="0" rebuychips="0" reg_code="5050698502"/>
<player seat="6" name="Rakki" chips="460" dealer="0" win="0" bet="25" muck="1" rebuy="0" addon="0" merge="0" rebuychips="0" reg_code="5050699633"/>
</players>
</general>
<round no="0"><action no="1" player="Rakki" type="15" sum="5"/>
<action no="2" player="Tiuualex" type="15" discard="1" dealt="1" sum="5"/>
<action no="3" player="Nonloso6" type="15" discard="1" dealt="1" sum="5"/>
<action no="4" player="Rakki" type="1" sum="20"/>
<action no="5" player="Tiuualex" type="2" discard="1" dealt="1" sum="40"/>
</round>
<round no="1"><cards type="Pocket" player="Rakki">C2 S8</cards>
<cards type="Pocket" player="Tiuualex">X X</cards>
<cards type="Pocket" player="Nonloso6">X X</cards>
<action no="6" player="Nonloso6" type="0" discard="1" dealt="1" sum="0"/>
<action no="7" player="Rakki" type="0" sum="0"/>
</round>
</game>
<game gamecode="6441832303"><general><startdate>2025-07-30 23:23:28</startdate>
<round>1</round>
<failsafecounter/>
<players><player seat="3" name="Nonloso6" chips="585" dealer="0" win="965" bet="480" muck="0" rebuy="0" addon="0" merge="0" rebuychips="0" reg_code="5050698502"/>
<player seat="6" name="Rakki" chips="435" dealer="1" win="0" bet="5" muck="1" rebuy="0" addon="0" merge="0" rebuychips="0" reg_code="5050699633"/>
<player seat="10" name="Tiuualex" chips="480" dealer="0" win="0" bet="480" muck="0" rebuy="0" addon="0" merge="0" rebuychips="0" reg_code="5050699961"/>
</players>
</general>
<round no="0"><action no="1" player="Tiuualex" type="15" discard="1" dealt="1" sum="5"/>
<action no="2" player="Nonloso6" type="15" discard="1" dealt="1" sum="5"/>
<action no="3" player="Rakki" type="15" sum="5"/>
<action no="4" player="Tiuualex" type="1" discard="1" dealt="1" sum="20"/>
<action no="5" player="Nonloso6" type="2" discard="1" dealt="1" sum="40"/>
</round>
<round no="1"><cards type="Pocket" player="Nonloso6">C2 CQ</cards>
<cards type="Pocket" player="Tiuualex">DJ DQ</cards>
<cards type="Pocket" player="Rakki">HK S3</cards>
<action no="6" player="Rakki" type="0" sum="0"/>
<action no="7" player="Tiuualex" type="3" discard="1" dealt="1" sum="20"/>
<action no="8" player="Nonloso6" type="4" discard="1" dealt="1" sum="0"/>
</round>
<round no="2"><cards type="Flop">D3 S2 D2</cards>
<action no="9" player="Tiuualex" type="5" discard="1" dealt="1" sum="44"/>
<action no="10" player="Nonloso6" type="23" discard="1" dealt="1" sum="128"/>
<action no="11" player="Tiuualex" type="23" discard="1" dealt="1" sum="435"/>
<action no="12" player="Nonloso6" type="3" discard="1" dealt="1" sum="307"/>
</round>
<round no="3"><cards type="Turn">H8</cards>
</round>
<round no="4"><cards type="River">SK</cards>
</round>
</game>
<game gamecode="6441832360"><general><startdate>2025-07-30 23:24:03</startdate>
<round>1</round>
<failsafecounter/>
<players><player seat="6" name="Rakki" chips="430" dealer="0" win="0" bet="65" muck="1" rebuy="0" addon="0" merge="0" rebuychips="0" reg_code="5050699633"/>
<player seat="3" name="Nonloso6" chips="1,070" dealer="1" win="130" bet="1,070" muck="1" rebuy="0" addon="0" merge="0" rebuychips="0" reg_code="5050698502"/>
</players>
</general>
<round no="0"><action no="1" player="Nonloso6" type="15" discard="1" dealt="1" sum="5"/>
<action no="2" player="Rakki" type="15" sum="5"/>
<action no="3" player="Nonloso6" type="1" discard="1" dealt="1" sum="30"/>
<action no="4" player="Rakki" type="2" sum="60"/>
</round>
<round no="1"><cards type="Pocket" player="Rakki">C4 C2</cards>
<cards type="Pocket" player="Nonloso6">X X</cards>
<action no="5" player="Nonloso6" type="23" discard="1" dealt="1" sum="1,065"/>
<action no="6" player="Rakki" type="0" sum="0"/>
</round>
</game>
<game gamecode="6441832367"><general><startdate>2025-07-30 23:24:11</startdate>
<round>1</round>
<failsafecounter/>
<players><player seat="3" name="Nonloso6" chips="1,135" dealer="0" win="70" bet="65" muck="1" rebuy="0" addon="0" merge="0" rebuychips="0" reg_code="5050698502"/>
<player seat="6" name="Rakki" chips="365" dealer="1" win="0" bet="35" muck="1" rebuy="0" addon="0" merge="0" rebuychips="0" reg_code="5050699633"/>
</players>
</general>
<round no="0"><action no="1" player="Rakki" type="15" sum="5"/>
<action no="2" player="Nonloso6" type="15" discard="1" dealt="1" sum="5"/>
<action no="3" player="Rakki" type="1" sum="30"/>
<action no="4" player="Nonloso6" type="2" discard="1" dealt="1" sum="60"/>
</round>
<round no="1"><cards type="Pocket" player="Nonloso6">X X</cards>
<cards type="Pocket" player="Rakki">H9 D4</cards>
<action no="5" player="Rakki" type="0" sum="0"/>
</round>
</game>
<game gamecode="6441832380"><general><startdate>2025-07-30 23:24:16</startdate>
<round>1</round>
<failsafecounter/>
<players><player seat="6" name="Rakki" chips="330" dealer="0" win="0" bet="65" muck="1" rebuy="0" addon="0" merge="0" rebuychips="0" reg_code="5050699633"/>
<player seat="3" name="Nonloso6" chips="1,170" dealer="1" win="130" bet="1,170" muck="1" rebuy="0" addon="0" merge="0" rebuychips="0" reg_code="5050698502"/>
</players>
</general>
<round no="0"><action no="1" player="Nonloso6" type="15" discard="1" dealt="1" sum="5"/>
<action no="2" player="Rakki" type="15" sum="5"/>
<action no="3" player="Nonloso6" type="1" discard="1" dealt="1" sum="30"/>
<action no="4" player="Rakki" type="2" sum="60"/>
</round>
<round no="1"><cards type="Pocket" player="Rakki">H6 S2</cards>
<cards type="Pocket" player="Nonloso6">X X</cards>
<action no="5" player="Nonloso6" type="23" discard="1" dealt="1" sum="1,165"/>
<action no="6" player="Rakki" type="0" sum="0"/>
</round>
</game>
<game gamecode="6441832385"><general><startdate>2025-07-30 23:24:23</startdate>
<round>1</round>
<failsafecounter/>
<players><player seat="3" name="Nonloso6" chips="1,235" dealer="0" win="70" bet="65" muck="1" rebuy="0" addon="0" merge="0" rebuychips="0" reg_code="5050698502"/>
<player seat="6" name="Rakki" chips="265" dealer="1" win="0" bet="35" muck="1" rebuy="0" addon="0" merge="0" rebuychips="0" reg_code="5050699633"/>
</players>
</general>
<round no="0"><action no="1" player="Rakki" type="15" sum="5"/>
<action no="2" player="Nonloso6" type="15" discard="1" dealt="1" sum="5"/>
<action no="3" player="Rakki" type="1" sum="30"/>
<action no="4" player="Nonloso6" type="2" discard="1" dealt="1" sum="60"/>
</round>
<round no="1"><cards type="Pocket" player="Nonloso6">X X</cards>
<cards type="Pocket" player="Rakki">H2 D10</cards>
<action no="5" player="Rakki" type="0" sum="0"/>
</round>
</game>
<game gamecode="6441832413"><general><startdate>2025-07-30 23:24:41</startdate>
<round>1</round>
<failsafecounter/>
<players><player seat="6" name="Rakki" chips="230" dealer="0" win="70" bet="65" muck="1" rebuy="0" addon="0" merge="0" rebuychips="0" reg_code="5050699633"/>
<player seat="3" name="Nonloso6" chips="1,270" dealer="1" win="0" bet="35" muck="1" rebuy="0" addon="0" merge="0" rebuychips="0" reg_code="5050698502"/>
</players>
</general>
<round no="0"><action no="1" player="Nonloso6" type="15" discard="1" dealt="1" sum="5"/>
<action no="2" player="Rakki" type="15" sum="5"/>
<action no="3" player="Nonloso6" type="1" discard="1" dealt="1" sum="30"/>
<action no="4" player="Rakki" type="2" sum="60"/>
</round>
<round no="1"><cards type="Pocket" player="Rakki">CJ HJ</cards>
<cards type="Pocket" player="Nonloso6">X X</cards>
<action no="5" player="Nonloso6" type="0" discard="1" dealt="1" sum="0"/>
</round>
</game>
<game gamecode="6441832421"><general><startdate>2025-07-30 23:24:47</startdate>
<round>1</round>
<failsafecounter/>
<players><player seat="3" name="Nonloso6" chips="1,235" dealer="0" win="0" bet="65" muck="1" rebuy="0" addon="0" merge="0" rebuychips="0" reg_code="5050698502"/>
<player seat="6" name="Rakki" chips="265" dealer="1" win="130" bet="265" muck="1" rebuy="0" addon="0" merge="0" rebuychips="0" reg_code="5050699633"/>
</players>
</general>
<round no="0"><action no="1" player="Rakki" type="15" sum="5"/>
<action no="2" player="Nonloso6" type="15" discard="1" dealt="1" sum="5"/>
<action no="3" player="Rakki" type="1" sum="30"/>
<action no="4" player="Nonloso6" type="2" discard="1" dealt="1" sum="60"/>
</round>
<round no="1"><cards type="Pocket" player="Nonloso6">X X</cards>
<cards type="Pocket" player="Rakki">SA C5</cards>
<action no="5" player="Rakki" type="23" sum="260"/>
<action no="6" player="Nonloso6" type="0" discard="1" dealt="1" sum="0"/>
</round>
</game>
<game gamecode="6441832432"><general><startdate>2025-07-30 23:24:57</startdate>
<round>1</round>
<failsafecounter/>
<players><player seat="6" name="Rakki" chips="330" dealer="0" win="0" bet="65" muck="1" rebuy="0" addon="0" merge="0" rebuychips="0" reg_code="5050699633"/>
<player seat="3" name="Nonloso6" chips="1,170" dealer="1" win="130" bet="1,170" muck="1" rebuy="0" addon="0" merge="0" rebuychips="0" reg_code="5050698502"/>
</players>
</general>
<round no="0"><action no="1" player="Nonloso6" type="15" discard="1" dealt="1" sum="5"/>
<action no="2" player="Rakki" type="15" sum="5"/>
<action no="3" player="Nonloso6" type="1" discard="1" dealt="1" sum="30"/>
<action no="4" player="Rakki" type="2" sum="60"/>
</round>
<round no="1"><cards type="Pocket" player="Rakki">C7 D6</cards>
<cards type="Pocket" player="Nonloso6">X X</cards>
<action no="5" player="Nonloso6" type="23" discard="1" dealt="1" sum="1,165"/>
<action no="6" player="Rakki" type="0" sum="0"/>
</round>
</game>
<game gamecode="6441832441"><general><startdate>2025-07-30 23:25:07</startdate>
<round>1</round>
<failsafecounter/>
<players><player seat="3" name="Nonloso6" chips="1,235" dealer="0" win="70" bet="65" muck="1" rebuy="0" addon="0" merge="0" rebuychips="0" reg_code="5050698502"/>
<player seat="6" name="Rakki" chips="265" dealer="1" win="0" bet="35" muck="1" rebuy="0" addon="0" merge="0" rebuychips="0" reg_code="5050699633"/>
</players>
</general>
<round no="0"><action no="1" player="Rakki" type="15" sum="5"/>
<action no="2" player="Nonloso6" type="15" discard="1" dealt="1" sum="5"/>
<action no="3" player="Rakki" type="1" sum="30"/>
<action no="4" player="Nonloso6" type="2" discard="1" dealt="1" sum="60"/>
</round>
<round no="1"><cards type="Pocket" player="Nonloso6">X X</cards>
<cards type="Pocket" player="Rakki">S3 S2</cards>
<action no="5" player="Rakki" type="0" sum="0"/>
</round>
</game>
<game gamecode="6441832447"><general><startdate>2025-07-30 23:25:12</startdate>
<round>1</round>
<failsafecounter/>
<players><player seat="6" name="Rakki" chips="230" dealer="0" win="70" bet="65" muck="1" rebuy="0" addon="0" merge="0" rebuychips="0" reg_code="5050699633"/>
<player seat="3" name="Nonloso6" chips="1,270" dealer="1" win="0" bet="35" muck="1" rebuy="0" addon="0" merge="0" rebuychips="0" reg_code="5050698502"/>
</players>
</general>
<round no="0"><action no="1" player="Nonloso6" type="15" discard="1" dealt="1" sum="5"/>
<action no="2" player="Rakki" type="15" sum="5"/>
<action no="3" player="Nonloso6" type="1" discard="1" dealt="1" sum="30"/>
<action no="4" player="Rakki" type="2" sum="60"/>
</round>
<round no="1"><cards type="Pocket" player="Nonloso6">X X</cards>
<cards type="Pocket" player="Rakki">S10 SK</cards>
<action no="5" player="Nonloso6" type="0" discard="1" dealt="1" sum="0"/>
</round>
</game>
<game gamecode="6441832458"><general><startdate>2025-07-30 23:25:17</startdate>
<round>1</round>
<failsafecounter/>
<players><player seat="3" name="Nonloso6" chips="1,235" dealer="0" win="0" bet="265" muck="1" rebuy="0" addon="0" merge="0" rebuychips="0" reg_code="5050698502"/>
<player seat="6" name="Rakki" chips="265" dealer="1" win="530" bet="265" muck="0" rebuy="0" addon="0" merge="0" rebuychips="0" reg_code="5050699633"/>
</players>
</general>
<round no="0"><action no="1" player="Rakki" type="15" sum="5"/>
<action no="2" player="Nonloso6" type="15" discard="1" dealt="1" sum="5"/>
<action no="3" player="Rakki" type="1" sum="30"/>
<action no="4" player="Nonloso6" type="2" discard="1" dealt="1" sum="60"/>
</round>
<round no="1"><cards type="Pocket" player="Nonloso6">H6 C7</cards>
<cards type="Pocket" player="Rakki">CJ SA</cards>
<action no="5" player="Rakki" type="23" sum="260"/>
<action no="6" player="Nonloso6" type="3" discard="1" dealt="1" sum="200"/>
</round>
<round no="2"><cards type="Flop">H2 D2 H9</cards>
</round>
<round no="3"><cards type="Turn">DK</cards>
</round>
<round no="4"><cards type="River">SQ</cards>
</round>
</game>
<game gamecode="6441832483"><general><startdate>2025-07-30 23:25:38</startdate>
<round>1</round>
<failsafecounter/>
<players><player seat="6" name="Rakki" chips="530" dealer="0" win="0" bet="88" muck="1" rebuy="0" addon="0" merge="0" rebuychips="0" reg_code="5050699633"/>
<player seat="3" name="Nonloso6" chips="970" dealer="1" win="176" bet="970" muck="1" rebuy="0" addon="0" merge="0" rebuychips="0" reg_code="5050698502"/>
</players>
</general>
<round no="0"><action no="1" player="Nonloso6" type="15" discard="1" dealt="1" sum="8"/>
<action no="2" player="Rakki" type="15" sum="8"/>
<action no="3" player="Nonloso6" type="1" discard="1" dealt="1" sum="40"/>
<action no="4" player="Rakki" type="2" sum="80"/>
</round>
<round no="1"><cards type="Pocket" player="Nonloso6">X X</cards>
<cards type="Pocket" player="Rakki">C10 S2</cards>
<action no="5" player="Nonloso6" type="23" discard="1" dealt="1" sum="962"/>
<action no="6" player="Rakki" type="0" sum="0"/>
</round>
</game>
<game gamecode="6441832495"><general><startdate>2025-07-30 23:25:47</startdate>
<round>1</round>
<failsafecounter/>
<players><player seat="3" name="Nonloso6" chips="1,058" dealer="0" win="96" bet="88" muck="1" rebuy="0" addon="0" merge="0" rebuychips="0" reg_code="5050698502"/>
<player seat="6" name="Rakki" chips="442" dealer="1" win="0" bet="48" muck="1" rebuy="0" addon="0" merge="0" rebuychips="0" reg_code="5050699633"/>
</players>
</general>
<round no="0"><action no="1" player="Rakki" type="15" sum="8"/>
<action no="2" player="Nonloso6" type="15" discard="1" dealt="1" sum="8"/>
<action no="3" player="Rakki" type="1" sum="40"/>
<action no="4" player="Nonloso6" type="2" discard="1" dealt="1" sum="80"/>
</round>
<round no="1"><cards type="Pocket" player="Rakki">S3 D2</cards>
<cards type="Pocket" player="Nonloso6">X X</cards>
<action no="5" player="Rakki" type="0" sum="0"/>
</round>
</game>
<game gamecode="6441832497"><general><startdate>2025-07-30 23:25:52</startdate>
<round>1</round>
<failsafecounter/>
<players><player seat="6" name="Rakki" chips="394" dealer="0" win="0" bet="88" muck="1" rebuy="0" addon="0" merge="0" rebuychips="0" reg_code="5050699633"/>
<player seat="3" name="Nonloso6" chips="1,106" dealer="1" win="176" bet="1,106" muck="1" rebuy="0" addon="0" merge="0" rebuychips="0" reg_code="5050698502"/>
</players>
</general>
<round no="0"><action no="1" player="Nonloso6" type="15" discard="1" dealt="1" sum="8"/>
<action no="2" player="Rakki" type="15" sum="8"/>
<action no="3" player="Nonloso6" type="1" discard="1" dealt="1" sum="40"/>
<action no="4" player="Rakki" type="2" sum="80"/>
</round>
<round no="1"><cards type="Pocket" player="Rakki">H8 C7</cards>
<cards type="Pocket" player="Nonloso6">X X</cards>
<action no="5" player="Nonloso6" type="23" discard="1" dealt="1" sum="1,098"/>
<action no="6" player="Rakki" type="0" sum="0"/>
</round>
</game>
<game gamecode="6441832510"><general><startdate>2025-07-30 23:25:59</startdate>
<round>1</round>
<failsafecounter/>
<players><player seat="3" name="Nonloso6" chips="1,194" dealer="0" win="0" bet="306" muck="1" rebuy="0" addon="0" merge="0" rebuychips="0" reg_code="5050698502"/>
<player seat="6" name="Rakki" chips="306" dealer="1" win="612" bet="306" muck="0" rebuy="0" addon="0" merge="0" rebuychips="0" reg_code="5050699633"/>
</players>
</general>
<round no="0"><action no="1" player="Rakki" type="15" sum="8"/>
<action no="2" player="Nonloso6" type="15" discard="1" dealt="1" sum="8"/>
<action no="3" player="Rakki" type="1" sum="40"/>
<action no="4" player="Nonloso6" type="2" discard="1" dealt="1" sum="80"/>
</round>
<round no="1"><cards type="Pocket" player="Nonloso6">C3 SQ</cards>
<cards type="Pocket" player="Rakki">SA DQ</cards>
<action no="5" player="Rakki" type="23" sum="298"/>
<action no="6" player="Nonloso6" type="3" discard="1" dealt="1" sum="218"/>
</round>
<round no="2"><cards type="Flop">C9 CJ S10</cards>
</round>
<round no="3"><cards type="Turn">D9</cards>
</round>
<round no="4"><cards type="River">H10</cards>
</round>
</game>
<game gamecode="6441832535"><general><startdate>2025-07-30 23:26:17</startdate>
<round>1</round>
<failsafecounter/>
<players><player seat="6" name="Rakki" chips="612" dealer="0" win="176" bet="208" muck="1" rebuy="0" addon="0" merge="0" rebuychips="0" reg_code="5050699633"/>
<player seat="3" name="Nonloso6" chips="888" dealer="1" win="0" bet="88" muck="1" rebuy="0" addon="0" merge="0" rebuychips="0" reg_code="5050698502"/>
</players>
</general>
<round no="0"><action no="1" player="Nonloso6" type="15" discard="1" dealt="1" sum="8"/>
<action no="2" player="Rakki" type="15" sum="8"/>
<action no="3" player="Nonloso6" type="1" discard="1" dealt="1" sum="40"/>
<action no="4" player="Rakki" type="2" sum="80"/>
</round>
<round no="1"><cards type="Pocket" player="Nonloso6">X X</cards>
<cards type="Pocket" player="Rakki">D5 DA</cards>
<action no="5" player="Nonloso6" type="3" discard="1" dealt="1" sum="40"/>
<action no="6" player="Rakki" type="23" sum="200"/>
<action no="7" player="Nonloso6" type="0" discard="1" dealt="1" sum="0"/>
</round>
</game>
<game gamecode="6441832559"><general><startdate>2025-07-30 23:26:37</startdate>
<round>1</round>
<failsafecounter/>
<players><player seat="3" name="Nonloso6" chips="800" dealer="0" win="176" bet="800" muck="1" rebuy="0" addon="0" merge="0" rebuychips="0" reg_code="5050698502"/>
<player seat="6" name="Rakki" chips="700" dealer="1" win="0" bet="88" muck="1" rebuy="0" addon="0" merge="0" rebuychips="0" reg_code="5050699633"/>
</players>
</general>
<round no="0"><action no="1" player="Rakki" type="15" sum="8"/>
<action no="2" player="Nonloso6" type="15" discard="1" dealt="1" sum="8"/>
<action no="3" player="Rakki" type="1" sum="40"/>
<action no="4" player="Nonloso6" type="2" discard="1" dealt="1" sum="80"/>
</round>
<round no="1"><cards type="Pocket" player="Rakki">C5 H4</cards>
<cards type="Pocket" player="Nonloso6">X X</cards>
<action no="5" player="Rakki" type="3" sum="40"/>
<action no="6" player="Nonloso6" type="23" discard="1" dealt="1" sum="792"/>
<action no="7" player="Rakki" type="0" sum="0"/>
</round>
</game>
<game gamecode="6441832571"><general><startdate>2025-07-30 23:26:50</startdate>
<round>1</round>
<failsafecounter/>
<players><player seat="6" name="Rakki" chips="612" dealer="0" win="1,224" bet="612" muck="0" rebuy="0" addon="0" merge="0" rebuychips="0" reg_code="5050699633"/>
<player seat="3" name="Nonloso6" chips="888" dealer="1" win="0" bet="888" muck="0" rebuy="0" addon="0" merge="0" rebuychips="0" reg_code="5050698502"/>
</players>
</general>
<round no="0"><action no="1" player="Nonloso6" type="15" discard="1" dealt="1" sum="8"/>
<action no="2" player="Rakki" type="15" sum="8"/>
<action no="3" player="Nonloso6" type="1" discard="1" dealt="1" sum="40"/>
<action no="4" player="Rakki" type="2" sum="80"/>
</round>
<round no="1"><cards type="Pocket" player="Rakki">DA C8</cards>
<cards type="Pocket" player="Nonloso6">D8 DK</cards>
<action no="5" player="Nonloso6" type="23" discard="1" dealt="1" sum="880"/>
<action no="6" player="Rakki" type="7" sum="524"/>
</round>
<round no="2"><cards type="Flop">S9 D3 H7</cards>
</round>
<round no="3"><cards type="Turn">H6</cards>
</round>
<round no="4"><cards type="River">D2</cards>
</round>
</game>
<game gamecode="6441832601"><general><startdate>2025-07-30 23:27:14</startdate>
<round>1</round>
<failsafecounter/>
<players><player seat="3" name="Nonloso6" chips="276" dealer="0" win="120" bet="110" muck="1" rebuy="0" addon="0" merge="0" rebuychips="0" reg_code="5050698502"/>
<player seat="6" name="Rakki" chips="1,224" dealer="1" win="0" bet="60" muck="1" rebuy="0" addon="0" merge="0" rebuychips="0" reg_code="5050699633"/>
</players>
</general>
<round no="0"><action no="1" player="Rakki" type="15" sum="10"/>
<action no="2" player="Nonloso6" type="15" discard="1" dealt="1" sum="10"/>
<action no="3" player="Rakki" type="1" sum="50"/>
<action no="4" player="Nonloso6" type="2" discard="1" dealt="1" sum="100"/>
</round>
<round no="1"><cards type="Pocket" player="Rakki">C3 H7</cards>
<cards type="Pocket" player="Nonloso6">X X</cards>
<action no="5" player="Rakki" type="0" sum="0"/>
</round>
</game>
<game gamecode="6441832610"><general><startdate>2025-07-30 23:27:21</startdate>
<round>1</round>
<failsafecounter/>
<players><player seat="6" name="Rakki" chips="1,164" dealer="0" win="336" bet="336" muck="0" rebuy="0" addon="0" merge="0" rebuychips="0" reg_code="5050699633"/>
<player seat="3" name="Nonloso6" chips="336" dealer="1" win="336" bet="336" muck="0" rebuy="0" addon="0" merge="0" rebuychips="0" reg_code="5050698502"/>
</players>
</general>
<round no="0"><action no="1" player="Nonloso6" type="15" discard="1" dealt="1" sum="10"/>
<action no="2" player="Rakki" type="15" sum="10"/>
<action no="3" player="Nonloso6" type="1" discard="1" dealt="1" sum="50"/>
<action no="4" player="Rakki" type="2" sum="100"/>
</round>
<round no="1"><cards type="Pocket" player="Rakki">D7 C5</cards>
<cards type="Pocket" player="Nonloso6">S7 H8</cards>
<action no="5" player="Nonloso6" type="23" discard="1" dealt="1" sum="326"/>
<action no="6" player="Rakki" type="3" sum="226"/>
</round>
<round no="2"><cards type="Flop">DA HA C7</cards>
</round>
<round no="3"><cards type="Turn">S4</cards>
</round>
<round no="4"><cards type="River">HJ</cards>
</round>
</game>
<game gamecode="6441832637"><general><startdate>2025-07-30 23:27:40</startdate>
<round>1</round>
<failsafecounter/>
<players><player seat="3" name="Nonloso6" chips="336" dealer="0" win="672" bet="336" muck="0" rebuy="0" addon="0" merge="0" rebuychips="0" reg_code="5050698502"/>
<player seat="6" name="Rakki" chips="1,164" dealer="1" win="0" bet="1,164" muck="1" rebuy="0" addon="0" merge="0" rebuychips="0" reg_code="5050699633"/>
</players>
</general>
<round no="0"><action no="1" player="Rakki" type="15" sum="10"/>
<action no="2" player="Nonloso6" type="15" discard="1" dealt="1" sum="10"/>
<action no="3" player="Rakki" type="1" sum="50"/>
<action no="4" player="Nonloso6" type="2" discard="1" dealt="1" sum="100"/>
</round>
<round no="1"><cards type="Pocket" player="Nonloso6">H9 D5</cards>
<cards type="Pocket" player="Rakki">H10 H7</cards>
<action no="5" player="Rakki" type="23" sum="1,154"/>
<action no="6" player="Nonloso6" type="7" discard="1" dealt="1" sum="226"/>
</round>
<round no="2"><cards type="Flop">C5 C8 DA</cards>
</round>
<round no="3"><cards type="Turn">D2</cards>
</round>
<round no="4"><cards type="River">C2</cards>
</round>
</game>
<game gamecode="6441832662"><general><startdate>2025-07-30 23:27:59</startdate>
<round>1</round>
<failsafecounter/>
<players><player seat="6" name="Rakki" chips="828" dealer="0" win="120" bet="110" muck="1" rebuy="0" addon="0" merge="0" rebuychips="0" reg_code="5050699633"/>
<player seat="3" name="Nonloso6" chips="672" dealer="1" win="0" bet="60" muck="1" rebuy="0" addon="0" merge="0" rebuychips="0" reg_code="5050698502"/>
</players>
</general>
<round no="0"><action no="1" player="Nonloso6" type="15" discard="1" dealt="1" sum="10"/>
<action no="2" player="Rakki" type="15" sum="10"/>
<action no="3" player="Nonloso6" type="1" discard="1" dealt="1" sum="50"/>
<action no="4" player="Rakki" type="2" sum="100"/>
</round>
<round no="1"><cards type="Pocket" player="Rakki">CQ S7</cards>
<cards type="Pocket" player="Nonloso6">X X</cards>
<action no="5" player="Nonloso6" type="0" discard="1" dealt="1" sum="0"/>
</round>
</game>
<game gamecode="6441832671"><general><startdate>2025-07-30 23:28:05</startdate>
<round>1</round>
<failsafecounter/>
<players><player seat="3" name="Nonloso6" chips="612" dealer="0" win="1,224" bet="612" muck="0" rebuy="0" addon="0" merge="0" rebuychips="0" reg_code="5050698502"/>
<player seat="6" name="Rakki" chips="888" dealer="1" win="0" bet="888" muck="1" rebuy="0" addon="0" merge="0" rebuychips="0" reg_code="5050699633"/>
</players>
</general>
<round no="0"><action no="1" player="Rakki" type="15" sum="10"/>
<action no="2" player="Nonloso6" type="15" discard="1" dealt="1" sum="10"/>
<action no="3" player="Rakki" type="1" sum="50"/>
<action no="4" player="Nonloso6" type="2" discard="1" dealt="1" sum="100"/>
</round>
<round no="1"><cards type="Pocket" player="Rakki">DK C3</cards>
<cards type="Pocket" player="Nonloso6">HJ SQ</cards>
<action no="5" player="Rakki" type="23" sum="878"/>
<action no="6" player="Nonloso6" type="7" discard="1" dealt="1" sum="502"/>
</round>
<round no="2"><cards type="Flop">S3 H7 SA</cards>
</round>
<round no="3"><cards type="Turn">DQ</cards>
</round>
<round no="4"><cards type="River">H4</cards>
</round>
</game>
<game gamecode="6441832690"><general><startdate>2025-07-30 23:28:21</startdate>
<round>1</round>
<failsafecounter/>
<players><player seat="6" name="Rakki" chips="276" dealer="0" win="0" bet="276" muck="1" rebuy="0" addon="0" merge="0" rebuychips="0" reg_code="5050699633"/>
<player seat="3" name="Nonloso6" chips="1,224" dealer="1" win="552" bet="1,224" muck="0" rebuy="0" addon="0" merge="0" rebuychips="0" reg_code="5050698502"/>
</players>
</general>
<round no="0"><action no="1" player="Nonloso6" type="15" discard="1" dealt="1" sum="10"/>
<action no="2" player="Rakki" type="15" sum="10"/>
<action no="3" player="Nonloso6" type="1" discard="1" dealt="1" sum="50"/>
<action no="4" player="Rakki" type="2" sum="100"/>
</round>
<round no="1"><cards type="Pocket" player="Rakki">H8 C6</cards>
<cards type="Pocket" player="Nonloso6">D5 DA</cards>
<action no="5" player="Nonloso6" type="23" discard="1" dealt="1" sum="1,214"/>
<action no="6" player="Rakki" type="7" sum="166"/>
</round>
<round no="2"><cards type="Flop">C5 S10 CQ</cards>
</round>
<round no="3"><cards type="Turn">D3</cards>
</round>
<round no="4"><cards type="River">HA</cards>
</round>
</game>
</session>
