<?xml version="1.0" encoding="UTF-8"?>
<session sessioncode="5050687360">
<general>
<client_version>25.1.1.16</client_version>
<mode>real</mode>
<gametype>Holdem NL</gametype>
<tablename>Twister €100 SNG, 814921398</tablename>
<tournamentcode>814921397</tournamentcode>
<tournamentname>Twister €100 SNG</tournamentname>
<buyin>€0 + €7 + €93</buyin>
<totalbuyin>€100</totalbuyin>
<rewarddrawn>€200</rewarddrawn>
<tournamentcurrency>EUR</tournamentcurrency>
<currency>EUR</currency>
<nickname>Rakki</nickname>
<gamecount>20</gamecount>
<startdate>2025-07-30 22:29:00</startdate>
<place>1</place>
<win>€200</win>
<tablesize>3</tablesize>
</general>
<game gamecode="6441769656"><general><startdate>2025-07-30 22:29:16</startdate>
<round>1</round>
<failsafecounter/>
<players><player seat="6" name="OFiorbe" chips="500" dealer="0" win="80" bet="80" muck="1" rebuy="0" addon="0" merge="0" rebuychips="0" reg_code="5050687204"/>
<player seat="10" name="Rakki" chips="500" dealer="1" win="0" bet="0" muck="1" rebuy="0" addon="0" merge="0" rebuychips="0" reg_code="5050687360"/>
<player seat="3" name="iICapo9" chips="500" dealer="0" win="0" bet="40" muck="1" rebuy="0" addon="0" merge="0" rebuychips="0" reg_code="5050686269"/>
</players>
</general>
<round no="0"><action no="1" player="iICapo9" type="1" discard="1" dealt="1" sum="10"/>
<action no="2" player="OFiorbe" type="2" discard="1" dealt="1" sum="20"/>
</round>
<round no="1"><cards type="Pocket" player="OFiorbe">X X</cards>
<cards type="Pocket" player="Rakki">D2 H2</cards>
<cards type="Pocket" player="iICapo9">X X</cards>
<action no="3" player="Rakki" type="0" sum="0"/>
<action no="4" player="iICapo9" type="3" discard="1" dealt="1" sum="10"/>
<action no="5" player="OFiorbe" type="4" discard="1" dealt="1" sum="0"/>
</round>
<round no="2"><cards type="Flop">DJ S6 HQ</cards>
<action no="6" player="iICapo9" type="4" discard="1" dealt="1" sum="0"/>
<action no="7" player="OFiorbe" type="5" discard="1" dealt="1" sum="20"/>
<action no="8" player="iICapo9" type="3" discard="1" dealt="1" sum="20"/>
</round>
<round no="3"><cards type="Turn">H6</cards>
<action no="9" player="iICapo9" type="4" discard="1" dealt="1" sum="0"/>
<action no="10" player="OFiorbe" type="5" discard="1" dealt="1" sum="40"/>
<action no="11" player="iICapo9" type="0" discard="1" dealt="1" sum="0"/>
</round>
</game>
<game gamecode="6441769763"><general><startdate>2025-07-30 22:30:14</startdate>
<round>1</round>
<failsafecounter/>
<players><player seat="10" name="Rakki" chips="500" dealer="0" win="20" bet="20" muck="1" rebuy="0" addon="0" merge="0" rebuychips="0" reg_code="5050687360"/>
<player seat="3" name="iICapo9" chips="460" dealer="1" win="0" bet="0" muck="1" rebuy="0" addon="0" merge="0" rebuychips="0" reg_code="5050686269"/>
<player seat="6" name="OFiorbe" chips="540" dealer="0" win="0" bet="10" muck="1" rebuy="0" addon="0" merge="0" rebuychips="0" reg_code="5050687204"/>
</players>
</general>
<round no="0"><action no="1" player="OFiorbe" type="1" discard="1" dealt="1" sum="10"/>
<action no="2" player="Rakki" type="2" sum="20"/>
</round>
<round no="1"><cards type="Pocket" player="iICapo9">X X</cards>
<cards type="Pocket" player="OFiorbe">X X</cards>
<cards type="Pocket" player="Rakki">H3 HK</cards>
<action no="3" player="iICapo9" type="0" discard="1" dealt="1" sum="0"/>
<action no="4" player="OFiorbe" type="0" discard="1" dealt="1" sum="0"/>
</round>
</game>
<game gamecode="6441769787"><general><startdate>2025-07-30 22:30:29</startdate>
<round>1</round>
<failsafecounter/>
<players><player seat="3" name="iICapo9" chips="460" dealer="0" win="20" bet="20" muck="1" rebuy="0" addon="0" merge="0" rebuychips="0" reg_code="5050686269"/>
<player seat="6" name="OFiorbe" chips="530" dealer="1" win="0" bet="0" muck="1" rebuy="0" addon="0" merge="0" rebuychips="0" reg_code="5050687204"/>
<player seat="10" name="Rakki" chips="510" dealer="0" win="0" bet="10" muck="1" rebuy="0" addon="0" merge="0" rebuychips="0" reg_code="5050687360"/>
</players>
</general>
<round no="0"><action no="1" player="Rakki" type="1" sum="10"/>
<action no="2" player="iICapo9" type="2" discard="1" dealt="1" sum="20"/>
</round>
<round no="1"><cards type="Pocket" player="Rakki">H4 D6</cards>
<cards type="Pocket" player="OFiorbe">X X</cards>
<cards type="Pocket" player="iICapo9">X X</cards>
<action no="3" player="OFiorbe" type="0" discard="1" dealt="1" sum="0"/>
<action no="4" player="Rakki" type="0" sum="0"/>
</round>
</game>
<game gamecode="6441769809"><general><startdate>2025-07-30 22:30:39</startdate>
<round>1</round>
<failsafecounter/>
<players><player seat="6" name="OFiorbe" chips="530" dealer="0" win="20" bet="20" muck="1" rebuy="0" addon="0" merge="0" rebuychips="0" reg_code="5050687204"/>
<player seat="10" name="Rakki" chips="500" dealer="1" win="0" bet="0" muck="1" rebuy="0" addon="0" merge="0" rebuychips="0" reg_code="5050687360"/>
<player seat="3" name="iICapo9" chips="470" dealer="0" win="0" bet="10" muck="1" rebuy="0" addon="0" merge="0" rebuychips="0" reg_code="5050686269"/>
</players>
</general>
<round no="0"><action no="1" player="iICapo9" type="1" discard="1" dealt="1" sum="10"/>
<action no="2" player="OFiorbe" type="2" discard="1" dealt="1" sum="20"/>
</round>
<round no="1"><cards type="Pocket" player="iICapo9">X X</cards>
<cards type="Pocket" player="Rakki">S8 DK</cards>
<cards type="Pocket" player="OFiorbe">X X</cards>
<action no="3" player="Rakki" type="0" sum="0"/>
<action no="4" player="iICapo9" type="0" discard="1" dealt="1" sum="0"/>
</round>
</game>
<game gamecode="6441769835"><general><startdate>2025-07-30 22:30:54</startdate>
<round>1</round>
<failsafecounter/>
<players><player seat="10" name="Rakki" chips="500" dealer="0" win="75" bet="95" muck="1" rebuy="0" addon="0" merge="0" rebuychips="0" reg_code="5050687360"/>
<player seat="3" name="iICapo9" chips="460" dealer="1" win="0" bet="5" muck="1" rebuy="0" addon="0" merge="0" rebuychips="0" reg_code="5050686269"/>
<player seat="6" name="OFiorbe" chips="540" dealer="0" win="0" bet="35" muck="1" rebuy="0" addon="0" merge="0" rebuychips="0" reg_code="5050687204"/>
</players>
</general>
<round no="0"><action no="1" player="OFiorbe" type="15" discard="1" dealt="1" sum="5"/>
<action no="2" player="Rakki" type="15" sum="5"/>
<action no="3" player="iICapo9" type="15" discard="1" dealt="1" sum="5"/>
<action no="4" player="OFiorbe" type="1" discard="1" dealt="1" sum="15"/>
<action no="5" player="Rakki" type="2" sum="30"/>
</round>
<round no="1"><cards type="Pocket" player="OFiorbe">X X</cards>
<cards type="Pocket" player="iICapo9">X X</cards>
<cards type="Pocket" player="Rakki">S10 D6</cards>
<action no="6" player="iICapo9" type="0" discard="1" dealt="1" sum="0"/>
<action no="7" player="OFiorbe" type="3" discard="1" dealt="1" sum="15"/>
<action no="8" player="Rakki" type="23" sum="90"/>
<action no="9" player="OFiorbe" type="0" discard="1" dealt="1" sum="0"/>
</round>
</game>
<game gamecode="6441779698"><general><startdate>2025-07-30 22:31:16</startdate>
<round>1</round>
<failsafecounter/>
<players><player seat="3" name="iICapo9" chips="455" dealer="0" win="0" bet="35" muck="1" rebuy="0" addon="0" merge="0" rebuychips="0" reg_code="5050686269"/>
<player seat="6" name="OFiorbe" chips="505" dealer="1" win="0" bet="5" muck="1" rebuy="0" addon="0" merge="0" rebuychips="0" reg_code="5050687204"/>
<player seat="10" name="Rakki" chips="540" dealer="0" win="75" bet="540" muck="1" rebuy="0" addon="0" merge="0" rebuychips="0" reg_code="5050687360"/>
</players>
</general>
<round no="0"><action no="1" player="Rakki" type="15" sum="5"/>
<action no="2" player="iICapo9" type="15" discard="1" dealt="1" sum="5"/>
<action no="3" player="OFiorbe" type="15" discard="1" dealt="1" sum="5"/>
<action no="4" player="Rakki" type="1" sum="15"/>
<action no="5" player="iICapo9" type="2" discard="1" dealt="1" sum="30"/>
</round>
<round no="1"><cards type="Pocket" player="iICapo9">X X</cards>
<cards type="Pocket" player="Rakki">DA C2</cards>
<cards type="Pocket" player="OFiorbe">X X</cards>
<action no="6" player="OFiorbe" type="0" discard="1" dealt="1" sum="0"/>
<action no="7" player="Rakki" type="23" sum="535"/>
<action no="8" player="iICapo9" type="0" discard="1" dealt="1" sum="0"/>
</round>
</game>
<game gamecode="6441779713"><general><startdate>2025-07-30 22:31:24</startdate>
<round>1</round>
<failsafecounter/>
<players><player seat="6" name="OFiorbe" chips="500" dealer="0" win="0" bet="420" muck="1" rebuy="0" addon="0" merge="0" rebuychips="0" reg_code="5050687204"/>
<player seat="10" name="Rakki" chips="580" dealer="1" win="0" bet="5" muck="1" rebuy="0" addon="0" merge="0" rebuychips="0" reg_code="5050687360"/>
<player seat="3" name="iICapo9" chips="420" dealer="0" win="845" bet="420" muck="0" rebuy="0" addon="0" merge="0" rebuychips="0" reg_code="5050686269"/>
</players>
</general>
<round no="0"><action no="1" player="iICapo9" type="15" discard="1" dealt="1" sum="5"/>
<action no="2" player="OFiorbe" type="15" discard="1" dealt="1" sum="5"/>
<action no="3" player="Rakki" type="15" sum="5"/>
<action no="4" player="iICapo9" type="1" discard="1" dealt="1" sum="15"/>
<action no="5" player="OFiorbe" type="2" discard="1" dealt="1" sum="30"/>
</round>
<round no="1"><cards type="Pocket" player="OFiorbe">SA S6</cards>
<cards type="Pocket" player="iICapo9">DQ SJ</cards>
<cards type="Pocket" player="Rakki">CQ S8</cards>
<action no="6" player="Rakki" type="0" sum="0"/>
<action no="7" player="iICapo9" type="23" discard="1" dealt="1" sum="415"/>
<action no="8" player="OFiorbe" type="3" discard="1" dealt="1" sum="385"/>
</round>
<round no="2"><cards type="Flop">CK S10 S9</cards>
</round>
<round no="3"><cards type="Turn">C2</cards>
</round>
<round no="4"><cards type="River">H4</cards>
</round>
</game>
<game gamecode="6441779745"><general><startdate>2025-07-30 22:31:44</startdate>
<round>1</round>
<failsafecounter/>
<players><player seat="10" name="Rakki" chips="575" dealer="0" win="165" bet="80" muck="0" rebuy="0" addon="0" merge="0" rebuychips="0" reg_code="5050687360"/>
<player seat="3" name="iICapo9" chips="845" dealer="1" win="0" bet="5" muck="1" rebuy="0" addon="0" merge="0" rebuychips="0" reg_code="5050686269"/>
<player seat="6" name="OFiorbe" chips="80" dealer="0" win="0" bet="80" muck="0" rebuy="0" addon="0" merge="0" rebuychips="0" reg_code="5050687204"/>
</players>
</general>
<round no="0"><action no="1" player="OFiorbe" type="15" discard="1" dealt="1" sum="5"/>
<action no="2" player="Rakki" type="15" sum="5"/>
<action no="3" player="iICapo9" type="15" discard="1" dealt="1" sum="5"/>
<action no="4" player="OFiorbe" type="1" discard="1" dealt="1" sum="15"/>
<action no="5" player="Rakki" type="2" sum="30"/>
</round>
<round no="1"><cards type="Pocket" player="iICapo9">X X</cards>
<cards type="Pocket" player="OFiorbe">H9 H10</cards>
<cards type="Pocket" player="Rakki">D9 SA</cards>
<action no="6" player="iICapo9" type="0" discard="1" dealt="1" sum="0"/>
<action no="7" player="OFiorbe" type="23" discard="1" dealt="1" sum="75"/>
<action no="8" player="Rakki" type="3" sum="45"/>
</round>
<round no="2"><cards type="Flop">C5 DA S4</cards>
</round>
<round no="3"><cards type="Turn">C6</cards>
</round>
<round no="4"><cards type="River">D8</cards>
</round>
</game>
<game gamecode="6441779777"><general><startdate>2025-07-30 22:32:02</startdate>
<round>1</round>
<failsafecounter/>
<players><player seat="3" name="iICapo9" chips="840" dealer="0" win="130" bet="155" muck="1" rebuy="0" addon="0" merge="0" rebuychips="0" reg_code="5050686269"/>
<player seat="10" name="Rakki" chips="660" dealer="1" win="0" bet="65" muck="1" rebuy="0" addon="0" merge="0" rebuychips="0" reg_code="5050687360"/>
</players>
</general>
<round no="0"><action no="1" player="Rakki" type="15" sum="5"/>
<action no="2" player="iICapo9" type="15" discard="1" dealt="1" sum="5"/>
<action no="3" player="Rakki" type="1" sum="15"/>
<action no="4" player="iICapo9" type="2" discard="1" dealt="1" sum="30"/>
</round>
<round no="1"><cards type="Pocket" player="Rakki">D5 S7</cards>
<cards type="Pocket" player="iICapo9">X X</cards>
<action no="5" player="Rakki" type="23" sum="60"/>
<action no="6" player="iICapo9" type="23" discard="1" dealt="1" sum="150"/>
<action no="7" player="Rakki" type="0" sum="0"/>
</round>
</game>
<game gamecode="6441779798"><general><startdate>2025-07-30 22:32:13</startdate>
<round>1</round>
<failsafecounter/>
<players><player seat="10" name="Rakki" chips="595" dealer="0" win="130" bet="595" muck="1" rebuy="0" addon="0" merge="0" rebuychips="0" reg_code="5050687360"/>
<player seat="3" name="iICapo9" chips="905" dealer="1" win="0" bet="65" muck="1" rebuy="0" addon="0" merge="0" rebuychips="0" reg_code="5050686269"/>
</players>
</general>
<round no="0"><action no="1" player="iICapo9" type="15" discard="1" dealt="1" sum="5"/>
<action no="2" player="Rakki" type="15" sum="5"/>
<action no="3" player="iICapo9" type="1" discard="1" dealt="1" sum="15"/>
<action no="4" player="Rakki" type="2" sum="30"/>
</round>
<round no="1"><cards type="Pocket" player="Rakki">D3 SA</cards>
<cards type="Pocket" player="iICapo9">X X</cards>
<action no="5" player="iICapo9" type="23" discard="1" dealt="1" sum="60"/>
<action no="6" player="Rakki" type="23" sum="590"/>
<action no="7" player="iICapo9" type="0" discard="1" dealt="1" sum="0"/>
</round>
</game>
<game gamecode="6441779816"><general><startdate>2025-07-30 22:32:23</startdate>
<round>1</round>
<failsafecounter/>
<players><player seat="3" name="iICapo9" chips="840" dealer="0" win="384" bet="192" muck="0" rebuy="0" addon="0" merge="0" rebuychips="0" reg_code="5050686269"/>
<player seat="10" name="Rakki" chips="660" dealer="1" win="0" bet="192" muck="1" rebuy="0" addon="0" merge="0" rebuychips="0" reg_code="5050687360"/>
</players>
</general>
<round no="0"><action no="1" player="Rakki" type="15" sum="5"/>
<action no="2" player="iICapo9" type="15" discard="1" dealt="1" sum="5"/>
<action no="3" player="Rakki" type="1" sum="15"/>
<action no="4" player="iICapo9" type="2" discard="1" dealt="1" sum="30"/>
</round>
<round no="1"><cards type="Pocket" player="iICapo9">SK S5</cards>
<cards type="Pocket" player="Rakki">C7 S9</cards>
<action no="5" player="Rakki" type="3" sum="15"/>
<action no="6" player="iICapo9" type="4" discard="1" dealt="1" sum="0"/>
</round>
<round no="2"><cards type="Flop">S6 D9 CK</cards>
<action no="7" player="iICapo9" type="4" discard="1" dealt="1" sum="0"/>
<action no="8" player="Rakki" type="5" sum="30"/>
<action no="9" player="iICapo9" type="3" discard="1" dealt="1" sum="30"/>
</round>
<round no="3"><cards type="Turn">H4</cards>
<action no="10" player="iICapo9" type="4" discard="1" dealt="1" sum="0"/>
<action no="11" player="Rakki" type="4" sum="0"/>
</round>
<round no="4"><cards type="River">S4</cards>
<action no="12" player="iICapo9" type="5" discard="1" dealt="1" sum="127"/>
<action no="13" player="Rakki" type="3" sum="127"/>
</round>
</game>
<game gamecode="6441779876"><general><startdate>2025-07-30 22:32:59</startdate>
<round>1</round>
<failsafecounter/>
<players><player seat="10" name="Rakki" chips="468" dealer="0" win="936" bet="468" muck="0" rebuy="0" addon="0" merge="0" rebuychips="0" reg_code="5050687360"/>
<player seat="3" name="iICapo9" chips="1,032" dealer="1" win="0" bet="468" muck="1" rebuy="0" addon="0" merge="0" rebuychips="0" reg_code="5050686269"/>
</players>
</general>
<round no="0"><action no="1" player="iICapo9" type="15" discard="1" dealt="1" sum="5"/>
<action no="2" player="Rakki" type="15" sum="5"/>
<action no="3" player="iICapo9" type="1" discard="1" dealt="1" sum="20"/>
<action no="4" player="Rakki" type="2" sum="40"/>
</round>
<round no="1"><cards type="Pocket" player="Rakki">SK SJ</cards>
<cards type="Pocket" player="iICapo9">S10 HQ</cards>
<action no="5" player="iICapo9" type="3" discard="1" dealt="1" sum="20"/>
<action no="6" player="Rakki" type="23" sum="100"/>
<action no="7" player="iICapo9" type="3" discard="1" dealt="1" sum="60"/>
</round>
<round no="2"><cards type="Flop">C2 C9 D10</cards>
<action no="8" player="Rakki" type="5" sum="363"/>
<action no="9" player="iICapo9" type="3" discard="1" dealt="1" sum="363"/>
</round>
<round no="3"><cards type="Turn">HJ</cards>
</round>
<round no="4"><cards type="River">S7</cards>
</round>
</game>
<game gamecode="6441779925"><general><startdate>2025-07-30 22:33:25</startdate>
<round>1</round>
<failsafecounter/>
<players><player seat="3" name="iICapo9" chips="564" dealer="0" win="170" bet="165" muck="1" rebuy="0" addon="0" merge="0" rebuychips="0" reg_code="5050686269"/>
<player seat="10" name="Rakki" chips="936" dealer="1" win="0" bet="85" muck="1" rebuy="0" addon="0" merge="0" rebuychips="0" reg_code="5050687360"/>
</players>
</general>
<round no="0"><action no="1" player="Rakki" type="15" sum="5"/>
<action no="2" player="iICapo9" type="15" discard="1" dealt="1" sum="5"/>
<action no="3" player="Rakki" type="1" sum="20"/>
<action no="4" player="iICapo9" type="2" discard="1" dealt="1" sum="40"/>
</round>
<round no="1"><cards type="Pocket" player="Rakki">H6 C8</cards>
<cards type="Pocket" player="iICapo9">X X</cards>
<action no="5" player="Rakki" type="3" sum="20"/>
<action no="6" player="iICapo9" type="4" discard="1" dealt="1" sum="0"/>
</round>
<round no="2"><cards type="Flop">D10 D5 DJ</cards>
<action no="7" player="iICapo9" type="4" discard="1" dealt="1" sum="0"/>
<action no="8" player="Rakki" type="5" sum="40"/>
<action no="9" player="iICapo9" type="23" discard="1" dealt="1" sum="120"/>
<action no="10" player="Rakki" type="0" sum="0"/>
</round>
</game>
<game gamecode="6441779957"><general><startdate>2025-07-30 22:33:44</startdate>
<round>1</round>
<failsafecounter/>
<players><player seat="10" name="Rakki" chips="851" dealer="0" win="0" bet="45" muck="1" rebuy="0" addon="0" merge="0" rebuychips="0" reg_code="5050687360"/>
<player seat="3" name="iICapo9" chips="649" dealer="1" win="90" bet="90" muck="1" rebuy="0" addon="0" merge="0" rebuychips="0" reg_code="5050686269"/>
</players>
</general>
<round no="0"><action no="1" player="iICapo9" type="15" discard="1" dealt="1" sum="5"/>
<action no="2" player="Rakki" type="15" sum="5"/>
<action no="3" player="iICapo9" type="1" discard="1" dealt="1" sum="20"/>
<action no="4" player="Rakki" type="2" sum="40"/>
</round>
<round no="1"><cards type="Pocket" player="iICapo9">X X</cards>
<cards type="Pocket" player="Rakki">C9 C3</cards>
<action no="5" player="iICapo9" type="3" discard="1" dealt="1" sum="20"/>
<action no="6" player="Rakki" type="4" sum="0"/>
</round>
<round no="2"><cards type="Flop">H2 S7 DK</cards>
<action no="7" player="Rakki" type="4" sum="0"/>
<action no="8" player="iICapo9" type="5" discard="1" dealt="1" sum="45"/>
<action no="9" player="Rakki" type="0" sum="0"/>
</round>
</game>
<game gamecode="6441779979"><general><startdate>2025-07-30 22:33:59</startdate>
<round>1</round>
<failsafecounter/>
<players><player seat="3" name="iICapo9" chips="694" dealer="0" win="90" bet="125" muck="1" rebuy="0" addon="0" merge="0" rebuychips="0" reg_code="5050686269"/>
<player seat="10" name="Rakki" chips="806" dealer="1" win="0" bet="45" muck="1" rebuy="0" addon="0" merge="0" rebuychips="0" reg_code="5050687360"/>
</players>
</general>
<round no="0"><action no="1" player="Rakki" type="15" sum="5"/>
<action no="2" player="iICapo9" type="15" discard="1" dealt="1" sum="5"/>
<action no="3" player="Rakki" type="1" sum="20"/>
<action no="4" player="iICapo9" type="2" discard="1" dealt="1" sum="40"/>
</round>
<round no="1"><cards type="Pocket" player="Rakki">S8 D2</cards>
<cards type="Pocket" player="iICapo9">X X</cards>
<action no="5" player="Rakki" type="3" sum="20"/>
<action no="6" player="iICapo9" type="23" discard="1" dealt="1" sum="120"/>
<action no="7" player="Rakki" type="0" sum="0"/>
</round>
</game>
<game gamecode="6441780003"><general><startdate>2025-07-30 22:34:09</startdate>
<round>1</round>
<failsafecounter/>
<players><player seat="10" name="Rakki" chips="761" dealer="0" win="90" bet="761" muck="1" rebuy="0" addon="0" merge="0" rebuychips="0" reg_code="5050687360"/>
<player seat="3" name="iICapo9" chips="739" dealer="1" win="0" bet="45" muck="1" rebuy="0" addon="0" merge="0" rebuychips="0" reg_code="5050686269"/>
</players>
</general>
<round no="0"><action no="1" player="iICapo9" type="15" discard="1" dealt="1" sum="5"/>
<action no="2" player="Rakki" type="15" sum="5"/>
<action no="3" player="iICapo9" type="1" discard="1" dealt="1" sum="20"/>
<action no="4" player="Rakki" type="2" sum="40"/>
</round>
<round no="1"><cards type="Pocket" player="iICapo9">X X</cards>
<cards type="Pocket" player="Rakki">H8 SA</cards>
<action no="5" player="iICapo9" type="3" discard="1" dealt="1" sum="20"/>
<action no="6" player="Rakki" type="23" sum="756"/>
<action no="7" player="iICapo9" type="0" discard="1" dealt="1" sum="0"/>
</round>
</game>
<game gamecode="6441780025"><general><startdate>2025-07-30 22:34:19</startdate>
<round>1</round>
<failsafecounter/>
<players><player seat="3" name="iICapo9" chips="694" dealer="0" win="0" bet="65" muck="1" rebuy="0" addon="0" merge="0" rebuychips="0" reg_code="5050686269"/>
<player seat="10" name="Rakki" chips="806" dealer="1" win="130" bet="195" muck="1" rebuy="0" addon="0" merge="0" rebuychips="0" reg_code="5050687360"/>
</players>
</general>
<round no="0"><action no="1" player="Rakki" type="15" sum="5"/>
<action no="2" player="iICapo9" type="15" discard="1" dealt="1" sum="5"/>
<action no="3" player="Rakki" type="1" sum="30"/>
<action no="4" player="iICapo9" type="2" discard="1" dealt="1" sum="60"/>
</round>
<round no="1"><cards type="Pocket" player="Rakki">S5 C7</cards>
<cards type="Pocket" player="iICapo9">X X</cards>
<action no="5" player="Rakki" type="3" sum="30"/>
<action no="6" player="iICapo9" type="4" discard="1" dealt="1" sum="0"/>
</round>
<round no="2"><cards type="Flop">C3 D8 S8</cards>
<action no="7" player="iICapo9" type="4" discard="1" dealt="1" sum="0"/>
<action no="8" player="Rakki" type="4" sum="0"/>
</round>
<round no="3"><cards type="Turn">S2</cards>
<action no="9" player="iICapo9" type="4" discard="1" dealt="1" sum="0"/>
<action no="10" player="Rakki" type="4" sum="0"/>
</round>
<round no="4"><cards type="River">DQ</cards>
<action no="11" player="iICapo9" type="4" discard="1" dealt="1" sum="0"/>
<action no="12" player="Rakki" type="5" sum="130"/>
<action no="13" player="iICapo9" type="0" discard="1" dealt="1" sum="0"/>
</round>
</game>
<game gamecode="6441780096"><general><startdate>2025-07-30 22:35:06</startdate>
<round>1</round>
<failsafecounter/>
<players><player seat="10" name="Rakki" chips="871" dealer="0" win="0" bet="218" muck="1" rebuy="0" addon="0" merge="0" rebuychips="0" reg_code="5050687360"/>
<player seat="3" name="iICapo9" chips="629" dealer="1" win="436" bet="629" muck="1" rebuy="0" addon="0" merge="0" rebuychips="0" reg_code="5050686269"/>
</players>
</general>
<round no="0"><action no="1" player="iICapo9" type="15" discard="1" dealt="1" sum="5"/>
<action no="2" player="Rakki" type="15" sum="5"/>
<action no="3" player="iICapo9" type="1" discard="1" dealt="1" sum="30"/>
<action no="4" player="Rakki" type="2" sum="60"/>
</round>
<round no="1"><cards type="Pocket" player="iICapo9">X X</cards>
<cards type="Pocket" player="Rakki">D9 D2</cards>
<action no="5" player="iICapo9" type="3" discard="1" dealt="1" sum="30"/>
<action no="6" player="Rakki" type="4" sum="0"/>
</round>
<round no="2"><cards type="Flop">C10 H10 D5</cards>
<action no="7" player="Rakki" type="4" sum="0"/>
<action no="8" player="iICapo9" type="4" discard="1" dealt="1" sum="0"/>
</round>
<round no="3"><cards type="Turn">HA</cards>
<action no="9" player="Rakki" type="4" sum="0"/>
<action no="10" player="iICapo9" type="5" discard="1" dealt="1" sum="65"/>
<action no="11" player="Rakki" type="23" sum="153"/>
<action no="12" player="iICapo9" type="3" discard="1" dealt="1" sum="88"/>
</round>
<round no="4"><cards type="River">CJ</cards>
<action no="13" player="Rakki" type="4" sum="0"/>
<action no="14" player="iICapo9" type="5" discard="1" dealt="1" sum="411"/>
<action no="15" player="Rakki" type="0" sum="0"/>
</round>
</game>
<game gamecode="6441780167"><general><startdate>2025-07-30 22:35:48</startdate>
<round>1</round>
<failsafecounter/>
<players><player seat="3" name="iICapo9" chips="847" dealer="0" win="0" bet="653" muck="1" rebuy="0" addon="0" merge="0" rebuychips="0" reg_code="5050686269"/>
<player seat="10" name="Rakki" chips="653" dealer="1" win="1,306" bet="653" muck="0" rebuy="0" addon="0" merge="0" rebuychips="0" reg_code="5050687360"/>
</players>
</general>
<round no="0"><action no="1" player="Rakki" type="15" sum="5"/>
<action no="2" player="iICapo9" type="15" discard="1" dealt="1" sum="5"/>
<action no="3" player="Rakki" type="1" sum="30"/>
<action no="4" player="iICapo9" type="2" discard="1" dealt="1" sum="60"/>
</round>
<round no="1"><cards type="Pocket" player="iICapo9">H8 CK</cards>
<cards type="Pocket" player="Rakki">D9 SA</cards>
<action no="5" player="Rakki" type="23" sum="648"/>
<action no="6" player="iICapo9" type="3" discard="1" dealt="1" sum="588"/>
</round>
<round no="2"><cards type="Flop">C9 D3 H5</cards>
</round>
<round no="3"><cards type="Turn">S3</cards>
</round>
<round no="4"><cards type="River">C8</cards>
</round>
</game>
<game gamecode="6441780196"><general><startdate>2025-07-30 22:36:09</startdate>
<round>1</round>
<failsafecounter/>
<players><player seat="10" name="Rakki" chips="1,306" dealer="0" win="388" bet="194" muck="0" rebuy="0" addon="0" merge="0" rebuychips="0" reg_code="5050687360"/>
<player seat="3" name="iICapo9" chips="194" dealer="1" win="0" bet="194" muck="0" rebuy="0" addon="0" merge="0" rebuychips="0" reg_code="5050686269"/>
</players>
</general>
<round no="0"><action no="1" player="iICapo9" type="15" discard="1" dealt="1" sum="8"/>
<action no="2" player="Rakki" type="15" sum="8"/>
<action no="3" player="iICapo9" type="1" discard="1" dealt="1" sum="40"/>
<action no="4" player="Rakki" type="2" sum="80"/>
</round>
<round no="1"><cards type="Pocket" player="iICapo9">H2 D10</cards>
<cards type="Pocket" player="Rakki">H3 HQ</cards>
<action no="5" player="iICapo9" type="23" discard="1" dealt="1" sum="186"/>
<action no="6" player="Rakki" type="3" sum="106"/>
</round>
<round no="2"><cards type="Flop">C7 H9 S7</cards>
</round>
<round no="3"><cards type="Turn">C5</cards>
</round>
<round no="4"><cards type="River">C9</cards>
</round>
</game>
</session>
