<?xml version="1.0" encoding="UTF-8"?>
<session sessioncode="5050683595">
<general>
<client_version>25.1.1.16</client_version>
<mode>real</mode>
<gametype>Holdem NL</gametype>
<tablename>Twister €100 SNG, 814920386</tablename>
<tournamentcode>814920385</tournamentcode>
<tournamentname>Twister €100 SNG</tournamentname>
<buyin>€0 + €7 + €93</buyin>
<totalbuyin>€100</totalbuyin>
<rewarddrawn>€200</rewarddrawn>
<tournamentcurrency>EUR</tournamentcurrency>
<currency>EUR</currency>
<nickname>Rakki</nickname>
<gamecount>9</gamecount>
<startdate>2025-07-30 22:17:03</startdate>
<place>3</place>
<win>€0</win>
<tablesize>3</tablesize>
</general>
<game gamecode="6441757662"><general><startdate>2025-07-30 22:17:18</startdate>
<round>1</round>
<failsafecounter/>
<players><player seat="10" name="f2006df6a953474d9a030eaee665c3" chips="500" dealer="0" win="80" bet="40" muck="0" rebuy="0" addon="0" merge="0" rebuychips="0" reg_code="5050684210"/>
<player seat="3" name="iICapo9" chips="500" dealer="1" win="0" bet="0" muck="1" rebuy="0" addon="0" merge="0" rebuychips="0" reg_code="5050683227"/>
<player seat="6" name="Rakki" chips="500" dealer="0" win="0" bet="40" muck="1" rebuy="0" addon="0" merge="0" rebuychips="0" reg_code="5050683595"/>
</players>
</general>
<round no="0"><action no="1" player="Rakki" type="1" sum="10"/>
<action no="2" player="f2006df6a953474d9a030eaee665c3" type="2" discard="1" dealt="1" sum="20"/>
</round>
<round no="1"><cards type="Pocket" player="iICapo9">X X</cards>
<cards type="Pocket" player="f2006df6a953474d9a030eaee665c3">C6 D10</cards>
<cards type="Pocket" player="Rakki">DJ D3</cards>
<action no="3" player="iICapo9" type="0" discard="1" dealt="1" sum="0"/>
<action no="4" player="Rakki" type="3" sum="10"/>
<action no="5" player="f2006df6a953474d9a030eaee665c3" type="4" discard="1" dealt="1" sum="0"/>
</round>
<round no="2"><cards type="Flop">D6 S4 HK</cards>
<action no="6" player="Rakki" type="5" sum="20"/>
<action no="7" player="f2006df6a953474d9a030eaee665c3" type="3" discard="1" dealt="1" sum="20"/>
</round>
<round no="3"><cards type="Turn">H4</cards>
<action no="8" player="Rakki" type="4" sum="0"/>
<action no="9" player="f2006df6a953474d9a030eaee665c3" type="4" discard="1" dealt="1" sum="0"/>
</round>
<round no="4"><cards type="River">S3</cards>
<action no="10" player="Rakki" type="4" sum="0"/>
<action no="11" player="f2006df6a953474d9a030eaee665c3" type="4" discard="1" dealt="1" sum="0"/>
</round>
</game>
<game gamecode="6441757695"><general><startdate>2025-07-30 22:17:38</startdate>
<round>1</round>
<failsafecounter/>
<players><player seat="3" name="iICapo9" chips="500" dealer="0" win="80" bet="500" muck="1" rebuy="0" addon="0" merge="0" rebuychips="0" reg_code="5050683227"/>
<player seat="6" name="Rakki" chips="460" dealer="1" win="0" bet="0" muck="1" rebuy="0" addon="0" merge="0" rebuychips="0" reg_code="5050683595"/>
<player seat="10" name="f2006df6a953474d9a030eaee665c3" chips="540" dealer="0" win="0" bet="40" muck="1" rebuy="0" addon="0" merge="0" rebuychips="0" reg_code="5050684210"/>
</players>
</general>
<round no="0"><action no="1" player="f2006df6a953474d9a030eaee665c3" type="1" discard="1" dealt="1" sum="10"/>
<action no="2" player="iICapo9" type="2" discard="1" dealt="1" sum="20"/>
</round>
<round no="1"><cards type="Pocket" player="f2006df6a953474d9a030eaee665c3">X X</cards>
<cards type="Pocket" player="Rakki">C2 SJ</cards>
<cards type="Pocket" player="iICapo9">X X</cards>
<action no="3" player="Rakki" type="0" sum="0"/>
<action no="4" player="f2006df6a953474d9a030eaee665c3" type="23" discard="1" dealt="1" sum="40"/>
<action no="5" player="iICapo9" type="23" discard="1" dealt="1" sum="500"/>
<action no="6" player="f2006df6a953474d9a030eaee665c3" type="0" discard="1" dealt="1" sum="0"/>
</round>
</game>
<game gamecode="6441757717"><general><startdate>2025-07-30 22:17:51</startdate>
<round>1</round>
<failsafecounter/>
<players><player seat="6" name="Rakki" chips="460" dealer="0" win="150" bet="70" muck="0" rebuy="0" addon="0" merge="0" rebuychips="0" reg_code="5050683595"/>
<player seat="10" name="f2006df6a953474d9a030eaee665c3" chips="500" dealer="1" win="0" bet="70" muck="1" rebuy="0" addon="0" merge="0" rebuychips="0" reg_code="5050684210"/>
<player seat="3" name="iICapo9" chips="540" dealer="0" win="0" bet="10" muck="1" rebuy="0" addon="0" merge="0" rebuychips="0" reg_code="5050683227"/>
</players>
</general>
<round no="0"><action no="1" player="iICapo9" type="1" discard="1" dealt="1" sum="10"/>
<action no="2" player="Rakki" type="2" sum="20"/>
</round>
<round no="1"><cards type="Pocket" player="f2006df6a953474d9a030eaee665c3">H2 CA</cards>
<cards type="Pocket" player="iICapo9">X X</cards>
<cards type="Pocket" player="Rakki">S9 SJ</cards>
<action no="3" player="f2006df6a953474d9a030eaee665c3" type="3" discard="1" dealt="1" sum="20"/>
<action no="4" player="iICapo9" type="0" discard="1" dealt="1" sum="0"/>
<action no="5" player="Rakki" type="4" sum="0"/>
</round>
<round no="2"><cards type="Flop">C9 CK C10</cards>
<action no="6" player="Rakki" type="4" sum="0"/>
<action no="7" player="f2006df6a953474d9a030eaee665c3" type="4" discard="1" dealt="1" sum="0"/>
</round>
<round no="3"><cards type="Turn">S8</cards>
<action no="8" player="Rakki" type="4" sum="0"/>
<action no="9" player="f2006df6a953474d9a030eaee665c3" type="4" discard="1" dealt="1" sum="0"/>
</round>
<round no="4"><cards type="River">S2</cards>
<action no="10" player="Rakki" type="5" sum="50"/>
<action no="11" player="f2006df6a953474d9a030eaee665c3" type="3" discard="1" dealt="1" sum="50"/>
</round>
</game>
<game gamecode="6441757743"><general><startdate>2025-07-30 22:18:08</startdate>
<round>1</round>
<failsafecounter/>
<players><player seat="10" name="f2006df6a953474d9a030eaee665c3" chips="430" dealer="0" win="260" bet="430" muck="1" rebuy="0" addon="0" merge="0" rebuychips="0" reg_code="5050684210"/>
<player seat="3" name="iICapo9" chips="530" dealer="1" win="0" bet="125" muck="1" rebuy="0" addon="0" merge="0" rebuychips="0" reg_code="5050683227"/>
<player seat="6" name="Rakki" chips="540" dealer="0" win="0" bet="10" muck="1" rebuy="0" addon="0" merge="0" rebuychips="0" reg_code="5050683595"/>
</players>
</general>
<round no="0"><action no="1" player="Rakki" type="1" sum="10"/>
<action no="2" player="f2006df6a953474d9a030eaee665c3" type="2" discard="1" dealt="1" sum="20"/>
</round>
<round no="1"><cards type="Pocket" player="Rakki">H4 S9</cards>
<cards type="Pocket" player="f2006df6a953474d9a030eaee665c3">X X</cards>
<cards type="Pocket" player="iICapo9">X X</cards>
<action no="3" player="iICapo9" type="23" discard="1" dealt="1" sum="40"/>
<action no="4" player="Rakki" type="0" sum="0"/>
<action no="5" player="f2006df6a953474d9a030eaee665c3" type="23" discard="1" dealt="1" sum="60"/>
<action no="6" player="iICapo9" type="3" discard="1" dealt="1" sum="20"/>
</round>
<round no="2"><cards type="Flop">C6 HJ C9</cards>
<action no="7" player="f2006df6a953474d9a030eaee665c3" type="4" discard="1" dealt="1" sum="0"/>
<action no="8" player="iICapo9" type="4" discard="1" dealt="1" sum="0"/>
</round>
<round no="3"><cards type="Turn">H3</cards>
<action no="9" player="f2006df6a953474d9a030eaee665c3" type="4" discard="1" dealt="1" sum="0"/>
<action no="10" player="iICapo9" type="5" discard="1" dealt="1" sum="65"/>
<action no="11" player="f2006df6a953474d9a030eaee665c3" type="3" discard="1" dealt="1" sum="65"/>
</round>
<round no="4"><cards type="River">DA</cards>
<action no="12" player="f2006df6a953474d9a030eaee665c3" type="5" discard="1" dealt="1" sum="305"/>
<action no="13" player="iICapo9" type="0" discard="1" dealt="1" sum="0"/>
</round>
</game>
<game gamecode="6441757785"><general><startdate>2025-07-30 22:18:33</startdate>
<round>1</round>
<failsafecounter/>
<players><player seat="3" name="iICapo9" chips="405" dealer="0" win="240" bet="180" muck="1" rebuy="0" addon="0" merge="0" rebuychips="0" reg_code="5050683227"/>
<player seat="6" name="Rakki" chips="530" dealer="1" win="0" bet="0" muck="1" rebuy="0" addon="0" merge="0" rebuychips="0" reg_code="5050683595"/>
<player seat="10" name="f2006df6a953474d9a030eaee665c3" chips="565" dealer="0" win="0" bet="120" muck="1" rebuy="0" addon="0" merge="0" rebuychips="0" reg_code="5050684210"/>
</players>
</general>
<round no="0"><action no="1" player="f2006df6a953474d9a030eaee665c3" type="1" discard="1" dealt="1" sum="10"/>
<action no="2" player="iICapo9" type="2" discard="1" dealt="1" sum="20"/>
</round>
<round no="1"><cards type="Pocket" player="iICapo9">X X</cards>
<cards type="Pocket" player="Rakki">H7 C10</cards>
<cards type="Pocket" player="f2006df6a953474d9a030eaee665c3">X X</cards>
<action no="3" player="Rakki" type="0" sum="0"/>
<action no="4" player="f2006df6a953474d9a030eaee665c3" type="3" discard="1" dealt="1" sum="10"/>
<action no="5" player="iICapo9" type="23" discard="1" dealt="1" sum="60"/>
<action no="6" player="f2006df6a953474d9a030eaee665c3" type="3" discard="1" dealt="1" sum="40"/>
</round>
<round no="2"><cards type="Flop">D10 H9 DJ</cards>
<action no="7" player="f2006df6a953474d9a030eaee665c3" type="4" discard="1" dealt="1" sum="0"/>
<action no="8" player="iICapo9" type="4" discard="1" dealt="1" sum="0"/>
</round>
<round no="3"><cards type="Turn">C9</cards>
<action no="9" player="f2006df6a953474d9a030eaee665c3" type="4" discard="1" dealt="1" sum="0"/>
<action no="10" player="iICapo9" type="5" discard="1" dealt="1" sum="60"/>
<action no="11" player="f2006df6a953474d9a030eaee665c3" type="3" discard="1" dealt="1" sum="60"/>
</round>
<round no="4"><cards type="River">CJ</cards>
<action no="12" player="f2006df6a953474d9a030eaee665c3" type="4" discard="1" dealt="1" sum="0"/>
<action no="13" player="iICapo9" type="5" discard="1" dealt="1" sum="60"/>
<action no="14" player="f2006df6a953474d9a030eaee665c3" type="0" discard="1" dealt="1" sum="0"/>
</round>
</game>
<game gamecode="6441757831"><general><startdate>2025-07-30 22:19:00</startdate>
<round>1</round>
<failsafecounter/>
<players><player seat="6" name="Rakki" chips="530" dealer="0" win="0" bet="35" muck="1" rebuy="0" addon="0" merge="0" rebuychips="0" reg_code="5050683595"/>
<player seat="10" name="f2006df6a953474d9a030eaee665c3" chips="445" dealer="1" win="0" bet="35" muck="1" rebuy="0" addon="0" merge="0" rebuychips="0" reg_code="5050684210"/>
<player seat="3" name="iICapo9" chips="525" dealer="0" win="105" bet="525" muck="1" rebuy="0" addon="0" merge="0" rebuychips="0" reg_code="5050683227"/>
</players>
</general>
<round no="0"><action no="1" player="iICapo9" type="15" discard="1" dealt="1" sum="5"/>
<action no="2" player="Rakki" type="15" sum="5"/>
<action no="3" player="f2006df6a953474d9a030eaee665c3" type="15" discard="1" dealt="1" sum="5"/>
<action no="4" player="iICapo9" type="1" discard="1" dealt="1" sum="15"/>
<action no="5" player="Rakki" type="2" sum="30"/>
</round>
<round no="1"><cards type="Pocket" player="f2006df6a953474d9a030eaee665c3">X X</cards>
<cards type="Pocket" player="Rakki">HJ C7</cards>
<cards type="Pocket" player="iICapo9">X X</cards>
<action no="6" player="f2006df6a953474d9a030eaee665c3" type="3" discard="1" dealt="1" sum="30"/>
<action no="7" player="iICapo9" type="23" discard="1" dealt="1" sum="520"/>
<action no="8" player="Rakki" type="0" sum="0"/>
<action no="9" player="f2006df6a953474d9a030eaee665c3" type="0" discard="1" dealt="1" sum="0"/>
</round>
</game>
<game gamecode="6441757852"><general><startdate>2025-07-30 22:19:11</startdate>
<round>1</round>
<failsafecounter/>
<players><player seat="10" name="f2006df6a953474d9a030eaee665c3" chips="410" dealer="0" win="0" bet="35" muck="1" rebuy="0" addon="0" merge="0" rebuychips="0" reg_code="5050684210"/>
<player seat="3" name="iICapo9" chips="595" dealer="1" win="90" bet="65" muck="1" rebuy="0" addon="0" merge="0" rebuychips="0" reg_code="5050683227"/>
<player seat="6" name="Rakki" chips="495" dealer="0" win="0" bet="20" muck="1" rebuy="0" addon="0" merge="0" rebuychips="0" reg_code="5050683595"/>
</players>
</general>
<round no="0"><action no="1" player="Rakki" type="15" sum="5"/>
<action no="2" player="f2006df6a953474d9a030eaee665c3" type="15" discard="1" dealt="1" sum="5"/>
<action no="3" player="iICapo9" type="15" discard="1" dealt="1" sum="5"/>
<action no="4" player="Rakki" type="1" sum="15"/>
<action no="5" player="f2006df6a953474d9a030eaee665c3" type="2" discard="1" dealt="1" sum="30"/>
</round>
<round no="1"><cards type="Pocket" player="iICapo9">X X</cards>
<cards type="Pocket" player="Rakki">DQ S10</cards>
<cards type="Pocket" player="f2006df6a953474d9a030eaee665c3">X X</cards>
<action no="6" player="iICapo9" type="23" discard="1" dealt="1" sum="60"/>
<action no="7" player="Rakki" type="0" sum="0"/>
<action no="8" player="f2006df6a953474d9a030eaee665c3" type="0" discard="1" dealt="1" sum="0"/>
</round>
</game>
<game gamecode="6441757886"><general><startdate>2025-07-30 22:19:32</startdate>
<round>1</round>
<failsafecounter/>
<players><player seat="3" name="iICapo9" chips="650" dealer="0" win="0" bet="102" muck="1" rebuy="0" addon="0" merge="0" rebuychips="0" reg_code="5050683227"/>
<player seat="6" name="Rakki" chips="475" dealer="1" win="0" bet="5" muck="1" rebuy="0" addon="0" merge="0" rebuychips="0" reg_code="5050683595"/>
<player seat="10" name="f2006df6a953474d9a030eaee665c3" chips="375" dealer="0" win="209" bet="102" muck="0" rebuy="0" addon="0" merge="0" rebuychips="0" reg_code="5050684210"/>
</players>
</general>
<round no="0"><action no="1" player="f2006df6a953474d9a030eaee665c3" type="15" discard="1" dealt="1" sum="5"/>
<action no="2" player="iICapo9" type="15" discard="1" dealt="1" sum="5"/>
<action no="3" player="Rakki" type="15" sum="5"/>
<action no="4" player="f2006df6a953474d9a030eaee665c3" type="1" discard="1" dealt="1" sum="15"/>
<action no="5" player="iICapo9" type="2" discard="1" dealt="1" sum="30"/>
</round>
<round no="1"><cards type="Pocket" player="f2006df6a953474d9a030eaee665c3">C7 SK</cards>
<cards type="Pocket" player="Rakki">H4 S5</cards>
<cards type="Pocket" player="iICapo9">H9 H7</cards>
<action no="6" player="Rakki" type="0" sum="0"/>
<action no="7" player="f2006df6a953474d9a030eaee665c3" type="3" discard="1" dealt="1" sum="15"/>
<action no="8" player="iICapo9" type="4" discard="1" dealt="1" sum="0"/>
</round>
<round no="2"><cards type="Flop">H8 CQ S3</cards>
<action no="9" player="f2006df6a953474d9a030eaee665c3" type="4" discard="1" dealt="1" sum="0"/>
<action no="10" player="iICapo9" type="5" discard="1" dealt="1" sum="37"/>
<action no="11" player="f2006df6a953474d9a030eaee665c3" type="3" discard="1" dealt="1" sum="37"/>
</round>
<round no="3"><cards type="Turn">S7</cards>
<action no="12" player="f2006df6a953474d9a030eaee665c3" type="4" discard="1" dealt="1" sum="0"/>
<action no="13" player="iICapo9" type="4" discard="1" dealt="1" sum="0"/>
</round>
<round no="4"><cards type="River">D5</cards>
<action no="14" player="f2006df6a953474d9a030eaee665c3" type="5" discard="1" dealt="1" sum="30"/>
<action no="15" player="iICapo9" type="3" discard="1" dealt="1" sum="30"/>
</round>
</game>
<game gamecode="6441757932"><general><startdate>2025-07-30 22:20:02</startdate>
<round>1</round>
<failsafecounter/>
<players><player seat="6" name="Rakki" chips="470" dealer="0" win="0" bet="470" muck="1" rebuy="0" addon="0" merge="0" rebuychips="0" reg_code="5050683595"/>
<player seat="10" name="f2006df6a953474d9a030eaee665c3" chips="482" dealer="1" win="0" bet="5" muck="1" rebuy="0" addon="0" merge="0" rebuychips="0" reg_code="5050684210"/>
<player seat="3" name="iICapo9" chips="548" dealer="0" win="945" bet="548" muck="0" rebuy="0" addon="0" merge="0" rebuychips="0" reg_code="5050683227"/>
</players>
</general>
<round no="0"><action no="1" player="iICapo9" type="15" discard="1" dealt="1" sum="5"/>
<action no="2" player="Rakki" type="15" sum="5"/>
<action no="3" player="f2006df6a953474d9a030eaee665c3" type="15" discard="1" dealt="1" sum="5"/>
<action no="4" player="iICapo9" type="1" discard="1" dealt="1" sum="15"/>
<action no="5" player="Rakki" type="2" sum="30"/>
</round>
<round no="1"><cards type="Pocket" player="iICapo9">S9 SK</cards>
<cards type="Pocket" player="Rakki">H4 HK</cards>
<cards type="Pocket" player="f2006df6a953474d9a030eaee665c3">X X</cards>
<action no="6" player="f2006df6a953474d9a030eaee665c3" type="0" discard="1" dealt="1" sum="0"/>
<action no="7" player="iICapo9" type="23" discard="1" dealt="1" sum="75"/>
<action no="8" player="Rakki" type="3" sum="45"/>
</round>
<round no="2"><cards type="Flop">S8 D6 DK</cards>
<action no="9" player="iICapo9" type="5" discard="1" dealt="1" sum="82"/>
<action no="10" player="Rakki" type="3" sum="82"/>
</round>
<round no="3"><cards type="Turn">CA</cards>
<action no="11" player="iICapo9" type="5" discard="1" dealt="1" sum="386"/>
<action no="12" player="Rakki" type="7" sum="308"/>
</round>
<round no="4"><cards type="River">C3</cards>
</round>
</game>
</session>
