<?xml version="1.0" encoding="UTF-8"?>
<session sessioncode="5050411972">
<general>
<client_version>25.1.1.16</client_version>
<mode>real</mode>
<gametype>Holdem NL</gametype>
<tablename>Twister €50 SNG, 814843138</tablename>
<tournamentcode>814843136</tournamentcode>
<tournamentname>Twister €50 SNG</tournamentname>
<buyin>€0 + €3.50 + €46.50</buyin>
<totalbuyin>€50</totalbuyin>
<rewarddrawn>€100</rewarddrawn>
<tournamentcurrency>EUR</tournamentcurrency>
<currency>EUR</currency>
<nickname>Rakki</nickname>
<gamecount>16</gamecount>
<startdate>2025-07-29 16:00:41</startdate>
<place>2</place>
<win>€0</win>
<tablesize>3</tablesize>
</general>
<game gamecode="6440672889"><general><startdate>2025-07-29 16:00:56</startdate>
<round>1</round>
<failsafecounter/>
<players><player seat="3" name="ImyourPAPI" chips="500" dealer="0" win="90" bet="500" muck="1" rebuy="0" addon="0" merge="0" rebuychips="0" reg_code="5050411958"/>
<player seat="6" name="StelioPk" chips="500" dealer="1" win="0" bet="40" muck="1" rebuy="0" addon="0" merge="0" rebuychips="0" reg_code="5050411966"/>
<player seat="10" name="Rakki" chips="500" dealer="0" win="0" bet="10" muck="1" rebuy="0" addon="0" merge="0" rebuychips="0" reg_code="5050411972"/>
</players>
</general>
<round no="0"><action no="1" player="Rakki" type="1" sum="10"/>
<action no="2" player="ImyourPAPI" type="2" discard="1" dealt="1" sum="20"/>
</round>
<round no="1"><cards type="Pocket" player="ImyourPAPI">X X</cards>
<cards type="Pocket" player="StelioPk">X X</cards>
<cards type="Pocket" player="Rakki">H7 DQ</cards>
<action no="3" player="StelioPk" type="23" discard="1" dealt="1" sum="40"/>
<action no="4" player="Rakki" type="0" sum="0"/>
<action no="5" player="ImyourPAPI" type="23" discard="1" dealt="1" sum="500"/>
<action no="6" player="StelioPk" type="0" discard="1" dealt="1" sum="0"/>
</round>
</game>
<game gamecode="6440672908"><general><startdate>2025-07-29 16:01:15</startdate>
<round>1</round>
<failsafecounter/>
<players><player seat="6" name="StelioPk" chips="460" dealer="0" win="100" bet="460" muck="1" rebuy="0" addon="0" merge="0" rebuychips="0" reg_code="5050411966"/>
<player seat="10" name="Rakki" chips="490" dealer="1" win="0" bet="0" muck="1" rebuy="0" addon="0" merge="0" rebuychips="0" reg_code="5050411972"/>
<player seat="3" name="ImyourPAPI" chips="550" dealer="0" win="0" bet="50" muck="1" rebuy="0" addon="0" merge="0" rebuychips="0" reg_code="5050411958"/>
</players>
</general>
<round no="0"><action no="1" player="ImyourPAPI" type="1" discard="1" dealt="1" sum="10"/>
<action no="2" player="StelioPk" type="2" discard="1" dealt="1" sum="20"/>
</round>
<round no="1"><cards type="Pocket" player="StelioPk">X X</cards>
<cards type="Pocket" player="Rakki">D8 S3</cards>
<cards type="Pocket" player="ImyourPAPI">X X</cards>
<action no="3" player="Rakki" type="0" sum="0"/>
<action no="4" player="ImyourPAPI" type="23" discard="1" dealt="1" sum="50"/>
<action no="5" player="StelioPk" type="23" discard="1" dealt="1" sum="460"/>
<action no="6" player="ImyourPAPI" type="0" discard="1" dealt="1" sum="0"/>
</round>
</game>
<game gamecode="6440672945"><general><startdate>2025-07-29 16:01:46</startdate>
<round>1</round>
<failsafecounter/>
<players><player seat="10" name="Rakki" chips="490" dealer="0" win="0" bet="70" muck="1" rebuy="0" addon="0" merge="0" rebuychips="0" reg_code="5050411972"/>
<player seat="3" name="ImyourPAPI" chips="500" dealer="1" win="150" bet="202" muck="1" rebuy="0" addon="0" merge="0" rebuychips="0" reg_code="5050411958"/>
<player seat="6" name="StelioPk" chips="510" dealer="0" win="0" bet="10" muck="1" rebuy="0" addon="0" merge="0" rebuychips="0" reg_code="5050411966"/>
</players>
</general>
<round no="0"><action no="1" player="StelioPk" type="1" discard="1" dealt="1" sum="10"/>
<action no="2" player="Rakki" type="2" sum="20"/>
</round>
<round no="1"><cards type="Pocket" player="StelioPk">X X</cards>
<cards type="Pocket" player="ImyourPAPI">X X</cards>
<cards type="Pocket" player="Rakki">H7 CA</cards>
<action no="3" player="ImyourPAPI" type="23" discard="1" dealt="1" sum="40"/>
<action no="4" player="StelioPk" type="0" discard="1" dealt="1" sum="0"/>
<action no="5" player="Rakki" type="3" sum="20"/>
</round>
<round no="2"><cards type="Flop">S6 C4 C10</cards>
<action no="6" player="Rakki" type="4" sum="0"/>
<action no="7" player="ImyourPAPI" type="5" discard="1" dealt="1" sum="30"/>
<action no="8" player="Rakki" type="3" sum="30"/>
</round>
<round no="3"><cards type="Turn">D2</cards>
<action no="9" player="Rakki" type="4" sum="0"/>
<action no="10" player="ImyourPAPI" type="5" discard="1" dealt="1" sum="132"/>
<action no="11" player="Rakki" type="0" sum="0"/>
</round>
</game>
<game gamecode="6440673000"><general><startdate>2025-07-29 16:02:26</startdate>
<round>1</round>
<failsafecounter/>
<players><player seat="3" name="ImyourPAPI" chips="580" dealer="0" win="0" bet="20" muck="1" rebuy="0" addon="0" merge="0" rebuychips="0" reg_code="5050411958"/>
<player seat="6" name="StelioPk" chips="500" dealer="1" win="0" bet="0" muck="1" rebuy="0" addon="0" merge="0" rebuychips="0" reg_code="5050411966"/>
<player seat="10" name="Rakki" chips="420" dealer="0" win="40" bet="50" muck="1" rebuy="0" addon="0" merge="0" rebuychips="0" reg_code="5050411972"/>
</players>
</general>
<round no="0"><action no="1" player="Rakki" type="1" sum="10"/>
<action no="2" player="ImyourPAPI" type="2" discard="1" dealt="1" sum="20"/>
</round>
<round no="1"><cards type="Pocket" player="Rakki">SQ HQ</cards>
<cards type="Pocket" player="StelioPk">X X</cards>
<cards type="Pocket" player="ImyourPAPI">X X</cards>
<action no="3" player="StelioPk" type="0" discard="1" dealt="1" sum="0"/>
<action no="4" player="Rakki" type="23" sum="50"/>
<action no="5" player="ImyourPAPI" type="0" discard="1" dealt="1" sum="0"/>
</round>
</game>
<game gamecode="6440673021"><general><startdate>2025-07-29 16:02:43</startdate>
<round>1</round>
<failsafecounter/>
<players><player seat="6" name="StelioPk" chips="500" dealer="0" win="0" bet="35" muck="1" rebuy="0" addon="0" merge="0" rebuychips="0" reg_code="5050411966"/>
<player seat="10" name="Rakki" chips="440" dealer="1" win="90" bet="440" muck="1" rebuy="0" addon="0" merge="0" rebuychips="0" reg_code="5050411972"/>
<player seat="3" name="ImyourPAPI" chips="560" dealer="0" win="0" bet="20" muck="1" rebuy="0" addon="0" merge="0" rebuychips="0" reg_code="5050411958"/>
</players>
</general>
<round no="0"><action no="1" player="ImyourPAPI" type="15" discard="1" dealt="1" sum="5"/>
<action no="2" player="StelioPk" type="15" discard="1" dealt="1" sum="5"/>
<action no="3" player="Rakki" type="15" sum="5"/>
<action no="4" player="ImyourPAPI" type="1" discard="1" dealt="1" sum="15"/>
<action no="5" player="StelioPk" type="2" discard="1" dealt="1" sum="30"/>
</round>
<round no="1"><cards type="Pocket" player="ImyourPAPI">X X</cards>
<cards type="Pocket" player="Rakki">S5 SA</cards>
<cards type="Pocket" player="StelioPk">X X</cards>
<action no="6" player="Rakki" type="23" sum="435"/>
<action no="7" player="ImyourPAPI" type="0" discard="1" dealt="1" sum="0"/>
<action no="8" player="StelioPk" type="0" discard="1" dealt="1" sum="0"/>
</round>
</game>
<game gamecode="6440673053"><general><startdate>2025-07-29 16:03:05</startdate>
<round>1</round>
<failsafecounter/>
<players><player seat="10" name="Rakki" chips="495" dealer="0" win="0" bet="35" muck="1" rebuy="0" addon="0" merge="0" rebuychips="0" reg_code="5050411972"/>
<player seat="3" name="ImyourPAPI" chips="540" dealer="1" win="0" bet="5" muck="1" rebuy="0" addon="0" merge="0" rebuychips="0" reg_code="5050411958"/>
<player seat="6" name="StelioPk" chips="465" dealer="0" win="75" bet="465" muck="1" rebuy="0" addon="0" merge="0" rebuychips="0" reg_code="5050411966"/>
</players>
</general>
<round no="0"><action no="1" player="StelioPk" type="15" discard="1" dealt="1" sum="5"/>
<action no="2" player="Rakki" type="15" sum="5"/>
<action no="3" player="ImyourPAPI" type="15" discard="1" dealt="1" sum="5"/>
<action no="4" player="StelioPk" type="1" discard="1" dealt="1" sum="15"/>
<action no="5" player="Rakki" type="2" sum="30"/>
</round>
<round no="1"><cards type="Pocket" player="Rakki">D5 C10</cards>
<cards type="Pocket" player="StelioPk">X X</cards>
<cards type="Pocket" player="ImyourPAPI">X X</cards>
<action no="6" player="ImyourPAPI" type="0" discard="1" dealt="1" sum="0"/>
<action no="7" player="StelioPk" type="23" discard="1" dealt="1" sum="460"/>
<action no="8" player="Rakki" type="0" sum="0"/>
</round>
</game>
<game gamecode="6440673073"><general><startdate>2025-07-29 16:03:23</startdate>
<round>1</round>
<failsafecounter/>
<players><player seat="3" name="ImyourPAPI" chips="535" dealer="0" win="0" bet="35" muck="1" rebuy="0" addon="0" merge="0" rebuychips="0" reg_code="5050411958"/>
<player seat="6" name="StelioPk" chips="505" dealer="1" win="0" bet="5" muck="1" rebuy="0" addon="0" merge="0" rebuychips="0" reg_code="5050411966"/>
<player seat="10" name="Rakki" chips="460" dealer="0" win="75" bet="65" muck="1" rebuy="0" addon="0" merge="0" rebuychips="0" reg_code="5050411972"/>
</players>
</general>
<round no="0"><action no="1" player="Rakki" type="15" sum="5"/>
<action no="2" player="ImyourPAPI" type="15" discard="1" dealt="1" sum="5"/>
<action no="3" player="StelioPk" type="15" discard="1" dealt="1" sum="5"/>
<action no="4" player="Rakki" type="1" sum="15"/>
<action no="5" player="ImyourPAPI" type="2" discard="1" dealt="1" sum="30"/>
</round>
<round no="1"><cards type="Pocket" player="ImyourPAPI">X X</cards>
<cards type="Pocket" player="Rakki">H3 H4</cards>
<cards type="Pocket" player="StelioPk">X X</cards>
<action no="6" player="StelioPk" type="0" discard="1" dealt="1" sum="0"/>
<action no="7" player="Rakki" type="3" sum="15"/>
<action no="8" player="ImyourPAPI" type="4" discard="1" dealt="1" sum="0"/>
</round>
<round no="2"><cards type="Flop">S4 C10 DA</cards>
<action no="9" player="Rakki" type="5" sum="30"/>
<action no="10" player="ImyourPAPI" type="0" discard="1" dealt="1" sum="0"/>
</round>
</game>
<game gamecode="6440673108"><general><startdate>2025-07-29 16:03:57</startdate>
<round>1</round>
<failsafecounter/>
<players><player seat="6" name="StelioPk" chips="500" dealer="0" win="0" bet="35" muck="1" rebuy="0" addon="0" merge="0" rebuychips="0" reg_code="5050411966"/>
<player seat="10" name="Rakki" chips="500" dealer="1" win="90" bet="500" muck="1" rebuy="0" addon="0" merge="0" rebuychips="0" reg_code="5050411972"/>
<player seat="3" name="ImyourPAPI" chips="500" dealer="0" win="0" bet="20" muck="1" rebuy="0" addon="0" merge="0" rebuychips="0" reg_code="5050411958"/>
</players>
</general>
<round no="0"><action no="1" player="ImyourPAPI" type="15" discard="1" dealt="1" sum="5"/>
<action no="2" player="StelioPk" type="15" discard="1" dealt="1" sum="5"/>
<action no="3" player="Rakki" type="15" sum="5"/>
<action no="4" player="ImyourPAPI" type="1" discard="1" dealt="1" sum="15"/>
<action no="5" player="StelioPk" type="2" discard="1" dealt="1" sum="30"/>
</round>
<round no="1"><cards type="Pocket" player="StelioPk">X X</cards>
<cards type="Pocket" player="ImyourPAPI">X X</cards>
<cards type="Pocket" player="Rakki">D8 D9</cards>
<action no="6" player="Rakki" type="23" sum="495"/>
<action no="7" player="ImyourPAPI" type="0" discard="1" dealt="1" sum="0"/>
<action no="8" player="StelioPk" type="0" discard="1" dealt="1" sum="0"/>
</round>
</game>
<game gamecode="6440673131"><general><startdate>2025-07-29 16:04:17</startdate>
<round>1</round>
<failsafecounter/>
<players><player seat="10" name="Rakki" chips="555" dealer="0" win="55" bet="45" muck="1" rebuy="0" addon="0" merge="0" rebuychips="0" reg_code="5050411972"/>
<player seat="3" name="ImyourPAPI" chips="480" dealer="1" win="0" bet="5" muck="1" rebuy="0" addon="0" merge="0" rebuychips="0" reg_code="5050411958"/>
<player seat="6" name="StelioPk" chips="465" dealer="0" win="0" bet="25" muck="1" rebuy="0" addon="0" merge="0" rebuychips="0" reg_code="5050411966"/>
</players>
</general>
<round no="0"><action no="1" player="StelioPk" type="15" discard="1" dealt="1" sum="5"/>
<action no="2" player="Rakki" type="15" sum="5"/>
<action no="3" player="ImyourPAPI" type="15" discard="1" dealt="1" sum="5"/>
<action no="4" player="StelioPk" type="1" discard="1" dealt="1" sum="20"/>
<action no="5" player="Rakki" type="2" sum="40"/>
</round>
<round no="1"><cards type="Pocket" player="ImyourPAPI">X X</cards>
<cards type="Pocket" player="Rakki">H9 D10</cards>
<cards type="Pocket" player="StelioPk">X X</cards>
<action no="6" player="ImyourPAPI" type="0" discard="1" dealt="1" sum="0"/>
<action no="7" player="StelioPk" type="0" discard="1" dealt="1" sum="0"/>
</round>
</game>
<game gamecode="6440673138"><general><startdate>2025-07-29 16:04:26</startdate>
<round>1</round>
<failsafecounter/>
<players><player seat="3" name="ImyourPAPI" chips="475" dealer="0" win="0" bet="177" muck="1" rebuy="0" addon="0" merge="0" rebuychips="0" reg_code="5050411958"/>
<player seat="6" name="StelioPk" chips="440" dealer="1" win="0" bet="5" muck="1" rebuy="0" addon="0" merge="0" rebuychips="0" reg_code="5050411966"/>
<player seat="10" name="Rakki" chips="585" dealer="0" win="359" bet="585" muck="1" rebuy="0" addon="0" merge="0" rebuychips="0" reg_code="5050411972"/>
</players>
</general>
<round no="0"><action no="1" player="Rakki" type="15" sum="5"/>
<action no="2" player="ImyourPAPI" type="15" discard="1" dealt="1" sum="5"/>
<action no="3" player="StelioPk" type="15" discard="1" dealt="1" sum="5"/>
<action no="4" player="Rakki" type="1" sum="20"/>
<action no="5" player="ImyourPAPI" type="2" discard="1" dealt="1" sum="40"/>
</round>
<round no="1"><cards type="Pocket" player="Rakki">S6 HQ</cards>
<cards type="Pocket" player="StelioPk">X X</cards>
<cards type="Pocket" player="ImyourPAPI">X X</cards>
<action no="6" player="StelioPk" type="0" discard="1" dealt="1" sum="0"/>
<action no="7" player="Rakki" type="3" sum="20"/>
<action no="8" player="ImyourPAPI" type="4" discard="1" dealt="1" sum="0"/>
</round>
<round no="2"><cards type="Flop">D6 D2 C4</cards>
<action no="9" player="Rakki" type="4" sum="0"/>
<action no="10" player="ImyourPAPI" type="5" discard="1" dealt="1" sum="40"/>
<action no="11" player="Rakki" type="23" sum="132"/>
<action no="12" player="ImyourPAPI" type="3" discard="1" dealt="1" sum="92"/>
</round>
<round no="3"><cards type="Turn">CA</cards>
<action no="13" player="Rakki" type="5" sum="408"/>
<action no="14" player="ImyourPAPI" type="0" discard="1" dealt="1" sum="0"/>
</round>
</game>
<game gamecode="6440673191"><general><startdate>2025-07-29 16:05:09</startdate>
<round>1</round>
<failsafecounter/>
<players><player seat="6" name="StelioPk" chips="435" dealer="0" win="0" bet="45" muck="1" rebuy="0" addon="0" merge="0" rebuychips="0" reg_code="5050411966"/>
<player seat="10" name="Rakki" chips="767" dealer="1" win="115" bet="767" muck="1" rebuy="0" addon="0" merge="0" rebuychips="0" reg_code="5050411972"/>
<player seat="3" name="ImyourPAPI" chips="298" dealer="0" win="0" bet="25" muck="1" rebuy="0" addon="0" merge="0" rebuychips="0" reg_code="5050411958"/>
</players>
</general>
<round no="0"><action no="1" player="ImyourPAPI" type="15" discard="1" dealt="1" sum="5"/>
<action no="2" player="StelioPk" type="15" discard="1" dealt="1" sum="5"/>
<action no="3" player="Rakki" type="15" sum="5"/>
<action no="4" player="ImyourPAPI" type="1" discard="1" dealt="1" sum="20"/>
<action no="5" player="StelioPk" type="2" discard="1" dealt="1" sum="40"/>
</round>
<round no="1"><cards type="Pocket" player="Rakki">CK HQ</cards>
<cards type="Pocket" player="StelioPk">X X</cards>
<cards type="Pocket" player="ImyourPAPI">X X</cards>
<action no="6" player="Rakki" type="23" sum="762"/>
<action no="7" player="ImyourPAPI" type="0" discard="1" dealt="1" sum="0"/>
<action no="8" player="StelioPk" type="0" discard="1" dealt="1" sum="0"/>
</round>
</game>
<game gamecode="6440673208"><general><startdate>2025-07-29 16:05:19</startdate>
<round>1</round>
<failsafecounter/>
<players><player seat="10" name="Rakki" chips="837" dealer="0" win="0" bet="45" muck="1" rebuy="0" addon="0" merge="0" rebuychips="0" reg_code="5050411972"/>
<player seat="3" name="ImyourPAPI" chips="273" dealer="1" win="0" bet="5" muck="1" rebuy="0" addon="0" merge="0" rebuychips="0" reg_code="5050411958"/>
<player seat="6" name="StelioPk" chips="390" dealer="0" win="95" bet="390" muck="1" rebuy="0" addon="0" merge="0" rebuychips="0" reg_code="5050411966"/>
</players>
</general>
<round no="0"><action no="1" player="StelioPk" type="15" discard="1" dealt="1" sum="5"/>
<action no="2" player="Rakki" type="15" sum="5"/>
<action no="3" player="ImyourPAPI" type="15" discard="1" dealt="1" sum="5"/>
<action no="4" player="StelioPk" type="1" discard="1" dealt="1" sum="20"/>
<action no="5" player="Rakki" type="2" sum="40"/>
</round>
<round no="1"><cards type="Pocket" player="StelioPk">X X</cards>
<cards type="Pocket" player="Rakki">D4 C2</cards>
<cards type="Pocket" player="ImyourPAPI">X X</cards>
<action no="6" player="ImyourPAPI" type="0" discard="1" dealt="1" sum="0"/>
<action no="7" player="StelioPk" type="23" discard="1" dealt="1" sum="385"/>
<action no="8" player="Rakki" type="0" sum="0"/>
</round>
</game>
<game gamecode="6440673233"><general><startdate>2025-07-29 16:05:37</startdate>
<round>1</round>
<failsafecounter/>
<players><player seat="3" name="ImyourPAPI" chips="268" dealer="0" win="0" bet="45" muck="1" rebuy="0" addon="0" merge="0" rebuychips="0" reg_code="5050411958"/>
<player seat="6" name="StelioPk" chips="440" dealer="1" win="0" bet="5" muck="1" rebuy="0" addon="0" merge="0" rebuychips="0" reg_code="5050411966"/>
<player seat="10" name="Rakki" chips="792" dealer="0" win="95" bet="792" muck="1" rebuy="0" addon="0" merge="0" rebuychips="0" reg_code="5050411972"/>
</players>
</general>
<round no="0"><action no="1" player="Rakki" type="15" sum="5"/>
<action no="2" player="ImyourPAPI" type="15" discard="1" dealt="1" sum="5"/>
<action no="3" player="StelioPk" type="15" discard="1" dealt="1" sum="5"/>
<action no="4" player="Rakki" type="1" sum="20"/>
<action no="5" player="ImyourPAPI" type="2" discard="1" dealt="1" sum="40"/>
</round>
<round no="1"><cards type="Pocket" player="ImyourPAPI">X X</cards>
<cards type="Pocket" player="StelioPk">X X</cards>
<cards type="Pocket" player="Rakki">S5 DJ</cards>
<action no="6" player="StelioPk" type="0" discard="1" dealt="1" sum="0"/>
<action no="7" player="Rakki" type="23" sum="787"/>
<action no="8" player="ImyourPAPI" type="0" discard="1" dealt="1" sum="0"/>
</round>
</game>
<game gamecode="6440673252"><general><startdate>2025-07-29 16:05:47</startdate>
<round>1</round>
<failsafecounter/>
<players><player seat="6" name="StelioPk" chips="435" dealer="0" win="451" bet="223" muck="0" rebuy="0" addon="0" merge="0" rebuychips="0" reg_code="5050411966"/>
<player seat="10" name="Rakki" chips="842" dealer="1" win="0" bet="5" muck="1" rebuy="0" addon="0" merge="0" rebuychips="0" reg_code="5050411972"/>
<player seat="3" name="ImyourPAPI" chips="223" dealer="0" win="0" bet="223" muck="0" rebuy="0" addon="0" merge="0" rebuychips="0" reg_code="5050411958"/>
</players>
</general>
<round no="0"><action no="1" player="ImyourPAPI" type="15" discard="1" dealt="1" sum="5"/>
<action no="2" player="StelioPk" type="15" discard="1" dealt="1" sum="5"/>
<action no="3" player="Rakki" type="15" sum="5"/>
<action no="4" player="ImyourPAPI" type="1" discard="1" dealt="1" sum="20"/>
<action no="5" player="StelioPk" type="2" discard="1" dealt="1" sum="40"/>
</round>
<round no="1"><cards type="Pocket" player="StelioPk">DK C10</cards>
<cards type="Pocket" player="ImyourPAPI">S8 H7</cards>
<cards type="Pocket" player="Rakki">S9 D3</cards>
<action no="6" player="Rakki" type="0" sum="0"/>
<action no="7" player="ImyourPAPI" type="23" discard="1" dealt="1" sum="218"/>
<action no="8" player="StelioPk" type="3" discard="1" dealt="1" sum="178"/>
</round>
<round no="2"><cards type="Flop">S4 CA DA</cards>
</round>
<round no="3"><cards type="Turn">C8</cards>
</round>
<round no="4"><cards type="River">SK</cards>
</round>
</game>
<game gamecode="6440673295"><general><startdate>2025-07-29 16:06:14</startdate>
<round>1</round>
<failsafecounter/>
<players><player seat="10" name="Rakki" chips="837" dealer="0" win="0" bet="837" muck="0" rebuy="0" addon="0" merge="0" rebuychips="0" reg_code="5050411972"/>
<player seat="6" name="StelioPk" chips="663" dealer="1" win="1,326" bet="663" muck="0" rebuy="0" addon="0" merge="0" rebuychips="0" reg_code="5050411966"/>
</players>
</general>
<round no="0"><action no="1" player="StelioPk" type="15" discard="1" dealt="1" sum="5"/>
<action no="2" player="Rakki" type="15" sum="5"/>
<action no="3" player="StelioPk" type="1" discard="1" dealt="1" sum="30"/>
<action no="4" player="Rakki" type="2" sum="60"/>
</round>
<round no="1"><cards type="Pocket" player="StelioPk">CQ SJ</cards>
<cards type="Pocket" player="Rakki">CA HJ</cards>
<action no="5" player="StelioPk" type="3" discard="1" dealt="1" sum="30"/>
<action no="6" player="Rakki" type="23" sum="832"/>
<action no="7" player="StelioPk" type="7" discard="1" dealt="1" sum="598"/>
</round>
<round no="2"><cards type="Flop">H4 SA S10</cards>
</round>
<round no="3"><cards type="Turn">S6</cards>
</round>
<round no="4"><cards type="River">S5</cards>
</round>
</game>
<game gamecode="6440673317"><general><startdate>2025-07-29 16:06:33</startdate>
<round>1</round>
<failsafecounter/>
<players><player seat="6" name="StelioPk" chips="1,326" dealer="0" win="348" bet="174" muck="0" rebuy="0" addon="0" merge="0" rebuychips="0" reg_code="5050411966"/>
<player seat="10" name="Rakki" chips="174" dealer="1" win="0" bet="174" muck="0" rebuy="0" addon="0" merge="0" rebuychips="0" reg_code="5050411972"/>
</players>
</general>
<round no="0"><action no="1" player="Rakki" type="15" sum="5"/>
<action no="2" player="StelioPk" type="15" discard="1" dealt="1" sum="5"/>
<action no="3" player="Rakki" type="1" sum="30"/>
<action no="4" player="StelioPk" type="2" discard="1" dealt="1" sum="60"/>
</round>
<round no="1"><cards type="Pocket" player="StelioPk">H5 DJ</cards>
<cards type="Pocket" player="Rakki">C6 S8</cards>
<action no="5" player="Rakki" type="23" sum="169"/>
<action no="6" player="StelioPk" type="3" discard="1" dealt="1" sum="109"/>
</round>
<round no="2"><cards type="Flop">H2 D10 DA</cards>
</round>
<round no="3"><cards type="Turn">D2</cards>
</round>
<round no="4"><cards type="River">H7</cards>
</round>
</game>
</session>
