<?xml version="1.0" encoding="UTF-8"?>
<session sessioncode="5039381833">
<general>
<client_version>25.1.1.7</client_version>
<mode>real</mode>
<gametype>Holdem NL</gametype>
<tablename>Twister €1 SNG, 811512397</tablename>
<tournamentcode>811512395</tournamentcode>
<tournamentname>Twister €1 SNG</tournamentname>
<buyin>€0 + €0.07 + €0.93</buyin>
<totalbuyin>€1</totalbuyin>
<rewarddrawn>€2</rewarddrawn>
<tournamentcurrency>EUR</tournamentcurrency>
<currency>EUR</currency>
<nickname>KOPKHUNKRAP</nickname>
<gamecount>1</gamecount>
<startdate>2025-06-02 19:07:03</startdate>
<place>1</place>
<win>€2</win>
<tablesize>3</tablesize>
</general>
<game gamecode="6396376620"><general><startdate>2025-06-02 19:07:19</startdate>
<round>1</round>
<failsafecounter/>
<players><player seat="3" name="KOPKHUNKRAP" chips="500" dealer="0" win="1,500" bet="500" muck="0" rebuy="0" addon="0" merge="0" rebuychips="0" reg_code="5039381833"/>
<player seat="6" name="tonante2155" chips="500" dealer="1" win="0" bet="500" muck="1" rebuy="0" addon="0" merge="0" rebuychips="0" reg_code="5039381863"/>
<player seat="10" name="VaiLucio01" chips="500" dealer="0" win="0" bet="500" muck="1" rebuy="0" addon="0" merge="0" rebuychips="0" reg_code="5039381866"/>
</players>
</general>
<round no="0"><action no="1" player="VaiLucio01" type="1" discard="1" dealt="1" sum="10"/>
<action no="2" player="KOPKHUNKRAP" type="2" sum="20"/>
</round>
<round no="1"><cards type="Pocket" player="KOPKHUNKRAP">H6 H5</cards>
<cards type="Pocket" player="tonante2155">SJ S3</cards>
<cards type="Pocket" player="VaiLucio01">DK S9</cards>
<action no="3" player="tonante2155" type="3" discard="1" dealt="1" sum="20"/>
<action no="4" player="VaiLucio01" type="3" discard="1" dealt="1" sum="10"/>
<action no="5" player="KOPKHUNKRAP" type="23" sum="500"/>
<action no="6" player="tonante2155" type="7" discard="1" dealt="1" sum="480"/>
<action no="7" player="VaiLucio01" type="7" discard="1" dealt="1" sum="480"/>
</round>
<round no="2"><cards type="Flop">C3 S6 S4</cards>
</round>
<round no="3"><cards type="Turn">CQ</cards>
</round>
<round no="4"><cards type="River">D5</cards>
</round>
</game>
</session>
