<?xml version="1.0" encoding="UTF-8"?>
<session sessioncode="5040727362">
<general>
<client_version>25.1.1.7</client_version>
<mode>real</mode>
<gametype>Holdem NL</gametype>
<tablename>Twister €50 SNG, 811925010</tablename>
<tournamentcode>811925009</tournamentcode>
<tournamentname>Twister €50 SNG</tournamentname>
<buyin>€0 + €3.50 + €46.50</buyin>
<totalbuyin>€50</totalbuyin>
<rewarddrawn>€200</rewarddrawn>
<tournamentcurrency>EUR</tournamentcurrency>
<currency>EUR</currency>
<nickname>KOPKHUNKRAP</nickname>
<gamecount>19</gamecount>
<startdate>2025-06-09 17:33:52</startdate>
<place>1</place>
<win>€200</win>
<tablesize>3</tablesize>
</general>
<game gamecode="6401767208"><general><startdate>2025-06-09 17:34:08</startdate>
<round>1</round>
<failsafecounter/>
<players><player seat="6" name="ImyourPAPI" chips="500" dealer="0" win="0" bet="40" muck="1" rebuy="0" addon="0" merge="0" rebuychips="0" reg_code="5040727354"/>
<player seat="10" name="KOPKHUNKRAP" chips="500" dealer="1" win="90" bet="69" muck="1" rebuy="0" addon="0" merge="0" rebuychips="0" reg_code="5040727362"/>
<player seat="3" name="SalvoMiracoli2" chips="500" dealer="0" win="0" bet="10" muck="1" rebuy="0" addon="0" merge="0" rebuychips="0" reg_code="5040727325"/>
</players>
</general>
<round no="0"><action no="1" player="SalvoMiracoli2" type="1" discard="1" dealt="1" sum="10"/>
<action no="2" player="ImyourPAPI" type="2" discard="1" dealt="1" sum="20"/>
</round>
<round no="1"><cards type="Pocket" player="ImyourPAPI">X X</cards>
<cards type="Pocket" player="KOPKHUNKRAP">SK CJ</cards>
<cards type="Pocket" player="SalvoMiracoli2">X X</cards>
<action no="3" player="KOPKHUNKRAP" type="23" sum="40"/>
<action no="4" player="SalvoMiracoli2" type="0" discard="1" dealt="1" sum="0"/>
<action no="5" player="ImyourPAPI" type="3" discard="1" dealt="1" sum="20"/>
</round>
<round no="2"><cards type="Flop">S9 SA H10</cards>
<action no="6" player="ImyourPAPI" type="4" discard="1" dealt="1" sum="0"/>
<action no="7" player="KOPKHUNKRAP" type="5" sum="29"/>
<action no="8" player="ImyourPAPI" type="0" discard="1" dealt="1" sum="0"/>
</round>
</game>
<game gamecode="6401767272"><general><startdate>2025-06-09 17:34:40</startdate>
<round>1</round>
<failsafecounter/>
<players><player seat="10" name="KOPKHUNKRAP" chips="550" dealer="0" win="0" bet="20" muck="1" rebuy="0" addon="0" merge="0" rebuychips="0" reg_code="5040727362"/>
<player seat="3" name="SalvoMiracoli2" chips="490" dealer="1" win="50" bet="40" muck="1" rebuy="0" addon="0" merge="0" rebuychips="0" reg_code="5040727325"/>
<player seat="6" name="ImyourPAPI" chips="460" dealer="0" win="0" bet="10" muck="1" rebuy="0" addon="0" merge="0" rebuychips="0" reg_code="5040727354"/>
</players>
</general>
<round no="0"><action no="1" player="ImyourPAPI" type="1" discard="1" dealt="1" sum="10"/>
<action no="2" player="KOPKHUNKRAP" type="2" sum="20"/>
</round>
<round no="1"><cards type="Pocket" player="ImyourPAPI">X X</cards>
<cards type="Pocket" player="KOPKHUNKRAP">D3 C5</cards>
<cards type="Pocket" player="SalvoMiracoli2">X X</cards>
<action no="3" player="SalvoMiracoli2" type="23" discard="1" dealt="1" sum="40"/>
<action no="4" player="ImyourPAPI" type="0" discard="1" dealt="1" sum="0"/>
<action no="5" player="KOPKHUNKRAP" type="0" sum="0"/>
</round>
</game>
<game gamecode="6401767292"><general><startdate>2025-06-09 17:34:51</startdate>
<round>1</round>
<failsafecounter/>
<players><player seat="3" name="SalvoMiracoli2" chips="520" dealer="0" win="0" bet="20" muck="1" rebuy="0" addon="0" merge="0" rebuychips="0" reg_code="5040727325"/>
<player seat="6" name="ImyourPAPI" chips="450" dealer="1" win="0" bet="0" muck="1" rebuy="0" addon="0" merge="0" rebuychips="0" reg_code="5040727354"/>
<player seat="10" name="KOPKHUNKRAP" chips="530" dealer="0" win="40" bet="60" muck="1" rebuy="0" addon="0" merge="0" rebuychips="0" reg_code="5040727362"/>
</players>
</general>
<round no="0"><action no="1" player="KOPKHUNKRAP" type="1" sum="10"/>
<action no="2" player="SalvoMiracoli2" type="2" discard="1" dealt="1" sum="20"/>
</round>
<round no="1"><cards type="Pocket" player="SalvoMiracoli2">X X</cards>
<cards type="Pocket" player="ImyourPAPI">X X</cards>
<cards type="Pocket" player="KOPKHUNKRAP">HK H5</cards>
<action no="3" player="ImyourPAPI" type="0" discard="1" dealt="1" sum="0"/>
<action no="4" player="KOPKHUNKRAP" type="23" sum="60"/>
<action no="5" player="SalvoMiracoli2" type="0" discard="1" dealt="1" sum="0"/>
</round>
</game>
<game gamecode="6401767322"><general><startdate>2025-06-09 17:35:02</startdate>
<round>1</round>
<failsafecounter/>
<players><player seat="6" name="ImyourPAPI" chips="450" dealer="0" win="20" bet="20" muck="1" rebuy="0" addon="0" merge="0" rebuychips="0" reg_code="5040727354"/>
<player seat="10" name="KOPKHUNKRAP" chips="550" dealer="1" win="0" bet="0" muck="1" rebuy="0" addon="0" merge="0" rebuychips="0" reg_code="5040727362"/>
<player seat="3" name="SalvoMiracoli2" chips="500" dealer="0" win="0" bet="10" muck="1" rebuy="0" addon="0" merge="0" rebuychips="0" reg_code="5040727325"/>
</players>
</general>
<round no="0"><action no="1" player="SalvoMiracoli2" type="1" discard="1" dealt="1" sum="10"/>
<action no="2" player="ImyourPAPI" type="2" discard="1" dealt="1" sum="20"/>
</round>
<round no="1"><cards type="Pocket" player="KOPKHUNKRAP">H3 H6</cards>
<cards type="Pocket" player="ImyourPAPI">X X</cards>
<cards type="Pocket" player="SalvoMiracoli2">X X</cards>
<action no="3" player="KOPKHUNKRAP" type="0" sum="0"/>
<action no="4" player="SalvoMiracoli2" type="0" discard="1" dealt="1" sum="0"/>
</round>
</game>
<game gamecode="6401767340"><general><startdate>2025-06-09 17:35:09</startdate>
<round>1</round>
<failsafecounter/>
<players><player seat="10" name="KOPKHUNKRAP" chips="550" dealer="0" win="0" bet="40" muck="1" rebuy="0" addon="0" merge="0" rebuychips="0" reg_code="5040727362"/>
<player seat="3" name="SalvoMiracoli2" chips="490" dealer="1" win="90" bet="85" muck="1" rebuy="0" addon="0" merge="0" rebuychips="0" reg_code="5040727325"/>
<player seat="6" name="ImyourPAPI" chips="460" dealer="0" win="0" bet="10" muck="1" rebuy="0" addon="0" merge="0" rebuychips="0" reg_code="5040727354"/>
</players>
</general>
<round no="0"><action no="1" player="ImyourPAPI" type="1" discard="1" dealt="1" sum="10"/>
<action no="2" player="KOPKHUNKRAP" type="2" sum="20"/>
</round>
<round no="1"><cards type="Pocket" player="ImyourPAPI">X X</cards>
<cards type="Pocket" player="SalvoMiracoli2">X X</cards>
<cards type="Pocket" player="KOPKHUNKRAP">H9 SK</cards>
<action no="3" player="SalvoMiracoli2" type="23" discard="1" dealt="1" sum="40"/>
<action no="4" player="ImyourPAPI" type="0" discard="1" dealt="1" sum="0"/>
<action no="5" player="KOPKHUNKRAP" type="3" sum="20"/>
</round>
<round no="2"><cards type="Flop">S5 C3 S2</cards>
<action no="6" player="KOPKHUNKRAP" type="4" sum="0"/>
<action no="7" player="SalvoMiracoli2" type="5" discard="1" dealt="1" sum="45"/>
<action no="8" player="KOPKHUNKRAP" type="0" sum="0"/>
</round>
</game>
<game gamecode="6401767367"><general><startdate>2025-06-09 17:35:22</startdate>
<round>1</round>
<failsafecounter/>
<players><player seat="3" name="SalvoMiracoli2" chips="540" dealer="0" win="0" bet="540" muck="0" rebuy="0" addon="0" merge="0" rebuychips="0" reg_code="5040727325"/>
<player seat="6" name="ImyourPAPI" chips="450" dealer="1" win="0" bet="0" muck="1" rebuy="0" addon="0" merge="0" rebuychips="0" reg_code="5040727354"/>
<player seat="10" name="KOPKHUNKRAP" chips="510" dealer="0" win="1,020" bet="510" muck="0" rebuy="0" addon="0" merge="0" rebuychips="0" reg_code="5040727362"/>
</players>
</general>
<round no="0"><action no="1" player="KOPKHUNKRAP" type="1" sum="10"/>
<action no="2" player="SalvoMiracoli2" type="2" discard="1" dealt="1" sum="20"/>
</round>
<round no="1"><cards type="Pocket" player="SalvoMiracoli2">CJ S8</cards>
<cards type="Pocket" player="ImyourPAPI">X X</cards>
<cards type="Pocket" player="KOPKHUNKRAP">S10 SQ</cards>
<action no="3" player="ImyourPAPI" type="0" discard="1" dealt="1" sum="0"/>
<action no="4" player="KOPKHUNKRAP" type="23" sum="50"/>
<action no="5" player="SalvoMiracoli2" type="3" discard="1" dealt="1" sum="30"/>
</round>
<round no="2"><cards type="Flop">CQ CK C4</cards>
<action no="6" player="KOPKHUNKRAP" type="4" sum="0"/>
<action no="7" player="SalvoMiracoli2" type="5" discard="1" dealt="1" sum="40"/>
<action no="8" player="KOPKHUNKRAP" type="3" sum="40"/>
</round>
<round no="3"><cards type="Turn">D8</cards>
<action no="9" player="KOPKHUNKRAP" type="4" sum="0"/>
<action no="10" player="SalvoMiracoli2" type="5" discard="1" dealt="1" sum="80"/>
<action no="11" player="KOPKHUNKRAP" type="3" sum="80"/>
</round>
<round no="4"><cards type="River">H10</cards>
<action no="12" player="KOPKHUNKRAP" type="4" sum="0"/>
<action no="13" player="SalvoMiracoli2" type="5" discard="1" dealt="1" sum="370"/>
<action no="14" player="KOPKHUNKRAP" type="7" sum="340"/>
</round>
</game>
<game gamecode="6401767476"><general><startdate>2025-06-09 17:36:10</startdate>
<round>1</round>
<failsafecounter/>
<players><player seat="6" name="ImyourPAPI" chips="450" dealer="0" win="0" bet="35" muck="1" rebuy="0" addon="0" merge="0" rebuychips="0" reg_code="5040727354"/>
<player seat="10" name="KOPKHUNKRAP" chips="1,020" dealer="1" win="0" bet="5" muck="1" rebuy="0" addon="0" merge="0" rebuychips="0" reg_code="5040727362"/>
<player seat="3" name="SalvoMiracoli2" chips="30" dealer="0" win="65" bet="30" muck="0" rebuy="0" addon="0" merge="0" rebuychips="0" reg_code="5040727325"/>
</players>
</general>
<round no="0"><action no="1" player="SalvoMiracoli2" type="15" discard="1" dealt="1" sum="5"/>
<action no="2" player="ImyourPAPI" type="15" discard="1" dealt="1" sum="5"/>
<action no="3" player="KOPKHUNKRAP" type="15" sum="5"/>
<action no="4" player="SalvoMiracoli2" type="1" discard="1" dealt="1" sum="15"/>
<action no="5" player="ImyourPAPI" type="2" discard="1" dealt="1" sum="30"/>
</round>
<round no="1"><cards type="Pocket" player="KOPKHUNKRAP">H2 C6</cards>
<cards type="Pocket" player="SalvoMiracoli2">SQ D6</cards>
<cards type="Pocket" player="ImyourPAPI">CJ D8</cards>
<action no="6" player="KOPKHUNKRAP" type="0" sum="0"/>
<action no="7" player="SalvoMiracoli2" type="7" discard="1" dealt="1" sum="10"/>
</round>
<round no="2"><cards type="Flop">CA SA C3</cards>
</round>
<round no="3"><cards type="Turn">D9</cards>
</round>
<round no="4"><cards type="River">HK</cards>
</round>
</game>
<game gamecode="6401767509"><general><startdate>2025-06-09 17:36:27</startdate>
<round>1</round>
<failsafecounter/>
<players><player seat="10" name="KOPKHUNKRAP" chips="1,015" dealer="0" win="0" bet="35" muck="1" rebuy="0" addon="0" merge="0" rebuychips="0" reg_code="5040727362"/>
<player seat="3" name="SalvoMiracoli2" chips="65" dealer="1" win="0" bet="65" muck="0" rebuy="0" addon="0" merge="0" rebuychips="0" reg_code="5040727325"/>
<player seat="6" name="ImyourPAPI" chips="420" dealer="0" win="165" bet="420" muck="0" rebuy="0" addon="0" merge="0" rebuychips="0" reg_code="5040727354"/>
</players>
</general>
<round no="0"><action no="1" player="ImyourPAPI" type="15" discard="1" dealt="1" sum="5"/>
<action no="2" player="KOPKHUNKRAP" type="15" sum="5"/>
<action no="3" player="SalvoMiracoli2" type="15" discard="1" dealt="1" sum="5"/>
<action no="4" player="ImyourPAPI" type="1" discard="1" dealt="1" sum="15"/>
<action no="5" player="KOPKHUNKRAP" type="2" sum="30"/>
</round>
<round no="1"><cards type="Pocket" player="SalvoMiracoli2">H6 SJ</cards>
<cards type="Pocket" player="ImyourPAPI">S10 HK</cards>
<cards type="Pocket" player="KOPKHUNKRAP">S5 SQ</cards>
<action no="6" player="SalvoMiracoli2" type="7" discard="1" dealt="1" sum="60"/>
<action no="7" player="ImyourPAPI" type="23" discard="1" dealt="1" sum="415"/>
<action no="8" player="KOPKHUNKRAP" type="0" sum="0"/>
</round>
<round no="2"><cards type="Flop">C4 H10 H3</cards>
</round>
<round no="3"><cards type="Turn">DA</cards>
</round>
<round no="4"><cards type="River">D2</cards>
</round>
</game>
<game gamecode="6401767580"><general><startdate>2025-06-09 17:36:53</startdate>
<round>1</round>
<failsafecounter/>
<players><player seat="10" name="KOPKHUNKRAP" chips="980" dealer="0" win="70" bet="95" muck="1" rebuy="0" addon="0" merge="0" rebuychips="0" reg_code="5040727362"/>
<player seat="6" name="ImyourPAPI" chips="520" dealer="1" win="0" bet="35" muck="1" rebuy="0" addon="0" merge="0" rebuychips="0" reg_code="5040727354"/>
</players>
</general>
<round no="0"><action no="1" player="ImyourPAPI" type="15" discard="1" dealt="1" sum="5"/>
<action no="2" player="KOPKHUNKRAP" type="15" sum="5"/>
<action no="3" player="ImyourPAPI" type="1" discard="1" dealt="1" sum="15"/>
<action no="4" player="KOPKHUNKRAP" type="2" sum="30"/>
</round>
<round no="1"><cards type="Pocket" player="ImyourPAPI">X X</cards>
<cards type="Pocket" player="KOPKHUNKRAP">CA DA</cards>
<action no="5" player="ImyourPAPI" type="3" discard="1" dealt="1" sum="15"/>
<action no="6" player="KOPKHUNKRAP" type="23" sum="90"/>
<action no="7" player="ImyourPAPI" type="0" discard="1" dealt="1" sum="0"/>
</round>
</game>
<game gamecode="6401767615"><general><startdate>2025-06-09 17:37:09</startdate>
<round>1</round>
<failsafecounter/>
<players><player seat="6" name="ImyourPAPI" chips="485" dealer="0" win="70" bet="485" muck="1" rebuy="0" addon="0" merge="0" rebuychips="0" reg_code="5040727354"/>
<player seat="10" name="KOPKHUNKRAP" chips="1,015" dealer="1" win="0" bet="35" muck="1" rebuy="0" addon="0" merge="0" rebuychips="0" reg_code="5040727362"/>
</players>
</general>
<round no="0"><action no="1" player="KOPKHUNKRAP" type="15" sum="5"/>
<action no="2" player="ImyourPAPI" type="15" discard="1" dealt="1" sum="5"/>
<action no="3" player="KOPKHUNKRAP" type="1" sum="15"/>
<action no="4" player="ImyourPAPI" type="2" discard="1" dealt="1" sum="30"/>
</round>
<round no="1"><cards type="Pocket" player="KOPKHUNKRAP">D6 H9</cards>
<cards type="Pocket" player="ImyourPAPI">X X</cards>
<action no="5" player="KOPKHUNKRAP" type="3" sum="15"/>
<action no="6" player="ImyourPAPI" type="23" discard="1" dealt="1" sum="480"/>
<action no="7" player="KOPKHUNKRAP" type="0" sum="0"/>
</round>
</game>
<game gamecode="6401767644"><general><startdate>2025-06-09 17:37:20</startdate>
<round>1</round>
<failsafecounter/>
<players><player seat="10" name="KOPKHUNKRAP" chips="980" dealer="0" win="0" bet="35" muck="1" rebuy="0" addon="0" merge="0" rebuychips="0" reg_code="5040727362"/>
<player seat="6" name="ImyourPAPI" chips="520" dealer="1" win="70" bet="65" muck="1" rebuy="0" addon="0" merge="0" rebuychips="0" reg_code="5040727354"/>
</players>
</general>
<round no="0"><action no="1" player="ImyourPAPI" type="15" discard="1" dealt="1" sum="5"/>
<action no="2" player="KOPKHUNKRAP" type="15" sum="5"/>
<action no="3" player="ImyourPAPI" type="1" discard="1" dealt="1" sum="15"/>
<action no="4" player="KOPKHUNKRAP" type="2" sum="30"/>
</round>
<round no="1"><cards type="Pocket" player="KOPKHUNKRAP">C4 S9</cards>
<cards type="Pocket" player="ImyourPAPI">X X</cards>
<action no="5" player="ImyourPAPI" type="3" discard="1" dealt="1" sum="15"/>
<action no="6" player="KOPKHUNKRAP" type="4" sum="0"/>
</round>
<round no="2"><cards type="Flop">HQ CK SK</cards>
<action no="7" player="KOPKHUNKRAP" type="4" sum="0"/>
<action no="8" player="ImyourPAPI" type="5" discard="1" dealt="1" sum="30"/>
<action no="9" player="KOPKHUNKRAP" type="0" sum="0"/>
</round>
</game>
<game gamecode="6401767677"><general><startdate>2025-06-09 17:37:35</startdate>
<round>1</round>
<failsafecounter/>
<players><player seat="6" name="ImyourPAPI" chips="555" dealer="0" win="70" bet="95" muck="1" rebuy="0" addon="0" merge="0" rebuychips="0" reg_code="5040727354"/>
<player seat="10" name="KOPKHUNKRAP" chips="945" dealer="1" win="0" bet="35" muck="1" rebuy="0" addon="0" merge="0" rebuychips="0" reg_code="5040727362"/>
</players>
</general>
<round no="0"><action no="1" player="KOPKHUNKRAP" type="15" sum="5"/>
<action no="2" player="ImyourPAPI" type="15" discard="1" dealt="1" sum="5"/>
<action no="3" player="KOPKHUNKRAP" type="1" sum="15"/>
<action no="4" player="ImyourPAPI" type="2" discard="1" dealt="1" sum="30"/>
</round>
<round no="1"><cards type="Pocket" player="ImyourPAPI">X X</cards>
<cards type="Pocket" player="KOPKHUNKRAP">S5 D8</cards>
<action no="5" player="KOPKHUNKRAP" type="3" sum="15"/>
<action no="6" player="ImyourPAPI" type="23" discard="1" dealt="1" sum="90"/>
<action no="7" player="KOPKHUNKRAP" type="0" sum="0"/>
</round>
</game>
<game gamecode="6401767700"><general><startdate>2025-06-09 17:37:45</startdate>
<round>1</round>
<failsafecounter/>
<players><player seat="10" name="KOPKHUNKRAP" chips="910" dealer="0" win="40" bet="35" muck="1" rebuy="0" addon="0" merge="0" rebuychips="0" reg_code="5040727362"/>
<player seat="6" name="ImyourPAPI" chips="590" dealer="1" win="0" bet="20" muck="1" rebuy="0" addon="0" merge="0" rebuychips="0" reg_code="5040727354"/>
</players>
</general>
<round no="0"><action no="1" player="ImyourPAPI" type="15" discard="1" dealt="1" sum="5"/>
<action no="2" player="KOPKHUNKRAP" type="15" sum="5"/>
<action no="3" player="ImyourPAPI" type="1" discard="1" dealt="1" sum="15"/>
<action no="4" player="KOPKHUNKRAP" type="2" sum="30"/>
</round>
<round no="1"><cards type="Pocket" player="KOPKHUNKRAP">HA CA</cards>
<cards type="Pocket" player="ImyourPAPI">X X</cards>
<action no="5" player="ImyourPAPI" type="0" discard="1" dealt="1" sum="0"/>
</round>
</game>
<game gamecode="6401773671"><general><startdate>2025-06-09 17:38:04</startdate>
<round>1</round>
<failsafecounter/>
<players><player seat="6" name="ImyourPAPI" chips="570" dealer="0" win="174" bet="232" muck="1" rebuy="0" addon="0" merge="0" rebuychips="0" reg_code="5040727354"/>
<player seat="10" name="KOPKHUNKRAP" chips="930" dealer="1" win="0" bet="87" muck="1" rebuy="0" addon="0" merge="0" rebuychips="0" reg_code="5040727362"/>
</players>
</general>
<round no="0"><action no="1" player="KOPKHUNKRAP" type="15" sum="5"/>
<action no="2" player="ImyourPAPI" type="15" discard="1" dealt="1" sum="5"/>
<action no="3" player="KOPKHUNKRAP" type="1" sum="15"/>
<action no="4" player="ImyourPAPI" type="2" discard="1" dealt="1" sum="30"/>
</round>
<round no="1"><cards type="Pocket" player="KOPKHUNKRAP">C5 C7</cards>
<cards type="Pocket" player="ImyourPAPI">X X</cards>
<action no="5" player="KOPKHUNKRAP" type="3" sum="15"/>
<action no="6" player="ImyourPAPI" type="4" discard="1" dealt="1" sum="0"/>
</round>
<round no="2"><cards type="Flop">S5 C3 S2</cards>
<action no="7" player="ImyourPAPI" type="4" discard="1" dealt="1" sum="0"/>
<action no="8" player="KOPKHUNKRAP" type="4" sum="0"/>
</round>
<round no="3"><cards type="Turn">HJ</cards>
<action no="9" player="ImyourPAPI" type="5" discard="1" dealt="1" sum="52"/>
<action no="10" player="KOPKHUNKRAP" type="3" sum="52"/>
</round>
<round no="4"><cards type="River">H4</cards>
<action no="11" player="ImyourPAPI" type="5" discard="1" dealt="1" sum="145"/>
<action no="12" player="KOPKHUNKRAP" type="0" sum="0"/>
</round>
</game>
<game gamecode="6401773755"><general><startdate>2025-06-09 17:38:41</startdate>
<round>1</round>
<failsafecounter/>
<players><player seat="10" name="KOPKHUNKRAP" chips="843" dealer="0" win="170" bet="843" muck="1" rebuy="0" addon="0" merge="0" rebuychips="0" reg_code="5040727362"/>
<player seat="6" name="ImyourPAPI" chips="657" dealer="1" win="0" bet="85" muck="1" rebuy="0" addon="0" merge="0" rebuychips="0" reg_code="5040727354"/>
</players>
</general>
<round no="0"><action no="1" player="ImyourPAPI" type="15" discard="1" dealt="1" sum="5"/>
<action no="2" player="KOPKHUNKRAP" type="15" sum="5"/>
<action no="3" player="ImyourPAPI" type="1" discard="1" dealt="1" sum="20"/>
<action no="4" player="KOPKHUNKRAP" type="2" sum="40"/>
</round>
<round no="1"><cards type="Pocket" player="KOPKHUNKRAP">D8 C8</cards>
<cards type="Pocket" player="ImyourPAPI">X X</cards>
<action no="5" player="ImyourPAPI" type="23" discard="1" dealt="1" sum="80"/>
<action no="6" player="KOPKHUNKRAP" type="23" sum="838"/>
<action no="7" player="ImyourPAPI" type="0" discard="1" dealt="1" sum="0"/>
</round>
</game>
<game gamecode="6401773784"><general><startdate>2025-06-09 17:38:53</startdate>
<round>1</round>
<failsafecounter/>
<players><player seat="6" name="ImyourPAPI" chips="572" dealer="0" win="90" bet="112" muck="1" rebuy="0" addon="0" merge="0" rebuychips="0" reg_code="5040727354"/>
<player seat="10" name="KOPKHUNKRAP" chips="928" dealer="1" win="0" bet="45" muck="1" rebuy="0" addon="0" merge="0" rebuychips="0" reg_code="5040727362"/>
</players>
</general>
<round no="0"><action no="1" player="KOPKHUNKRAP" type="15" sum="5"/>
<action no="2" player="ImyourPAPI" type="15" discard="1" dealt="1" sum="5"/>
<action no="3" player="KOPKHUNKRAP" type="1" sum="20"/>
<action no="4" player="ImyourPAPI" type="2" discard="1" dealt="1" sum="40"/>
</round>
<round no="1"><cards type="Pocket" player="KOPKHUNKRAP">D8 H5</cards>
<cards type="Pocket" player="ImyourPAPI">X X</cards>
<action no="5" player="KOPKHUNKRAP" type="3" sum="20"/>
<action no="6" player="ImyourPAPI" type="4" discard="1" dealt="1" sum="0"/>
</round>
<round no="2"><cards type="Flop">C9 C7 DA</cards>
<action no="7" player="ImyourPAPI" type="4" discard="1" dealt="1" sum="0"/>
<action no="8" player="KOPKHUNKRAP" type="4" sum="0"/>
</round>
<round no="3"><cards type="Turn">H10</cards>
<action no="9" player="ImyourPAPI" type="5" discard="1" dealt="1" sum="67"/>
<action no="10" player="KOPKHUNKRAP" type="0" sum="0"/>
</round>
</game>
<game gamecode="6401773851"><general><startdate>2025-06-09 17:39:26</startdate>
<round>1</round>
<failsafecounter/>
<players><player seat="10" name="KOPKHUNKRAP" chips="883" dealer="0" win="424" bet="883" muck="1" rebuy="0" addon="0" merge="0" rebuychips="0" reg_code="5040727362"/>
<player seat="6" name="ImyourPAPI" chips="617" dealer="1" win="0" bet="212" muck="1" rebuy="0" addon="0" merge="0" rebuychips="0" reg_code="5040727354"/>
</players>
</general>
<round no="0"><action no="1" player="ImyourPAPI" type="15" discard="1" dealt="1" sum="5"/>
<action no="2" player="KOPKHUNKRAP" type="15" sum="5"/>
<action no="3" player="ImyourPAPI" type="1" discard="1" dealt="1" sum="20"/>
<action no="4" player="KOPKHUNKRAP" type="2" sum="40"/>
</round>
<round no="1"><cards type="Pocket" player="ImyourPAPI">X X</cards>
<cards type="Pocket" player="KOPKHUNKRAP">H6 D7</cards>
<action no="5" player="ImyourPAPI" type="3" discard="1" dealt="1" sum="20"/>
<action no="6" player="KOPKHUNKRAP" type="4" sum="0"/>
</round>
<round no="2"><cards type="Flop">H4 S7 HQ</cards>
<action no="7" player="KOPKHUNKRAP" type="4" sum="0"/>
<action no="8" player="ImyourPAPI" type="5" discard="1" dealt="1" sum="40"/>
<action no="9" player="KOPKHUNKRAP" type="3" sum="40"/>
</round>
<round no="3"><cards type="Turn">CJ</cards>
<action no="10" player="KOPKHUNKRAP" type="4" sum="0"/>
<action no="11" player="ImyourPAPI" type="4" discard="1" dealt="1" sum="0"/>
</round>
<round no="4"><cards type="River">H9</cards>
<action no="12" player="KOPKHUNKRAP" type="4" sum="0"/>
<action no="13" player="ImyourPAPI" type="5" discard="1" dealt="1" sum="127"/>
<action no="14" player="KOPKHUNKRAP" type="23" sum="798"/>
<action no="15" player="ImyourPAPI" type="0" discard="1" dealt="1" sum="0"/>
</round>
</game>
<game gamecode="6401773954"><general><startdate>2025-06-09 17:40:27</startdate>
<round>1</round>
<failsafecounter/>
<players><player seat="6" name="ImyourPAPI" chips="405" dealer="0" win="70" bet="65" muck="1" rebuy="0" addon="0" merge="0" rebuychips="0" reg_code="5040727354"/>
<player seat="10" name="KOPKHUNKRAP" chips="1,095" dealer="1" win="0" bet="35" muck="1" rebuy="0" addon="0" merge="0" rebuychips="0" reg_code="5040727362"/>
</players>
</general>
<round no="0"><action no="1" player="KOPKHUNKRAP" type="15" sum="5"/>
<action no="2" player="ImyourPAPI" type="15" discard="1" dealt="1" sum="5"/>
<action no="3" player="KOPKHUNKRAP" type="1" sum="30"/>
<action no="4" player="ImyourPAPI" type="2" discard="1" dealt="1" sum="60"/>
</round>
<round no="1"><cards type="Pocket" player="KOPKHUNKRAP">D6 H4</cards>
<cards type="Pocket" player="ImyourPAPI">X X</cards>
<action no="5" player="KOPKHUNKRAP" type="0" sum="0"/>
</round>
</game>
<game gamecode="6401773964"><general><startdate>2025-06-09 17:40:32</startdate>
<round>1</round>
<failsafecounter/>
<players><player seat="10" name="KOPKHUNKRAP" chips="1,060" dealer="0" win="880" bet="440" muck="0" rebuy="0" addon="0" merge="0" rebuychips="0" reg_code="5040727362"/>
<player seat="6" name="ImyourPAPI" chips="440" dealer="1" win="0" bet="440" muck="0" rebuy="0" addon="0" merge="0" rebuychips="0" reg_code="5040727354"/>
</players>
</general>
<round no="0"><action no="1" player="ImyourPAPI" type="15" discard="1" dealt="1" sum="5"/>
<action no="2" player="KOPKHUNKRAP" type="15" sum="5"/>
<action no="3" player="ImyourPAPI" type="1" discard="1" dealt="1" sum="30"/>
<action no="4" player="KOPKHUNKRAP" type="2" sum="60"/>
</round>
<round no="1"><cards type="Pocket" player="ImyourPAPI">S3 CQ</cards>
<cards type="Pocket" player="KOPKHUNKRAP">C2 CA</cards>
<action no="5" player="ImyourPAPI" type="23" discard="1" dealt="1" sum="435"/>
<action no="6" player="KOPKHUNKRAP" type="3" sum="375"/>
</round>
<round no="2"><cards type="Flop">C8 D4 CK</cards>
</round>
<round no="3"><cards type="Turn">SK</cards>
</round>
<round no="4"><cards type="River">HA</cards>
</round>
</game>
</session>
