<?xml version="1.0" encoding="UTF-8"?>
<session sessioncode="5041903741">
<general>
<client_version>25.1.1.7</client_version>
<mode>real</mode>
<gametype>Holdem NL</gametype>
<tablename>Twister €100 SNG, 812272779</tablename>
<tournamentcode>812272778</tournamentcode>
<tournamentname>Twister €100 SNG</tournamentname>
<buyin>€0 + €7 + €93</buyin>
<totalbuyin>€100</totalbuyin>
<rewarddrawn>€200</rewarddrawn>
<tournamentcurrency>EUR</tournamentcurrency>
<currency>EUR</currency>
<nickname>KOPKHUNKRAP</nickname>
<gamecount>22</gamecount>
<startdate>2025-06-15 18:20:27</startdate>
<place>2</place>
<win>€0</win>
<tablesize>3</tablesize>
</general>
<game gamecode="6406465098"><general><startdate>2025-06-15 18:20:42</startdate>
<round>1</round>
<failsafecounter/>
<players><player seat="10" name="KOPKHUNKRAP" chips="500" dealer="0" win="90" bet="60" muck="1" rebuy="0" addon="0" merge="0" rebuychips="0" reg_code="5041903741"/>
<player seat="3" name="deIduKA" chips="500" dealer="1" win="0" bet="40" muck="1" rebuy="0" addon="0" merge="0" rebuychips="0" reg_code="5041902762"/>
<player seat="6" name="GuidoColluccello" chips="500" dealer="0" win="0" bet="10" muck="1" rebuy="0" addon="0" merge="0" rebuychips="0" reg_code="5041903131"/>
</players>
</general>
<round no="0"><action no="1" player="GuidoColluccello" type="1" discard="1" dealt="1" sum="10"/>
<action no="2" player="KOPKHUNKRAP" type="2" sum="20"/>
</round>
<round no="1"><cards type="Pocket" player="GuidoColluccello">X X</cards>
<cards type="Pocket" player="deIduKA">X X</cards>
<cards type="Pocket" player="KOPKHUNKRAP">HJ D9</cards>
<action no="3" player="deIduKA" type="23" discard="1" dealt="1" sum="40"/>
<action no="4" player="GuidoColluccello" type="0" discard="1" dealt="1" sum="0"/>
<action no="5" player="KOPKHUNKRAP" type="3" sum="20"/>
</round>
<round no="2"><cards type="Flop">DJ H8 DQ</cards>
<action no="6" player="KOPKHUNKRAP" type="4" sum="0"/>
<action no="7" player="deIduKA" type="4" discard="1" dealt="1" sum="0"/>
</round>
<round no="3"><cards type="Turn">CK</cards>
<action no="8" player="KOPKHUNKRAP" type="4" sum="0"/>
<action no="9" player="deIduKA" type="4" discard="1" dealt="1" sum="0"/>
</round>
<round no="4"><cards type="River">S5</cards>
<action no="10" player="KOPKHUNKRAP" type="5" sum="20"/>
<action no="11" player="deIduKA" type="0" discard="1" dealt="1" sum="0"/>
</round>
</game>
<game gamecode="6406465136"><general><startdate>2025-06-15 18:21:14</startdate>
<round>1</round>
<failsafecounter/>
<players><player seat="3" name="deIduKA" chips="460" dealer="0" win="0" bet="20" muck="1" rebuy="0" addon="0" merge="0" rebuychips="0" reg_code="5041902762"/>
<player seat="6" name="GuidoColluccello" chips="490" dealer="1" win="0" bet="40" muck="1" rebuy="0" addon="0" merge="0" rebuychips="0" reg_code="5041903131"/>
<player seat="10" name="KOPKHUNKRAP" chips="550" dealer="0" win="100" bet="550" muck="1" rebuy="0" addon="0" merge="0" rebuychips="0" reg_code="5041903741"/>
</players>
</general>
<round no="0"><action no="1" player="KOPKHUNKRAP" type="1" sum="10"/>
<action no="2" player="deIduKA" type="2" discard="1" dealt="1" sum="20"/>
</round>
<round no="1"><cards type="Pocket" player="deIduKA">X X</cards>
<cards type="Pocket" player="GuidoColluccello">X X</cards>
<cards type="Pocket" player="KOPKHUNKRAP">C6 H6</cards>
<action no="3" player="GuidoColluccello" type="23" discard="1" dealt="1" sum="40"/>
<action no="4" player="KOPKHUNKRAP" type="23" sum="550"/>
<action no="5" player="deIduKA" type="0" discard="1" dealt="1" sum="0"/>
<action no="6" player="GuidoColluccello" type="0" discard="1" dealt="1" sum="0"/>
</round>
</game>
<game gamecode="6406465154"><general><startdate>2025-06-15 18:21:30</startdate>
<round>1</round>
<failsafecounter/>
<players><player seat="6" name="GuidoColluccello" chips="450" dealer="0" win="20" bet="20" muck="1" rebuy="0" addon="0" merge="0" rebuychips="0" reg_code="5041903131"/>
<player seat="10" name="KOPKHUNKRAP" chips="610" dealer="1" win="0" bet="0" muck="1" rebuy="0" addon="0" merge="0" rebuychips="0" reg_code="5041903741"/>
<player seat="3" name="deIduKA" chips="440" dealer="0" win="0" bet="10" muck="1" rebuy="0" addon="0" merge="0" rebuychips="0" reg_code="5041902762"/>
</players>
</general>
<round no="0"><action no="1" player="deIduKA" type="1" discard="1" dealt="1" sum="10"/>
<action no="2" player="GuidoColluccello" type="2" discard="1" dealt="1" sum="20"/>
</round>
<round no="1"><cards type="Pocket" player="KOPKHUNKRAP">S8 H4</cards>
<cards type="Pocket" player="GuidoColluccello">X X</cards>
<cards type="Pocket" player="deIduKA">X X</cards>
<action no="3" player="KOPKHUNKRAP" type="0" sum="0"/>
<action no="4" player="deIduKA" type="0" discard="1" dealt="1" sum="0"/>
</round>
</game>
<game gamecode="6406465160"><general><startdate>2025-06-15 18:21:36</startdate>
<round>1</round>
<failsafecounter/>
<players><player seat="10" name="KOPKHUNKRAP" chips="610" dealer="0" win="20" bet="20" muck="1" rebuy="0" addon="0" merge="0" rebuychips="0" reg_code="5041903741"/>
<player seat="3" name="deIduKA" chips="430" dealer="1" win="0" bet="0" muck="1" rebuy="0" addon="0" merge="0" rebuychips="0" reg_code="5041902762"/>
<player seat="6" name="GuidoColluccello" chips="460" dealer="0" win="0" bet="10" muck="1" rebuy="0" addon="0" merge="0" rebuychips="0" reg_code="5041903131"/>
</players>
</general>
<round no="0"><action no="1" player="GuidoColluccello" type="1" discard="1" dealt="1" sum="10"/>
<action no="2" player="KOPKHUNKRAP" type="2" sum="20"/>
</round>
<round no="1"><cards type="Pocket" player="deIduKA">X X</cards>
<cards type="Pocket" player="GuidoColluccello">X X</cards>
<cards type="Pocket" player="KOPKHUNKRAP">H8 SK</cards>
<action no="3" player="deIduKA" type="0" discard="1" dealt="1" sum="0"/>
<action no="4" player="GuidoColluccello" type="0" discard="1" dealt="1" sum="0"/>
</round>
</game>
<game gamecode="6406465167"><general><startdate>2025-06-15 18:21:45</startdate>
<round>1</round>
<failsafecounter/>
<players><player seat="3" name="deIduKA" chips="430" dealer="0" win="20" bet="20" muck="1" rebuy="0" addon="0" merge="0" rebuychips="0" reg_code="5041902762"/>
<player seat="6" name="GuidoColluccello" chips="450" dealer="1" win="0" bet="0" muck="1" rebuy="0" addon="0" merge="0" rebuychips="0" reg_code="5041903131"/>
<player seat="10" name="KOPKHUNKRAP" chips="620" dealer="0" win="0" bet="10" muck="1" rebuy="0" addon="0" merge="0" rebuychips="0" reg_code="5041903741"/>
</players>
</general>
<round no="0"><action no="1" player="KOPKHUNKRAP" type="1" sum="10"/>
<action no="2" player="deIduKA" type="2" discard="1" dealt="1" sum="20"/>
</round>
<round no="1"><cards type="Pocket" player="GuidoColluccello">X X</cards>
<cards type="Pocket" player="KOPKHUNKRAP">H4 DJ</cards>
<cards type="Pocket" player="deIduKA">X X</cards>
<action no="3" player="GuidoColluccello" type="0" discard="1" dealt="1" sum="0"/>
<action no="4" player="KOPKHUNKRAP" type="0" sum="0"/>
</round>
</game>
<game gamecode="6406465174"><general><startdate>2025-06-15 18:21:52</startdate>
<round>1</round>
<failsafecounter/>
<players><player seat="6" name="GuidoColluccello" chips="450" dealer="0" win="100" bet="450" muck="1" rebuy="0" addon="0" merge="0" rebuychips="0" reg_code="5041903131"/>
<player seat="10" name="KOPKHUNKRAP" chips="610" dealer="1" win="0" bet="0" muck="1" rebuy="0" addon="0" merge="0" rebuychips="0" reg_code="5041903741"/>
<player seat="3" name="deIduKA" chips="440" dealer="0" win="0" bet="50" muck="1" rebuy="0" addon="0" merge="0" rebuychips="0" reg_code="5041902762"/>
</players>
</general>
<round no="0"><action no="1" player="deIduKA" type="1" discard="1" dealt="1" sum="10"/>
<action no="2" player="GuidoColluccello" type="2" discard="1" dealt="1" sum="20"/>
</round>
<round no="1"><cards type="Pocket" player="deIduKA">X X</cards>
<cards type="Pocket" player="GuidoColluccello">X X</cards>
<cards type="Pocket" player="KOPKHUNKRAP">S10 D3</cards>
<action no="3" player="KOPKHUNKRAP" type="0" sum="0"/>
<action no="4" player="deIduKA" type="23" discard="1" dealt="1" sum="50"/>
<action no="5" player="GuidoColluccello" type="23" discard="1" dealt="1" sum="450"/>
<action no="6" player="deIduKA" type="0" discard="1" dealt="1" sum="0"/>
</round>
</game>
<game gamecode="6406465193"><general><startdate>2025-06-15 18:22:11</startdate>
<round>1</round>
<failsafecounter/>
<players><player seat="10" name="KOPKHUNKRAP" chips="610" dealer="0" win="0" bet="20" muck="1" rebuy="0" addon="0" merge="0" rebuychips="0" reg_code="5041903741"/>
<player seat="3" name="deIduKA" chips="390" dealer="1" win="50" bet="40" muck="1" rebuy="0" addon="0" merge="0" rebuychips="0" reg_code="5041902762"/>
<player seat="6" name="GuidoColluccello" chips="500" dealer="0" win="0" bet="10" muck="1" rebuy="0" addon="0" merge="0" rebuychips="0" reg_code="5041903131"/>
</players>
</general>
<round no="0"><action no="1" player="GuidoColluccello" type="1" discard="1" dealt="1" sum="10"/>
<action no="2" player="KOPKHUNKRAP" type="2" sum="20"/>
</round>
<round no="1"><cards type="Pocket" player="deIduKA">X X</cards>
<cards type="Pocket" player="KOPKHUNKRAP">S8 S2</cards>
<cards type="Pocket" player="GuidoColluccello">X X</cards>
<action no="3" player="deIduKA" type="23" discard="1" dealt="1" sum="40"/>
<action no="4" player="GuidoColluccello" type="0" discard="1" dealt="1" sum="0"/>
<action no="5" player="KOPKHUNKRAP" type="0" sum="0"/>
</round>
</game>
<game gamecode="6406465207"><general><startdate>2025-06-15 18:22:22</startdate>
<round>1</round>
<failsafecounter/>
<players><player seat="3" name="deIduKA" chips="420" dealer="0" win="0" bet="35" muck="1" rebuy="0" addon="0" merge="0" rebuychips="0" reg_code="5041902762"/>
<player seat="6" name="GuidoColluccello" chips="490" dealer="1" win="0" bet="5" muck="1" rebuy="0" addon="0" merge="0" rebuychips="0" reg_code="5041903131"/>
<player seat="10" name="KOPKHUNKRAP" chips="590" dealer="0" win="75" bet="65" muck="1" rebuy="0" addon="0" merge="0" rebuychips="0" reg_code="5041903741"/>
</players>
</general>
<round no="0"><action no="1" player="KOPKHUNKRAP" type="15" sum="5"/>
<action no="2" player="deIduKA" type="15" discard="1" dealt="1" sum="5"/>
<action no="3" player="GuidoColluccello" type="15" discard="1" dealt="1" sum="5"/>
<action no="4" player="KOPKHUNKRAP" type="1" sum="15"/>
<action no="5" player="deIduKA" type="2" discard="1" dealt="1" sum="30"/>
</round>
<round no="1"><cards type="Pocket" player="deIduKA">X X</cards>
<cards type="Pocket" player="GuidoColluccello">X X</cards>
<cards type="Pocket" player="KOPKHUNKRAP">S6 H10</cards>
<action no="6" player="GuidoColluccello" type="0" discard="1" dealt="1" sum="0"/>
<action no="7" player="KOPKHUNKRAP" type="3" sum="15"/>
<action no="8" player="deIduKA" type="4" discard="1" dealt="1" sum="0"/>
</round>
<round no="2"><cards type="Flop">H3 D6 SK</cards>
<action no="9" player="KOPKHUNKRAP" type="5" sum="30"/>
<action no="10" player="deIduKA" type="0" discard="1" dealt="1" sum="0"/>
</round>
</game>
<game gamecode="6406465231"><general><startdate>2025-06-15 18:22:39</startdate>
<round>1</round>
<failsafecounter/>
<players><player seat="6" name="GuidoColluccello" chips="485" dealer="0" win="0" bet="35" muck="1" rebuy="0" addon="0" merge="0" rebuychips="0" reg_code="5041903131"/>
<player seat="10" name="KOPKHUNKRAP" chips="630" dealer="1" win="0" bet="5" muck="1" rebuy="0" addon="0" merge="0" rebuychips="0" reg_code="5041903741"/>
<player seat="3" name="deIduKA" chips="385" dealer="0" win="75" bet="385" muck="1" rebuy="0" addon="0" merge="0" rebuychips="0" reg_code="5041902762"/>
</players>
</general>
<round no="0"><action no="1" player="deIduKA" type="15" discard="1" dealt="1" sum="5"/>
<action no="2" player="GuidoColluccello" type="15" discard="1" dealt="1" sum="5"/>
<action no="3" player="KOPKHUNKRAP" type="15" sum="5"/>
<action no="4" player="deIduKA" type="1" discard="1" dealt="1" sum="15"/>
<action no="5" player="GuidoColluccello" type="2" discard="1" dealt="1" sum="30"/>
</round>
<round no="1"><cards type="Pocket" player="deIduKA">X X</cards>
<cards type="Pocket" player="KOPKHUNKRAP">H3 S10</cards>
<cards type="Pocket" player="GuidoColluccello">X X</cards>
<action no="6" player="KOPKHUNKRAP" type="0" sum="0"/>
<action no="7" player="deIduKA" type="23" discard="1" dealt="1" sum="380"/>
<action no="8" player="GuidoColluccello" type="0" discard="1" dealt="1" sum="0"/>
</round>
</game>
<game gamecode="6406465247"><general><startdate>2025-06-15 18:22:51</startdate>
<round>1</round>
<failsafecounter/>
<players><player seat="10" name="KOPKHUNKRAP" chips="625" dealer="0" win="0" bet="35" muck="1" rebuy="0" addon="0" merge="0" rebuychips="0" reg_code="5041903741"/>
<player seat="3" name="deIduKA" chips="425" dealer="1" win="90" bet="65" muck="1" rebuy="0" addon="0" merge="0" rebuychips="0" reg_code="5041902762"/>
<player seat="6" name="GuidoColluccello" chips="450" dealer="0" win="0" bet="20" muck="1" rebuy="0" addon="0" merge="0" rebuychips="0" reg_code="5041903131"/>
</players>
</general>
<round no="0"><action no="1" player="GuidoColluccello" type="15" discard="1" dealt="1" sum="5"/>
<action no="2" player="KOPKHUNKRAP" type="15" sum="5"/>
<action no="3" player="deIduKA" type="15" discard="1" dealt="1" sum="5"/>
<action no="4" player="GuidoColluccello" type="1" discard="1" dealt="1" sum="15"/>
<action no="5" player="KOPKHUNKRAP" type="2" sum="30"/>
</round>
<round no="1"><cards type="Pocket" player="deIduKA">X X</cards>
<cards type="Pocket" player="KOPKHUNKRAP">SK D8</cards>
<cards type="Pocket" player="GuidoColluccello">X X</cards>
<action no="6" player="deIduKA" type="23" discard="1" dealt="1" sum="60"/>
<action no="7" player="GuidoColluccello" type="0" discard="1" dealt="1" sum="0"/>
<action no="8" player="KOPKHUNKRAP" type="0" sum="0"/>
</round>
</game>
<game gamecode="6406465266"><general><startdate>2025-06-15 18:23:07</startdate>
<round>1</round>
<failsafecounter/>
<players><player seat="3" name="deIduKA" chips="480" dealer="0" win="195" bet="480" muck="1" rebuy="0" addon="0" merge="0" rebuychips="0" reg_code="5041902762"/>
<player seat="6" name="GuidoColluccello" chips="430" dealer="1" win="0" bet="5" muck="1" rebuy="0" addon="0" merge="0" rebuychips="0" reg_code="5041903131"/>
<player seat="10" name="KOPKHUNKRAP" chips="590" dealer="0" win="0" bet="95" muck="1" rebuy="0" addon="0" merge="0" rebuychips="0" reg_code="5041903741"/>
</players>
</general>
<round no="0"><action no="1" player="KOPKHUNKRAP" type="15" sum="5"/>
<action no="2" player="deIduKA" type="15" discard="1" dealt="1" sum="5"/>
<action no="3" player="GuidoColluccello" type="15" discard="1" dealt="1" sum="5"/>
<action no="4" player="KOPKHUNKRAP" type="1" sum="15"/>
<action no="5" player="deIduKA" type="2" discard="1" dealt="1" sum="30"/>
</round>
<round no="1"><cards type="Pocket" player="deIduKA">X X</cards>
<cards type="Pocket" player="KOPKHUNKRAP">CQ D7</cards>
<cards type="Pocket" player="GuidoColluccello">X X</cards>
<action no="6" player="GuidoColluccello" type="0" discard="1" dealt="1" sum="0"/>
<action no="7" player="KOPKHUNKRAP" type="23" sum="60"/>
<action no="8" player="deIduKA" type="3" discard="1" dealt="1" sum="30"/>
</round>
<round no="2"><cards type="Flop">S2 D6 SA</cards>
<action no="9" player="KOPKHUNKRAP" type="5" sum="30"/>
<action no="10" player="deIduKA" type="3" discard="1" dealt="1" sum="30"/>
</round>
<round no="3"><cards type="Turn">HA</cards>
<action no="11" player="KOPKHUNKRAP" type="4" sum="0"/>
<action no="12" player="deIduKA" type="4" discard="1" dealt="1" sum="0"/>
</round>
<round no="4"><cards type="River">CA</cards>
<action no="13" player="KOPKHUNKRAP" type="4" sum="0"/>
<action no="14" player="deIduKA" type="5" discard="1" dealt="1" sum="385"/>
<action no="15" player="KOPKHUNKRAP" type="0" sum="0"/>
</round>
</game>
<game gamecode="6406465312"><general><startdate>2025-06-15 18:23:45</startdate>
<round>1</round>
<failsafecounter/>
<players><player seat="6" name="GuidoColluccello" chips="425" dealer="0" win="0" bet="35" muck="1" rebuy="0" addon="0" merge="0" rebuychips="0" reg_code="5041903131"/>
<player seat="10" name="KOPKHUNKRAP" chips="495" dealer="1" win="90" bet="495" muck="1" rebuy="0" addon="0" merge="0" rebuychips="0" reg_code="5041903741"/>
<player seat="3" name="deIduKA" chips="580" dealer="0" win="0" bet="20" muck="1" rebuy="0" addon="0" merge="0" rebuychips="0" reg_code="5041902762"/>
</players>
</general>
<round no="0"><action no="1" player="deIduKA" type="15" discard="1" dealt="1" sum="5"/>
<action no="2" player="GuidoColluccello" type="15" discard="1" dealt="1" sum="5"/>
<action no="3" player="KOPKHUNKRAP" type="15" sum="5"/>
<action no="4" player="deIduKA" type="1" discard="1" dealt="1" sum="15"/>
<action no="5" player="GuidoColluccello" type="2" discard="1" dealt="1" sum="30"/>
</round>
<round no="1"><cards type="Pocket" player="KOPKHUNKRAP">SJ CA</cards>
<cards type="Pocket" player="deIduKA">X X</cards>
<cards type="Pocket" player="GuidoColluccello">X X</cards>
<action no="6" player="KOPKHUNKRAP" type="23" sum="490"/>
<action no="7" player="deIduKA" type="0" discard="1" dealt="1" sum="0"/>
<action no="8" player="GuidoColluccello" type="0" discard="1" dealt="1" sum="0"/>
</round>
</game>
<game gamecode="6406465330"><general><startdate>2025-06-15 18:23:58</startdate>
<round>1</round>
<failsafecounter/>
<players><player seat="10" name="KOPKHUNKRAP" chips="550" dealer="0" win="45" bet="35" muck="1" rebuy="0" addon="0" merge="0" rebuychips="0" reg_code="5041903741"/>
<player seat="3" name="deIduKA" chips="560" dealer="1" win="0" bet="5" muck="1" rebuy="0" addon="0" merge="0" rebuychips="0" reg_code="5041902762"/>
<player seat="6" name="GuidoColluccello" chips="390" dealer="0" win="0" bet="20" muck="1" rebuy="0" addon="0" merge="0" rebuychips="0" reg_code="5041903131"/>
</players>
</general>
<round no="0"><action no="1" player="GuidoColluccello" type="15" discard="1" dealt="1" sum="5"/>
<action no="2" player="KOPKHUNKRAP" type="15" sum="5"/>
<action no="3" player="deIduKA" type="15" discard="1" dealt="1" sum="5"/>
<action no="4" player="GuidoColluccello" type="1" discard="1" dealt="1" sum="15"/>
<action no="5" player="KOPKHUNKRAP" type="2" sum="30"/>
</round>
<round no="1"><cards type="Pocket" player="deIduKA">X X</cards>
<cards type="Pocket" player="KOPKHUNKRAP">C6 D9</cards>
<cards type="Pocket" player="GuidoColluccello">X X</cards>
<action no="6" player="deIduKA" type="0" discard="1" dealt="1" sum="0"/>
<action no="7" player="GuidoColluccello" type="0" discard="1" dealt="1" sum="0"/>
</round>
</game>
<game gamecode="6406465342"><general><startdate>2025-06-15 18:24:11</startdate>
<round>1</round>
<failsafecounter/>
<players><player seat="3" name="deIduKA" chips="555" dealer="0" win="55" bet="45" muck="1" rebuy="0" addon="0" merge="0" rebuychips="0" reg_code="5041902762"/>
<player seat="6" name="GuidoColluccello" chips="370" dealer="1" win="0" bet="5" muck="1" rebuy="0" addon="0" merge="0" rebuychips="0" reg_code="5041903131"/>
<player seat="10" name="KOPKHUNKRAP" chips="575" dealer="0" win="0" bet="25" muck="1" rebuy="0" addon="0" merge="0" rebuychips="0" reg_code="5041903741"/>
</players>
</general>
<round no="0"><action no="1" player="KOPKHUNKRAP" type="15" sum="5"/>
<action no="2" player="deIduKA" type="15" discard="1" dealt="1" sum="5"/>
<action no="3" player="GuidoColluccello" type="15" discard="1" dealt="1" sum="5"/>
<action no="4" player="KOPKHUNKRAP" type="1" sum="20"/>
<action no="5" player="deIduKA" type="2" discard="1" dealt="1" sum="40"/>
</round>
<round no="1"><cards type="Pocket" player="deIduKA">X X</cards>
<cards type="Pocket" player="KOPKHUNKRAP">HJ D5</cards>
<cards type="Pocket" player="GuidoColluccello">X X</cards>
<action no="6" player="GuidoColluccello" type="0" discard="1" dealt="1" sum="0"/>
<action no="7" player="KOPKHUNKRAP" type="0" sum="0"/>
</round>
</game>
<game gamecode="6406465347"><general><startdate>2025-06-15 18:24:16</startdate>
<round>1</round>
<failsafecounter/>
<players><player seat="6" name="GuidoColluccello" chips="365" dealer="0" win="0" bet="45" muck="1" rebuy="0" addon="0" merge="0" rebuychips="0" reg_code="5041903131"/>
<player seat="10" name="KOPKHUNKRAP" chips="550" dealer="1" win="115" bet="550" muck="1" rebuy="0" addon="0" merge="0" rebuychips="0" reg_code="5041903741"/>
<player seat="3" name="deIduKA" chips="585" dealer="0" win="0" bet="25" muck="1" rebuy="0" addon="0" merge="0" rebuychips="0" reg_code="5041902762"/>
</players>
</general>
<round no="0"><action no="1" player="deIduKA" type="15" discard="1" dealt="1" sum="5"/>
<action no="2" player="GuidoColluccello" type="15" discard="1" dealt="1" sum="5"/>
<action no="3" player="KOPKHUNKRAP" type="15" sum="5"/>
<action no="4" player="deIduKA" type="1" discard="1" dealt="1" sum="20"/>
<action no="5" player="GuidoColluccello" type="2" discard="1" dealt="1" sum="40"/>
</round>
<round no="1"><cards type="Pocket" player="KOPKHUNKRAP">CK SA</cards>
<cards type="Pocket" player="deIduKA">X X</cards>
<cards type="Pocket" player="GuidoColluccello">X X</cards>
<action no="6" player="KOPKHUNKRAP" type="23" sum="545"/>
<action no="7" player="deIduKA" type="0" discard="1" dealt="1" sum="0"/>
<action no="8" player="GuidoColluccello" type="0" discard="1" dealt="1" sum="0"/>
</round>
</game>
<game gamecode="6406465359"><general><startdate>2025-06-15 18:24:25</startdate>
<round>1</round>
<failsafecounter/>
<players><player seat="10" name="KOPKHUNKRAP" chips="620" dealer="0" win="645" bet="525" muck="0" rebuy="0" addon="0" merge="0" rebuychips="0" reg_code="5041903741"/>
<player seat="3" name="deIduKA" chips="560" dealer="1" win="0" bet="5" muck="1" rebuy="0" addon="0" merge="0" rebuychips="0" reg_code="5041902762"/>
<player seat="6" name="GuidoColluccello" chips="320" dealer="0" win="0" bet="320" muck="1" rebuy="0" addon="0" merge="0" rebuychips="0" reg_code="5041903131"/>
</players>
</general>
<round no="0"><action no="1" player="GuidoColluccello" type="15" discard="1" dealt="1" sum="5"/>
<action no="2" player="KOPKHUNKRAP" type="15" sum="5"/>
<action no="3" player="deIduKA" type="15" discard="1" dealt="1" sum="5"/>
<action no="4" player="GuidoColluccello" type="1" discard="1" dealt="1" sum="20"/>
<action no="5" player="KOPKHUNKRAP" type="2" sum="40"/>
</round>
<round no="1"><cards type="Pocket" player="GuidoColluccello">CQ HK</cards>
<cards type="Pocket" player="deIduKA">X X</cards>
<cards type="Pocket" player="KOPKHUNKRAP">C4 H4</cards>
<action no="6" player="deIduKA" type="0" discard="1" dealt="1" sum="0"/>
<action no="7" player="GuidoColluccello" type="23" discard="1" dealt="1" sum="280"/>
<action no="8" player="KOPKHUNKRAP" type="23" sum="520"/>
<action no="9" player="GuidoColluccello" type="7" discard="1" dealt="1" sum="35"/>
</round>
<round no="2"><cards type="Flop">H8 D5 H5</cards>
</round>
<round no="3"><cards type="Turn">S2</cards>
</round>
<round no="4"><cards type="River">D9</cards>
</round>
</game>
<game gamecode="6406465383"><general><startdate>2025-06-15 18:24:47</startdate>
<round>1</round>
<failsafecounter/>
<players><player seat="3" name="deIduKA" chips="555" dealer="0" win="1,110" bet="555" muck="0" rebuy="0" addon="0" merge="0" rebuychips="0" reg_code="5041902762"/>
<player seat="10" name="KOPKHUNKRAP" chips="945" dealer="1" win="0" bet="945" muck="1" rebuy="0" addon="0" merge="0" rebuychips="0" reg_code="5041903741"/>
</players>
</general>
<round no="0"><action no="1" player="KOPKHUNKRAP" type="15" sum="5"/>
<action no="2" player="deIduKA" type="15" discard="1" dealt="1" sum="5"/>
<action no="3" player="KOPKHUNKRAP" type="1" sum="20"/>
<action no="4" player="deIduKA" type="2" discard="1" dealt="1" sum="40"/>
</round>
<round no="1"><cards type="Pocket" player="deIduKA">C10 DA</cards>
<cards type="Pocket" player="KOPKHUNKRAP">HQ DJ</cards>
<action no="5" player="KOPKHUNKRAP" type="23" sum="940"/>
<action no="6" player="deIduKA" type="7" discard="1" dealt="1" sum="510"/>
</round>
<round no="2"><cards type="Flop">HJ C9 HA</cards>
</round>
<round no="3"><cards type="Turn">C5</cards>
</round>
<round no="4"><cards type="River">D7</cards>
</round>
</game>
<game gamecode="6406465406"><general><startdate>2025-06-15 18:25:08</startdate>
<round>1</round>
<failsafecounter/>
<players><player seat="10" name="KOPKHUNKRAP" chips="390" dealer="0" win="170" bet="170" muck="1" rebuy="0" addon="0" merge="0" rebuychips="0" reg_code="5041903741"/>
<player seat="3" name="deIduKA" chips="1,110" dealer="1" win="0" bet="85" muck="1" rebuy="0" addon="0" merge="0" rebuychips="0" reg_code="5041902762"/>
</players>
</general>
<round no="0"><action no="1" player="deIduKA" type="15" discard="1" dealt="1" sum="5"/>
<action no="2" player="KOPKHUNKRAP" type="15" sum="5"/>
<action no="3" player="deIduKA" type="1" discard="1" dealt="1" sum="20"/>
<action no="4" player="KOPKHUNKRAP" type="2" sum="40"/>
</round>
<round no="1"><cards type="Pocket" player="KOPKHUNKRAP">H5 CQ</cards>
<cards type="Pocket" player="deIduKA">X X</cards>
<action no="5" player="deIduKA" type="3" discard="1" dealt="1" sum="20"/>
<action no="6" player="KOPKHUNKRAP" type="4" sum="0"/>
</round>
<round no="2"><cards type="Flop">C8 H6 S10</cards>
<action no="7" player="KOPKHUNKRAP" type="4" sum="0"/>
<action no="8" player="deIduKA" type="4" discard="1" dealt="1" sum="0"/>
</round>
<round no="3"><cards type="Turn">S9</cards>
<action no="9" player="KOPKHUNKRAP" type="5" sum="40"/>
<action no="10" player="deIduKA" type="3" discard="1" dealt="1" sum="40"/>
</round>
<round no="4"><cards type="River">H4</cards>
<action no="11" player="KOPKHUNKRAP" type="5" sum="85"/>
<action no="12" player="deIduKA" type="0" discard="1" dealt="1" sum="0"/>
</round>
</game>
<game gamecode="6406465440"><general><startdate>2025-06-15 18:25:35</startdate>
<round>1</round>
<failsafecounter/>
<players><player seat="3" name="deIduKA" chips="1,025" dealer="0" win="50" bet="45" muck="1" rebuy="0" addon="0" merge="0" rebuychips="0" reg_code="5041902762"/>
<player seat="10" name="KOPKHUNKRAP" chips="475" dealer="1" win="0" bet="25" muck="1" rebuy="0" addon="0" merge="0" rebuychips="0" reg_code="5041903741"/>
</players>
</general>
<round no="0"><action no="1" player="KOPKHUNKRAP" type="15" sum="5"/>
<action no="2" player="deIduKA" type="15" discard="1" dealt="1" sum="5"/>
<action no="3" player="KOPKHUNKRAP" type="1" sum="20"/>
<action no="4" player="deIduKA" type="2" discard="1" dealt="1" sum="40"/>
</round>
<round no="1"><cards type="Pocket" player="KOPKHUNKRAP">H3 S7</cards>
<cards type="Pocket" player="deIduKA">X X</cards>
<action no="5" player="KOPKHUNKRAP" type="0" sum="0"/>
</round>
</game>
<game gamecode="6406465449"><general><startdate>2025-06-15 18:25:40</startdate>
<round>1</round>
<failsafecounter/>
<players><player seat="10" name="KOPKHUNKRAP" chips="450" dealer="0" win="90" bet="450" muck="1" rebuy="0" addon="0" merge="0" rebuychips="0" reg_code="5041903741"/>
<player seat="3" name="deIduKA" chips="1,050" dealer="1" win="0" bet="45" muck="1" rebuy="0" addon="0" merge="0" rebuychips="0" reg_code="5041902762"/>
</players>
</general>
<round no="0"><action no="1" player="deIduKA" type="15" discard="1" dealt="1" sum="5"/>
<action no="2" player="KOPKHUNKRAP" type="15" sum="5"/>
<action no="3" player="deIduKA" type="1" discard="1" dealt="1" sum="20"/>
<action no="4" player="KOPKHUNKRAP" type="2" sum="40"/>
</round>
<round no="1"><cards type="Pocket" player="KOPKHUNKRAP">CA C2</cards>
<cards type="Pocket" player="deIduKA">X X</cards>
<action no="5" player="deIduKA" type="3" discard="1" dealt="1" sum="20"/>
<action no="6" player="KOPKHUNKRAP" type="23" sum="445"/>
<action no="7" player="deIduKA" type="0" discard="1" dealt="1" sum="0"/>
</round>
</game>
<game gamecode="6406465458"><general><startdate>2025-06-15 18:25:51</startdate>
<round>1</round>
<failsafecounter/>
<players><player seat="3" name="deIduKA" chips="1,005" dealer="0" win="0" bet="215" muck="1" rebuy="0" addon="0" merge="0" rebuychips="0" reg_code="5041902762"/>
<player seat="10" name="KOPKHUNKRAP" chips="495" dealer="1" win="430" bet="495" muck="1" rebuy="0" addon="0" merge="0" rebuychips="0" reg_code="5041903741"/>
</players>
</general>
<round no="0"><action no="1" player="KOPKHUNKRAP" type="15" sum="5"/>
<action no="2" player="deIduKA" type="15" discard="1" dealt="1" sum="5"/>
<action no="3" player="KOPKHUNKRAP" type="1" sum="30"/>
<action no="4" player="deIduKA" type="2" discard="1" dealt="1" sum="60"/>
</round>
<round no="1"><cards type="Pocket" player="KOPKHUNKRAP">CJ C9</cards>
<cards type="Pocket" player="deIduKA">X X</cards>
<action no="5" player="KOPKHUNKRAP" type="3" sum="30"/>
<action no="6" player="deIduKA" type="23" discard="1" dealt="1" sum="210"/>
<action no="7" player="KOPKHUNKRAP" type="23" sum="490"/>
<action no="8" player="deIduKA" type="0" discard="1" dealt="1" sum="0"/>
</round>
</game>
<game gamecode="6406465499"><general><startdate>2025-06-15 18:26:22</startdate>
<round>1</round>
<failsafecounter/>
<players><player seat="10" name="KOPKHUNKRAP" chips="710" dealer="0" win="0" bet="710" muck="1" rebuy="0" addon="0" merge="0" rebuychips="0" reg_code="5041903741"/>
<player seat="3" name="deIduKA" chips="790" dealer="1" win="1,420" bet="790" muck="0" rebuy="0" addon="0" merge="0" rebuychips="0" reg_code="5041902762"/>
</players>
</general>
<round no="0"><action no="1" player="deIduKA" type="15" discard="1" dealt="1" sum="5"/>
<action no="2" player="KOPKHUNKRAP" type="15" sum="5"/>
<action no="3" player="deIduKA" type="1" discard="1" dealt="1" sum="30"/>
<action no="4" player="KOPKHUNKRAP" type="2" sum="60"/>
</round>
<round no="1"><cards type="Pocket" player="deIduKA">D9 CA</cards>
<cards type="Pocket" player="KOPKHUNKRAP">H4 HA</cards>
<action no="5" player="deIduKA" type="23" discard="1" dealt="1" sum="785"/>
<action no="6" player="KOPKHUNKRAP" type="7" sum="645"/>
</round>
<round no="2"><cards type="Flop">DA D2 C9</cards>
</round>
<round no="3"><cards type="Turn">SQ</cards>
</round>
<round no="4"><cards type="River">S8</cards>
</round>
</game>
</session>
