<?xml version="1.0" encoding="UTF-8"?>
<session sessioncode="5041906818">
<general>
<client_version>25.1.1.7</client_version>
<mode>real</mode>
<gametype>Holdem NL</gametype>
<tablename>Twister €200 SNG, 812271170</tablename>
<tournamentcode>812271169</tournamentcode>
<tournamentname>Twister €200 SNG</tournamentname>
<buyin>€0 + €12 + €188</buyin>
<totalbuyin>€200</totalbuyin>
<rewarddrawn>€600</rewarddrawn>
<tournamentcurrency>EUR</tournamentcurrency>
<currency>EUR</currency>
<nickname>KOPKHUNKRAP</nickname>
<gamecount>14</gamecount>
<startdate>2025-06-15 18:37:16</startdate>
<place>3</place>
<win>€0</win>
<tablesize>3</tablesize>
</general>
<game gamecode="6406477061"><general><startdate>2025-06-15 18:37:31</startdate>
<round>1</round>
<failsafecounter/>
<players><player seat="3" name="Exivezzz2323" chips="500" dealer="0" win="0" bet="20" muck="1" rebuy="0" addon="0" merge="0" rebuychips="0" reg_code="5041905355"/>
<player seat="6" name="deIduKA" chips="500" dealer="1" win="0" bet="0" muck="1" rebuy="0" addon="0" merge="0" rebuychips="0" reg_code="5041905363"/>
<player seat="10" name="KOPKHUNKRAP" chips="500" dealer="0" win="40" bet="60" muck="1" rebuy="0" addon="0" merge="0" rebuychips="0" reg_code="5041906818"/>
</players>
</general>
<round no="0"><action no="1" player="KOPKHUNKRAP" type="1" sum="10"/>
<action no="2" player="Exivezzz2323" type="2" discard="1" dealt="1" sum="20"/>
</round>
<round no="1"><cards type="Pocket" player="deIduKA">X X</cards>
<cards type="Pocket" player="Exivezzz2323">X X</cards>
<cards type="Pocket" player="KOPKHUNKRAP">DQ HJ</cards>
<action no="3" player="deIduKA" type="0" discard="1" dealt="1" sum="0"/>
<action no="4" player="KOPKHUNKRAP" type="23" sum="60"/>
<action no="5" player="Exivezzz2323" type="0" discard="1" dealt="1" sum="0"/>
</round>
</game>
<game gamecode="6406477078"><general><startdate>2025-06-15 18:37:45</startdate>
<round>1</round>
<failsafecounter/>
<players><player seat="6" name="deIduKA" chips="500" dealer="0" win="0" bet="50" muck="1" rebuy="0" addon="0" merge="0" rebuychips="0" reg_code="5041905363"/>
<player seat="10" name="KOPKHUNKRAP" chips="520" dealer="1" win="0" bet="0" muck="1" rebuy="0" addon="0" merge="0" rebuychips="0" reg_code="5041906818"/>
<player seat="3" name="Exivezzz2323" chips="480" dealer="0" win="100" bet="80" muck="1" rebuy="0" addon="0" merge="0" rebuychips="0" reg_code="5041905355"/>
</players>
</general>
<round no="0"><action no="1" player="Exivezzz2323" type="1" discard="1" dealt="1" sum="10"/>
<action no="2" player="deIduKA" type="2" discard="1" dealt="1" sum="20"/>
</round>
<round no="1"><cards type="Pocket" player="deIduKA">X X</cards>
<cards type="Pocket" player="KOPKHUNKRAP">HQ C4</cards>
<cards type="Pocket" player="Exivezzz2323">X X</cards>
<action no="3" player="KOPKHUNKRAP" type="0" sum="0"/>
<action no="4" player="Exivezzz2323" type="23" discard="1" dealt="1" sum="50"/>
<action no="5" player="deIduKA" type="3" discard="1" dealt="1" sum="30"/>
</round>
<round no="2"><cards type="Flop">H3 DQ H9</cards>
<action no="6" player="Exivezzz2323" type="4" discard="1" dealt="1" sum="0"/>
<action no="7" player="deIduKA" type="4" discard="1" dealt="1" sum="0"/>
</round>
<round no="3"><cards type="Turn">C3</cards>
<action no="8" player="Exivezzz2323" type="5" discard="1" dealt="1" sum="30"/>
<action no="9" player="deIduKA" type="0" discard="1" dealt="1" sum="0"/>
</round>
</game>
<game gamecode="6406477151"><general><startdate>2025-06-15 18:38:30</startdate>
<round>1</round>
<failsafecounter/>
<players><player seat="10" name="KOPKHUNKRAP" chips="520" dealer="0" win="0" bet="20" muck="1" rebuy="0" addon="0" merge="0" rebuychips="0" reg_code="5041906818"/>
<player seat="3" name="Exivezzz2323" chips="530" dealer="1" win="50" bet="40" muck="1" rebuy="0" addon="0" merge="0" rebuychips="0" reg_code="5041905355"/>
<player seat="6" name="deIduKA" chips="450" dealer="0" win="0" bet="10" muck="1" rebuy="0" addon="0" merge="0" rebuychips="0" reg_code="5041905363"/>
</players>
</general>
<round no="0"><action no="1" player="deIduKA" type="1" discard="1" dealt="1" sum="10"/>
<action no="2" player="KOPKHUNKRAP" type="2" sum="20"/>
</round>
<round no="1"><cards type="Pocket" player="KOPKHUNKRAP">D3 H7</cards>
<cards type="Pocket" player="deIduKA">X X</cards>
<cards type="Pocket" player="Exivezzz2323">X X</cards>
<action no="3" player="Exivezzz2323" type="23" discard="1" dealt="1" sum="40"/>
<action no="4" player="deIduKA" type="0" discard="1" dealt="1" sum="0"/>
<action no="5" player="KOPKHUNKRAP" type="0" sum="0"/>
</round>
</game>
<game gamecode="6406477162"><general><startdate>2025-06-15 18:38:41</startdate>
<round>1</round>
<failsafecounter/>
<players><player seat="3" name="Exivezzz2323" chips="560" dealer="0" win="0" bet="20" muck="1" rebuy="0" addon="0" merge="0" rebuychips="0" reg_code="5041905355"/>
<player seat="6" name="deIduKA" chips="440" dealer="1" win="50" bet="40" muck="1" rebuy="0" addon="0" merge="0" rebuychips="0" reg_code="5041905363"/>
<player seat="10" name="KOPKHUNKRAP" chips="500" dealer="0" win="0" bet="10" muck="1" rebuy="0" addon="0" merge="0" rebuychips="0" reg_code="5041906818"/>
</players>
</general>
<round no="0"><action no="1" player="KOPKHUNKRAP" type="1" sum="10"/>
<action no="2" player="Exivezzz2323" type="2" discard="1" dealt="1" sum="20"/>
</round>
<round no="1"><cards type="Pocket" player="Exivezzz2323">X X</cards>
<cards type="Pocket" player="deIduKA">X X</cards>
<cards type="Pocket" player="KOPKHUNKRAP">H3 C2</cards>
<action no="3" player="deIduKA" type="23" discard="1" dealt="1" sum="40"/>
<action no="4" player="KOPKHUNKRAP" type="0" sum="0"/>
<action no="5" player="Exivezzz2323" type="0" discard="1" dealt="1" sum="0"/>
</round>
</game>
<game gamecode="6406477189"><general><startdate>2025-06-15 18:38:57</startdate>
<round>1</round>
<failsafecounter/>
<players><player seat="6" name="deIduKA" chips="470" dealer="0" win="0" bet="40" muck="1" rebuy="0" addon="0" merge="0" rebuychips="0" reg_code="5041905363"/>
<player seat="10" name="KOPKHUNKRAP" chips="490" dealer="1" win="90" bet="80" muck="1" rebuy="0" addon="0" merge="0" rebuychips="0" reg_code="5041906818"/>
<player seat="3" name="Exivezzz2323" chips="540" dealer="0" win="0" bet="10" muck="1" rebuy="0" addon="0" merge="0" rebuychips="0" reg_code="5041905355"/>
</players>
</general>
<round no="0"><action no="1" player="Exivezzz2323" type="1" discard="1" dealt="1" sum="10"/>
<action no="2" player="deIduKA" type="2" discard="1" dealt="1" sum="20"/>
</round>
<round no="1"><cards type="Pocket" player="Exivezzz2323">X X</cards>
<cards type="Pocket" player="deIduKA">X X</cards>
<cards type="Pocket" player="KOPKHUNKRAP">C9 DJ</cards>
<action no="3" player="KOPKHUNKRAP" type="23" sum="40"/>
<action no="4" player="Exivezzz2323" type="0" discard="1" dealt="1" sum="0"/>
<action no="5" player="deIduKA" type="3" discard="1" dealt="1" sum="20"/>
</round>
<round no="2"><cards type="Flop">H9 H8 CQ</cards>
<action no="6" player="deIduKA" type="4" discard="1" dealt="1" sum="0"/>
<action no="7" player="KOPKHUNKRAP" type="4" sum="0"/>
</round>
<round no="3"><cards type="Turn">C6</cards>
<action no="8" player="deIduKA" type="4" discard="1" dealt="1" sum="0"/>
<action no="9" player="KOPKHUNKRAP" type="4" sum="0"/>
</round>
<round no="4"><cards type="River">S10</cards>
<action no="10" player="deIduKA" type="4" discard="1" dealt="1" sum="0"/>
<action no="11" player="KOPKHUNKRAP" type="5" sum="40"/>
<action no="12" player="deIduKA" type="0" discard="1" dealt="1" sum="0"/>
</round>
</game>
<game gamecode="6406488094"><general><startdate>2025-06-15 18:39:37</startdate>
<round>1</round>
<failsafecounter/>
<players><player seat="10" name="KOPKHUNKRAP" chips="540" dealer="0" win="0" bet="35" muck="1" rebuy="0" addon="0" merge="0" rebuychips="0" reg_code="5041906818"/>
<player seat="3" name="Exivezzz2323" chips="530" dealer="1" win="90" bet="530" muck="1" rebuy="0" addon="0" merge="0" rebuychips="0" reg_code="5041905355"/>
<player seat="6" name="deIduKA" chips="430" dealer="0" win="0" bet="20" muck="1" rebuy="0" addon="0" merge="0" rebuychips="0" reg_code="5041905363"/>
</players>
</general>
<round no="0"><action no="1" player="deIduKA" type="15" discard="1" dealt="1" sum="5"/>
<action no="2" player="KOPKHUNKRAP" type="15" sum="5"/>
<action no="3" player="Exivezzz2323" type="15" discard="1" dealt="1" sum="5"/>
<action no="4" player="deIduKA" type="1" discard="1" dealt="1" sum="15"/>
<action no="5" player="KOPKHUNKRAP" type="2" sum="30"/>
</round>
<round no="1"><cards type="Pocket" player="deIduKA">X X</cards>
<cards type="Pocket" player="Exivezzz2323">X X</cards>
<cards type="Pocket" player="KOPKHUNKRAP">S8 HK</cards>
<action no="6" player="Exivezzz2323" type="23" discard="1" dealt="1" sum="525"/>
<action no="7" player="deIduKA" type="0" discard="1" dealt="1" sum="0"/>
<action no="8" player="KOPKHUNKRAP" type="0" sum="0"/>
</round>
</game>
<game gamecode="6406488115"><general><startdate>2025-06-15 18:39:51</startdate>
<round>1</round>
<failsafecounter/>
<players><player seat="3" name="Exivezzz2323" chips="585" dealer="0" win="0" bet="35" muck="1" rebuy="0" addon="0" merge="0" rebuychips="0" reg_code="5041905355"/>
<player seat="6" name="deIduKA" chips="410" dealer="1" win="90" bet="410" muck="1" rebuy="0" addon="0" merge="0" rebuychips="0" reg_code="5041905363"/>
<player seat="10" name="KOPKHUNKRAP" chips="505" dealer="0" win="0" bet="20" muck="1" rebuy="0" addon="0" merge="0" rebuychips="0" reg_code="5041906818"/>
</players>
</general>
<round no="0"><action no="1" player="KOPKHUNKRAP" type="15" sum="5"/>
<action no="2" player="Exivezzz2323" type="15" discard="1" dealt="1" sum="5"/>
<action no="3" player="deIduKA" type="15" discard="1" dealt="1" sum="5"/>
<action no="4" player="KOPKHUNKRAP" type="1" sum="15"/>
<action no="5" player="Exivezzz2323" type="2" discard="1" dealt="1" sum="30"/>
</round>
<round no="1"><cards type="Pocket" player="deIduKA">X X</cards>
<cards type="Pocket" player="KOPKHUNKRAP">S10 S4</cards>
<cards type="Pocket" player="Exivezzz2323">X X</cards>
<action no="6" player="deIduKA" type="23" discard="1" dealt="1" sum="405"/>
<action no="7" player="KOPKHUNKRAP" type="0" sum="0"/>
<action no="8" player="Exivezzz2323" type="0" discard="1" dealt="1" sum="0"/>
</round>
</game>
<game gamecode="6406488131"><general><startdate>2025-06-15 18:40:01</startdate>
<round>1</round>
<failsafecounter/>
<players><player seat="6" name="deIduKA" chips="465" dealer="0" win="0" bet="35" muck="1" rebuy="0" addon="0" merge="0" rebuychips="0" reg_code="5041905363"/>
<player seat="10" name="KOPKHUNKRAP" chips="485" dealer="1" win="0" bet="5" muck="1" rebuy="0" addon="0" merge="0" rebuychips="0" reg_code="5041906818"/>
<player seat="3" name="Exivezzz2323" chips="550" dealer="0" win="75" bet="550" muck="1" rebuy="0" addon="0" merge="0" rebuychips="0" reg_code="5041905355"/>
</players>
</general>
<round no="0"><action no="1" player="Exivezzz2323" type="15" discard="1" dealt="1" sum="5"/>
<action no="2" player="deIduKA" type="15" discard="1" dealt="1" sum="5"/>
<action no="3" player="KOPKHUNKRAP" type="15" sum="5"/>
<action no="4" player="Exivezzz2323" type="1" discard="1" dealt="1" sum="15"/>
<action no="5" player="deIduKA" type="2" discard="1" dealt="1" sum="30"/>
</round>
<round no="1"><cards type="Pocket" player="deIduKA">X X</cards>
<cards type="Pocket" player="KOPKHUNKRAP">H5 HQ</cards>
<cards type="Pocket" player="Exivezzz2323">X X</cards>
<action no="6" player="KOPKHUNKRAP" type="0" sum="0"/>
<action no="7" player="Exivezzz2323" type="23" discard="1" dealt="1" sum="545"/>
<action no="8" player="deIduKA" type="0" discard="1" dealt="1" sum="0"/>
</round>
</game>
<game gamecode="6406488144"><general><startdate>2025-06-15 18:40:13</startdate>
<round>1</round>
<failsafecounter/>
<players><player seat="10" name="KOPKHUNKRAP" chips="480" dealer="0" win="0" bet="35" muck="1" rebuy="0" addon="0" merge="0" rebuychips="0" reg_code="5041906818"/>
<player seat="3" name="Exivezzz2323" chips="590" dealer="1" win="0" bet="5" muck="1" rebuy="0" addon="0" merge="0" rebuychips="0" reg_code="5041905355"/>
<player seat="6" name="deIduKA" chips="430" dealer="0" win="75" bet="430" muck="1" rebuy="0" addon="0" merge="0" rebuychips="0" reg_code="5041905363"/>
</players>
</general>
<round no="0"><action no="1" player="deIduKA" type="15" discard="1" dealt="1" sum="5"/>
<action no="2" player="KOPKHUNKRAP" type="15" sum="5"/>
<action no="3" player="Exivezzz2323" type="15" discard="1" dealt="1" sum="5"/>
<action no="4" player="deIduKA" type="1" discard="1" dealt="1" sum="15"/>
<action no="5" player="KOPKHUNKRAP" type="2" sum="30"/>
</round>
<round no="1"><cards type="Pocket" player="deIduKA">X X</cards>
<cards type="Pocket" player="Exivezzz2323">X X</cards>
<cards type="Pocket" player="KOPKHUNKRAP">HQ D6</cards>
<action no="6" player="Exivezzz2323" type="0" discard="1" dealt="1" sum="0"/>
<action no="7" player="deIduKA" type="23" discard="1" dealt="1" sum="425"/>
<action no="8" player="KOPKHUNKRAP" type="0" sum="0"/>
</round>
</game>
<game gamecode="6406488165"><general><startdate>2025-06-15 18:40:27</startdate>
<round>1</round>
<failsafecounter/>
<players><player seat="3" name="Exivezzz2323" chips="585" dealer="0" win="0" bet="35" muck="1" rebuy="0" addon="0" merge="0" rebuychips="0" reg_code="5041905355"/>
<player seat="6" name="deIduKA" chips="470" dealer="1" win="90" bet="470" muck="1" rebuy="0" addon="0" merge="0" rebuychips="0" reg_code="5041905363"/>
<player seat="10" name="KOPKHUNKRAP" chips="445" dealer="0" win="0" bet="20" muck="1" rebuy="0" addon="0" merge="0" rebuychips="0" reg_code="5041906818"/>
</players>
</general>
<round no="0"><action no="1" player="KOPKHUNKRAP" type="15" sum="5"/>
<action no="2" player="Exivezzz2323" type="15" discard="1" dealt="1" sum="5"/>
<action no="3" player="deIduKA" type="15" discard="1" dealt="1" sum="5"/>
<action no="4" player="KOPKHUNKRAP" type="1" sum="15"/>
<action no="5" player="Exivezzz2323" type="2" discard="1" dealt="1" sum="30"/>
</round>
<round no="1"><cards type="Pocket" player="KOPKHUNKRAP">DJ C6</cards>
<cards type="Pocket" player="deIduKA">X X</cards>
<cards type="Pocket" player="Exivezzz2323">X X</cards>
<action no="6" player="deIduKA" type="23" discard="1" dealt="1" sum="465"/>
<action no="7" player="KOPKHUNKRAP" type="0" sum="0"/>
<action no="8" player="Exivezzz2323" type="0" discard="1" dealt="1" sum="0"/>
</round>
</game>
<game gamecode="6406488177"><general><startdate>2025-06-15 18:40:39</startdate>
<round>1</round>
<failsafecounter/>
<players><player seat="6" name="deIduKA" chips="525" dealer="0" win="0" bet="35" muck="1" rebuy="0" addon="0" merge="0" rebuychips="0" reg_code="5041905363"/>
<player seat="10" name="KOPKHUNKRAP" chips="425" dealer="1" win="0" bet="5" muck="1" rebuy="0" addon="0" merge="0" rebuychips="0" reg_code="5041906818"/>
<player seat="3" name="Exivezzz2323" chips="550" dealer="0" win="75" bet="550" muck="1" rebuy="0" addon="0" merge="0" rebuychips="0" reg_code="5041905355"/>
</players>
</general>
<round no="0"><action no="1" player="Exivezzz2323" type="15" discard="1" dealt="1" sum="5"/>
<action no="2" player="deIduKA" type="15" discard="1" dealt="1" sum="5"/>
<action no="3" player="KOPKHUNKRAP" type="15" sum="5"/>
<action no="4" player="Exivezzz2323" type="1" discard="1" dealt="1" sum="15"/>
<action no="5" player="deIduKA" type="2" discard="1" dealt="1" sum="30"/>
</round>
<round no="1"><cards type="Pocket" player="Exivezzz2323">X X</cards>
<cards type="Pocket" player="deIduKA">X X</cards>
<cards type="Pocket" player="KOPKHUNKRAP">H3 DK</cards>
<action no="6" player="KOPKHUNKRAP" type="0" sum="0"/>
<action no="7" player="Exivezzz2323" type="23" discard="1" dealt="1" sum="545"/>
<action no="8" player="deIduKA" type="0" discard="1" dealt="1" sum="0"/>
</round>
</game>
<game gamecode="6406488188"><general><startdate>2025-06-15 18:40:47</startdate>
<round>1</round>
<failsafecounter/>
<players><player seat="10" name="KOPKHUNKRAP" chips="420" dealer="0" win="0" bet="35" muck="1" rebuy="0" addon="0" merge="0" rebuychips="0" reg_code="5041906818"/>
<player seat="3" name="Exivezzz2323" chips="590" dealer="1" win="0" bet="590" muck="0" rebuy="0" addon="0" merge="0" rebuychips="0" reg_code="5041905355"/>
<player seat="6" name="deIduKA" chips="490" dealer="0" win="1,015" bet="490" muck="0" rebuy="0" addon="0" merge="0" rebuychips="0" reg_code="5041905363"/>
</players>
</general>
<round no="0"><action no="1" player="deIduKA" type="15" discard="1" dealt="1" sum="5"/>
<action no="2" player="KOPKHUNKRAP" type="15" sum="5"/>
<action no="3" player="Exivezzz2323" type="15" discard="1" dealt="1" sum="5"/>
<action no="4" player="deIduKA" type="1" discard="1" dealt="1" sum="15"/>
<action no="5" player="KOPKHUNKRAP" type="2" sum="30"/>
</round>
<round no="1"><cards type="Pocket" player="deIduKA">C7 HA</cards>
<cards type="Pocket" player="Exivezzz2323">H8 HJ</cards>
<cards type="Pocket" player="KOPKHUNKRAP">C10 H3</cards>
<action no="6" player="Exivezzz2323" type="23" discard="1" dealt="1" sum="585"/>
<action no="7" player="deIduKA" type="7" discard="1" dealt="1" sum="470"/>
<action no="8" player="KOPKHUNKRAP" type="0" sum="0"/>
</round>
<round no="2"><cards type="Flop">C4 D9 S6</cards>
</round>
<round no="3"><cards type="Turn">D4</cards>
</round>
<round no="4"><cards type="River">S10</cards>
</round>
</game>
<game gamecode="6406488214"><general><startdate>2025-06-15 18:41:09</startdate>
<round>1</round>
<failsafecounter/>
<players><player seat="3" name="Exivezzz2323" chips="100" dealer="0" win="205" bet="100" muck="0" rebuy="0" addon="0" merge="0" rebuychips="0" reg_code="5041905355"/>
<player seat="6" name="deIduKA" chips="1,015" dealer="1" win="0" bet="5" muck="1" rebuy="0" addon="0" merge="0" rebuychips="0" reg_code="5041905363"/>
<player seat="10" name="KOPKHUNKRAP" chips="385" dealer="0" win="0" bet="125" muck="1" rebuy="0" addon="0" merge="0" rebuychips="0" reg_code="5041906818"/>
</players>
</general>
<round no="0"><action no="1" player="KOPKHUNKRAP" type="15" sum="5"/>
<action no="2" player="Exivezzz2323" type="15" discard="1" dealt="1" sum="5"/>
<action no="3" player="deIduKA" type="15" discard="1" dealt="1" sum="5"/>
<action no="4" player="KOPKHUNKRAP" type="1" sum="20"/>
<action no="5" player="Exivezzz2323" type="2" discard="1" dealt="1" sum="40"/>
</round>
<round no="1"><cards type="Pocket" player="KOPKHUNKRAP">D5 S3</cards>
<cards type="Pocket" player="deIduKA">X X</cards>
<cards type="Pocket" player="Exivezzz2323">C8 D6</cards>
<action no="6" player="deIduKA" type="0" discard="1" dealt="1" sum="0"/>
<action no="7" player="KOPKHUNKRAP" type="23" sum="120"/>
<action no="8" player="Exivezzz2323" type="7" discard="1" dealt="1" sum="55"/>
</round>
<round no="2"><cards type="Flop">C5 CA D2</cards>
</round>
<round no="3"><cards type="Turn">H8</cards>
</round>
<round no="4"><cards type="River">CQ</cards>
</round>
</game>
<game gamecode="6406488241"><general><startdate>2025-06-15 18:41:29</startdate>
<round>1</round>
<failsafecounter/>
<players><player seat="6" name="deIduKA" chips="1,010" dealer="0" win="595" bet="285" muck="0" rebuy="0" addon="0" merge="0" rebuychips="0" reg_code="5041905363"/>
<player seat="10" name="KOPKHUNKRAP" chips="285" dealer="1" win="0" bet="285" muck="0" rebuy="0" addon="0" merge="0" rebuychips="0" reg_code="5041906818"/>
<player seat="3" name="Exivezzz2323" chips="205" dealer="0" win="0" bet="25" muck="1" rebuy="0" addon="0" merge="0" rebuychips="0" reg_code="5041905355"/>
</players>
</general>
<round no="0"><action no="1" player="Exivezzz2323" type="15" discard="1" dealt="1" sum="5"/>
<action no="2" player="deIduKA" type="15" discard="1" dealt="1" sum="5"/>
<action no="3" player="KOPKHUNKRAP" type="15" sum="5"/>
<action no="4" player="Exivezzz2323" type="1" discard="1" dealt="1" sum="20"/>
<action no="5" player="deIduKA" type="2" discard="1" dealt="1" sum="40"/>
</round>
<round no="1"><cards type="Pocket" player="KOPKHUNKRAP">HK C8</cards>
<cards type="Pocket" player="Exivezzz2323">X X</cards>
<cards type="Pocket" player="deIduKA">CA S7</cards>
<action no="6" player="KOPKHUNKRAP" type="23" sum="280"/>
<action no="7" player="Exivezzz2323" type="0" discard="1" dealt="1" sum="0"/>
<action no="8" player="deIduKA" type="3" discard="1" dealt="1" sum="240"/>
</round>
<round no="2"><cards type="Flop">S9 C4 S2</cards>
</round>
<round no="3"><cards type="Turn">S6</cards>
</round>
<round no="4"><cards type="River">D7</cards>
</round>
</game>
</session>
