<?xml version="1.0" encoding="UTF-8"?>
<session sessioncode="5041904831">
<general>
<client_version>25.1.1.7</client_version>
<mode>real</mode>
<gametype>Holdem NL</gametype>
<tablename>Twister €200 SNG, 812270919</tablename>
<tournamentcode>812270918</tournamentcode>
<tournamentname>Twister €200 SNG</tournamentname>
<buyin>€0 + €12 + €188</buyin>
<totalbuyin>€200</totalbuyin>
<rewarddrawn>€400</rewarddrawn>
<tournamentcurrency>EUR</tournamentcurrency>
<currency>EUR</currency>
<nickname>KOPKHUNKRAP</nickname>
<gamecount>45</gamecount>
<startdate>2025-06-15 18:26:53</startdate>
<place>1</place>
<win>€400</win>
<tablesize>3</tablesize>
</general>
<game gamecode="6406476187"><general><startdate>2025-06-15 18:27:09</startdate>
<round>1</round>
<failsafecounter/>
<players><player seat="10" name="KOPKHUNKRAP" chips="500" dealer="0" win="120" bet="500" muck="1" rebuy="0" addon="0" merge="0" rebuychips="0" reg_code="5041904831"/>
<player seat="3" name="deIduKA" chips="500" dealer="1" win="0" bet="40" muck="1" rebuy="0" addon="0" merge="0" rebuychips="0" reg_code="5041902747"/>
<player seat="6" name="SVA912o6F" chips="500" dealer="0" win="0" bet="40" muck="1" rebuy="0" addon="0" merge="0" rebuychips="0" reg_code="5041903407"/>
</players>
</general>
<round no="0"><action no="1" player="SVA912o6F" type="1" discard="1" dealt="1" sum="10"/>
<action no="2" player="KOPKHUNKRAP" type="2" sum="20"/>
</round>
<round no="1"><cards type="Pocket" player="KOPKHUNKRAP">S9 C9</cards>
<cards type="Pocket" player="deIduKA">X X</cards>
<cards type="Pocket" player="SVA912o6F">X X</cards>
<action no="3" player="deIduKA" type="23" discard="1" dealt="1" sum="40"/>
<action no="4" player="SVA912o6F" type="3" discard="1" dealt="1" sum="30"/>
<action no="5" player="KOPKHUNKRAP" type="23" sum="500"/>
<action no="6" player="deIduKA" type="0" discard="1" dealt="1" sum="0"/>
<action no="7" player="SVA912o6F" type="0" discard="1" dealt="1" sum="0"/>
</round>
</game>
<game gamecode="6406476198"><general><startdate>2025-06-15 18:27:22</startdate>
<round>1</round>
<failsafecounter/>
<players><player seat="3" name="deIduKA" chips="460" dealer="0" win="300" bet="239" muck="1" rebuy="0" addon="0" merge="0" rebuychips="0" reg_code="5041902747"/>
<player seat="6" name="SVA912o6F" chips="460" dealer="1" win="0" bet="140" muck="1" rebuy="0" addon="0" merge="0" rebuychips="0" reg_code="5041903407"/>
<player seat="10" name="KOPKHUNKRAP" chips="580" dealer="0" win="0" bet="20" muck="1" rebuy="0" addon="0" merge="0" rebuychips="0" reg_code="5041904831"/>
</players>
</general>
<round no="0"><action no="1" player="KOPKHUNKRAP" type="1" sum="10"/>
<action no="2" player="deIduKA" type="2" discard="1" dealt="1" sum="20"/>
</round>
<round no="1"><cards type="Pocket" player="deIduKA">X X</cards>
<cards type="Pocket" player="SVA912o6F">X X</cards>
<cards type="Pocket" player="KOPKHUNKRAP">C9 HQ</cards>
<action no="3" player="SVA912o6F" type="3" discard="1" dealt="1" sum="20"/>
<action no="4" player="KOPKHUNKRAP" type="3" sum="10"/>
<action no="5" player="deIduKA" type="23" discard="1" dealt="1" sum="140"/>
<action no="6" player="SVA912o6F" type="3" discard="1" dealt="1" sum="120"/>
<action no="7" player="KOPKHUNKRAP" type="0" sum="0"/>
</round>
<round no="2"><cards type="Flop">S2 DA HJ</cards>
<action no="8" player="deIduKA" type="5" discard="1" dealt="1" sum="99"/>
<action no="9" player="SVA912o6F" type="0" discard="1" dealt="1" sum="0"/>
</round>
</game>
<game gamecode="6406476225"><general><startdate>2025-06-15 18:27:44</startdate>
<round>1</round>
<failsafecounter/>
<players><player seat="6" name="SVA912o6F" chips="320" dealer="0" win="40" bet="80" muck="1" rebuy="0" addon="0" merge="0" rebuychips="0" reg_code="5041903407"/>
<player seat="10" name="KOPKHUNKRAP" chips="560" dealer="1" win="0" bet="0" muck="1" rebuy="0" addon="0" merge="0" rebuychips="0" reg_code="5041904831"/>
<player seat="3" name="deIduKA" chips="620" dealer="0" win="0" bet="20" muck="1" rebuy="0" addon="0" merge="0" rebuychips="0" reg_code="5041902747"/>
</players>
</general>
<round no="0"><action no="1" player="deIduKA" type="1" discard="1" dealt="1" sum="10"/>
<action no="2" player="SVA912o6F" type="2" discard="1" dealt="1" sum="20"/>
</round>
<round no="1"><cards type="Pocket" player="SVA912o6F">X X</cards>
<cards type="Pocket" player="KOPKHUNKRAP">HQ C3</cards>
<cards type="Pocket" player="deIduKA">X X</cards>
<action no="3" player="KOPKHUNKRAP" type="0" sum="0"/>
<action no="4" player="deIduKA" type="3" discard="1" dealt="1" sum="10"/>
<action no="5" player="SVA912o6F" type="4" discard="1" dealt="1" sum="0"/>
</round>
<round no="2"><cards type="Flop">D8 H3 C10</cards>
<action no="6" player="deIduKA" type="4" discard="1" dealt="1" sum="0"/>
<action no="7" player="SVA912o6F" type="4" discard="1" dealt="1" sum="0"/>
</round>
<round no="3"><cards type="Turn">S4</cards>
<action no="8" player="deIduKA" type="4" discard="1" dealt="1" sum="0"/>
<action no="9" player="SVA912o6F" type="4" discard="1" dealt="1" sum="0"/>
</round>
<round no="4"><cards type="River">SA</cards>
<action no="10" player="deIduKA" type="4" discard="1" dealt="1" sum="0"/>
<action no="11" player="SVA912o6F" type="5" discard="1" dealt="1" sum="60"/>
<action no="12" player="deIduKA" type="0" discard="1" dealt="1" sum="0"/>
</round>
</game>
<game gamecode="6406476252"><general><startdate>2025-06-15 18:28:09</startdate>
<round>1</round>
<failsafecounter/>
<players><player seat="10" name="KOPKHUNKRAP" chips="560" dealer="0" win="20" bet="20" muck="1" rebuy="0" addon="0" merge="0" rebuychips="0" reg_code="5041904831"/>
<player seat="3" name="deIduKA" chips="600" dealer="1" win="0" bet="0" muck="1" rebuy="0" addon="0" merge="0" rebuychips="0" reg_code="5041902747"/>
<player seat="6" name="SVA912o6F" chips="340" dealer="0" win="0" bet="10" muck="1" rebuy="0" addon="0" merge="0" rebuychips="0" reg_code="5041903407"/>
</players>
</general>
<round no="0"><action no="1" player="SVA912o6F" type="1" discard="1" dealt="1" sum="10"/>
<action no="2" player="KOPKHUNKRAP" type="2" sum="20"/>
</round>
<round no="1"><cards type="Pocket" player="deIduKA">X X</cards>
<cards type="Pocket" player="KOPKHUNKRAP">D3 S6</cards>
<cards type="Pocket" player="SVA912o6F">X X</cards>
<action no="3" player="deIduKA" type="0" discard="1" dealt="1" sum="0"/>
<action no="4" player="SVA912o6F" type="0" discard="1" dealt="1" sum="0"/>
</round>
</game>
<game gamecode="6406476261"><general><startdate>2025-06-15 18:28:15</startdate>
<round>1</round>
<failsafecounter/>
<players><player seat="3" name="deIduKA" chips="600" dealer="0" win="0" bet="20" muck="1" rebuy="0" addon="0" merge="0" rebuychips="0" reg_code="5041902747"/>
<player seat="6" name="SVA912o6F" chips="330" dealer="1" win="0" bet="20" muck="1" rebuy="0" addon="0" merge="0" rebuychips="0" reg_code="5041903407"/>
<player seat="10" name="KOPKHUNKRAP" chips="570" dealer="0" win="60" bet="570" muck="1" rebuy="0" addon="0" merge="0" rebuychips="0" reg_code="5041904831"/>
</players>
</general>
<round no="0"><action no="1" player="KOPKHUNKRAP" type="1" sum="10"/>
<action no="2" player="deIduKA" type="2" discard="1" dealt="1" sum="20"/>
</round>
<round no="1"><cards type="Pocket" player="SVA912o6F">X X</cards>
<cards type="Pocket" player="deIduKA">X X</cards>
<cards type="Pocket" player="KOPKHUNKRAP">S7 DA</cards>
<action no="3" player="SVA912o6F" type="3" discard="1" dealt="1" sum="20"/>
<action no="4" player="KOPKHUNKRAP" type="23" sum="570"/>
<action no="5" player="deIduKA" type="0" discard="1" dealt="1" sum="0"/>
<action no="6" player="SVA912o6F" type="0" discard="1" dealt="1" sum="0"/>
</round>
</game>
<game gamecode="6406476278"><general><startdate>2025-06-15 18:28:28</startdate>
<round>1</round>
<failsafecounter/>
<players><player seat="6" name="SVA912o6F" chips="310" dealer="0" win="0" bet="20" muck="1" rebuy="0" addon="0" merge="0" rebuychips="0" reg_code="5041903407"/>
<player seat="10" name="KOPKHUNKRAP" chips="610" dealer="1" win="0" bet="0" muck="1" rebuy="0" addon="0" merge="0" rebuychips="0" reg_code="5041904831"/>
<player seat="3" name="deIduKA" chips="580" dealer="0" win="40" bet="40" muck="1" rebuy="0" addon="0" merge="0" rebuychips="0" reg_code="5041902747"/>
</players>
</general>
<round no="0"><action no="1" player="deIduKA" type="1" discard="1" dealt="1" sum="10"/>
<action no="2" player="SVA912o6F" type="2" discard="1" dealt="1" sum="20"/>
</round>
<round no="1"><cards type="Pocket" player="SVA912o6F">X X</cards>
<cards type="Pocket" player="KOPKHUNKRAP">H10 S6</cards>
<cards type="Pocket" player="deIduKA">X X</cards>
<action no="3" player="KOPKHUNKRAP" type="0" sum="0"/>
<action no="4" player="deIduKA" type="3" discard="1" dealt="1" sum="10"/>
<action no="5" player="SVA912o6F" type="4" discard="1" dealt="1" sum="0"/>
</round>
<round no="2"><cards type="Flop">HJ DA HK</cards>
<action no="6" player="deIduKA" type="5" discard="1" dealt="1" sum="20"/>
<action no="7" player="SVA912o6F" type="0" discard="1" dealt="1" sum="0"/>
</round>
</game>
<game gamecode="6406476299"><general><startdate>2025-06-15 18:28:47</startdate>
<round>1</round>
<failsafecounter/>
<players><player seat="10" name="KOPKHUNKRAP" chips="610" dealer="0" win="0" bet="35" muck="1" rebuy="0" addon="0" merge="0" rebuychips="0" reg_code="5041904831"/>
<player seat="3" name="deIduKA" chips="600" dealer="1" win="90" bet="600" muck="1" rebuy="0" addon="0" merge="0" rebuychips="0" reg_code="5041902747"/>
<player seat="6" name="SVA912o6F" chips="290" dealer="0" win="0" bet="20" muck="1" rebuy="0" addon="0" merge="0" rebuychips="0" reg_code="5041903407"/>
</players>
</general>
<round no="0"><action no="1" player="SVA912o6F" type="15" discard="1" dealt="1" sum="5"/>
<action no="2" player="KOPKHUNKRAP" type="15" sum="5"/>
<action no="3" player="deIduKA" type="15" discard="1" dealt="1" sum="5"/>
<action no="4" player="SVA912o6F" type="1" discard="1" dealt="1" sum="15"/>
<action no="5" player="KOPKHUNKRAP" type="2" sum="30"/>
</round>
<round no="1"><cards type="Pocket" player="deIduKA">X X</cards>
<cards type="Pocket" player="KOPKHUNKRAP">C2 DA</cards>
<cards type="Pocket" player="SVA912o6F">X X</cards>
<action no="6" player="deIduKA" type="23" discard="1" dealt="1" sum="595"/>
<action no="7" player="SVA912o6F" type="0" discard="1" dealt="1" sum="0"/>
<action no="8" player="KOPKHUNKRAP" type="0" sum="0"/>
</round>
</game>
<game gamecode="6406476324"><general><startdate>2025-06-15 18:29:06</startdate>
<round>1</round>
<failsafecounter/>
<players><player seat="3" name="deIduKA" chips="655" dealer="0" win="0" bet="65" muck="1" rebuy="0" addon="0" merge="0" rebuychips="0" reg_code="5041902747"/>
<player seat="6" name="SVA912o6F" chips="270" dealer="1" win="0" bet="5" muck="1" rebuy="0" addon="0" merge="0" rebuychips="0" reg_code="5041903407"/>
<player seat="10" name="KOPKHUNKRAP" chips="575" dealer="0" win="135" bet="65" muck="0" rebuy="0" addon="0" merge="0" rebuychips="0" reg_code="5041904831"/>
</players>
</general>
<round no="0"><action no="1" player="KOPKHUNKRAP" type="15" sum="5"/>
<action no="2" player="deIduKA" type="15" discard="1" dealt="1" sum="5"/>
<action no="3" player="SVA912o6F" type="15" discard="1" dealt="1" sum="5"/>
<action no="4" player="KOPKHUNKRAP" type="1" sum="15"/>
<action no="5" player="deIduKA" type="2" discard="1" dealt="1" sum="30"/>
</round>
<round no="1"><cards type="Pocket" player="KOPKHUNKRAP">D8 D6</cards>
<cards type="Pocket" player="deIduKA">HQ CA</cards>
<cards type="Pocket" player="SVA912o6F">X X</cards>
<action no="6" player="SVA912o6F" type="0" discard="1" dealt="1" sum="0"/>
<action no="7" player="KOPKHUNKRAP" type="3" sum="15"/>
<action no="8" player="deIduKA" type="4" discard="1" dealt="1" sum="0"/>
</round>
<round no="2"><cards type="Flop">D9 C2 H6</cards>
<action no="9" player="KOPKHUNKRAP" type="4" sum="0"/>
<action no="10" player="deIduKA" type="4" discard="1" dealt="1" sum="0"/>
</round>
<round no="3"><cards type="Turn">S2</cards>
<action no="11" player="KOPKHUNKRAP" type="5" sum="30"/>
<action no="12" player="deIduKA" type="3" discard="1" dealt="1" sum="30"/>
</round>
<round no="4"><cards type="River">S8</cards>
<action no="13" player="KOPKHUNKRAP" type="4" sum="0"/>
<action no="14" player="deIduKA" type="4" discard="1" dealt="1" sum="0"/>
</round>
</game>
<game gamecode="6406476362"><general><startdate>2025-06-15 18:29:37</startdate>
<round>1</round>
<failsafecounter/>
<players><player seat="6" name="SVA912o6F" chips="265" dealer="0" win="45" bet="35" muck="1" rebuy="0" addon="0" merge="0" rebuychips="0" reg_code="5041903407"/>
<player seat="10" name="KOPKHUNKRAP" chips="645" dealer="1" win="0" bet="5" muck="1" rebuy="0" addon="0" merge="0" rebuychips="0" reg_code="5041904831"/>
<player seat="3" name="deIduKA" chips="590" dealer="0" win="0" bet="20" muck="1" rebuy="0" addon="0" merge="0" rebuychips="0" reg_code="5041902747"/>
</players>
</general>
<round no="0"><action no="1" player="deIduKA" type="15" discard="1" dealt="1" sum="5"/>
<action no="2" player="SVA912o6F" type="15" discard="1" dealt="1" sum="5"/>
<action no="3" player="KOPKHUNKRAP" type="15" sum="5"/>
<action no="4" player="deIduKA" type="1" discard="1" dealt="1" sum="15"/>
<action no="5" player="SVA912o6F" type="2" discard="1" dealt="1" sum="30"/>
</round>
<round no="1"><cards type="Pocket" player="SVA912o6F">X X</cards>
<cards type="Pocket" player="KOPKHUNKRAP">CJ D3</cards>
<cards type="Pocket" player="deIduKA">X X</cards>
<action no="6" player="KOPKHUNKRAP" type="0" sum="0"/>
<action no="7" player="deIduKA" type="0" discard="1" dealt="1" sum="0"/>
</round>
</game>
<game gamecode="6406476371"><general><startdate>2025-06-15 18:29:44</startdate>
<round>1</round>
<failsafecounter/>
<players><player seat="10" name="KOPKHUNKRAP" chips="640" dealer="0" win="0" bet="35" muck="1" rebuy="0" addon="0" merge="0" rebuychips="0" reg_code="5041904831"/>
<player seat="3" name="deIduKA" chips="570" dealer="1" win="90" bet="65" muck="1" rebuy="0" addon="0" merge="0" rebuychips="0" reg_code="5041902747"/>
<player seat="6" name="SVA912o6F" chips="290" dealer="0" win="0" bet="20" muck="1" rebuy="0" addon="0" merge="0" rebuychips="0" reg_code="5041903407"/>
</players>
</general>
<round no="0"><action no="1" player="SVA912o6F" type="15" discard="1" dealt="1" sum="5"/>
<action no="2" player="KOPKHUNKRAP" type="15" sum="5"/>
<action no="3" player="deIduKA" type="15" discard="1" dealt="1" sum="5"/>
<action no="4" player="SVA912o6F" type="1" discard="1" dealt="1" sum="15"/>
<action no="5" player="KOPKHUNKRAP" type="2" sum="30"/>
</round>
<round no="1"><cards type="Pocket" player="deIduKA">X X</cards>
<cards type="Pocket" player="KOPKHUNKRAP">HQ S2</cards>
<cards type="Pocket" player="SVA912o6F">X X</cards>
<action no="6" player="deIduKA" type="23" discard="1" dealt="1" sum="60"/>
<action no="7" player="SVA912o6F" type="0" discard="1" dealt="1" sum="0"/>
<action no="8" player="KOPKHUNKRAP" type="0" sum="0"/>
</round>
</game>
<game gamecode="6406476402"><general><startdate>2025-06-15 18:30:03</startdate>
<round>1</round>
<failsafecounter/>
<players><player seat="3" name="deIduKA" chips="625" dealer="0" win="105" bet="113" muck="1" rebuy="0" addon="0" merge="0" rebuychips="0" reg_code="5041902747"/>
<player seat="6" name="SVA912o6F" chips="270" dealer="1" win="0" bet="35" muck="1" rebuy="0" addon="0" merge="0" rebuychips="0" reg_code="5041903407"/>
<player seat="10" name="KOPKHUNKRAP" chips="605" dealer="0" win="0" bet="35" muck="1" rebuy="0" addon="0" merge="0" rebuychips="0" reg_code="5041904831"/>
</players>
</general>
<round no="0"><action no="1" player="KOPKHUNKRAP" type="15" sum="5"/>
<action no="2" player="deIduKA" type="15" discard="1" dealt="1" sum="5"/>
<action no="3" player="SVA912o6F" type="15" discard="1" dealt="1" sum="5"/>
<action no="4" player="KOPKHUNKRAP" type="1" sum="15"/>
<action no="5" player="deIduKA" type="2" discard="1" dealt="1" sum="30"/>
</round>
<round no="1"><cards type="Pocket" player="deIduKA">X X</cards>
<cards type="Pocket" player="SVA912o6F">X X</cards>
<cards type="Pocket" player="KOPKHUNKRAP">S7 H9</cards>
<action no="6" player="SVA912o6F" type="3" discard="1" dealt="1" sum="30"/>
<action no="7" player="KOPKHUNKRAP" type="3" sum="15"/>
<action no="8" player="deIduKA" type="4" discard="1" dealt="1" sum="0"/>
</round>
<round no="2"><cards type="Flop">SJ D6 SA</cards>
<action no="9" player="KOPKHUNKRAP" type="4" sum="0"/>
<action no="10" player="deIduKA" type="4" discard="1" dealt="1" sum="0"/>
<action no="11" player="SVA912o6F" type="4" discard="1" dealt="1" sum="0"/>
</round>
<round no="3"><cards type="Turn">D3</cards>
<action no="12" player="KOPKHUNKRAP" type="4" sum="0"/>
<action no="13" player="deIduKA" type="4" discard="1" dealt="1" sum="0"/>
<action no="14" player="SVA912o6F" type="4" discard="1" dealt="1" sum="0"/>
</round>
<round no="4"><cards type="River">H5</cards>
<action no="15" player="KOPKHUNKRAP" type="4" sum="0"/>
<action no="16" player="deIduKA" type="5" discard="1" dealt="1" sum="78"/>
<action no="17" player="SVA912o6F" type="0" discard="1" dealt="1" sum="0"/>
<action no="18" player="KOPKHUNKRAP" type="0" sum="0"/>
</round>
</game>
<game gamecode="6406476472"><general><startdate>2025-06-15 18:30:55</startdate>
<round>1</round>
<failsafecounter/>
<players><player seat="6" name="SVA912o6F" chips="235" dealer="0" win="0" bet="235" muck="1" rebuy="0" addon="0" merge="0" rebuychips="0" reg_code="5041903407"/>
<player seat="10" name="KOPKHUNKRAP" chips="570" dealer="1" win="0" bet="5" muck="1" rebuy="0" addon="0" merge="0" rebuychips="0" reg_code="5041904831"/>
<player seat="3" name="deIduKA" chips="695" dealer="0" win="475" bet="695" muck="0" rebuy="0" addon="0" merge="0" rebuychips="0" reg_code="5041902747"/>
</players>
</general>
<round no="0"><action no="1" player="deIduKA" type="15" discard="1" dealt="1" sum="5"/>
<action no="2" player="SVA912o6F" type="15" discard="1" dealt="1" sum="5"/>
<action no="3" player="KOPKHUNKRAP" type="15" sum="5"/>
<action no="4" player="deIduKA" type="1" discard="1" dealt="1" sum="20"/>
<action no="5" player="SVA912o6F" type="2" discard="1" dealt="1" sum="40"/>
</round>
<round no="1"><cards type="Pocket" player="KOPKHUNKRAP">S5 DJ</cards>
<cards type="Pocket" player="deIduKA">D9 S8</cards>
<cards type="Pocket" player="SVA912o6F">DA H5</cards>
<action no="6" player="KOPKHUNKRAP" type="0" sum="0"/>
<action no="7" player="deIduKA" type="23" discard="1" dealt="1" sum="690"/>
<action no="8" player="SVA912o6F" type="7" discard="1" dealt="1" sum="190"/>
</round>
<round no="2"><cards type="Flop">DQ S7 HJ</cards>
</round>
<round no="3"><cards type="Turn">C4</cards>
</round>
<round no="4"><cards type="River">C8</cards>
</round>
</game>
<game gamecode="6406476488"><general><startdate>2025-06-15 18:31:12</startdate>
<round>1</round>
<failsafecounter/>
<players><player seat="10" name="KOPKHUNKRAP" chips="565" dealer="0" win="90" bet="565" muck="1" rebuy="0" addon="0" merge="0" rebuychips="0" reg_code="5041904831"/>
<player seat="3" name="deIduKA" chips="935" dealer="1" win="0" bet="45" muck="1" rebuy="0" addon="0" merge="0" rebuychips="0" reg_code="5041902747"/>
</players>
</general>
<round no="0"><action no="1" player="deIduKA" type="15" discard="1" dealt="1" sum="5"/>
<action no="2" player="KOPKHUNKRAP" type="15" sum="5"/>
<action no="3" player="deIduKA" type="1" discard="1" dealt="1" sum="20"/>
<action no="4" player="KOPKHUNKRAP" type="2" sum="40"/>
</round>
<round no="1"><cards type="Pocket" player="deIduKA">X X</cards>
<cards type="Pocket" player="KOPKHUNKRAP">D5 H5</cards>
<action no="5" player="deIduKA" type="3" discard="1" dealt="1" sum="20"/>
<action no="6" player="KOPKHUNKRAP" type="23" sum="560"/>
<action no="7" player="deIduKA" type="0" discard="1" dealt="1" sum="0"/>
</round>
</game>
<game gamecode="6406476501"><general><startdate>2025-06-15 18:31:22</startdate>
<round>1</round>
<failsafecounter/>
<players><player seat="3" name="deIduKA" chips="890" dealer="0" win="170" bet="170" muck="1" rebuy="0" addon="0" merge="0" rebuychips="0" reg_code="5041902747"/>
<player seat="10" name="KOPKHUNKRAP" chips="610" dealer="1" win="0" bet="85" muck="1" rebuy="0" addon="0" merge="0" rebuychips="0" reg_code="5041904831"/>
</players>
</general>
<round no="0"><action no="1" player="KOPKHUNKRAP" type="15" sum="5"/>
<action no="2" player="deIduKA" type="15" discard="1" dealt="1" sum="5"/>
<action no="3" player="KOPKHUNKRAP" type="1" sum="20"/>
<action no="4" player="deIduKA" type="2" discard="1" dealt="1" sum="40"/>
</round>
<round no="1"><cards type="Pocket" player="deIduKA">X X</cards>
<cards type="Pocket" player="KOPKHUNKRAP">C10 D6</cards>
<action no="5" player="KOPKHUNKRAP" type="3" sum="20"/>
<action no="6" player="deIduKA" type="4" discard="1" dealt="1" sum="0"/>
</round>
<round no="2"><cards type="Flop">HQ HK H8</cards>
<action no="7" player="deIduKA" type="4" discard="1" dealt="1" sum="0"/>
<action no="8" player="KOPKHUNKRAP" type="5" sum="40"/>
<action no="9" player="deIduKA" type="3" discard="1" dealt="1" sum="40"/>
</round>
<round no="3"><cards type="Turn">H2</cards>
<action no="10" player="deIduKA" type="4" discard="1" dealt="1" sum="0"/>
<action no="11" player="KOPKHUNKRAP" type="4" sum="0"/>
</round>
<round no="4"><cards type="River">D7</cards>
<action no="12" player="deIduKA" type="5" discard="1" dealt="1" sum="85"/>
<action no="13" player="KOPKHUNKRAP" type="0" sum="0"/>
</round>
</game>
<game gamecode="6406476551"><general><startdate>2025-06-15 18:31:57</startdate>
<round>1</round>
<failsafecounter/>
<players><player seat="10" name="KOPKHUNKRAP" chips="525" dealer="0" win="90" bet="105" muck="1" rebuy="0" addon="0" merge="0" rebuychips="0" reg_code="5041904831"/>
<player seat="3" name="deIduKA" chips="975" dealer="1" win="0" bet="45" muck="1" rebuy="0" addon="0" merge="0" rebuychips="0" reg_code="5041902747"/>
</players>
</general>
<round no="0"><action no="1" player="deIduKA" type="15" discard="1" dealt="1" sum="5"/>
<action no="2" player="KOPKHUNKRAP" type="15" sum="5"/>
<action no="3" player="deIduKA" type="1" discard="1" dealt="1" sum="20"/>
<action no="4" player="KOPKHUNKRAP" type="2" sum="40"/>
</round>
<round no="1"><cards type="Pocket" player="KOPKHUNKRAP">CJ HJ</cards>
<cards type="Pocket" player="deIduKA">X X</cards>
<action no="5" player="deIduKA" type="3" discard="1" dealt="1" sum="20"/>
<action no="6" player="KOPKHUNKRAP" type="23" sum="100"/>
<action no="7" player="deIduKA" type="0" discard="1" dealt="1" sum="0"/>
</round>
</game>
<game gamecode="6406476577"><general><startdate>2025-06-15 18:32:12</startdate>
<round>1</round>
<failsafecounter/>
<players><player seat="3" name="deIduKA" chips="930" dealer="0" win="0" bet="65" muck="1" rebuy="0" addon="0" merge="0" rebuychips="0" reg_code="5041902747"/>
<player seat="10" name="KOPKHUNKRAP" chips="570" dealer="1" win="130" bet="570" muck="1" rebuy="0" addon="0" merge="0" rebuychips="0" reg_code="5041904831"/>
</players>
</general>
<round no="0"><action no="1" player="KOPKHUNKRAP" type="15" sum="5"/>
<action no="2" player="deIduKA" type="15" discard="1" dealt="1" sum="5"/>
<action no="3" player="KOPKHUNKRAP" type="1" sum="30"/>
<action no="4" player="deIduKA" type="2" discard="1" dealt="1" sum="60"/>
</round>
<round no="1"><cards type="Pocket" player="KOPKHUNKRAP">CA D5</cards>
<cards type="Pocket" player="deIduKA">X X</cards>
<action no="5" player="KOPKHUNKRAP" type="23" sum="565"/>
<action no="6" player="deIduKA" type="0" discard="1" dealt="1" sum="0"/>
</round>
</game>
<game gamecode="6406476586"><general><startdate>2025-06-15 18:32:19</startdate>
<round>1</round>
<failsafecounter/>
<players><player seat="10" name="KOPKHUNKRAP" chips="635" dealer="0" win="0" bet="312" muck="1" rebuy="0" addon="0" merge="0" rebuychips="0" reg_code="5041904831"/>
<player seat="3" name="deIduKA" chips="865" dealer="1" win="624" bet="312" muck="0" rebuy="0" addon="0" merge="0" rebuychips="0" reg_code="5041902747"/>
</players>
</general>
<round no="0"><action no="1" player="deIduKA" type="15" discard="1" dealt="1" sum="5"/>
<action no="2" player="KOPKHUNKRAP" type="15" sum="5"/>
<action no="3" player="deIduKA" type="1" discard="1" dealt="1" sum="30"/>
<action no="4" player="KOPKHUNKRAP" type="2" sum="60"/>
</round>
<round no="1"><cards type="Pocket" player="deIduKA">HK CJ</cards>
<cards type="Pocket" player="KOPKHUNKRAP">H7 H9</cards>
<action no="5" player="deIduKA" type="3" discard="1" dealt="1" sum="30"/>
<action no="6" player="KOPKHUNKRAP" type="4" sum="0"/>
</round>
<round no="2"><cards type="Flop">CQ S2 S7</cards>
<action no="7" player="KOPKHUNKRAP" type="4" sum="0"/>
<action no="8" player="deIduKA" type="4" discard="1" dealt="1" sum="0"/>
</round>
<round no="3"><cards type="Turn">HQ</cards>
<action no="9" player="KOPKHUNKRAP" type="5" sum="60"/>
<action no="10" player="deIduKA" type="3" discard="1" dealt="1" sum="60"/>
</round>
<round no="4"><cards type="River">DJ</cards>
<action no="11" player="KOPKHUNKRAP" type="4" sum="0"/>
<action no="12" player="deIduKA" type="5" discard="1" dealt="1" sum="187"/>
<action no="13" player="KOPKHUNKRAP" type="3" sum="187"/>
</round>
</game>
<game gamecode="6406476637"><general><startdate>2025-06-15 18:32:56</startdate>
<round>1</round>
<failsafecounter/>
<players><player seat="3" name="deIduKA" chips="1,177" dealer="0" win="70" bet="65" muck="1" rebuy="0" addon="0" merge="0" rebuychips="0" reg_code="5041902747"/>
<player seat="10" name="KOPKHUNKRAP" chips="323" dealer="1" win="0" bet="35" muck="1" rebuy="0" addon="0" merge="0" rebuychips="0" reg_code="5041904831"/>
</players>
</general>
<round no="0"><action no="1" player="KOPKHUNKRAP" type="15" sum="5"/>
<action no="2" player="deIduKA" type="15" discard="1" dealt="1" sum="5"/>
<action no="3" player="KOPKHUNKRAP" type="1" sum="30"/>
<action no="4" player="deIduKA" type="2" discard="1" dealt="1" sum="60"/>
</round>
<round no="1"><cards type="Pocket" player="KOPKHUNKRAP">S3 D8</cards>
<cards type="Pocket" player="deIduKA">X X</cards>
<action no="5" player="KOPKHUNKRAP" type="0" sum="0"/>
</round>
</game>
<game gamecode="6406476644"><general><startdate>2025-06-15 18:33:01</startdate>
<round>1</round>
<failsafecounter/>
<players><player seat="10" name="KOPKHUNKRAP" chips="288" dealer="0" win="576" bet="288" muck="0" rebuy="0" addon="0" merge="0" rebuychips="0" reg_code="5041904831"/>
<player seat="3" name="deIduKA" chips="1,212" dealer="1" win="0" bet="1,212" muck="0" rebuy="0" addon="0" merge="0" rebuychips="0" reg_code="5041902747"/>
</players>
</general>
<round no="0"><action no="1" player="deIduKA" type="15" discard="1" dealt="1" sum="5"/>
<action no="2" player="KOPKHUNKRAP" type="15" sum="5"/>
<action no="3" player="deIduKA" type="1" discard="1" dealt="1" sum="30"/>
<action no="4" player="KOPKHUNKRAP" type="2" sum="60"/>
</round>
<round no="1"><cards type="Pocket" player="deIduKA">SA SJ</cards>
<cards type="Pocket" player="KOPKHUNKRAP">D6 CA</cards>
<action no="5" player="deIduKA" type="23" discard="1" dealt="1" sum="1,207"/>
<action no="6" player="KOPKHUNKRAP" type="7" sum="223"/>
</round>
<round no="2"><cards type="Flop">S8 H5 D7</cards>
</round>
<round no="3"><cards type="Turn">D4</cards>
</round>
<round no="4"><cards type="River">D3</cards>
</round>
</game>
<game gamecode="6406476667"><general><startdate>2025-06-15 18:33:15</startdate>
<round>1</round>
<failsafecounter/>
<players><player seat="3" name="deIduKA" chips="924" dealer="0" win="130" bet="924" muck="1" rebuy="0" addon="0" merge="0" rebuychips="0" reg_code="5041902747"/>
<player seat="10" name="KOPKHUNKRAP" chips="576" dealer="1" win="0" bet="65" muck="1" rebuy="0" addon="0" merge="0" rebuychips="0" reg_code="5041904831"/>
</players>
</general>
<round no="0"><action no="1" player="KOPKHUNKRAP" type="15" sum="5"/>
<action no="2" player="deIduKA" type="15" discard="1" dealt="1" sum="5"/>
<action no="3" player="KOPKHUNKRAP" type="1" sum="30"/>
<action no="4" player="deIduKA" type="2" discard="1" dealt="1" sum="60"/>
</round>
<round no="1"><cards type="Pocket" player="deIduKA">X X</cards>
<cards type="Pocket" player="KOPKHUNKRAP">S2 SQ</cards>
<action no="5" player="KOPKHUNKRAP" type="3" sum="30"/>
<action no="6" player="deIduKA" type="23" discard="1" dealt="1" sum="919"/>
<action no="7" player="KOPKHUNKRAP" type="0" sum="0"/>
</round>
</game>
<game gamecode="6406476688"><general><startdate>2025-06-15 18:33:25</startdate>
<round>1</round>
<failsafecounter/>
<players><player seat="10" name="KOPKHUNKRAP" chips="511" dealer="0" win="0" bet="65" muck="1" rebuy="0" addon="0" merge="0" rebuychips="0" reg_code="5041904831"/>
<player seat="3" name="deIduKA" chips="989" dealer="1" win="130" bet="989" muck="1" rebuy="0" addon="0" merge="0" rebuychips="0" reg_code="5041902747"/>
</players>
</general>
<round no="0"><action no="1" player="deIduKA" type="15" discard="1" dealt="1" sum="5"/>
<action no="2" player="KOPKHUNKRAP" type="15" sum="5"/>
<action no="3" player="deIduKA" type="1" discard="1" dealt="1" sum="30"/>
<action no="4" player="KOPKHUNKRAP" type="2" sum="60"/>
</round>
<round no="1"><cards type="Pocket" player="deIduKA">X X</cards>
<cards type="Pocket" player="KOPKHUNKRAP">HQ D6</cards>
<action no="5" player="deIduKA" type="23" discard="1" dealt="1" sum="984"/>
<action no="6" player="KOPKHUNKRAP" type="0" sum="0"/>
</round>
</game>
<game gamecode="6406476702"><general><startdate>2025-06-15 18:33:33</startdate>
<round>1</round>
<failsafecounter/>
<players><player seat="3" name="deIduKA" chips="1,054" dealer="0" win="0" bet="65" muck="1" rebuy="0" addon="0" merge="0" rebuychips="0" reg_code="5041902747"/>
<player seat="10" name="KOPKHUNKRAP" chips="446" dealer="1" win="130" bet="446" muck="1" rebuy="0" addon="0" merge="0" rebuychips="0" reg_code="5041904831"/>
</players>
</general>
<round no="0"><action no="1" player="KOPKHUNKRAP" type="15" sum="5"/>
<action no="2" player="deIduKA" type="15" discard="1" dealt="1" sum="5"/>
<action no="3" player="KOPKHUNKRAP" type="1" sum="30"/>
<action no="4" player="deIduKA" type="2" discard="1" dealt="1" sum="60"/>
</round>
<round no="1"><cards type="Pocket" player="KOPKHUNKRAP">S5 DQ</cards>
<cards type="Pocket" player="deIduKA">X X</cards>
<action no="5" player="KOPKHUNKRAP" type="23" sum="441"/>
<action no="6" player="deIduKA" type="0" discard="1" dealt="1" sum="0"/>
</round>
</game>
<game gamecode="6406476709"><general><startdate>2025-06-15 18:33:39</startdate>
<round>1</round>
<failsafecounter/>
<players><player seat="10" name="KOPKHUNKRAP" chips="511" dealer="0" win="130" bet="511" muck="1" rebuy="0" addon="0" merge="0" rebuychips="0" reg_code="5041904831"/>
<player seat="3" name="deIduKA" chips="989" dealer="1" win="0" bet="65" muck="1" rebuy="0" addon="0" merge="0" rebuychips="0" reg_code="5041902747"/>
</players>
</general>
<round no="0"><action no="1" player="deIduKA" type="15" discard="1" dealt="1" sum="5"/>
<action no="2" player="KOPKHUNKRAP" type="15" sum="5"/>
<action no="3" player="deIduKA" type="1" discard="1" dealt="1" sum="30"/>
<action no="4" player="KOPKHUNKRAP" type="2" sum="60"/>
</round>
<round no="1"><cards type="Pocket" player="KOPKHUNKRAP">D5 DA</cards>
<cards type="Pocket" player="deIduKA">X X</cards>
<action no="5" player="deIduKA" type="3" discard="1" dealt="1" sum="30"/>
<action no="6" player="KOPKHUNKRAP" type="23" sum="506"/>
<action no="7" player="deIduKA" type="0" discard="1" dealt="1" sum="0"/>
</round>
</game>
<game gamecode="6406476730"><general><startdate>2025-06-15 18:33:49</startdate>
<round>1</round>
<failsafecounter/>
<players><player seat="3" name="deIduKA" chips="924" dealer="0" win="96" bet="88" muck="1" rebuy="0" addon="0" merge="0" rebuychips="0" reg_code="5041902747"/>
<player seat="10" name="KOPKHUNKRAP" chips="576" dealer="1" win="0" bet="48" muck="1" rebuy="0" addon="0" merge="0" rebuychips="0" reg_code="5041904831"/>
</players>
</general>
<round no="0"><action no="1" player="KOPKHUNKRAP" type="15" sum="8"/>
<action no="2" player="deIduKA" type="15" discard="1" dealt="1" sum="8"/>
<action no="3" player="KOPKHUNKRAP" type="1" sum="40"/>
<action no="4" player="deIduKA" type="2" discard="1" dealt="1" sum="80"/>
</round>
<round no="1"><cards type="Pocket" player="deIduKA">X X</cards>
<cards type="Pocket" player="KOPKHUNKRAP">D4 C9</cards>
<action no="5" player="KOPKHUNKRAP" type="0" sum="0"/>
</round>
</game>
<game gamecode="6406476741"><general><startdate>2025-06-15 18:33:54</startdate>
<round>1</round>
<failsafecounter/>
<players><player seat="10" name="KOPKHUNKRAP" chips="528" dealer="0" win="96" bet="88" muck="1" rebuy="0" addon="0" merge="0" rebuychips="0" reg_code="5041904831"/>
<player seat="3" name="deIduKA" chips="972" dealer="1" win="0" bet="48" muck="1" rebuy="0" addon="0" merge="0" rebuychips="0" reg_code="5041902747"/>
</players>
</general>
<round no="0"><action no="1" player="deIduKA" type="15" discard="1" dealt="1" sum="8"/>
<action no="2" player="KOPKHUNKRAP" type="15" sum="8"/>
<action no="3" player="deIduKA" type="1" discard="1" dealt="1" sum="40"/>
<action no="4" player="KOPKHUNKRAP" type="2" sum="80"/>
</round>
<round no="1"><cards type="Pocket" player="KOPKHUNKRAP">DA S2</cards>
<cards type="Pocket" player="deIduKA">X X</cards>
<action no="5" player="deIduKA" type="0" discard="1" dealt="1" sum="0"/>
</round>
</game>
<game gamecode="6406476750"><general><startdate>2025-06-15 18:33:59</startdate>
<round>1</round>
<failsafecounter/>
<players><player seat="3" name="deIduKA" chips="924" dealer="0" win="0" bet="88" muck="1" rebuy="0" addon="0" merge="0" rebuychips="0" reg_code="5041902747"/>
<player seat="10" name="KOPKHUNKRAP" chips="576" dealer="1" win="176" bet="576" muck="1" rebuy="0" addon="0" merge="0" rebuychips="0" reg_code="5041904831"/>
</players>
</general>
<round no="0"><action no="1" player="KOPKHUNKRAP" type="15" sum="8"/>
<action no="2" player="deIduKA" type="15" discard="1" dealt="1" sum="8"/>
<action no="3" player="KOPKHUNKRAP" type="1" sum="40"/>
<action no="4" player="deIduKA" type="2" discard="1" dealt="1" sum="80"/>
</round>
<round no="1"><cards type="Pocket" player="KOPKHUNKRAP">D10 CA</cards>
<cards type="Pocket" player="deIduKA">X X</cards>
<action no="5" player="KOPKHUNKRAP" type="23" sum="568"/>
<action no="6" player="deIduKA" type="0" discard="1" dealt="1" sum="0"/>
</round>
</game>
<game gamecode="6406476761"><general><startdate>2025-06-15 18:34:07</startdate>
<round>1</round>
<failsafecounter/>
<players><player seat="10" name="KOPKHUNKRAP" chips="664" dealer="0" win="0" bet="88" muck="1" rebuy="0" addon="0" merge="0" rebuychips="0" reg_code="5041904831"/>
<player seat="3" name="deIduKA" chips="836" dealer="1" win="176" bet="836" muck="1" rebuy="0" addon="0" merge="0" rebuychips="0" reg_code="5041902747"/>
</players>
</general>
<round no="0"><action no="1" player="deIduKA" type="15" discard="1" dealt="1" sum="8"/>
<action no="2" player="KOPKHUNKRAP" type="15" sum="8"/>
<action no="3" player="deIduKA" type="1" discard="1" dealt="1" sum="40"/>
<action no="4" player="KOPKHUNKRAP" type="2" sum="80"/>
</round>
<round no="1"><cards type="Pocket" player="deIduKA">X X</cards>
<cards type="Pocket" player="KOPKHUNKRAP">H4 S6</cards>
<action no="5" player="deIduKA" type="23" discard="1" dealt="1" sum="828"/>
<action no="6" player="KOPKHUNKRAP" type="0" sum="0"/>
</round>
</game>
<game gamecode="6406476772"><general><startdate>2025-06-15 18:34:14</startdate>
<round>1</round>
<failsafecounter/>
<players><player seat="3" name="deIduKA" chips="924" dealer="0" win="96" bet="88" muck="1" rebuy="0" addon="0" merge="0" rebuychips="0" reg_code="5041902747"/>
<player seat="10" name="KOPKHUNKRAP" chips="576" dealer="1" win="0" bet="48" muck="1" rebuy="0" addon="0" merge="0" rebuychips="0" reg_code="5041904831"/>
</players>
</general>
<round no="0"><action no="1" player="KOPKHUNKRAP" type="15" sum="8"/>
<action no="2" player="deIduKA" type="15" discard="1" dealt="1" sum="8"/>
<action no="3" player="KOPKHUNKRAP" type="1" sum="40"/>
<action no="4" player="deIduKA" type="2" discard="1" dealt="1" sum="80"/>
</round>
<round no="1"><cards type="Pocket" player="KOPKHUNKRAP">H4 D10</cards>
<cards type="Pocket" player="deIduKA">X X</cards>
<action no="5" player="KOPKHUNKRAP" type="0" sum="0"/>
</round>
</game>
<game gamecode="6406476780"><general><startdate>2025-06-15 18:34:21</startdate>
<round>1</round>
<failsafecounter/>
<players><player seat="10" name="KOPKHUNKRAP" chips="528" dealer="0" win="96" bet="88" muck="1" rebuy="0" addon="0" merge="0" rebuychips="0" reg_code="5041904831"/>
<player seat="3" name="deIduKA" chips="972" dealer="1" win="0" bet="48" muck="1" rebuy="0" addon="0" merge="0" rebuychips="0" reg_code="5041902747"/>
</players>
</general>
<round no="0"><action no="1" player="deIduKA" type="15" discard="1" dealt="1" sum="8"/>
<action no="2" player="KOPKHUNKRAP" type="15" sum="8"/>
<action no="3" player="deIduKA" type="1" discard="1" dealt="1" sum="40"/>
<action no="4" player="KOPKHUNKRAP" type="2" sum="80"/>
</round>
<round no="1"><cards type="Pocket" player="KOPKHUNKRAP">H3 D10</cards>
<cards type="Pocket" player="deIduKA">X X</cards>
<action no="5" player="deIduKA" type="0" discard="1" dealt="1" sum="0"/>
</round>
</game>
<game gamecode="6406476790"><general><startdate>2025-06-15 18:34:26</startdate>
<round>1</round>
<failsafecounter/>
<players><player seat="3" name="deIduKA" chips="924" dealer="0" win="0" bet="576" muck="1" rebuy="0" addon="0" merge="0" rebuychips="0" reg_code="5041902747"/>
<player seat="10" name="KOPKHUNKRAP" chips="576" dealer="1" win="1,152" bet="576" muck="0" rebuy="0" addon="0" merge="0" rebuychips="0" reg_code="5041904831"/>
</players>
</general>
<round no="0"><action no="1" player="KOPKHUNKRAP" type="15" sum="8"/>
<action no="2" player="deIduKA" type="15" discard="1" dealt="1" sum="8"/>
<action no="3" player="KOPKHUNKRAP" type="1" sum="40"/>
<action no="4" player="deIduKA" type="2" discard="1" dealt="1" sum="80"/>
</round>
<round no="1"><cards type="Pocket" player="deIduKA">S8 C8</cards>
<cards type="Pocket" player="KOPKHUNKRAP">H7 CQ</cards>
<action no="5" player="KOPKHUNKRAP" type="23" sum="568"/>
<action no="6" player="deIduKA" type="3" discard="1" dealt="1" sum="488"/>
</round>
<round no="2"><cards type="Flop">H5 DQ D5</cards>
</round>
<round no="3"><cards type="Turn">C4</cards>
</round>
<round no="4"><cards type="River">HA</cards>
</round>
</game>
<game gamecode="6406476815"><general><startdate>2025-06-15 18:34:41</startdate>
<round>1</round>
<failsafecounter/>
<players><player seat="10" name="KOPKHUNKRAP" chips="1,152" dealer="0" win="0" bet="348" muck="1" rebuy="0" addon="0" merge="0" rebuychips="0" reg_code="5041904831"/>
<player seat="3" name="deIduKA" chips="348" dealer="1" win="696" bet="348" muck="0" rebuy="0" addon="0" merge="0" rebuychips="0" reg_code="5041902747"/>
</players>
</general>
<round no="0"><action no="1" player="deIduKA" type="15" discard="1" dealt="1" sum="8"/>
<action no="2" player="KOPKHUNKRAP" type="15" sum="8"/>
<action no="3" player="deIduKA" type="1" discard="1" dealt="1" sum="40"/>
<action no="4" player="KOPKHUNKRAP" type="2" sum="80"/>
</round>
<round no="1"><cards type="Pocket" player="KOPKHUNKRAP">S2 SA</cards>
<cards type="Pocket" player="deIduKA">HJ HQ</cards>
<action no="5" player="deIduKA" type="23" discard="1" dealt="1" sum="340"/>
<action no="6" player="KOPKHUNKRAP" type="3" sum="260"/>
</round>
<round no="2"><cards type="Flop">H8 DA SQ</cards>
</round>
<round no="3"><cards type="Turn">S3</cards>
</round>
<round no="4"><cards type="River">CJ</cards>
</round>
</game>
<game gamecode="6406476838"><general><startdate>2025-06-15 18:34:55</startdate>
<round>1</round>
<failsafecounter/>
<players><player seat="3" name="deIduKA" chips="696" dealer="0" win="0" bet="88" muck="1" rebuy="0" addon="0" merge="0" rebuychips="0" reg_code="5041902747"/>
<player seat="10" name="KOPKHUNKRAP" chips="804" dealer="1" win="176" bet="804" muck="1" rebuy="0" addon="0" merge="0" rebuychips="0" reg_code="5041904831"/>
</players>
</general>
<round no="0"><action no="1" player="KOPKHUNKRAP" type="15" sum="8"/>
<action no="2" player="deIduKA" type="15" discard="1" dealt="1" sum="8"/>
<action no="3" player="KOPKHUNKRAP" type="1" sum="40"/>
<action no="4" player="deIduKA" type="2" discard="1" dealt="1" sum="80"/>
</round>
<round no="1"><cards type="Pocket" player="KOPKHUNKRAP">CQ D6</cards>
<cards type="Pocket" player="deIduKA">X X</cards>
<action no="5" player="KOPKHUNKRAP" type="23" sum="796"/>
<action no="6" player="deIduKA" type="0" discard="1" dealt="1" sum="0"/>
</round>
</game>
<game gamecode="6406476851"><general><startdate>2025-06-15 18:35:05</startdate>
<round>1</round>
<failsafecounter/>
<players><player seat="10" name="KOPKHUNKRAP" chips="892" dealer="0" win="96" bet="88" muck="1" rebuy="0" addon="0" merge="0" rebuychips="0" reg_code="5041904831"/>
<player seat="3" name="deIduKA" chips="608" dealer="1" win="0" bet="48" muck="1" rebuy="0" addon="0" merge="0" rebuychips="0" reg_code="5041902747"/>
</players>
</general>
<round no="0"><action no="1" player="deIduKA" type="15" discard="1" dealt="1" sum="8"/>
<action no="2" player="KOPKHUNKRAP" type="15" sum="8"/>
<action no="3" player="deIduKA" type="1" discard="1" dealt="1" sum="40"/>
<action no="4" player="KOPKHUNKRAP" type="2" sum="80"/>
</round>
<round no="1"><cards type="Pocket" player="KOPKHUNKRAP">D7 H3</cards>
<cards type="Pocket" player="deIduKA">X X</cards>
<action no="5" player="deIduKA" type="0" discard="1" dealt="1" sum="0"/>
</round>
</game>
<game gamecode="6406476864"><general><startdate>2025-06-15 18:35:12</startdate>
<round>1</round>
<failsafecounter/>
<players><player seat="3" name="deIduKA" chips="560" dealer="0" win="96" bet="88" muck="1" rebuy="0" addon="0" merge="0" rebuychips="0" reg_code="5041902747"/>
<player seat="10" name="KOPKHUNKRAP" chips="940" dealer="1" win="0" bet="48" muck="1" rebuy="0" addon="0" merge="0" rebuychips="0" reg_code="5041904831"/>
</players>
</general>
<round no="0"><action no="1" player="KOPKHUNKRAP" type="15" sum="8"/>
<action no="2" player="deIduKA" type="15" discard="1" dealt="1" sum="8"/>
<action no="3" player="KOPKHUNKRAP" type="1" sum="40"/>
<action no="4" player="deIduKA" type="2" discard="1" dealt="1" sum="80"/>
</round>
<round no="1"><cards type="Pocket" player="KOPKHUNKRAP">S10 C2</cards>
<cards type="Pocket" player="deIduKA">X X</cards>
<action no="5" player="KOPKHUNKRAP" type="0" sum="0"/>
</round>
</game>
<game gamecode="6406476869"><general><startdate>2025-06-15 18:35:17</startdate>
<round>1</round>
<failsafecounter/>
<players><player seat="10" name="KOPKHUNKRAP" chips="892" dealer="0" win="96" bet="88" muck="1" rebuy="0" addon="0" merge="0" rebuychips="0" reg_code="5041904831"/>
<player seat="3" name="deIduKA" chips="608" dealer="1" win="0" bet="48" muck="1" rebuy="0" addon="0" merge="0" rebuychips="0" reg_code="5041902747"/>
</players>
</general>
<round no="0"><action no="1" player="deIduKA" type="15" discard="1" dealt="1" sum="8"/>
<action no="2" player="KOPKHUNKRAP" type="15" sum="8"/>
<action no="3" player="deIduKA" type="1" discard="1" dealt="1" sum="40"/>
<action no="4" player="KOPKHUNKRAP" type="2" sum="80"/>
</round>
<round no="1"><cards type="Pocket" player="KOPKHUNKRAP">CK S9</cards>
<cards type="Pocket" player="deIduKA">X X</cards>
<action no="5" player="deIduKA" type="0" discard="1" dealt="1" sum="0"/>
</round>
</game>
<game gamecode="6406476877"><general><startdate>2025-06-15 18:35:22</startdate>
<round>1</round>
<failsafecounter/>
<players><player seat="3" name="deIduKA" chips="560" dealer="0" win="0" bet="88" muck="1" rebuy="0" addon="0" merge="0" rebuychips="0" reg_code="5041902747"/>
<player seat="10" name="KOPKHUNKRAP" chips="940" dealer="1" win="176" bet="940" muck="1" rebuy="0" addon="0" merge="0" rebuychips="0" reg_code="5041904831"/>
</players>
</general>
<round no="0"><action no="1" player="KOPKHUNKRAP" type="15" sum="8"/>
<action no="2" player="deIduKA" type="15" discard="1" dealt="1" sum="8"/>
<action no="3" player="KOPKHUNKRAP" type="1" sum="40"/>
<action no="4" player="deIduKA" type="2" discard="1" dealt="1" sum="80"/>
</round>
<round no="1"><cards type="Pocket" player="deIduKA">X X</cards>
<cards type="Pocket" player="KOPKHUNKRAP">HK S3</cards>
<action no="5" player="KOPKHUNKRAP" type="23" sum="932"/>
<action no="6" player="deIduKA" type="0" discard="1" dealt="1" sum="0"/>
</round>
</game>
<game gamecode="6406476890"><general><startdate>2025-06-15 18:35:31</startdate>
<round>1</round>
<failsafecounter/>
<players><player seat="10" name="KOPKHUNKRAP" chips="1,028" dealer="0" win="120" bet="110" muck="1" rebuy="0" addon="0" merge="0" rebuychips="0" reg_code="5041904831"/>
<player seat="3" name="deIduKA" chips="472" dealer="1" win="0" bet="60" muck="1" rebuy="0" addon="0" merge="0" rebuychips="0" reg_code="5041902747"/>
</players>
</general>
<round no="0"><action no="1" player="deIduKA" type="15" discard="1" dealt="1" sum="10"/>
<action no="2" player="KOPKHUNKRAP" type="15" sum="10"/>
<action no="3" player="deIduKA" type="1" discard="1" dealt="1" sum="50"/>
<action no="4" player="KOPKHUNKRAP" type="2" sum="100"/>
</round>
<round no="1"><cards type="Pocket" player="KOPKHUNKRAP">H5 D3</cards>
<cards type="Pocket" player="deIduKA">X X</cards>
<action no="5" player="deIduKA" type="0" discard="1" dealt="1" sum="0"/>
</round>
</game>
<game gamecode="6406476898"><general><startdate>2025-06-15 18:35:36</startdate>
<round>1</round>
<failsafecounter/>
<players><player seat="3" name="deIduKA" chips="412" dealer="0" win="824" bet="412" muck="0" rebuy="0" addon="0" merge="0" rebuychips="0" reg_code="5041902747"/>
<player seat="10" name="KOPKHUNKRAP" chips="1,088" dealer="1" win="0" bet="1,088" muck="1" rebuy="0" addon="0" merge="0" rebuychips="0" reg_code="5041904831"/>
</players>
</general>
<round no="0"><action no="1" player="KOPKHUNKRAP" type="15" sum="10"/>
<action no="2" player="deIduKA" type="15" discard="1" dealt="1" sum="10"/>
<action no="3" player="KOPKHUNKRAP" type="1" sum="50"/>
<action no="4" player="deIduKA" type="2" discard="1" dealt="1" sum="100"/>
</round>
<round no="1"><cards type="Pocket" player="KOPKHUNKRAP">H4 D10</cards>
<cards type="Pocket" player="deIduKA">H10 S8</cards>
<action no="5" player="KOPKHUNKRAP" type="23" sum="1,078"/>
<action no="6" player="deIduKA" type="7" discard="1" dealt="1" sum="302"/>
</round>
<round no="2"><cards type="Flop">DA H8 DJ</cards>
</round>
<round no="3"><cards type="Turn">CK</cards>
</round>
<round no="4"><cards type="River">CA</cards>
</round>
</game>
<game gamecode="6406476926"><general><startdate>2025-06-15 18:35:57</startdate>
<round>1</round>
<failsafecounter/>
<players><player seat="10" name="KOPKHUNKRAP" chips="676" dealer="0" win="120" bet="110" muck="1" rebuy="0" addon="0" merge="0" rebuychips="0" reg_code="5041904831"/>
<player seat="3" name="deIduKA" chips="824" dealer="1" win="0" bet="60" muck="1" rebuy="0" addon="0" merge="0" rebuychips="0" reg_code="5041902747"/>
</players>
</general>
<round no="0"><action no="1" player="deIduKA" type="15" discard="1" dealt="1" sum="10"/>
<action no="2" player="KOPKHUNKRAP" type="15" sum="10"/>
<action no="3" player="deIduKA" type="1" discard="1" dealt="1" sum="50"/>
<action no="4" player="KOPKHUNKRAP" type="2" sum="100"/>
</round>
<round no="1"><cards type="Pocket" player="deIduKA">X X</cards>
<cards type="Pocket" player="KOPKHUNKRAP">SJ D7</cards>
<action no="5" player="deIduKA" type="0" discard="1" dealt="1" sum="0"/>
</round>
</game>
<game gamecode="6406476932"><general><startdate>2025-06-15 18:36:01</startdate>
<round>1</round>
<failsafecounter/>
<players><player seat="3" name="deIduKA" chips="764" dealer="0" win="120" bet="110" muck="1" rebuy="0" addon="0" merge="0" rebuychips="0" reg_code="5041902747"/>
<player seat="10" name="KOPKHUNKRAP" chips="736" dealer="1" win="0" bet="60" muck="1" rebuy="0" addon="0" merge="0" rebuychips="0" reg_code="5041904831"/>
</players>
</general>
<round no="0"><action no="1" player="KOPKHUNKRAP" type="15" sum="10"/>
<action no="2" player="deIduKA" type="15" discard="1" dealt="1" sum="10"/>
<action no="3" player="KOPKHUNKRAP" type="1" sum="50"/>
<action no="4" player="deIduKA" type="2" discard="1" dealt="1" sum="100"/>
</round>
<round no="1"><cards type="Pocket" player="deIduKA">X X</cards>
<cards type="Pocket" player="KOPKHUNKRAP">C5 S3</cards>
<action no="5" player="KOPKHUNKRAP" type="0" sum="0"/>
</round>
</game>
<game gamecode="6406476940"><general><startdate>2025-06-15 18:36:07</startdate>
<round>1</round>
<failsafecounter/>
<players><player seat="10" name="KOPKHUNKRAP" chips="676" dealer="0" win="1,352" bet="676" muck="0" rebuy="0" addon="0" merge="0" rebuychips="0" reg_code="5041904831"/>
<player seat="3" name="deIduKA" chips="824" dealer="1" win="0" bet="824" muck="0" rebuy="0" addon="0" merge="0" rebuychips="0" reg_code="5041902747"/>
</players>
</general>
<round no="0"><action no="1" player="deIduKA" type="15" discard="1" dealt="1" sum="10"/>
<action no="2" player="KOPKHUNKRAP" type="15" sum="10"/>
<action no="3" player="deIduKA" type="1" discard="1" dealt="1" sum="50"/>
<action no="4" player="KOPKHUNKRAP" type="2" sum="100"/>
</round>
<round no="1"><cards type="Pocket" player="deIduKA">H2 D2</cards>
<cards type="Pocket" player="KOPKHUNKRAP">C7 SQ</cards>
<action no="5" player="deIduKA" type="23" discard="1" dealt="1" sum="814"/>
<action no="6" player="KOPKHUNKRAP" type="7" sum="566"/>
</round>
<round no="2"><cards type="Flop">CJ D3 H7</cards>
</round>
<round no="3"><cards type="Turn">H9</cards>
</round>
<round no="4"><cards type="River">DQ</cards>
</round>
</game>
<game gamecode="6406476965"><general><startdate>2025-06-15 18:36:22</startdate>
<round>1</round>
<failsafecounter/>
<players><player seat="3" name="deIduKA" chips="148" dealer="0" win="296" bet="148" muck="0" rebuy="0" addon="0" merge="0" rebuychips="0" reg_code="5041902747"/>
<player seat="10" name="KOPKHUNKRAP" chips="1,352" dealer="1" win="0" bet="210" muck="1" rebuy="0" addon="0" merge="0" rebuychips="0" reg_code="5041904831"/>
</players>
</general>
<round no="0"><action no="1" player="KOPKHUNKRAP" type="15" sum="10"/>
<action no="2" player="deIduKA" type="15" discard="1" dealt="1" sum="10"/>
<action no="3" player="KOPKHUNKRAP" type="1" sum="50"/>
<action no="4" player="deIduKA" type="2" discard="1" dealt="1" sum="100"/>
</round>
<round no="1"><cards type="Pocket" player="deIduKA">D5 HK</cards>
<cards type="Pocket" player="KOPKHUNKRAP">D3 H4</cards>
<action no="5" player="KOPKHUNKRAP" type="23" sum="200"/>
<action no="6" player="deIduKA" type="7" discard="1" dealt="1" sum="38"/>
</round>
<round no="2"><cards type="Flop">H2 C8 C9</cards>
</round>
<round no="3"><cards type="Turn">D6</cards>
</round>
<round no="4"><cards type="River">SA</cards>
</round>
</game>
<game gamecode="6406476981"><general><startdate>2025-06-15 18:36:37</startdate>
<round>1</round>
<failsafecounter/>
<players><player seat="10" name="KOPKHUNKRAP" chips="1,204" dealer="0" win="120" bet="110" muck="1" rebuy="0" addon="0" merge="0" rebuychips="0" reg_code="5041904831"/>
<player seat="3" name="deIduKA" chips="296" dealer="1" win="0" bet="60" muck="1" rebuy="0" addon="0" merge="0" rebuychips="0" reg_code="5041902747"/>
</players>
</general>
<round no="0"><action no="1" player="deIduKA" type="15" discard="1" dealt="1" sum="10"/>
<action no="2" player="KOPKHUNKRAP" type="15" sum="10"/>
<action no="3" player="deIduKA" type="1" discard="1" dealt="1" sum="50"/>
<action no="4" player="KOPKHUNKRAP" type="2" sum="100"/>
</round>
<round no="1"><cards type="Pocket" player="deIduKA">X X</cards>
<cards type="Pocket" player="KOPKHUNKRAP">S3 SJ</cards>
<action no="5" player="deIduKA" type="0" discard="1" dealt="1" sum="0"/>
</round>
</game>
<game gamecode="6406476992"><general><startdate>2025-06-15 18:36:43</startdate>
<round>1</round>
<failsafecounter/>
<players><player seat="3" name="deIduKA" chips="236" dealer="0" win="472" bet="236" muck="0" rebuy="0" addon="0" merge="0" rebuychips="0" reg_code="5041902747"/>
<player seat="10" name="KOPKHUNKRAP" chips="1,264" dealer="1" win="0" bet="410" muck="1" rebuy="0" addon="0" merge="0" rebuychips="0" reg_code="5041904831"/>
</players>
</general>
<round no="0"><action no="1" player="KOPKHUNKRAP" type="15" sum="10"/>
<action no="2" player="deIduKA" type="15" discard="1" dealt="1" sum="10"/>
<action no="3" player="KOPKHUNKRAP" type="1" sum="50"/>
<action no="4" player="deIduKA" type="2" discard="1" dealt="1" sum="100"/>
</round>
<round no="1"><cards type="Pocket" player="KOPKHUNKRAP">CJ S2</cards>
<cards type="Pocket" player="deIduKA">H5 HQ</cards>
<action no="5" player="KOPKHUNKRAP" type="23" sum="400"/>
<action no="6" player="deIduKA" type="7" discard="1" dealt="1" sum="126"/>
</round>
<round no="2"><cards type="Flop">S4 S7 S6</cards>
</round>
<round no="3"><cards type="Turn">D4</cards>
</round>
<round no="4"><cards type="River">H10</cards>
</round>
</game>
<game gamecode="6406477017"><general><startdate>2025-06-15 18:36:59</startdate>
<round>1</round>
<failsafecounter/>
<players><player seat="10" name="KOPKHUNKRAP" chips="1,028" dealer="0" win="944" bet="472" muck="0" rebuy="0" addon="0" merge="0" rebuychips="0" reg_code="5041904831"/>
<player seat="3" name="deIduKA" chips="472" dealer="1" win="0" bet="472" muck="0" rebuy="0" addon="0" merge="0" rebuychips="0" reg_code="5041902747"/>
</players>
</general>
<round no="0"><action no="1" player="deIduKA" type="15" discard="1" dealt="1" sum="10"/>
<action no="2" player="KOPKHUNKRAP" type="15" sum="10"/>
<action no="3" player="deIduKA" type="1" discard="1" dealt="1" sum="50"/>
<action no="4" player="KOPKHUNKRAP" type="2" sum="100"/>
</round>
<round no="1"><cards type="Pocket" player="KOPKHUNKRAP">CJ SQ</cards>
<cards type="Pocket" player="deIduKA">DQ H4</cards>
<action no="5" player="deIduKA" type="23" discard="1" dealt="1" sum="462"/>
<action no="6" player="KOPKHUNKRAP" type="3" sum="362"/>
</round>
<round no="2"><cards type="Flop">S5 HA H3</cards>
</round>
<round no="3"><cards type="Turn">H8</cards>
</round>
<round no="4"><cards type="River">SJ</cards>
</round>
</game>
</session>
