<?xml version="1.0" encoding="UTF-8"?>
<session sessioncode="5052720300">
<general>
<client_version>25.1.1.16</client_version>
<mode>real</mode>
<gametype>Holdem NL</gametype>
<tablename>Twister €100 SNG, 815539561</tablename>
<tournamentcode>815539560</tournamentcode>
<tournamentname>Twister €100 SNG</tournamentname>
<buyin>€0 + €7 + €93</buyin>
<totalbuyin>€100</totalbuyin>
<rewarddrawn>€300</rewarddrawn>
<tournamentcurrency>EUR</tournamentcurrency>
<currency>EUR</currency>
<nickname>Rakki</nickname>
<gamecount>11</gamecount>
<startdate>2025-08-10 14:43:42</startdate>
<place>3</place>
<win>€0</win>
<tablesize>3</tablesize>
</general>
<game gamecode="6449952473"><general><startdate>2025-08-10 14:43:57</startdate>
<round>1</round>
<failsafecounter/>
<players><player seat="10" name="Sottosalpontos" chips="500" dealer="0" win="40" bet="500" muck="1" rebuy="0" addon="0" merge="0" rebuychips="0" reg_code="5052720453"/>
<player seat="3" name="Rakki" chips="500" dealer="1" win="0" bet="0" muck="1" rebuy="0" addon="0" merge="0" rebuychips="0" reg_code="5052720300"/>
<player seat="6" name="deIduKA" chips="500" dealer="0" win="0" bet="20" muck="1" rebuy="0" addon="0" merge="0" rebuychips="0" reg_code="5052720365"/>
</players>
</general>
<round no="0"><action no="1" player="deIduKA" type="1" discard="1" dealt="1" sum="10"/>
<action no="2" player="Sottosalpontos" type="2" discard="1" dealt="1" sum="20"/>
</round>
<round no="1"><cards type="Pocket" player="Sottosalpontos">X X</cards>
<cards type="Pocket" player="Rakki">D9 C2</cards>
<cards type="Pocket" player="deIduKA">X X</cards>
<action no="3" player="Rakki" type="0" sum="0"/>
<action no="4" player="deIduKA" type="3" discard="1" dealt="1" sum="10"/>
<action no="5" player="Sottosalpontos" type="23" discard="1" dealt="1" sum="500"/>
<action no="6" player="deIduKA" type="0" discard="1" dealt="1" sum="0"/>
</round>
</game>
<game gamecode="6449952516"><general><startdate>2025-08-10 14:44:22</startdate>
<round>1</round>
<failsafecounter/>
<players><player seat="3" name="Rakki" chips="500" dealer="0" win="0" bet="40" muck="1" rebuy="0" addon="0" merge="0" rebuychips="0" reg_code="5052720300"/>
<player seat="6" name="deIduKA" chips="480" dealer="1" win="90" bet="107" muck="1" rebuy="0" addon="0" merge="0" rebuychips="0" reg_code="5052720365"/>
<player seat="10" name="Sottosalpontos" chips="520" dealer="0" win="0" bet="10" muck="1" rebuy="0" addon="0" merge="0" rebuychips="0" reg_code="5052720453"/>
</players>
</general>
<round no="0"><action no="1" player="Sottosalpontos" type="1" discard="1" dealt="1" sum="10"/>
<action no="2" player="Rakki" type="2" sum="20"/>
</round>
<round no="1"><cards type="Pocket" player="deIduKA">X X</cards>
<cards type="Pocket" player="Sottosalpontos">X X</cards>
<cards type="Pocket" player="Rakki">D7 DK</cards>
<action no="3" player="deIduKA" type="23" discard="1" dealt="1" sum="40"/>
<action no="4" player="Sottosalpontos" type="0" discard="1" dealt="1" sum="0"/>
<action no="5" player="Rakki" type="3" sum="20"/>
</round>
<round no="2"><cards type="Flop">H6 C5 S2</cards>
<action no="6" player="Rakki" type="4" sum="0"/>
<action no="7" player="deIduKA" type="5" discard="1" dealt="1" sum="67"/>
<action no="8" player="Rakki" type="0" sum="0"/>
</round>
</game>
<game gamecode="6449952560"><general><startdate>2025-08-10 14:44:55</startdate>
<round>1</round>
<failsafecounter/>
<players><player seat="6" name="deIduKA" chips="530" dealer="0" win="210" bet="169" muck="1" rebuy="0" addon="0" merge="0" rebuychips="0" reg_code="5052720365"/>
<player seat="10" name="Sottosalpontos" chips="510" dealer="1" win="0" bet="100" muck="1" rebuy="0" addon="0" merge="0" rebuychips="0" reg_code="5052720453"/>
<player seat="3" name="Rakki" chips="460" dealer="0" win="0" bet="10" muck="1" rebuy="0" addon="0" merge="0" rebuychips="0" reg_code="5052720300"/>
</players>
</general>
<round no="0"><action no="1" player="Rakki" type="1" sum="10"/>
<action no="2" player="deIduKA" type="2" discard="1" dealt="1" sum="20"/>
</round>
<round no="1"><cards type="Pocket" player="Rakki">C5 D8</cards>
<cards type="Pocket" player="deIduKA">X X</cards>
<cards type="Pocket" player="Sottosalpontos">X X</cards>
<action no="3" player="Sottosalpontos" type="23" discard="1" dealt="1" sum="40"/>
<action no="4" player="Rakki" type="0" sum="0"/>
<action no="5" player="deIduKA" type="23" discard="1" dealt="1" sum="100"/>
<action no="6" player="Sottosalpontos" type="3" discard="1" dealt="1" sum="60"/>
</round>
<round no="2"><cards type="Flop">H4 DA S7</cards>
<action no="7" player="deIduKA" type="5" discard="1" dealt="1" sum="69"/>
<action no="8" player="Sottosalpontos" type="0" discard="1" dealt="1" sum="0"/>
</round>
</game>
<game gamecode="6449952592"><general><startdate>2025-08-10 14:45:20</startdate>
<round>1</round>
<failsafecounter/>
<players><player seat="10" name="Sottosalpontos" chips="410" dealer="0" win="20" bet="20" muck="1" rebuy="0" addon="0" merge="0" rebuychips="0" reg_code="5052720453"/>
<player seat="3" name="Rakki" chips="450" dealer="1" win="0" bet="0" muck="1" rebuy="0" addon="0" merge="0" rebuychips="0" reg_code="5052720300"/>
<player seat="6" name="deIduKA" chips="640" dealer="0" win="0" bet="10" muck="1" rebuy="0" addon="0" merge="0" rebuychips="0" reg_code="5052720365"/>
</players>
</general>
<round no="0"><action no="1" player="deIduKA" type="1" discard="1" dealt="1" sum="10"/>
<action no="2" player="Sottosalpontos" type="2" discard="1" dealt="1" sum="20"/>
</round>
<round no="1"><cards type="Pocket" player="Sottosalpontos">X X</cards>
<cards type="Pocket" player="Rakki">C5 H4</cards>
<cards type="Pocket" player="deIduKA">X X</cards>
<action no="3" player="Rakki" type="0" sum="0"/>
<action no="4" player="deIduKA" type="0" discard="1" dealt="1" sum="0"/>
</round>
</game>
<game gamecode="6449952605"><general><startdate>2025-08-10 14:45:27</startdate>
<round>1</round>
<failsafecounter/>
<players><player seat="3" name="Rakki" chips="450" dealer="0" win="0" bet="20" muck="1" rebuy="0" addon="0" merge="0" rebuychips="0" reg_code="5052720300"/>
<player seat="6" name="deIduKA" chips="630" dealer="1" win="0" bet="0" muck="1" rebuy="0" addon="0" merge="0" rebuychips="0" reg_code="5052720365"/>
<player seat="10" name="Sottosalpontos" chips="420" dealer="0" win="40" bet="80" muck="1" rebuy="0" addon="0" merge="0" rebuychips="0" reg_code="5052720453"/>
</players>
</general>
<round no="0"><action no="1" player="Sottosalpontos" type="1" discard="1" dealt="1" sum="10"/>
<action no="2" player="Rakki" type="2" sum="20"/>
</round>
<round no="1"><cards type="Pocket" player="deIduKA">X X</cards>
<cards type="Pocket" player="Sottosalpontos">X X</cards>
<cards type="Pocket" player="Rakki">D9 H4</cards>
<action no="3" player="deIduKA" type="0" discard="1" dealt="1" sum="0"/>
<action no="4" player="Sottosalpontos" type="3" discard="1" dealt="1" sum="10"/>
<action no="5" player="Rakki" type="4" sum="0"/>
</round>
<round no="2"><cards type="Flop">SJ S7 D10</cards>
<action no="6" player="Sottosalpontos" type="4" discard="1" dealt="1" sum="0"/>
<action no="7" player="Rakki" type="4" sum="0"/>
</round>
<round no="3"><cards type="Turn">S5</cards>
<action no="8" player="Sottosalpontos" type="5" discard="1" dealt="1" sum="60"/>
<action no="9" player="Rakki" type="0" sum="0"/>
</round>
</game>
<game gamecode="6449952654"><general><startdate>2025-08-10 14:45:59</startdate>
<round>1</round>
<failsafecounter/>
<players><player seat="6" name="deIduKA" chips="630" dealer="0" win="0" bet="65" muck="1" rebuy="0" addon="0" merge="0" rebuychips="0" reg_code="5052720365"/>
<player seat="10" name="Sottosalpontos" chips="440" dealer="1" win="0" bet="5" muck="1" rebuy="0" addon="0" merge="0" rebuychips="0" reg_code="5052720453"/>
<player seat="3" name="Rakki" chips="430" dealer="0" win="135" bet="110" muck="1" rebuy="0" addon="0" merge="0" rebuychips="0" reg_code="5052720300"/>
</players>
</general>
<round no="0"><action no="1" player="Rakki" type="15" sum="5"/>
<action no="2" player="deIduKA" type="15" discard="1" dealt="1" sum="5"/>
<action no="3" player="Sottosalpontos" type="15" discard="1" dealt="1" sum="5"/>
<action no="4" player="Rakki" type="1" sum="15"/>
<action no="5" player="deIduKA" type="2" discard="1" dealt="1" sum="30"/>
</round>
<round no="1"><cards type="Pocket" player="Sottosalpontos">X X</cards>
<cards type="Pocket" player="deIduKA">X X</cards>
<cards type="Pocket" player="Rakki">SK D2</cards>
<action no="6" player="Sottosalpontos" type="0" discard="1" dealt="1" sum="0"/>
<action no="7" player="Rakki" type="23" sum="60"/>
<action no="8" player="deIduKA" type="3" discard="1" dealt="1" sum="30"/>
</round>
<round no="2"><cards type="Flop">DK D7 SA</cards>
<action no="9" player="Rakki" type="5" sum="45"/>
<action no="10" player="deIduKA" type="0" discard="1" dealt="1" sum="0"/>
</round>
</game>
<game gamecode="6449952677"><general><startdate>2025-08-10 14:46:18</startdate>
<round>1</round>
<failsafecounter/>
<players><player seat="10" name="Sottosalpontos" chips="435" dealer="0" win="45" bet="35" muck="1" rebuy="0" addon="0" merge="0" rebuychips="0" reg_code="5052720453"/>
<player seat="3" name="Rakki" chips="500" dealer="1" win="0" bet="5" muck="1" rebuy="0" addon="0" merge="0" rebuychips="0" reg_code="5052720300"/>
<player seat="6" name="deIduKA" chips="565" dealer="0" win="0" bet="20" muck="1" rebuy="0" addon="0" merge="0" rebuychips="0" reg_code="5052720365"/>
</players>
</general>
<round no="0"><action no="1" player="deIduKA" type="15" discard="1" dealt="1" sum="5"/>
<action no="2" player="Sottosalpontos" type="15" discard="1" dealt="1" sum="5"/>
<action no="3" player="Rakki" type="15" sum="5"/>
<action no="4" player="deIduKA" type="1" discard="1" dealt="1" sum="15"/>
<action no="5" player="Sottosalpontos" type="2" discard="1" dealt="1" sum="30"/>
</round>
<round no="1"><cards type="Pocket" player="Sottosalpontos">X X</cards>
<cards type="Pocket" player="deIduKA">X X</cards>
<cards type="Pocket" player="Rakki">D10 C8</cards>
<action no="6" player="Rakki" type="0" sum="0"/>
<action no="7" player="deIduKA" type="0" discard="1" dealt="1" sum="0"/>
</round>
</game>
<game gamecode="6449952692"><general><startdate>2025-08-10 14:46:28</startdate>
<round>1</round>
<failsafecounter/>
<players><player seat="3" name="Rakki" chips="495" dealer="0" win="45" bet="35" muck="1" rebuy="0" addon="0" merge="0" rebuychips="0" reg_code="5052720300"/>
<player seat="6" name="deIduKA" chips="545" dealer="1" win="0" bet="5" muck="1" rebuy="0" addon="0" merge="0" rebuychips="0" reg_code="5052720365"/>
<player seat="10" name="Sottosalpontos" chips="460" dealer="0" win="0" bet="20" muck="1" rebuy="0" addon="0" merge="0" rebuychips="0" reg_code="5052720453"/>
</players>
</general>
<round no="0"><action no="1" player="Sottosalpontos" type="15" discard="1" dealt="1" sum="5"/>
<action no="2" player="Rakki" type="15" sum="5"/>
<action no="3" player="deIduKA" type="15" discard="1" dealt="1" sum="5"/>
<action no="4" player="Sottosalpontos" type="1" discard="1" dealt="1" sum="15"/>
<action no="5" player="Rakki" type="2" sum="30"/>
</round>
<round no="1"><cards type="Pocket" player="Rakki">CQ H10</cards>
<cards type="Pocket" player="Sottosalpontos">X X</cards>
<cards type="Pocket" player="deIduKA">X X</cards>
<action no="6" player="deIduKA" type="0" discard="1" dealt="1" sum="0"/>
<action no="7" player="Sottosalpontos" type="0" discard="1" dealt="1" sum="0"/>
</round>
</game>
<game gamecode="6449960217"><general><startdate>2025-08-10 14:46:41</startdate>
<round>1</round>
<failsafecounter/>
<players><player seat="6" name="deIduKA" chips="540" dealer="0" win="389" bet="320" muck="1" rebuy="0" addon="0" merge="0" rebuychips="0" reg_code="5052720365"/>
<player seat="10" name="Sottosalpontos" chips="440" dealer="1" win="0" bet="5" muck="1" rebuy="0" addon="0" merge="0" rebuychips="0" reg_code="5052720453"/>
<player seat="3" name="Rakki" chips="520" dealer="0" win="0" bet="192" muck="1" rebuy="0" addon="0" merge="0" rebuychips="0" reg_code="5052720300"/>
</players>
</general>
<round no="0"><action no="1" player="Rakki" type="15" sum="5"/>
<action no="2" player="deIduKA" type="15" discard="1" dealt="1" sum="5"/>
<action no="3" player="Sottosalpontos" type="15" discard="1" dealt="1" sum="5"/>
<action no="4" player="Rakki" type="1" sum="15"/>
<action no="5" player="deIduKA" type="2" discard="1" dealt="1" sum="30"/>
</round>
<round no="1"><cards type="Pocket" player="deIduKA">X X</cards>
<cards type="Pocket" player="Sottosalpontos">X X</cards>
<cards type="Pocket" player="Rakki">D2 DK</cards>
<action no="6" player="Sottosalpontos" type="0" discard="1" dealt="1" sum="0"/>
<action no="7" player="Rakki" type="3" sum="15"/>
<action no="8" player="deIduKA" type="23" discard="1" dealt="1" sum="90"/>
<action no="9" player="Rakki" type="3" sum="60"/>
</round>
<round no="2"><cards type="Flop">S6 C2 HQ</cards>
<action no="10" player="Rakki" type="4" sum="0"/>
<action no="11" player="deIduKA" type="5" discard="1" dealt="1" sum="97"/>
<action no="12" player="Rakki" type="3" sum="97"/>
</round>
<round no="3"><cards type="Turn">SJ</cards>
<action no="13" player="Rakki" type="4" sum="0"/>
<action no="14" player="deIduKA" type="5" discard="1" dealt="1" sum="128"/>
<action no="15" player="Rakki" type="0" sum="0"/>
</round>
</game>
<game gamecode="6449960285"><general><startdate>2025-08-10 14:47:31</startdate>
<round>1</round>
<failsafecounter/>
<players><player seat="10" name="Sottosalpontos" chips="435" dealer="0" win="55" bet="45" muck="1" rebuy="0" addon="0" merge="0" rebuychips="0" reg_code="5052720453"/>
<player seat="3" name="Rakki" chips="328" dealer="1" win="0" bet="5" muck="1" rebuy="0" addon="0" merge="0" rebuychips="0" reg_code="5052720300"/>
<player seat="6" name="deIduKA" chips="737" dealer="0" win="0" bet="25" muck="1" rebuy="0" addon="0" merge="0" rebuychips="0" reg_code="5052720365"/>
</players>
</general>
<round no="0"><action no="1" player="deIduKA" type="15" discard="1" dealt="1" sum="5"/>
<action no="2" player="Sottosalpontos" type="15" discard="1" dealt="1" sum="5"/>
<action no="3" player="Rakki" type="15" sum="5"/>
<action no="4" player="deIduKA" type="1" discard="1" dealt="1" sum="20"/>
<action no="5" player="Sottosalpontos" type="2" discard="1" dealt="1" sum="40"/>
</round>
<round no="1"><cards type="Pocket" player="Sottosalpontos">X X</cards>
<cards type="Pocket" player="Rakki">S9 S6</cards>
<cards type="Pocket" player="deIduKA">X X</cards>
<action no="6" player="Rakki" type="0" sum="0"/>
<action no="7" player="deIduKA" type="0" discard="1" dealt="1" sum="0"/>
</round>
</game>
<game gamecode="6449960307"><general><startdate>2025-08-10 14:47:46</startdate>
<round>1</round>
<failsafecounter/>
<players><player seat="3" name="Rakki" chips="323" dealer="0" win="0" bet="323" muck="0" rebuy="0" addon="0" merge="0" rebuychips="0" reg_code="5052720300"/>
<player seat="6" name="deIduKA" chips="712" dealer="1" win="671" bet="323" muck="0" rebuy="0" addon="0" merge="0" rebuychips="0" reg_code="5052720365"/>
<player seat="10" name="Sottosalpontos" chips="465" dealer="0" win="0" bet="25" muck="1" rebuy="0" addon="0" merge="0" rebuychips="0" reg_code="5052720453"/>
</players>
</general>
<round no="0"><action no="1" player="Sottosalpontos" type="15" discard="1" dealt="1" sum="5"/>
<action no="2" player="Rakki" type="15" sum="5"/>
<action no="3" player="deIduKA" type="15" discard="1" dealt="1" sum="5"/>
<action no="4" player="Sottosalpontos" type="1" discard="1" dealt="1" sum="20"/>
<action no="5" player="Rakki" type="2" sum="40"/>
</round>
<round no="1"><cards type="Pocket" player="deIduKA">DK HK</cards>
<cards type="Pocket" player="Rakki">S9 HA</cards>
<cards type="Pocket" player="Sottosalpontos">X X</cards>
<action no="6" player="deIduKA" type="23" discard="1" dealt="1" sum="80"/>
<action no="7" player="Sottosalpontos" type="0" discard="1" dealt="1" sum="0"/>
<action no="8" player="Rakki" type="23" sum="318"/>
<action no="9" player="deIduKA" type="3" discard="1" dealt="1" sum="238"/>
</round>
<round no="2"><cards type="Flop">D2 DJ S4</cards>
</round>
<round no="3"><cards type="Turn">C3</cards>
</round>
<round no="4"><cards type="River">D6</cards>
</round>
</game>
</session>
