<?xml version="1.0" encoding="UTF-8"?>
<session sessioncode="5052720201">
<general>
<client_version>25.1.1.16</client_version>
<mode>real</mode>
<gametype>Holdem NL</gametype>
<tablename>Twister €100 SNG, 815539447</tablename>
<tournamentcode>815539446</tournamentcode>
<tournamentname>Twister €100 SNG</tournamentname>
<buyin>€0 + €7 + €93</buyin>
<totalbuyin>€100</totalbuyin>
<rewarddrawn>€300</rewarddrawn>
<tournamentcurrency>EUR</tournamentcurrency>
<currency>EUR</currency>
<nickname>Rakki</nickname>
<gamecount>19</gamecount>
<startdate>2025-08-10 14:42:24</startdate>
<place>2</place>
<win>€0</win>
<tablesize>3</tablesize>
</general>
<game gamecode="6449952359"><general><startdate>2025-08-10 14:42:40</startdate>
<round>1</round>
<failsafecounter/>
<players><player seat="10" name="Rakki" chips="500" dealer="0" win="20" bet="20" muck="1" rebuy="0" addon="0" merge="0" rebuychips="0" reg_code="5052720201"/>
<player seat="3" name="Sottosalpontos" chips="500" dealer="1" win="0" bet="0" muck="1" rebuy="0" addon="0" merge="0" rebuychips="0" reg_code="5052719961"/>
<player seat="6" name="deIduKA" chips="500" dealer="0" win="0" bet="10" muck="1" rebuy="0" addon="0" merge="0" rebuychips="0" reg_code="5052719802"/>
</players>
</general>
<round no="0"><action no="1" player="deIduKA" type="1" discard="1" dealt="1" sum="10"/>
<action no="2" player="Rakki" type="2" sum="20"/>
</round>
<round no="1"><cards type="Pocket" player="Sottosalpontos">X X</cards>
<cards type="Pocket" player="Rakki">S10 SA</cards>
<cards type="Pocket" player="deIduKA">X X</cards>
<action no="3" player="Sottosalpontos" type="0" discard="1" dealt="1" sum="0"/>
<action no="4" player="deIduKA" type="0" discard="1" dealt="1" sum="0"/>
</round>
</game>
<game gamecode="6449952372"><general><startdate>2025-08-10 14:42:51</startdate>
<round>1</round>
<failsafecounter/>
<players><player seat="3" name="Sottosalpontos" chips="500" dealer="0" win="20" bet="20" muck="1" rebuy="0" addon="0" merge="0" rebuychips="0" reg_code="5052719961"/>
<player seat="6" name="deIduKA" chips="490" dealer="1" win="0" bet="0" muck="1" rebuy="0" addon="0" merge="0" rebuychips="0" reg_code="5052719802"/>
<player seat="10" name="Rakki" chips="510" dealer="0" win="0" bet="10" muck="1" rebuy="0" addon="0" merge="0" rebuychips="0" reg_code="5052720201"/>
</players>
</general>
<round no="0"><action no="1" player="Rakki" type="1" sum="10"/>
<action no="2" player="Sottosalpontos" type="2" discard="1" dealt="1" sum="20"/>
</round>
<round no="1"><cards type="Pocket" player="Sottosalpontos">X X</cards>
<cards type="Pocket" player="deIduKA">X X</cards>
<cards type="Pocket" player="Rakki">C3 S10</cards>
<action no="3" player="deIduKA" type="0" discard="1" dealt="1" sum="0"/>
<action no="4" player="Rakki" type="0" sum="0"/>
</round>
</game>
<game gamecode="6449952381"><general><startdate>2025-08-10 14:42:58</startdate>
<round>1</round>
<failsafecounter/>
<players><player seat="6" name="deIduKA" chips="490" dealer="0" win="0" bet="20" muck="1" rebuy="0" addon="0" merge="0" rebuychips="0" reg_code="5052719802"/>
<player seat="10" name="Rakki" chips="500" dealer="1" win="0" bet="0" muck="1" rebuy="0" addon="0" merge="0" rebuychips="0" reg_code="5052720201"/>
<player seat="3" name="Sottosalpontos" chips="510" dealer="0" win="40" bet="510" muck="1" rebuy="0" addon="0" merge="0" rebuychips="0" reg_code="5052719961"/>
</players>
</general>
<round no="0"><action no="1" player="Sottosalpontos" type="1" discard="1" dealt="1" sum="10"/>
<action no="2" player="deIduKA" type="2" discard="1" dealt="1" sum="20"/>
</round>
<round no="1"><cards type="Pocket" player="deIduKA">X X</cards>
<cards type="Pocket" player="Rakki">SK C3</cards>
<cards type="Pocket" player="Sottosalpontos">X X</cards>
<action no="3" player="Rakki" type="0" sum="0"/>
<action no="4" player="Sottosalpontos" type="23" discard="1" dealt="1" sum="510"/>
<action no="5" player="deIduKA" type="0" discard="1" dealt="1" sum="0"/>
</round>
</game>
<game gamecode="6449952404"><general><startdate>2025-08-10 14:43:09</startdate>
<round>1</round>
<failsafecounter/>
<players><player seat="10" name="Rakki" chips="500" dealer="0" win="0" bet="20" muck="1" rebuy="0" addon="0" merge="0" rebuychips="0" reg_code="5052720201"/>
<player seat="3" name="Sottosalpontos" chips="530" dealer="1" win="150" bet="230" muck="1" rebuy="0" addon="0" merge="0" rebuychips="0" reg_code="5052719961"/>
<player seat="6" name="deIduKA" chips="470" dealer="0" win="0" bet="65" muck="1" rebuy="0" addon="0" merge="0" rebuychips="0" reg_code="5052719802"/>
</players>
</general>
<round no="0"><action no="1" player="deIduKA" type="1" discard="1" dealt="1" sum="10"/>
<action no="2" player="Rakki" type="2" sum="20"/>
</round>
<round no="1"><cards type="Pocket" player="Sottosalpontos">X X</cards>
<cards type="Pocket" player="Rakki">C4 DJ</cards>
<cards type="Pocket" player="deIduKA">X X</cards>
<action no="3" player="Sottosalpontos" type="23" discard="1" dealt="1" sum="40"/>
<action no="4" player="deIduKA" type="3" discard="1" dealt="1" sum="30"/>
<action no="5" player="Rakki" type="0" sum="0"/>
</round>
<round no="2"><cards type="Flop">S4 C10 D4</cards>
<action no="6" player="deIduKA" type="4" discard="1" dealt="1" sum="0"/>
<action no="7" player="Sottosalpontos" type="5" discard="1" dealt="1" sum="25"/>
<action no="8" player="deIduKA" type="3" discard="1" dealt="1" sum="25"/>
</round>
<round no="3"><cards type="Turn">S10</cards>
<action no="9" player="deIduKA" type="4" discard="1" dealt="1" sum="0"/>
<action no="10" player="Sottosalpontos" type="4" discard="1" dealt="1" sum="0"/>
</round>
<round no="4"><cards type="River">D3</cards>
<action no="11" player="deIduKA" type="4" discard="1" dealt="1" sum="0"/>
<action no="12" player="Sottosalpontos" type="5" discard="1" dealt="1" sum="165"/>
<action no="13" player="deIduKA" type="0" discard="1" dealt="1" sum="0"/>
</round>
</game>
<game gamecode="6449952476"><general><startdate>2025-08-10 14:44:00</startdate>
<round>1</round>
<failsafecounter/>
<players><player seat="3" name="Sottosalpontos" chips="615" dealer="0" win="0" bet="20" muck="1" rebuy="0" addon="0" merge="0" rebuychips="0" reg_code="5052719961"/>
<player seat="6" name="deIduKA" chips="405" dealer="1" win="50" bet="40" muck="1" rebuy="0" addon="0" merge="0" rebuychips="0" reg_code="5052719802"/>
<player seat="10" name="Rakki" chips="480" dealer="0" win="0" bet="10" muck="1" rebuy="0" addon="0" merge="0" rebuychips="0" reg_code="5052720201"/>
</players>
</general>
<round no="0"><action no="1" player="Rakki" type="1" sum="10"/>
<action no="2" player="Sottosalpontos" type="2" discard="1" dealt="1" sum="20"/>
</round>
<round no="1"><cards type="Pocket" player="Sottosalpontos">X X</cards>
<cards type="Pocket" player="deIduKA">X X</cards>
<cards type="Pocket" player="Rakki">C4 CK</cards>
<action no="3" player="deIduKA" type="23" discard="1" dealt="1" sum="40"/>
<action no="4" player="Rakki" type="0" sum="0"/>
<action no="5" player="Sottosalpontos" type="0" discard="1" dealt="1" sum="0"/>
</round>
</game>
<game gamecode="6449952507"><general><startdate>2025-08-10 14:44:15</startdate>
<round>1</round>
<failsafecounter/>
<players><player seat="6" name="deIduKA" chips="435" dealer="0" win="408" bet="204" muck="0" rebuy="0" addon="0" merge="0" rebuychips="0" reg_code="5052719802"/>
<player seat="10" name="Rakki" chips="470" dealer="1" win="0" bet="0" muck="1" rebuy="0" addon="0" merge="0" rebuychips="0" reg_code="5052720201"/>
<player seat="3" name="Sottosalpontos" chips="595" dealer="0" win="0" bet="204" muck="0" rebuy="0" addon="0" merge="0" rebuychips="0" reg_code="5052719961"/>
</players>
</general>
<round no="0"><action no="1" player="Sottosalpontos" type="1" discard="1" dealt="1" sum="10"/>
<action no="2" player="deIduKA" type="2" discard="1" dealt="1" sum="20"/>
</round>
<round no="1"><cards type="Pocket" player="Sottosalpontos">S6 D8</cards>
<cards type="Pocket" player="deIduKA">C8 H10</cards>
<cards type="Pocket" player="Rakki">DK S5</cards>
<action no="3" player="Rakki" type="0" sum="0"/>
<action no="4" player="Sottosalpontos" type="3" discard="1" dealt="1" sum="10"/>
<action no="5" player="deIduKA" type="4" discard="1" dealt="1" sum="0"/>
</round>
<round no="2"><cards type="Flop">H5 S3 H2</cards>
<action no="6" player="Sottosalpontos" type="4" discard="1" dealt="1" sum="0"/>
<action no="7" player="deIduKA" type="4" discard="1" dealt="1" sum="0"/>
</round>
<round no="3"><cards type="Turn">S10</cards>
<action no="8" player="Sottosalpontos" type="5" discard="1" dealt="1" sum="44"/>
<action no="9" player="deIduKA" type="3" discard="1" dealt="1" sum="44"/>
</round>
<round no="4"><cards type="River">H7</cards>
<action no="10" player="Sottosalpontos" type="5" discard="1" dealt="1" sum="140"/>
<action no="11" player="deIduKA" type="3" discard="1" dealt="1" sum="140"/>
</round>
</game>
<game gamecode="6449952574"><general><startdate>2025-08-10 14:45:05</startdate>
<round>1</round>
<failsafecounter/>
<players><player seat="10" name="Rakki" chips="470" dealer="0" win="226" bet="470" muck="1" rebuy="0" addon="0" merge="0" rebuychips="0" reg_code="5052720201"/>
<player seat="3" name="Sottosalpontos" chips="391" dealer="1" win="0" bet="103" muck="1" rebuy="0" addon="0" merge="0" rebuychips="0" reg_code="5052719961"/>
<player seat="6" name="deIduKA" chips="639" dealer="0" win="0" bet="20" muck="1" rebuy="0" addon="0" merge="0" rebuychips="0" reg_code="5052719802"/>
</players>
</general>
<round no="0"><action no="1" player="deIduKA" type="15" discard="1" dealt="1" sum="5"/>
<action no="2" player="Rakki" type="15" sum="5"/>
<action no="3" player="Sottosalpontos" type="15" discard="1" dealt="1" sum="5"/>
<action no="4" player="deIduKA" type="1" discard="1" dealt="1" sum="15"/>
<action no="5" player="Rakki" type="2" sum="30"/>
</round>
<round no="1"><cards type="Pocket" player="Rakki">C4 C6</cards>
<cards type="Pocket" player="Sottosalpontos">X X</cards>
<cards type="Pocket" player="deIduKA">X X</cards>
<action no="6" player="Sottosalpontos" type="23" discard="1" dealt="1" sum="60"/>
<action no="7" player="deIduKA" type="0" discard="1" dealt="1" sum="0"/>
<action no="8" player="Rakki" type="3" sum="30"/>
</round>
<round no="2"><cards type="Flop">CQ S8 D4</cards>
<action no="9" player="Rakki" type="4" sum="0"/>
<action no="10" player="Sottosalpontos" type="5" discard="1" dealt="1" sum="38"/>
<action no="11" player="Rakki" type="3" sum="38"/>
</round>
<round no="3"><cards type="Turn">S4</cards>
<action no="12" player="Rakki" type="4" sum="0"/>
<action no="13" player="Sottosalpontos" type="4" discard="1" dealt="1" sum="0"/>
</round>
<round no="4"><cards type="River">S6</cards>
<action no="14" player="Rakki" type="5" sum="367"/>
<action no="15" player="Sottosalpontos" type="0" discard="1" dealt="1" sum="0"/>
</round>
</game>
<game gamecode="6449952633"><general><startdate>2025-08-10 14:45:49</startdate>
<round>1</round>
<failsafecounter/>
<players><player seat="3" name="Sottosalpontos" chips="288" dealer="0" win="0" bet="288" muck="0" rebuy="0" addon="0" merge="0" rebuychips="0" reg_code="5052719961"/>
<player seat="6" name="deIduKA" chips="619" dealer="1" win="596" bet="619" muck="0" rebuy="0" addon="0" merge="0" rebuychips="0" reg_code="5052719802"/>
<player seat="10" name="Rakki" chips="593" dealer="0" win="0" bet="20" muck="1" rebuy="0" addon="0" merge="0" rebuychips="0" reg_code="5052720201"/>
</players>
</general>
<round no="0"><action no="1" player="Rakki" type="15" sum="5"/>
<action no="2" player="Sottosalpontos" type="15" discard="1" dealt="1" sum="5"/>
<action no="3" player="deIduKA" type="15" discard="1" dealt="1" sum="5"/>
<action no="4" player="Rakki" type="1" sum="15"/>
<action no="5" player="Sottosalpontos" type="2" discard="1" dealt="1" sum="30"/>
</round>
<round no="1"><cards type="Pocket" player="deIduKA">HA SJ</cards>
<cards type="Pocket" player="Sottosalpontos">DA C5</cards>
<cards type="Pocket" player="Rakki">D9 HK</cards>
<action no="6" player="deIduKA" type="23" discard="1" dealt="1" sum="614"/>
<action no="7" player="Rakki" type="0" sum="0"/>
<action no="8" player="Sottosalpontos" type="7" discard="1" dealt="1" sum="253"/>
</round>
<round no="2"><cards type="Flop">SK H7 C2</cards>
</round>
<round no="3"><cards type="Turn">S6</cards>
</round>
<round no="4"><cards type="River">H6</cards>
</round>
</game>
<game gamecode="6449952664"><general><startdate>2025-08-10 14:46:07</startdate>
<round>1</round>
<failsafecounter/>
<players><player seat="6" name="deIduKA" chips="927" dealer="0" win="0" bet="45" muck="1" rebuy="0" addon="0" merge="0" rebuychips="0" reg_code="5052719802"/>
<player seat="10" name="Rakki" chips="573" dealer="1" win="90" bet="85" muck="1" rebuy="0" addon="0" merge="0" rebuychips="0" reg_code="5052720201"/>
</players>
</general>
<round no="0"><action no="1" player="Rakki" type="15" sum="5"/>
<action no="2" player="deIduKA" type="15" discard="1" dealt="1" sum="5"/>
<action no="3" player="Rakki" type="1" sum="20"/>
<action no="4" player="deIduKA" type="2" discard="1" dealt="1" sum="40"/>
</round>
<round no="1"><cards type="Pocket" player="Rakki">D2 H4</cards>
<cards type="Pocket" player="deIduKA">X X</cards>
<action no="5" player="Rakki" type="3" sum="20"/>
<action no="6" player="deIduKA" type="4" discard="1" dealt="1" sum="0"/>
</round>
<round no="2"><cards type="Flop">CJ D7 SA</cards>
<action no="7" player="deIduKA" type="4" discard="1" dealt="1" sum="0"/>
<action no="8" player="Rakki" type="5" sum="40"/>
<action no="9" player="deIduKA" type="0" discard="1" dealt="1" sum="0"/>
</round>
</game>
<game gamecode="6449952679"><general><startdate>2025-08-10 14:46:19</startdate>
<round>1</round>
<failsafecounter/>
<players><player seat="10" name="Rakki" chips="618" dealer="0" win="0" bet="45" muck="1" rebuy="0" addon="0" merge="0" rebuychips="0" reg_code="5052720201"/>
<player seat="6" name="deIduKA" chips="882" dealer="1" win="90" bet="90" muck="1" rebuy="0" addon="0" merge="0" rebuychips="0" reg_code="5052719802"/>
</players>
</general>
<round no="0"><action no="1" player="deIduKA" type="15" discard="1" dealt="1" sum="5"/>
<action no="2" player="Rakki" type="15" sum="5"/>
<action no="3" player="deIduKA" type="1" discard="1" dealt="1" sum="20"/>
<action no="4" player="Rakki" type="2" sum="40"/>
</round>
<round no="1"><cards type="Pocket" player="Rakki">H2 S6</cards>
<cards type="Pocket" player="deIduKA">X X</cards>
<action no="5" player="deIduKA" type="3" discard="1" dealt="1" sum="20"/>
<action no="6" player="Rakki" type="4" sum="0"/>
</round>
<round no="2"><cards type="Flop">CJ SQ C3</cards>
<action no="7" player="Rakki" type="4" sum="0"/>
<action no="8" player="deIduKA" type="5" discard="1" dealt="1" sum="45"/>
<action no="9" player="Rakki" type="0" sum="0"/>
</round>
</game>
<game gamecode="6449960218"><general><startdate>2025-08-10 14:46:41</startdate>
<round>1</round>
<failsafecounter/>
<players><player seat="6" name="deIduKA" chips="927" dealer="0" win="90" bet="927" muck="1" rebuy="0" addon="0" merge="0" rebuychips="0" reg_code="5052719802"/>
<player seat="10" name="Rakki" chips="573" dealer="1" win="0" bet="45" muck="1" rebuy="0" addon="0" merge="0" rebuychips="0" reg_code="5052720201"/>
</players>
</general>
<round no="0"><action no="1" player="Rakki" type="15" sum="5"/>
<action no="2" player="deIduKA" type="15" discard="1" dealt="1" sum="5"/>
<action no="3" player="Rakki" type="1" sum="20"/>
<action no="4" player="deIduKA" type="2" discard="1" dealt="1" sum="40"/>
</round>
<round no="1"><cards type="Pocket" player="Rakki">H9 S4</cards>
<cards type="Pocket" player="deIduKA">X X</cards>
<action no="5" player="Rakki" type="3" sum="20"/>
<action no="6" player="deIduKA" type="23" discard="1" dealt="1" sum="922"/>
<action no="7" player="Rakki" type="0" sum="0"/>
</round>
</game>
<game gamecode="6449960230"><general><startdate>2025-08-10 14:46:50</startdate>
<round>1</round>
<failsafecounter/>
<players><player seat="10" name="Rakki" chips="528" dealer="0" win="0" bet="45" muck="1" rebuy="0" addon="0" merge="0" rebuychips="0" reg_code="5052720201"/>
<player seat="6" name="deIduKA" chips="972" dealer="1" win="90" bet="90" muck="1" rebuy="0" addon="0" merge="0" rebuychips="0" reg_code="5052719802"/>
</players>
</general>
<round no="0"><action no="1" player="deIduKA" type="15" discard="1" dealt="1" sum="5"/>
<action no="2" player="Rakki" type="15" sum="5"/>
<action no="3" player="deIduKA" type="1" discard="1" dealt="1" sum="20"/>
<action no="4" player="Rakki" type="2" sum="40"/>
</round>
<round no="1"><cards type="Pocket" player="Rakki">D8 H5</cards>
<cards type="Pocket" player="deIduKA">X X</cards>
<action no="5" player="deIduKA" type="3" discard="1" dealt="1" sum="20"/>
<action no="6" player="Rakki" type="4" sum="0"/>
</round>
<round no="2"><cards type="Flop">DJ HA C6</cards>
<action no="7" player="Rakki" type="4" sum="0"/>
<action no="8" player="deIduKA" type="5" discard="1" dealt="1" sum="45"/>
<action no="9" player="Rakki" type="0" sum="0"/>
</round>
</game>
<game gamecode="6449960262"><general><startdate>2025-08-10 14:47:13</startdate>
<round>1</round>
<failsafecounter/>
<players><player seat="6" name="deIduKA" chips="1,017" dealer="0" win="0" bet="530" muck="0" rebuy="0" addon="0" merge="0" rebuychips="0" reg_code="5052719802"/>
<player seat="10" name="Rakki" chips="483" dealer="1" win="966" bet="483" muck="0" rebuy="0" addon="0" merge="0" rebuychips="0" reg_code="5052720201"/>
</players>
</general>
<round no="0"><action no="1" player="Rakki" type="15" sum="5"/>
<action no="2" player="deIduKA" type="15" discard="1" dealt="1" sum="5"/>
<action no="3" player="Rakki" type="1" sum="20"/>
<action no="4" player="deIduKA" type="2" discard="1" dealt="1" sum="40"/>
</round>
<round no="1"><cards type="Pocket" player="Rakki">CJ HA</cards>
<cards type="Pocket" player="deIduKA">SJ C4</cards>
<action no="5" player="Rakki" type="3" sum="20"/>
<action no="6" player="deIduKA" type="4" discard="1" dealt="1" sum="0"/>
</round>
<round no="2"><cards type="Flop">HK S2 DJ</cards>
<action no="7" player="deIduKA" type="4" discard="1" dealt="1" sum="0"/>
<action no="8" player="Rakki" type="5" sum="40"/>
<action no="9" player="deIduKA" type="3" discard="1" dealt="1" sum="40"/>
</round>
<round no="3"><cards type="Turn">H4</cards>
<action no="10" player="deIduKA" type="5" discard="1" dealt="1" sum="127"/>
<action no="11" player="Rakki" type="3" sum="127"/>
</round>
<round no="4"><cards type="River">SA</cards>
<action no="12" player="deIduKA" type="5" discard="1" dealt="1" sum="318"/>
<action no="13" player="Rakki" type="7" sum="271"/>
</round>
</game>
<game gamecode="6449960335"><general><startdate>2025-08-10 14:48:12</startdate>
<round>1</round>
<failsafecounter/>
<players><player seat="10" name="Rakki" chips="966" dealer="0" win="0" bet="534" muck="1" rebuy="0" addon="0" merge="0" rebuychips="0" reg_code="5052720201"/>
<player seat="6" name="deIduKA" chips="534" dealer="1" win="1,068" bet="534" muck="0" rebuy="0" addon="0" merge="0" rebuychips="0" reg_code="5052719802"/>
</players>
</general>
<round no="0"><action no="1" player="deIduKA" type="15" discard="1" dealt="1" sum="5"/>
<action no="2" player="Rakki" type="15" sum="5"/>
<action no="3" player="deIduKA" type="1" discard="1" dealt="1" sum="30"/>
<action no="4" player="Rakki" type="2" sum="60"/>
</round>
<round no="1"><cards type="Pocket" player="Rakki">SA H8</cards>
<cards type="Pocket" player="deIduKA">D7 DJ</cards>
<action no="5" player="deIduKA" type="23" discard="1" dealt="1" sum="529"/>
<action no="6" player="Rakki" type="3" sum="469"/>
</round>
<round no="2"><cards type="Flop">SJ S9 C8</cards>
</round>
<round no="3"><cards type="Turn">D4</cards>
</round>
<round no="4"><cards type="River">H4</cards>
</round>
</game>
<game gamecode="6449960359"><general><startdate>2025-08-10 14:48:33</startdate>
<round>1</round>
<failsafecounter/>
<players><player seat="6" name="deIduKA" chips="1,068" dealer="0" win="0" bet="432" muck="1" rebuy="0" addon="0" merge="0" rebuychips="0" reg_code="5052719802"/>
<player seat="10" name="Rakki" chips="432" dealer="1" win="864" bet="432" muck="0" rebuy="0" addon="0" merge="0" rebuychips="0" reg_code="5052720201"/>
</players>
</general>
<round no="0"><action no="1" player="Rakki" type="15" sum="5"/>
<action no="2" player="deIduKA" type="15" discard="1" dealt="1" sum="5"/>
<action no="3" player="Rakki" type="1" sum="30"/>
<action no="4" player="deIduKA" type="2" discard="1" dealt="1" sum="60"/>
</round>
<round no="1"><cards type="Pocket" player="deIduKA">DA D4</cards>
<cards type="Pocket" player="Rakki">D7 H8</cards>
<action no="5" player="Rakki" type="23" sum="427"/>
<action no="6" player="deIduKA" type="3" discard="1" dealt="1" sum="367"/>
</round>
<round no="2"><cards type="Flop">D8 D2 C3</cards>
</round>
<round no="3"><cards type="Turn">S7</cards>
</round>
<round no="4"><cards type="River">HQ</cards>
</round>
</game>
<game gamecode="6449960397"><general><startdate>2025-08-10 14:48:58</startdate>
<round>1</round>
<failsafecounter/>
<players><player seat="10" name="Rakki" chips="864" dealer="0" win="0" bet="130" muck="1" rebuy="0" addon="0" merge="0" rebuychips="0" reg_code="5052720201"/>
<player seat="6" name="deIduKA" chips="636" dealer="1" win="260" bet="325" muck="1" rebuy="0" addon="0" merge="0" rebuychips="0" reg_code="5052719802"/>
</players>
</general>
<round no="0"><action no="1" player="deIduKA" type="15" discard="1" dealt="1" sum="5"/>
<action no="2" player="Rakki" type="15" sum="5"/>
<action no="3" player="deIduKA" type="1" discard="1" dealt="1" sum="30"/>
<action no="4" player="Rakki" type="2" sum="60"/>
</round>
<round no="1"><cards type="Pocket" player="Rakki">C4 H6</cards>
<cards type="Pocket" player="deIduKA">X X</cards>
<action no="5" player="deIduKA" type="3" discard="1" dealt="1" sum="30"/>
<action no="6" player="Rakki" type="4" sum="0"/>
</round>
<round no="2"><cards type="Flop">H8 D3 D6</cards>
<action no="7" player="Rakki" type="4" sum="0"/>
<action no="8" player="deIduKA" type="5" discard="1" dealt="1" sum="65"/>
<action no="9" player="Rakki" type="3" sum="65"/>
</round>
<round no="3"><cards type="Turn">C7</cards>
<action no="10" player="Rakki" type="4" sum="0"/>
<action no="11" player="deIduKA" type="5" discard="1" dealt="1" sum="195"/>
<action no="12" player="Rakki" type="0" sum="0"/>
</round>
</game>
<game gamecode="6449960449"><general><startdate>2025-08-10 14:49:34</startdate>
<round>1</round>
<failsafecounter/>
<players><player seat="6" name="deIduKA" chips="766" dealer="0" win="96" bet="88" muck="1" rebuy="0" addon="0" merge="0" rebuychips="0" reg_code="5052719802"/>
<player seat="10" name="Rakki" chips="734" dealer="1" win="0" bet="48" muck="1" rebuy="0" addon="0" merge="0" rebuychips="0" reg_code="5052720201"/>
</players>
</general>
<round no="0"><action no="1" player="Rakki" type="15" sum="8"/>
<action no="2" player="deIduKA" type="15" discard="1" dealt="1" sum="8"/>
<action no="3" player="Rakki" type="1" sum="40"/>
<action no="4" player="deIduKA" type="2" discard="1" dealt="1" sum="80"/>
</round>
<round no="1"><cards type="Pocket" player="deIduKA">X X</cards>
<cards type="Pocket" player="Rakki">H3 S2</cards>
<action no="5" player="Rakki" type="0" sum="0"/>
</round>
</game>
<game gamecode="6449960455"><general><startdate>2025-08-10 14:49:39</startdate>
<round>1</round>
<failsafecounter/>
<players><player seat="10" name="Rakki" chips="686" dealer="0" win="96" bet="88" muck="1" rebuy="0" addon="0" merge="0" rebuychips="0" reg_code="5052720201"/>
<player seat="6" name="deIduKA" chips="814" dealer="1" win="0" bet="48" muck="1" rebuy="0" addon="0" merge="0" rebuychips="0" reg_code="5052719802"/>
</players>
</general>
<round no="0"><action no="1" player="deIduKA" type="15" discard="1" dealt="1" sum="8"/>
<action no="2" player="Rakki" type="15" sum="8"/>
<action no="3" player="deIduKA" type="1" discard="1" dealt="1" sum="40"/>
<action no="4" player="Rakki" type="2" sum="80"/>
</round>
<round no="1"><cards type="Pocket" player="Rakki">H7 D4</cards>
<cards type="Pocket" player="deIduKA">X X</cards>
<action no="5" player="deIduKA" type="0" discard="1" dealt="1" sum="0"/>
</round>
</game>
<game gamecode="6449960463"><general><startdate>2025-08-10 14:49:44</startdate>
<round>1</round>
<failsafecounter/>
<players><player seat="6" name="deIduKA" chips="766" dealer="0" win="1,468" bet="734" muck="0" rebuy="0" addon="0" merge="0" rebuychips="0" reg_code="5052719802"/>
<player seat="10" name="Rakki" chips="734" dealer="1" win="0" bet="734" muck="0" rebuy="0" addon="0" merge="0" rebuychips="0" reg_code="5052720201"/>
</players>
</general>
<round no="0"><action no="1" player="Rakki" type="15" sum="8"/>
<action no="2" player="deIduKA" type="15" discard="1" dealt="1" sum="8"/>
<action no="3" player="Rakki" type="1" sum="40"/>
<action no="4" player="deIduKA" type="2" discard="1" dealt="1" sum="80"/>
</round>
<round no="1"><cards type="Pocket" player="deIduKA">DK DQ</cards>
<cards type="Pocket" player="Rakki">HJ H10</cards>
<action no="5" player="Rakki" type="3" sum="40"/>
<action no="6" player="deIduKA" type="23" discard="1" dealt="1" sum="200"/>
<action no="7" player="Rakki" type="3" sum="120"/>
</round>
<round no="2"><cards type="Flop">S9 CJ H9</cards>
<action no="8" player="deIduKA" type="5" discard="1" dealt="1" sum="137"/>
<action no="9" player="Rakki" type="3" sum="137"/>
</round>
<round no="3"><cards type="Turn">CK</cards>
<action no="10" player="deIduKA" type="5" discard="1" dealt="1" sum="160"/>
<action no="11" player="Rakki" type="23" sum="389"/>
<action no="12" player="deIduKA" type="3" discard="1" dealt="1" sum="229"/>
</round>
<round no="4"><cards type="River">H7</cards>
</round>
</game>
</session>
